<?xml version="1.0" encoding="UTF-8" standalone="no"?>
<!DOCTYPE properties SYSTEM "http://java.sun.com/dtd/properties.dtd">
<properties>
<comment>Default H3ET configuration</comment>
<entry key="extensibility_properties_file_key">MIF214/extensibility.properties</entry>
<entry key="templateconfig_file_key">MIF214/TemplateConfig.xml</entry>
<entry key="model_path_key">MIF214</entry>
<entry key="ukmode_key">false</entry>
<entry key="vocab_path_key">Vocab</entry>
<entry key="fragment_path_key">Fragments</entry>
</properties>
