<!-- $Id: mModel.cls,v 1.3 2007/04/26 14:50:10 wbeeler Exp $ -->
<RIM id="RIM_0244-mdl" modelID="RIM_0244" modelType="RIM" developOrgn="Health Level Seven" developCommittee="C00" rendered="12/09/2013 12:33:13 PM">
<!-- This is a DUMMY model to convey Data types (determined by COLL<EN> as opposed to BAG<EN>) and subtype R1.1 from the @modelID

	DO NOT TRY TO USE THIS FOR ANYTHING BUT SETTING GENERATOR PROPERTIES 

-->
	<body>
		<div1 id="cls-rimdiv" ballotStatus="MixedContent" ballotNumber="0">
			<div2 id="cnt-Entities">
				<head>Classes in subject area Entities</head>
				<cls id="Entity-cls" abst="False" name="Entity" superType="InfrastructureRoot-cls" classCode="ENT" primeSA="Entities-sbj" ballotStatus="NormativeStandard" ballotNumber="3">
					<attr id="Entity-name-att" name="name" type="COLL&lt;EN&gt;" parentClass="Entity-cls" Cardinality="0..*" Conformance="U">
						<dtRef ref="COLL_EN"/>
					</attr>
				</cls>
			</div2>
		</div1>
		<div1 id="assoc-rimdiv" ballotStatus="MixedContent" ballotNumber="0">
			<head>Associations</head>
			<assoc id="Acknowledgement-acknowledgementDetail-AcknowledgementDetail-ass" srceClass="Acknowledgement-cls" fwdName="acknowledgementDetail" srceCard="(1..1)" fwdDisplay=" :: acknowledgementDetail :: (0..*)AcknowledgementDetail :: acknowledgement" fwdSortPrefix="Z" destClass="AcknowledgementDetail-cls" invName="acknowledgement" destCard="(0..*)" invDisplay=" :: acknowledgement :: (1..1)Acknowledgement :: acknowledgementDetail" invSortPrefix="Z">
				<p>Identifies the relationship between an acknowledgment and the error, warning and informational detail accompanying that acknowledgment.</p>
			</assoc>
			<invAssocRef id="AcknowledgementDetail-acknowledgement-Acknowledgement-ass" fwdID="Acknowledgement-acknowledgementDetail-AcknowledgementDetail-ass"/>
		</div1>
	</body>
</RIM>
