<!-- $Id: mIntCategory.cls,v 1.4 2007/11/18 02:48:41 wbeeler Exp $ -->
<!--<!DOCTYPE spec PUBLIC "DTDVersion-4" "../../support/dtd/v3mDomain.dtd">-->
<spec id="FIAB_DO000000UV-ic" sectionCode="AMFIAB" lastEdit="2013-05-06T11:31:04" rendered="2014-04-17T10:57:48"><header><title>Domain: Accounting and Billing</title><version>V 00-00</version><ballot type="NormativeStandard" number="2"/><date>4/17/2014</date><authlist><author><role>Financial Management Co-Chair + Vocabulary Facilitator + Modeling Facilitator</role><name key="0 Connor, Kathleen">Kathleen Connor</name><affiliation>Fox Systems, Inc.</affiliation></author><author><role>Financial Management Co-Chair + V2 and Mapping Expert</role><name key="1 Lepping, Susan">Susan Lepping</name><affiliation>Siemens Medical Solutions</affiliation></author><author><role>Financial Management Co-Chair + Mapping Expert</role><name key="2 Kitchen, Francine">Francine Kitchen</name><affiliation>IDX Systems Corporation</affiliation></author><author><role>Recent Past Financial Management Co-Chair</role><name key="3 van Campen, Michael">Michael van Campen</name><affiliation>Gordon Point Informatics Ltd. - HL7 Canada</affiliation></author><author><role>Primary Contributor</role><name key="4 Shafarman, Mark">Mark Shafarman</name><affiliation>Shafarman Consulting</affiliation></author><author><role>Contributor</role><name key="5 McKenzie, Lloyd">Lloyd McKenzie</name><affiliation>Lloyd McKenzie and Associates - HL7 Canada</affiliation></author></authlist><legalese copyRightDate="2014" copyRightOwner="Health Level Seven, Inc." copyRightNotation="All rights reserved." renderer="RoseTree 5.0.43" renderNotation="This document was rendered into XML using software provided to HL7 by Beeler Consulting LLC." contactEmail="HQ@HL7.org" contactName="HL7 Headquarters Staff" contactNote="Comments or questions about this document may be may be addressed to:"/></header><front><div1 id="spec-preface"><head>Notes to Readers</head><p>This is release 2 of the Account and Billing domain.  This content passed normative ballot during the September 2007 ballot cycle and was subsequently approved as an ANSI standard.</p><p>FOR INFORMATIONAL PURPOSES ONLY: The following link is to an excel spreadsheet containing data mapping from HL7 Version 2.5 Chapter 6 to HL7 V3 FIAB: <loc href="map_V2-V3_FM.xls">V2 - V3 Mapping Document</loc>.</p><p>The spreadsheet contains a separate worksheet for each version 2.5 Chapter 6 segment.  This V2-V3 mapping in not intended to be balloted or to become normative.  In is included in the hope that it will be helpful for implementations.  The FM work group welcomes any geedback, questions or corrections.  Please send any feedback to <loc href="mailto:francine.kitchen@ge.com">francine.kitchen@ge.com</loc>.</p></div1><div1 id="navigate-divs"><head>Message Design Element Navigation</head><artree role="NAVIGATE"><artreeitem><rmimref role="rmim" ref="FIAB_RM010000UV02-rmi" sectID="amfiab" sectType="SB" refName="Patient Billing Account Event" refIdentifier="FIAB_RM010000UV02"/><artreeitem><hmdref role="hmd" ref="FIAB_HD010100UV02-hmd" sectID="amfiab" sectType="SB" refName="Patient Billing Account Event" refIdentifier="FIAB_HD010100UV02"/><artreeitem><msgref role="msg" ref="FIAB_MT010101UV02-msg" sectID="amfiab" sectType="SB" refName="Patient Billing Account Event Activate" refIdentifier="FIAB_MT010101UV02"/></artreeitem><artreeitem><msgref role="msg" ref="FIAB_MT010102UV02-msg" sectID="amfiab" sectType="SB" refName="Patient Billing Account Event Revise" refIdentifier="FIAB_MT010102UV02"/></artreeitem><artreeitem><msgref role="msg" ref="FIAB_MT010103UV02-msg" sectID="amfiab" sectType="SB" refName="Patient Billing Account Event Complete" refIdentifier="FIAB_MT010103UV02"/></artreeitem><artreeitem><msgref role="msg" ref="FIAB_MT010104UV02-msg" sectID="amfiab" sectType="SB" refName="Patient Billing Account Event Nullify" refIdentifier="FIAB_MT010104UV02"/></artreeitem><artreeitem><msgref role="msg" ref="FIAB_MT010105UV02-msg" sectID="amfiab" sectType="SB" refName="Patient Billing Account Event Obsolete" refIdentifier="FIAB_MT010105UV02"/></artreeitem></artreeitem></artreeitem><artreeitem><rmimref role="rmim" ref="FIAB_RM020000UV02-rmi" sectID="amfiab" sectType="SB" refName="Patient Billing Post Event" refIdentifier="FIAB_RM020000UV02"/><artreeitem><hmdref role="hmd" ref="FIAB_HD020100UV02-hmd" sectID="amfiab" sectType="SB" refName="Patient Billing Post Event" refIdentifier="FIAB_HD020100UV02"/><artreeitem><msgref role="msg" ref="FIAB_MT020101UV02-msg" sectID="amfiab" sectType="SB" refName="Patient Billing Post Event Complete" refIdentifier="FIAB_MT020101UV02"/></artreeitem></artreeitem></artreeitem></artree></div1></front><body><div1 id="intro-FIAB_DO000000UV-ic" ballotStatus="NormativeStandard" ballotNumber="2"><head>Overview</head><div2 id="spec-scope" lastEdit="2006-05-15T15:47:22"><head>Introduction &amp; Scope</head><p>The Accounting and Billing (AB) domain covers the creation and management of patient billing accounts, primarily for the purpose of collecting charges and credits (financial transactions) to support the submission of a claim or invoice for reimbursement.</p></div2></div1><dmimdivn identifier="dmims-FIAB_DO000000UV" name="Domain Message Information Models" parent="FIAB_DO000000UV-ic" id="dmims-FIAB_DO000000UV-ic"><dmim identifier="FIAB_DM000000UV" name="Patient Billing Account Domain Model" familiarName="Patient Billing Account Domain Model" parent="FIAB_DO000000UV-ic" id="FIAB_DM000000UV-rmi" sortPrefix="01|99|99|DOMAIN MODEL" baseClass="PatientBillingAccount" lastEdit="2013-05-06T11:31:04"><descriptive identifier="desc-FIAB_DM000000UV" name="Description" parent="FIAB_DM000000UV-rmi" id="desc-FIAB_DM000000UV-rmi" lastEdit="2013-05-06T11:31:04"><p>The Patient Billing Account domain model encompasses all messages in the FIAB domain.  This includes the setup and management of accounts (e.g. patient billing accounts) and the posting of financial transactions against those accounts (e.g. lab charge).</p><p>Central to the domain model is the concept of an account, with attributes such as identifier, type (code), balance and the currency (e.g. US $) of the account.  Associations to the account include patient identification (if the account is a patient billing account), insurance policy, encounter, and the optional specification of a guarantor for any outstanding balance in the account.</p><p>A Billing Account is an accumulator of financial and administrative information for the main purpose of supporting claims and reimbursement.  Secondarily, the billing account may contribute significant information to cost accounting and financial decision support systems.  A billing account is simply that entity that captures the elements reflecting the cost and price of services provided and supplies consumed for a healthcare activity.  The focus for which an account accumulates information will vary.  (For example: In a realm where billing is based on periodically collecting financial transactions for a patient, the accumulator might be the patient.)  A billing account might also include links to insurance and benefit information, and relevant responsible parties.
</p><p>Posting of charges is supplied through a financial transaction.  In strictest accounting terms, the financial transaction would have a debit and credit association to 2 accounts (the debit account and the credit account).  In this model, only 1 is specified, with a positive financial transaction amount used to add a charge, and a negative financial transaction amount used to negate (remove) a charge.  The financial transaction is supported by a costing component (invoice element), which is further supported by the actual service that was performed or the product that was supplied (billable). To add to the balance of a patient billing account, the ActFinancialTransactionCode should be "CHRG" with a positive amount. To reduce this balance, the code would be "REV", again with a positive amount.</p></descriptive><diagref ref="FIAB_DM000000UV.gif"/></dmim></dmimdivn><subdivn identifier="FIAB_DO000000UV-PatientBillingAccount" name="Patient Billing Account Topic" familiarName="Patient Billing Account" parent="FIAB_DO000000UV-ic" id="FIAB_DO000000UV-PatientBillingAccount-ic" role="BC" sortPrefix="01" baseClass="Patient Billing Account" ballotStatus="NormativeStandard" ballotNumber="2"><descriptive identifier="intro-FIAB_DO000000UV-PatientBillingAccount" name="Introduction" parent="FIAB_DO000000UV-PatientBillingAccount-ic" id="intro-FIAB_DO000000UV-PatientBillingAccount-ic" lastEdit="2004-08-09T14:56:17"><graphic source="FIAB_NA000001.gif" alt="Patient Billing Account State Transition Diagram"></graphic></descriptive><storydivn identifier="sbs-FIAB_DO000000UV-PatientBillingAccount" name="Storyboards" parent="FIAB_DO000000UV-PatientBillingAccount-ic" id="sbs-FIAB_DO000000UV-PatientBillingAccount-ic"><descriptive identifier="sstop-FIAB_DO000000UV-PatientBillingAccount" name="Reference" parent="FIAB_DO000000UV-PatientBillingAccount-ic" id="sstop-FIAB_DO000000UV-PatientBillingAccount-ic"><p>For details on the interpretation of this section, see <xspecref spec="v3guide.htm" ref="v3gstory" alt="the storyboard discussion"/> in the Version 3 Guide.</p></descriptive><story identifier="FIAB_ST000100UV02" name="Patient Billing Account Management" familiarName="Patient Billing Account Management" parent="FIAB_DO000000UV-PatientBillingAccount-ic" id="FIAB_ST000100UV02-str" sortPrefix="01|MANAGEMENT" baseClass="PatientBillingAccount" ballotStatus="NormativeStandard" ballotNumber="2" lastEdit="2004-08-07T13:16:51"><descriptive identifier="purp-FIAB_ST000100UV02" name="Purpose" parent="FIAB_ST000100UV02-str" id="purp-FIAB_ST000100UV02-str" role="purpose" lastEdit="2004-08-07T13:16:51"><p>This domain area covers the basic interactions needed to manage patient billing accounts.</p><p>A Billing Account is an accumulator of financial and administrative information for the main purpose of supporting claims and reimbursement.  Secondarily, the billing account may contribute significant information to cost accounting and financial decision support systems.  A billing account is simply that entity that captures the elements reflecting the cost and price of services provided and supplies consumed for a healthcare activity.  The focus for which an account accumulates information will vary.  (For example: In a realm where billing is based on periodically collecting financial transactions for a patient, the accumulator might be the patient.)  A billing account might also include links to insurance and benefit information, and relevant responsible parties.</p></descriptive><descriptive identifier="FIAB_SN000106UV02" name="Patient Billing Account Patient Account Close" familiarName="Close patient account" parent="FIAB_ST000100UV02-str" id="FIAB_ST000100UV02-FIAB_SN000106UV02-stex" role="storyExample" sortPrefix="01|MANAGEMENT" baseClass="PatientBillingAccount" lastEdit="2004-07-14T12:33:28"><p><emph role="strong">Patient account close</emph></p><p>Ms Smith's account for a previous visit is at a zero balance and has not had any activity for some specified period of time.  The account is closed, declared inactive and not available for further activity, prepatory to archiving and/or removal from the administrative system.</p></descriptive><descriptive identifier="FIAB_SN000101UV02" name="Patient Billing Account Patient Account Create" familiarName="Create patient account" parent="FIAB_ST000100UV02-str" id="FIAB_ST000100UV02-FIAB_SN000101UV02-stex" role="storyExample" sortPrefix="01|MANAGEMENT" baseClass="PatientBillingAccount" lastEdit="2004-07-14T14:31:14"><p><emph role="strong">Patient account create</emph></p><p>Ms. Adams, the admitting clerk, needs to create an account for patient Sam Smith as a result of his admission. She collects and enters the relevant information from him into the hospital administrative system, which then creates a patient account that may be used subsequently  to collect charges and credits  to support financial transactions, including billing specific  to this hospital stay.</p></descriptive><descriptive identifier="FIAB_SN000103UV02" name="Patient Billing Account Patient Account Delete" familiarName="Delete patient account" parent="FIAB_ST000100UV02-str" id="FIAB_ST000100UV02-FIAB_SN000103UV02-stex" role="storyExample" sortPrefix="01|MANAGEMENT" baseClass="PatientBillingAccount" lastEdit="2004-07-14T12:33:02"><p><emph role="strong">Patient account delete</emph></p><p>A patient account was created for Ms. Sally Simth as a result of pre-admit processing for cosmetic surgery.  Ms. Smith subsequently changed her mind and did not proceed with the surgery.  Consequently the patient account must be deleted</p></descriptive><descriptive identifier="FIAB_SN000104UV02" name="Patient Billing Account Patient Account Merge" familiarName="Merge patient account" parent="FIAB_ST000100UV02-str" id="FIAB_ST000100UV02-FIAB_SN000104UV02-stex" role="storyExample" sortPrefix="01|MANAGEMENT" baseClass="PatientBillingAccount" lastEdit="2004-07-14T14:48:23"><p><emph role="strong">Patient account merge</emph></p><p>Ms. Smith was admitted to the hospital, with the subsequent creation of a patient account, within 72 hours of discharge from a previous stay. The diagnosis reveals that her admission is the result of a condition or conditions arising from her previous stay. It is necessary to merge the account created for this visit with the patient's previous visit account as this stay represents a continuation of the previous encounter for both care and financial transaction purposes, including billing.  Note that once charges for an encounter have been posted to an account, that account can no longer be merged to an account created for a continuation of that encounter. </p></descriptive><descriptive identifier="FIAB_SN000105UV02" name="Patient Billing Account Patient Account Unmerge" familiarName="Unmerge patient account" parent="FIAB_ST000100UV02-str" id="FIAB_ST000100UV02-FIAB_SN000105UV02-stex" role="storyExample" sortPrefix="01|MANAGEMENT" baseClass="PatientBillingAccount" lastEdit="2004-07-14T14:42:33"><p><emph role="strong">Patient account unmerge</emph></p><p>Ms. Smith has been admitted to the hospital twelve hours after her discharge from elective surgery.  Noting the previous visit the clerk arbitrarily merges the  new patient account with the patient's previous visit account.  Subsequent diagnosis reveals a condition unrelated to the previous stay necessitating a reversal of the patient account merge; i.e., the need to reestablish the account specific to this encounter.  No message types have been developed for this storyboard.</p></descriptive><descriptive identifier="FIAB_SN000102UV02" name="Patient Billing Account Patient Account Update" familiarName="Update patient account" parent="FIAB_ST000100UV02-str" id="FIAB_ST000100UV02-FIAB_SN000102UV02-stex" role="storyExample" sortPrefix="01|MANAGEMENT" baseClass="PatientBillingAccount" lastEdit="2004-07-14T12:32:40"><p><emph role="strong">Patient account update</emph></p><p>As a result of pre-admit processing a patient account was created for Ms. Sally Smith. During the process of her admission, the admitting clerk verified the information on file and collected and entered additional patient account data resulting in an update of the patient account.</p></descriptive><diagref ref="FIAB_ST000100UV02.gif"/><intref ref="FIAB_IN010001UV02-int" sectID="amfiab" sectType="SB" refName="Patient Billing Account Event Activate Notification" refFamiliarName="Create Patient Billing Account Notification" refIdentifier="FIAB_IN010001UV02" sequence="1"/><intref ref="FIAB_IN010002UV02-int" sectID="amfiab" sectType="SB" refName="Patient Billing Account Event Revise Notification" refFamiliarName="Update Patient Billing Account Notification" refIdentifier="FIAB_IN010002UV02" sequence="2"/><intref ref="FIAB_IN010004UV02-int" sectID="amfiab" sectType="SB" refName="Patient Billing Account Event Nullify Notification" refFamiliarName="Delete Patient Billing Account Notification" refIdentifier="FIAB_IN010004UV02" sequence="3"/><intref ref="FIAB_IN010005UV02-int" sectID="amfiab" sectType="SB" refName="Patient Billing Account Event Obsolete Notification" refFamiliarName="Merge Patient Billing Account Notification" refIdentifier="FIAB_IN010005UV02" sequence="4"/><intref ref="FIAB_IN010003UV02-int" sectID="amfiab" sectType="SB" refName="Patient Billing Account Event Complete Notification" refFamiliarName="Close Patient Billing Account Notification" refIdentifier="FIAB_IN010003UV02" sequence="6"/></story></storydivn><approledivn identifier="roles-FIAB_DO000000UV-PatientBillingAccount" name="Application Roles" parent="FIAB_DO000000UV-PatientBillingAccount-ic" id="roles-FIAB_DO000000UV-PatientBillingAccount-ic"><descriptive identifier="arop-FIAB_DO000000UV-PatientBillingAccount" name="Reference" parent="FIAB_DO000000UV-PatientBillingAccount-ic" id="arop-FIAB_DO000000UV-PatientBillingAccount-ic"><p>For details on the interpretation of this section, see <xspecref spec="v3guide.htm" ref="v3gapprole" alt="the discussion of application roles"/> and their relationships in the Version 3 Guide.</p></descriptive><artree><artreeitem><arref role="included" ref="FIAB_AR010001UV02-ar" sectID="amfiab" sectType="SB" refName="Patient Billing Account Event Informer" refFamiliarName="Patient Billing Account Informer" refIdentifier="FIAB_AR010001UV02"/></artreeitem><artreeitem><arref role="included" ref="FIAB_AR010002UV02-ar" sectID="amfiab" sectType="SB" refName="Patient Billing Account Event Tracker" refFamiliarName="Patient Billing Account Tracker" refIdentifier="FIAB_AR010002UV02"/></artreeitem></artree><approle identifier="FIAB_AR010001UV02" name="Patient Billing Account Event Informer" familiarName="Patient Billing Account Informer" parent="FIAB_DO000000UV-PatientBillingAccount-ic" id="FIAB_AR010001UV02-ar" sortPrefix="01|20|99|25|" baseClass="PatientBillingAccount" ballotStatus="NormativeStandard" ballotNumber="2" hidden="no" lastEdit="2005-03-11T13:29:58"><descriptive identifier="desc-FIAB_AR010001UV02" name="Description" parent="FIAB_AR010001UV02-ar" id="desc-FIAB_AR010001UV02-ar" lastEdit="2005-03-11T13:29:58"><p>Informs a tracker of patient billing account creates (activate), updates (revise), closes (complete), deletes (nullify), and merges (obsolete).</p></descriptive><intref role="sends" ref="FIAB_IN010001UV02-int" sectID="amfiab" sectType="SB" refName="Patient Billing Account Event Activate Notification" refFamiliarName="Create Patient Billing Account Notification" refIdentifier="FIAB_IN010001UV02"/><intref role="sends" ref="FIAB_IN010002UV02-int" sectID="amfiab" sectType="SB" refName="Patient Billing Account Event Revise Notification" refFamiliarName="Update Patient Billing Account Notification" refIdentifier="FIAB_IN010002UV02"/><intref role="sends" ref="FIAB_IN010003UV02-int" sectID="amfiab" sectType="SB" refName="Patient Billing Account Event Complete Notification" refFamiliarName="Close Patient Billing Account Notification" refIdentifier="FIAB_IN010003UV02"/><intref role="sends" ref="FIAB_IN010004UV02-int" sectID="amfiab" sectType="SB" refName="Patient Billing Account Event Nullify Notification" refFamiliarName="Delete Patient Billing Account Notification" refIdentifier="FIAB_IN010004UV02"/><intref role="sends" ref="FIAB_IN010005UV02-int" sectID="amfiab" sectType="SB" refName="Patient Billing Account Event Obsolete Notification" refFamiliarName="Merge Patient Billing Account Notification" refIdentifier="FIAB_IN010005UV02"/><intref role="sends" ref="FIAB_IN020001UV02-int" sectID="amfiab" sectType="SB" refName="Patient Billing Post Event Complete Notification" refFamiliarName="Post Financial Transaction Notification" refIdentifier="FIAB_IN020001UV02"/></approle><approle identifier="FIAB_AR010002UV02" name="Patient Billing Account Event Tracker" familiarName="Patient Billing Account Tracker" parent="FIAB_DO000000UV-PatientBillingAccount-ic" id="FIAB_AR010002UV02-ar" sortPrefix="01|20|99|30|" baseClass="PatientBillingAccount" ballotStatus="NormativeStandard" ballotNumber="2" hidden="no" lastEdit="2005-03-11T14:12:02"><descriptive identifier="desc-FIAB_AR010002UV02" name="Description" parent="FIAB_AR010002UV02-ar" id="desc-FIAB_AR010002UV02-ar" lastEdit="2005-03-11T14:12:02"><p>Monitors patient billing account activity such as creates (activate), updates (revise), closes (complete), deletes (nullify), and merges (obsolete).</p></descriptive><intref role="receives" ref="FIAB_IN010001UV02-int" sectID="amfiab" sectType="SB" refName="Patient Billing Account Event Activate Notification" refFamiliarName="Create Patient Billing Account Notification" refIdentifier="FIAB_IN010001UV02"/><intref role="receives" ref="FIAB_IN010002UV02-int" sectID="amfiab" sectType="SB" refName="Patient Billing Account Event Revise Notification" refFamiliarName="Update Patient Billing Account Notification" refIdentifier="FIAB_IN010002UV02"/><intref role="receives" ref="FIAB_IN010003UV02-int" sectID="amfiab" sectType="SB" refName="Patient Billing Account Event Complete Notification" refFamiliarName="Close Patient Billing Account Notification" refIdentifier="FIAB_IN010003UV02"/><intref role="receives" ref="FIAB_IN010004UV02-int" sectID="amfiab" sectType="SB" refName="Patient Billing Account Event Nullify Notification" refFamiliarName="Delete Patient Billing Account Notification" refIdentifier="FIAB_IN010004UV02"/><intref role="receives" ref="FIAB_IN010005UV02-int" sectID="amfiab" sectType="SB" refName="Patient Billing Account Event Obsolete Notification" refFamiliarName="Merge Patient Billing Account Notification" refIdentifier="FIAB_IN010005UV02"/><intref role="receives" ref="FIAB_IN020001UV02-int" sectID="amfiab" sectType="SB" refName="Patient Billing Post Event Complete Notification" refFamiliarName="Post Financial Transaction Notification" refIdentifier="FIAB_IN020001UV02"/></approle></approledivn><triggerdivn identifier="tes-FIAB_DO000000UV-PatientBillingAccount" name="Trigger Events" parent="FIAB_DO000000UV-PatientBillingAccount-ic" id="tes-FIAB_DO000000UV-PatientBillingAccount-ic"><descriptive identifier="teop-FIAB_DO000000UV-PatientBillingAccount" name="Reference" parent="FIAB_DO000000UV-PatientBillingAccount-ic" id="teop-FIAB_DO000000UV-PatientBillingAccount-ic"><p>For details on the interpretation of this section, see <xspecref spec="v3guide.htm" ref="v3gtrigger" alt="the discussion of trigger events"/> in the Version 3 Guide.</p></descriptive><trigger identifier="FIAB_TE010001UV02" name="Patient Billing Account Event Activate Notification" familiarName="Create Patient Billing Account" parent="FIAB_DO000000UV-PatientBillingAccount-ic" id="FIAB_TE010001UV02-te" role="State-transition based" sortPrefix="01|20|16||05|" baseClass="PatientBillingAccount" ballotStatus="NormativeStandard" ballotNumber="2" lastEdit="2005-04-12T11:21:07"><descriptive identifier="desc-FIAB_TE010001UV02" name="Description" parent="FIAB_TE010001UV02-te" id="desc-FIAB_TE010001UV02-te" lastEdit="2005-04-12T11:21:07"><p>This trigger event signals that a financial transaction is posted to the patient billing account for billable service charges; payment made for the portion of the charges that are the patient's responsibility; or a payment by an alternative guarantor, e.g. Workers' Insurance payor. 
The charge or reversal can be triggered from different systems once the account is already established in the billing system.

A) Hospital Information systems generate charge or reversal triggered at various instances of a clinical workflow based on different status. For example Charge on Order, Charge on Charting, Charge on Result, Charge on Assessment. The Status can be active, Complete, etc. 
B) Hospital Information Systems can generate charge or reversal, which are manually posted. These are material, supply or miscellaneous that could not be generated in a workflow and need to be captured manually.
C) Departmental Systems like Oncology, Cardiology etc. can post charges or reversals, which are directly sent to the billing system, or may be routed via the Hospital Information system.
D) Ancillary Systems like Laboratory and Radiology can post charges or reversals, which are directly sent to the billing system, or may be routed via the Hospital Information system.
E) The Master ADT system may generate charges or reversals to be sent to the billing system, once a patient account has been established.

V2 Reference:  The Post financial transaction most closely aligned with the HL7 2.4 DFT^P03-Post Detail Financial Transaction and HL7 2.5 DFT^P11 - Post Detail Financial Transactions - Expanded.</p></descriptive><intref role="fires" ref="FIAB_IN010001UV02-int" sectID="amfiab" sectType="SB" refName="Patient Billing Account Event Activate Notification" refFamiliarName="Create Patient Billing Account Notification" refIdentifier="FIAB_IN010001UV02"/></trigger><trigger identifier="FIAB_TE010002UV02" name="Patient Billing Account Event Revise Notification" familiarName="Update Patient Billing Account" parent="FIAB_DO000000UV-PatientBillingAccount-ic" id="FIAB_TE010002UV02-te" role="State-transition based" sortPrefix="01|20|22||05|" baseClass="PatientBillingAccount" ballotStatus="NormativeStandard" ballotNumber="2" lastEdit="2005-04-12T11:24:39"><descriptive identifier="desc-FIAB_TE010002UV02" name="Description" parent="FIAB_TE010002UV02-te" id="desc-FIAB_TE010002UV02-te" lastEdit="2005-04-12T11:24:39"><p>This trigger event signals that a patient billing account was Update on the financial system.  

V2 Reference:  Update Patient Billing Account  is most closely aligned with the HL7 2.4 to BAR^P05 Update Account (used for inpatient coding), BAR^P10 - Transmit Ambulatory Payment Classification (used for outpatient coding) and HL7 2.5 - BAR^P12 -Update Diagnosis/Procedure. only when FIAB  supports the update mode for the Patient Billing Account Event Revise messages).
In V3 the concept of inpatient vs outpatient does not exist, this is accomplished via the A_BillableService CMET.
</p></descriptive><intref role="fires" ref="FIAB_IN010002UV02-int" sectID="amfiab" sectType="SB" refName="Patient Billing Account Event Revise Notification" refFamiliarName="Update Patient Billing Account Notification" refIdentifier="FIAB_IN010002UV02"/></trigger><trigger identifier="FIAB_TE010003UV02" name="Patient Billing Account Event Complete Notification" familiarName="Close Patient Billing Account" parent="FIAB_DO000000UV-PatientBillingAccount-ic" id="FIAB_TE010003UV02-te" role="State-transition based" sortPrefix="01|20|40||05|" baseClass="PatientBillingAccount" ballotStatus="NormativeStandard" ballotNumber="2" lastEdit="2005-04-12T11:31:52"><descriptive identifier="desc-FIAB_TE010003UV02" name="Description" parent="FIAB_TE010003UV02-te" id="desc-FIAB_TE010003UV02-te" lastEdit="2005-04-12T11:31:52"><p>This trigger event signals that the status of a patient billing account is rendered closed, meaning it is no longer eligible for financial transaction posting.  

V2 Reference: The Close Patient Billing Account is most closely aligned with the HL7 2.4 BAR^P06-End Account. </p></descriptive><intref role="fires" ref="FIAB_IN010003UV02-int" sectID="amfiab" sectType="SB" refName="Patient Billing Account Event Complete Notification" refFamiliarName="Close Patient Billing Account Notification" refIdentifier="FIAB_IN010003UV02"/></trigger><trigger identifier="FIAB_TE010004UV02" name="Patient Billing Account Event Nullify Notification" familiarName="Delete Patient Billing Account" parent="FIAB_DO000000UV-PatientBillingAccount-ic" id="FIAB_TE010004UV02-te" role="State-transition based" sortPrefix="01|20|50||05|" baseClass="PatientBillingAccount" ballotStatus="NormativeStandard" ballotNumber="2" lastEdit="2005-04-12T11:17:42"><descriptive identifier="desc-FIAB_TE010004UV02" name="Description" parent="FIAB_TE010004UV02-te" id="desc-FIAB_TE010004UV02-te" lastEdit="2005-04-12T11:17:42"><p>This trigger event signals that the patient's billing account is deleted. This is usually an internal function controlled by the financial system. But sometimes a series of accounts need to be corrected , in which case, a notice of account deletion needs to be conveyed to other systems over an interface system.  

V2 Reference:  The Close Patient Billing Account is most closely aligned with the HL7 2.4 BAR^P02-Purge Patient Account. 
</p></descriptive><intref role="fires" ref="FIAB_IN010004UV02-int" sectID="amfiab" sectType="SB" refName="Patient Billing Account Event Nullify Notification" refFamiliarName="Delete Patient Billing Account Notification" refIdentifier="FIAB_IN010004UV02"/></trigger><trigger identifier="FIAB_TE010005UV02" name="Patient Billing Account Event Obsolete Notification" familiarName="Merge Patient Billing Account" parent="FIAB_DO000000UV-PatientBillingAccount-ic" id="FIAB_TE010005UV02-te" role="State-transition based" sortPrefix="01|20|52||05|" baseClass="PatientBillingAccount" ballotStatus="NormativeStandard" ballotNumber="2" lastEdit="2005-04-12T11:24:32"><descriptive identifier="desc-FIAB_TE010005UV02" name="Description" parent="FIAB_TE010005UV02-te" id="desc-FIAB_TE010005UV02-te" lastEdit="2005-04-12T11:24:32"><p>This trigger event signals that the status of  a merge-from account goes to obsolete and any outstanding balance is transferred with a financial transaction to the merge-to account. 

V2 Reference: The Merge Patient Billing Account is most closely aligned with the HL7 2.4 ADT^A41- MergeAccount - Patient Account Number. s</p></descriptive><intref role="fires" ref="FIAB_IN010005UV02-int" sectID="amfiab" sectType="SB" refName="Patient Billing Account Event Obsolete Notification" refFamiliarName="Merge Patient Billing Account Notification" refIdentifier="FIAB_IN010005UV02"/></trigger></triggerdivn><rmimdivn identifier="rmims-FIAB_DO000000UV-PatientBillingAccount" name="Refined Message Information Models" parent="FIAB_DO000000UV-PatientBillingAccount-ic" id="rmims-FIAB_DO000000UV-PatientBillingAccount-ic"><descriptive identifier="rmop-FIAB_DO000000UV-PatientBillingAccount" name="Reference" parent="FIAB_DO000000UV-PatientBillingAccount-ic" id="rmop-FIAB_DO000000UV-PatientBillingAccount-ic"><p>For details on the interpretation of this section, see <xspecref spec="v3guide.htm" ref="v3grmim" alt="the description of RMIMs"/> in the Version 3 Guide.</p></descriptive><rmim identifier="FIAB_RM010000UV02" name="Patient Billing Account Event" familiarName="Patient Billing Account Event" parent="FIAB_DO000000UV-PatientBillingAccount-ic" id="FIAB_RM010000UV02-rmi" sortPrefix="01|20|99|" baseClass="PatientBillingAccount" ballotStatus="NormativeStandard" ballotNumber="2" lastEdit="2004-08-09T10:32:09"><descriptive identifier="desc-FIAB_RM010000UV02" name="Description" parent="FIAB_RM010000UV02-rmi" id="desc-FIAB_RM010000UV02-rmi" lastEdit="2004-08-09T10:32:09"><p>This message model includes the creation and management of patient billing accounts.  Central to the model is the concept of an account, with attributes such as identifier, type (code), balance and the currency (e.g. US $) of the account.  Associations to the account include patient identification, insurance policy, encounter, and the optional specification of a guarantor for any outstanding balance in the account.</p><p>A Billing Account is an accumulator of financial and administrative information for the main purpose of supporting claims and reimbursement.  Secondarily, the billing account may contribute significant information to cost accounting and financial decision support systems.  A billing account is simply that entity that captures the elements reflecting the cost and price of services provided and supplies consumed for a healthcare activity.  The focus for which an account accumulates information will vary.  (For example: In a realm where billing is based on periodically collecting financial transactions for a patient, the accumulator might be the patient.)  A billing account might also include links to insurance and benefit information, and relevant responsible parties.</p></descriptive><rmimref role="parent" ref="FIAB_DM000000UV-rmi" sectID="amfiab" sectType="SB" refName="Patient Billing Account Domain Model" refFamiliarName="Patient Billing Account Domain Model" refIdentifier="FIAB_DM000000UV"/><diagref ref="FIAB_RM010000UV.gif"/><hmdref role="containedHMD" ref="FIAB_HD010100UV02-hmd" sectID="amfiab" sectType="SB" refName="Patient Billing Account Event" refFamiliarName="Patient Billing Account Event" refIdentifier="FIAB_HD010100UV02"/></rmim></rmimdivn><hmddivn identifier="hmds-FIAB_DO000000UV-PatientBillingAccount" name="Hierarchical Message Descriptions" parent="FIAB_DO000000UV-PatientBillingAccount-ic" id="hmds-FIAB_DO000000UV-PatientBillingAccount-ic"><descriptive identifier="hdop-FIAB_DO000000UV-PatientBillingAccount" name="Reference" parent="FIAB_DO000000UV-PatientBillingAccount-ic" id="hdop-FIAB_DO000000UV-PatientBillingAccount-ic"><p>For details on the interpretation of this section, see <xspecref spec="v3guide.htm" ref="v3ghmd" alt="the description of HMDs"/> in the Version 3 Guide.</p></descriptive><hmd identifier="FIAB_HD010100UV02" name="Patient Billing Account Event" familiarName="Patient Billing Account Event" parent="FIAB_RM010000UV02-rmi" id="FIAB_HD010100UV02-hmd" sortPrefix="01|20|99|" baseClass="PatientBillingAccount" ballotStatus="NormativeStandard" ballotNumber="2" lastEdit="2004-08-09T11:06:20"><descriptive identifier="desc-FIAB_HD010100UV02" name="Description" parent="FIAB_HD010100UV02-hmd" id="desc-FIAB_HD010100UV02-hmd" lastEdit="2004-08-09T11:06:20"><p>This HMD includes the creation and management of patient billing accounts.  Central to the model is the concept of an account, with attributes such as identifier, type (code), balance and the currency (e.g. US $) of the account.  Associations to the account include patient identification, insurance policy, encounter, and the optional specification of a guarantor for any outstanding balance in the account.</p><p>A Billing Account is an accumulator of financial and administrative information for the main purpose of supporting claims and reimbursement.  Secondarily, the billing account may contribute significant information to cost accounting and financial decision support systems.  A billing account is simply that entity that captures the elements reflecting the cost and price of services provided and supplies consumed for a healthcare activity.  The focus for which an account accumulates information will vary.  (For example: In a realm where billing is based on periodically collecting financial transactions for a patient, the accumulator might be the patient.)  A billing account might also include links to insurance and benefit information, and relevant responsible parties.</p></descriptive><hmdextref role="tabular" ref="FIAB_HD010100UV02"/><rmimref role="parent" ref="FIAB_RM010000UV02-rmi" sectID="amfiab" sectType="SB" refName="Patient Billing Account Event" refFamiliarName="Patient Billing Account Event" refIdentifier="FIAB_RM010000UV02"/><msgref role="definedMsgType" ref="FIAB_MT010101UV02-msg" sectID="amfiab" sectType="SB" refName="Patient Billing Account Event Activate" refFamiliarName="Patient Billing Account Event Activate" refIdentifier="FIAB_MT010101UV02"/><msgref role="definedMsgType" ref="FIAB_MT010102UV02-msg" sectID="amfiab" sectType="SB" refName="Patient Billing Account Event Revise" refFamiliarName="Patient Billing Account Event Revise" refIdentifier="FIAB_MT010102UV02"/><msgref role="definedMsgType" ref="FIAB_MT010103UV02-msg" sectID="amfiab" sectType="SB" refName="Patient Billing Account Event Complete" refFamiliarName="Patient Billing Account Event Complete" refIdentifier="FIAB_MT010103UV02"/><msgref role="definedMsgType" ref="FIAB_MT010104UV02-msg" sectID="amfiab" sectType="SB" refName="Patient Billing Account Event Nullify" refFamiliarName="Patient Billing Account Event Nullify" refIdentifier="FIAB_MT010104UV02"/><msgref role="definedMsgType" ref="FIAB_MT010105UV02-msg" sectID="amfiab" sectType="SB" refName="Patient Billing Account Event Obsolete" refFamiliarName="Patient Billing Account Event Obsolete" refIdentifier="FIAB_MT010105UV02"/></hmd></hmddivn><msgtypedivn identifier="msgs-FIAB_DO000000UV-PatientBillingAccount" name="Message Type Definitions" parent="FIAB_DO000000UV-PatientBillingAccount-ic" id="msgs-FIAB_DO000000UV-PatientBillingAccount-ic"><msgtype identifier="FIAB_MT010101UV02" name="Patient Billing Account Event Activate" familiarName="Patient Billing Account Event Activate" parent="FIAB_HD010100UV02-hmd" id="FIAB_MT010101UV02-msg" sortPrefix="01|20|16|" baseClass="PatientBillingAccount" ballotStatus="NormativeStandard" ballotNumber="2" lastEdit="2004-08-09T11:06:43"><descriptive identifier="devnote-FIAB_MT010101UV02" name="Design Note" parent="FIAB_MT010101UV02-msg" id="devnote-FIAB_MT010101UV02-msg" role="designComment" lastEdit="2004-08-09T11:06:43"><p>Used to create a new patient billing account.</p></descriptive><msgextref role="tabular" ref="FIAB_MT010101UV02"/><hmdref role="parent" ref="FIAB_HD010100UV02-hmd" sectID="amfiab" sectType="SB" refName="Patient Billing Account Event" refFamiliarName="Patient Billing Account Event" refIdentifier="FIAB_HD010100UV02"/><intref role="sentIn" ref="FIAB_IN010001UV02-int" sectID="amfiab" sectType="SB" refName="Patient Billing Account Event Activate Notification" refFamiliarName="Create Patient Billing Account Notification" refIdentifier="FIAB_IN010001UV02"/></msgtype><msgtype identifier="FIAB_MT010102UV02" name="Patient Billing Account Event Revise" familiarName="Patient Billing Account Event Revise" parent="FIAB_HD010100UV02-hmd" id="FIAB_MT010102UV02-msg" sortPrefix="01|20|22|" baseClass="PatientBillingAccount" ballotStatus="NormativeStandard" ballotNumber="2" lastEdit="2004-08-09T10:12:43"><descriptive identifier="devnote-FIAB_MT010102UV02" name="Design Note" parent="FIAB_MT010102UV02-msg" id="devnote-FIAB_MT010102UV02-msg" role="designComment" lastEdit="2004-08-09T10:12:43"><p>Used to update an existing patient billing account.</p></descriptive><msgextref role="tabular" ref="FIAB_MT010102UV02"/><hmdref role="parent" ref="FIAB_HD010100UV02-hmd" sectID="amfiab" sectType="SB" refName="Patient Billing Account Event" refFamiliarName="Patient Billing Account Event" refIdentifier="FIAB_HD010100UV02"/><intref role="sentIn" ref="FIAB_IN010002UV02-int" sectID="amfiab" sectType="SB" refName="Patient Billing Account Event Revise Notification" refFamiliarName="Update Patient Billing Account Notification" refIdentifier="FIAB_IN010002UV02"/></msgtype><msgtype identifier="FIAB_MT010103UV02" name="Patient Billing Account Event Complete" familiarName="Patient Billing Account Event Complete" parent="FIAB_HD010100UV02-hmd" id="FIAB_MT010103UV02-msg" sortPrefix="01|20|40|" baseClass="PatientBillingAccount" ballotStatus="NormativeStandard" ballotNumber="2" lastEdit="2004-08-09T11:06:26"><descriptive identifier="devnote-FIAB_MT010103UV02" name="Design Note" parent="FIAB_MT010103UV02-msg" id="devnote-FIAB_MT010103UV02-msg" role="designComment" lastEdit="2004-08-09T11:06:26"><p>Used to complete/close an existing patient billing account.</p></descriptive><msgextref role="tabular" ref="FIAB_MT010103UV02"/><hmdref role="parent" ref="FIAB_HD010100UV02-hmd" sectID="amfiab" sectType="SB" refName="Patient Billing Account Event" refFamiliarName="Patient Billing Account Event" refIdentifier="FIAB_HD010100UV02"/><intref role="sentIn" ref="FIAB_IN010003UV02-int" sectID="amfiab" sectType="SB" refName="Patient Billing Account Event Complete Notification" refFamiliarName="Close Patient Billing Account Notification" refIdentifier="FIAB_IN010003UV02"/></msgtype><msgtype identifier="FIAB_MT010104UV02" name="Patient Billing Account Event Nullify" familiarName="Patient Billing Account Event Nullify" parent="FIAB_HD010100UV02-hmd" id="FIAB_MT010104UV02-msg" sortPrefix="01|20|50|" baseClass="PatientBillingAccount" ballotStatus="NormativeStandard" ballotNumber="2" lastEdit="2004-08-09T11:06:49"><descriptive identifier="devnote-FIAB_MT010104UV02" name="Design Note" parent="FIAB_MT010104UV02-msg" id="devnote-FIAB_MT010104UV02-msg" role="designComment" lastEdit="2004-08-09T11:06:49"><p>Used to delete an existing patient billing account.</p></descriptive><msgextref role="tabular" ref="FIAB_MT010104UV02"/><hmdref role="parent" ref="FIAB_HD010100UV02-hmd" sectID="amfiab" sectType="SB" refName="Patient Billing Account Event" refFamiliarName="Patient Billing Account Event" refIdentifier="FIAB_HD010100UV02"/><intref role="sentIn" ref="FIAB_IN010004UV02-int" sectID="amfiab" sectType="SB" refName="Patient Billing Account Event Nullify Notification" refFamiliarName="Delete Patient Billing Account Notification" refIdentifier="FIAB_IN010004UV02"/></msgtype><msgtype identifier="FIAB_MT010105UV02" name="Patient Billing Account Event Obsolete" familiarName="Patient Billing Account Event Obsolete" parent="FIAB_HD010100UV02-hmd" id="FIAB_MT010105UV02-msg" sortPrefix="01|20|52|" baseClass="PatientBillingAccount" ballotStatus="NormativeStandard" ballotNumber="2" lastEdit="2004-08-09T11:06:57"><descriptive identifier="devnote-FIAB_MT010105UV02" name="Design Note" parent="FIAB_MT010105UV02-msg" id="devnote-FIAB_MT010105UV02-msg" role="designComment" lastEdit="2004-08-09T11:06:57"><p>Used to merge en existing patient billng account with another existing patient billing account.</p></descriptive><msgextref role="tabular" ref="FIAB_MT010105UV02"/><hmdref role="parent" ref="FIAB_HD010100UV02-hmd" sectID="amfiab" sectType="SB" refName="Patient Billing Account Event" refFamiliarName="Patient Billing Account Event" refIdentifier="FIAB_HD010100UV02"/><intref role="sentIn" ref="FIAB_IN010005UV02-int" sectID="amfiab" sectType="SB" refName="Patient Billing Account Event Obsolete Notification" refFamiliarName="Merge Patient Billing Account Notification" refIdentifier="FIAB_IN010005UV02"/></msgtype></msgtypedivn><interactiondivn identifier="ints-FIAB_DO000000UV-PatientBillingAccount" name="Interactions" parent="FIAB_DO000000UV-PatientBillingAccount-ic" id="ints-FIAB_DO000000UV-PatientBillingAccount-ic"><descriptive identifier="inop-FIAB_DO000000UV-PatientBillingAccount" name="Reference" parent="FIAB_DO000000UV-PatientBillingAccount-ic" id="inop-FIAB_DO000000UV-PatientBillingAccount-ic"><p>For details on the interpretation of this section, see <xspecref spec="v3guide.htm" ref="v3gintact" alt="the definition of Interactions"/> in the Version 3 Guide.</p></descriptive><interaction identifier="FIAB_IN010001UV02" name="Patient Billing Account Event Activate Notification" familiarName="Create Patient Billing Account Notification" parent="FIAB_DO000000UV-PatientBillingAccount-ic" id="FIAB_IN010001UV02-int" role="interaction" sortPrefix="01|20|16|05|" baseClass="PatientBillingAccount" ballotStatus="NormativeStandard" ballotNumber="2" lastEdit="2004-08-08T14:34:42"><descriptive identifier="desc-FIAB_IN010001UV02" name="Description" parent="FIAB_IN010001UV02-int" id="desc-FIAB_IN010001UV02-int" lastEdit="2004-08-08T14:34:42"><p>Create patient billing account.</p></descriptive><arref role="sendrole" ref="FIAB_AR010001UV02-ar" sectID="amfiab" sectType="SB" refName="Patient Billing Account Event Informer" refFamiliarName="Patient Billing Account Informer" refIdentifier="FIAB_AR010001UV02"/><arref role="rcvrole" ref="FIAB_AR010002UV02-ar" sectID="amfiab" sectType="SB" refName="Patient Billing Account Event Tracker" refFamiliarName="Patient Billing Account Tracker" refIdentifier="FIAB_AR010002UV02"/><teref role="trigger" ref="FIAB_TE010001UV02-te" sectID="amfiab" sectType="SB" refName="Patient Billing Account Event Activate Notification" refFamiliarName="Create Patient Billing Account" refIdentifier="FIAB_TE010001UV02"/><msgref role="transwrap" ref="MCCI_MT000100UV01-msg" sectID="immcci" sectType="SB" refName="Send Message Payload" refIdentifier="MCCI_MT000100UV01"/><msgref role="cactwrap" ref="MCAI_MT700201UV01-msg" sectID="immcai" sectType="SB" refName="Trigger Event Control Act" refIdentifier="MCAI_MT700201UV01"/><msgref role="msgtype" ref="FIAB_MT010101UV02-msg" sectID="amfiab" sectType="SB" refName="Patient Billing Account Event Activate" refIdentifier="FIAB_MT010101UV02"/></interaction><interaction identifier="FIAB_IN010002UV02" name="Patient Billing Account Event Revise Notification" familiarName="Update Patient Billing Account Notification" parent="FIAB_DO000000UV-PatientBillingAccount-ic" id="FIAB_IN010002UV02-int" role="interaction" sortPrefix="01|20|22|05|" baseClass="PatientBillingAccount" ballotStatus="NormativeStandard" ballotNumber="2" lastEdit="2004-08-08T14:42:13"><descriptive identifier="desc-FIAB_IN010002UV02" name="Description" parent="FIAB_IN010002UV02-int" id="desc-FIAB_IN010002UV02-int" lastEdit="2004-08-08T14:42:13"><p>Update patient billing account.</p></descriptive><arref role="sendrole" ref="FIAB_AR010001UV02-ar" sectID="amfiab" sectType="SB" refName="Patient Billing Account Event Informer" refFamiliarName="Patient Billing Account Informer" refIdentifier="FIAB_AR010001UV02"/><arref role="rcvrole" ref="FIAB_AR010002UV02-ar" sectID="amfiab" sectType="SB" refName="Patient Billing Account Event Tracker" refFamiliarName="Patient Billing Account Tracker" refIdentifier="FIAB_AR010002UV02"/><teref role="trigger" ref="FIAB_TE010002UV02-te" sectID="amfiab" sectType="SB" refName="Patient Billing Account Event Revise Notification" refFamiliarName="Update Patient Billing Account" refIdentifier="FIAB_TE010002UV02"/><msgref role="transwrap" ref="MCCI_MT000100UV01-msg" sectID="immcci" sectType="SB" refName="Send Message Payload" refIdentifier="MCCI_MT000100UV01"/><msgref role="cactwrap" ref="MCAI_MT700201UV01-msg" sectID="immcai" sectType="SB" refName="Trigger Event Control Act" refIdentifier="MCAI_MT700201UV01"/><msgref role="msgtype" ref="FIAB_MT010102UV02-msg" sectID="amfiab" sectType="SB" refName="Patient Billing Account Event Revise" refIdentifier="FIAB_MT010102UV02"/></interaction><interaction identifier="FIAB_IN010003UV02" name="Patient Billing Account Event Complete Notification" familiarName="Close Patient Billing Account Notification" parent="FIAB_DO000000UV-PatientBillingAccount-ic" id="FIAB_IN010003UV02-int" role="interaction" sortPrefix="01|20|40|05|" baseClass="PatientBillingAccount" ballotStatus="NormativeStandard" ballotNumber="2" lastEdit="2004-07-14T16:02:22"><descriptive identifier="desc-FIAB_IN010003UV02" name="Description" parent="FIAB_IN010003UV02-int" id="desc-FIAB_IN010003UV02-int" lastEdit="2004-07-14T16:02:22"><p>Close patient billing account.</p></descriptive><arref role="sendrole" ref="FIAB_AR010001UV02-ar" sectID="amfiab" sectType="SB" refName="Patient Billing Account Event Informer" refFamiliarName="Patient Billing Account Informer" refIdentifier="FIAB_AR010001UV02"/><arref role="rcvrole" ref="FIAB_AR010002UV02-ar" sectID="amfiab" sectType="SB" refName="Patient Billing Account Event Tracker" refFamiliarName="Patient Billing Account Tracker" refIdentifier="FIAB_AR010002UV02"/><teref role="trigger" ref="FIAB_TE010003UV02-te" sectID="amfiab" sectType="SB" refName="Patient Billing Account Event Complete Notification" refFamiliarName="Close Patient Billing Account" refIdentifier="FIAB_TE010003UV02"/><msgref role="transwrap" ref="MCCI_MT000100UV01-msg" sectID="immcci" sectType="SB" refName="Send Message Payload" refIdentifier="MCCI_MT000100UV01"/><msgref role="cactwrap" ref="MCAI_MT700201UV01-msg" sectID="immcai" sectType="SB" refName="Trigger Event Control Act" refIdentifier="MCAI_MT700201UV01"/><msgref role="msgtype" ref="FIAB_MT010103UV02-msg" sectID="amfiab" sectType="SB" refName="Patient Billing Account Event Complete" refIdentifier="FIAB_MT010103UV02"/></interaction><interaction identifier="FIAB_IN010004UV02" name="Patient Billing Account Event Nullify Notification" familiarName="Delete Patient Billing Account Notification" parent="FIAB_DO000000UV-PatientBillingAccount-ic" id="FIAB_IN010004UV02-int" role="interaction" sortPrefix="01|20|50|05|" baseClass="PatientBillingAccount" ballotStatus="NormativeStandard" ballotNumber="2" lastEdit="2004-07-14T16:02:38"><descriptive identifier="desc-FIAB_IN010004UV02" name="Description" parent="FIAB_IN010004UV02-int" id="desc-FIAB_IN010004UV02-int" lastEdit="2004-07-14T16:02:38"><p>Delete patient billing account.</p></descriptive><arref role="sendrole" ref="FIAB_AR010001UV02-ar" sectID="amfiab" sectType="SB" refName="Patient Billing Account Event Informer" refFamiliarName="Patient Billing Account Informer" refIdentifier="FIAB_AR010001UV02"/><arref role="rcvrole" ref="FIAB_AR010002UV02-ar" sectID="amfiab" sectType="SB" refName="Patient Billing Account Event Tracker" refFamiliarName="Patient Billing Account Tracker" refIdentifier="FIAB_AR010002UV02"/><teref role="trigger" ref="FIAB_TE010004UV02-te" sectID="amfiab" sectType="SB" refName="Patient Billing Account Event Nullify Notification" refFamiliarName="Delete Patient Billing Account" refIdentifier="FIAB_TE010004UV02"/><msgref role="transwrap" ref="MCCI_MT000100UV01-msg" sectID="immcci" sectType="SB" refName="Send Message Payload" refIdentifier="MCCI_MT000100UV01"/><msgref role="cactwrap" ref="MCAI_MT700201UV01-msg" sectID="immcai" sectType="SB" refName="Trigger Event Control Act" refIdentifier="MCAI_MT700201UV01"/><msgref role="msgtype" ref="FIAB_MT010104UV02-msg" sectID="amfiab" sectType="SB" refName="Patient Billing Account Event Nullify" refIdentifier="FIAB_MT010104UV02"/></interaction><interaction identifier="FIAB_IN010005UV02" name="Patient Billing Account Event Obsolete Notification" familiarName="Merge Patient Billing Account Notification" parent="FIAB_DO000000UV-PatientBillingAccount-ic" id="FIAB_IN010005UV02-int" role="interaction" sortPrefix="01|20|52|05|" baseClass="PatientBillingAccount" ballotStatus="NormativeStandard" ballotNumber="2" lastEdit="2004-07-14T16:03:08"><descriptive identifier="desc-FIAB_IN010005UV02" name="Description" parent="FIAB_IN010005UV02-int" id="desc-FIAB_IN010005UV02-int" lastEdit="2004-07-14T16:03:08"><p>Merge patient billing accounts.</p></descriptive><arref role="sendrole" ref="FIAB_AR010001UV02-ar" sectID="amfiab" sectType="SB" refName="Patient Billing Account Event Informer" refFamiliarName="Patient Billing Account Informer" refIdentifier="FIAB_AR010001UV02"/><arref role="rcvrole" ref="FIAB_AR010002UV02-ar" sectID="amfiab" sectType="SB" refName="Patient Billing Account Event Tracker" refFamiliarName="Patient Billing Account Tracker" refIdentifier="FIAB_AR010002UV02"/><teref role="trigger" ref="FIAB_TE010005UV02-te" sectID="amfiab" sectType="SB" refName="Patient Billing Account Event Obsolete Notification" refFamiliarName="Merge Patient Billing Account" refIdentifier="FIAB_TE010005UV02"/><msgref role="transwrap" ref="MCCI_MT000100UV01-msg" sectID="immcci" sectType="SB" refName="Send Message Payload" refIdentifier="MCCI_MT000100UV01"/><msgref role="cactwrap" ref="MCAI_MT700201UV01-msg" sectID="immcai" sectType="SB" refName="Trigger Event Control Act" refIdentifier="MCAI_MT700201UV01"/><msgref role="msgtype" ref="FIAB_MT010105UV02-msg" sectID="amfiab" sectType="SB" refName="Patient Billing Account Event Obsolete" refIdentifier="FIAB_MT010105UV02"/></interaction></interactiondivn></subdivn><subdivn identifier="FIAB_DO000000UV-PatientBillingPost" name="Patient Billing Post Topic" familiarName="Patient Billing Post" parent="FIAB_DO000000UV-ic" id="FIAB_DO000000UV-PatientBillingPost-ic" role="BC" sortPrefix="02" baseClass="Patient Billing Post" ballotStatus="NormativeStandard" ballotNumber="2"><descriptive identifier="intro-FIAB_DO000000UV-PatientBillingPost" name="Introduction" parent="FIAB_DO000000UV-PatientBillingPost-ic" id="intro-FIAB_DO000000UV-PatientBillingPost-ic" lastEdit="2004-08-09T14:56:21"><graphic source="FIAB_NA000002.gif" alt="Patient Billing Post State Transition Diagram"></graphic></descriptive><storydivn identifier="sbs-FIAB_DO000000UV-PatientBillingPost" name="Storyboards" parent="FIAB_DO000000UV-PatientBillingPost-ic" id="sbs-FIAB_DO000000UV-PatientBillingPost-ic"><descriptive identifier="sstop-FIAB_DO000000UV-PatientBillingPost" name="Reference" parent="FIAB_DO000000UV-PatientBillingPost-ic" id="sstop-FIAB_DO000000UV-PatientBillingPost-ic"><p>For details on the interpretation of this section, see <xspecref spec="v3guide.htm" ref="v3gstory" alt="the storyboard discussion"/> in the Version 3 Guide.</p></descriptive><story identifier="FIAB_ST000200UV02" name="Patient Billing Post" familiarName="Patient Billing Post" parent="FIAB_DO000000UV-PatientBillingPost-ic" id="FIAB_ST000200UV02-str" sortPrefix="02|" baseClass="PatientBillingPost" ballotStatus="NormativeStandard" ballotNumber="2" lastEdit="2004-07-15T07:00:08"><descriptive identifier="purp-FIAB_ST000200UV02" name="Purpose" parent="FIAB_ST000200UV02-str" id="purp-FIAB_ST000200UV02-str" role="purpose" lastEdit="2004-07-15T07:00:08"><p>This domain area addresses the posting of financial transactions against patient billing accounts.</p></descriptive><descriptive identifier="FIAB_SN000201UV02" name="Patient Billing Post" familiarName="Patient Account Post" parent="FIAB_ST000200UV02-str" id="FIAB_ST000200UV02-FIAB_SN000201UV02-stex" role="storyExample" sortPrefix="02|" baseClass="PatientBillingPost" lastEdit="2004-07-15T07:00:33"><p><emph role="strong">Patient Account Posting</emph></p><p>During the course of Ms. Smith's hospital stay charges, adjustments, and credits related to the services provided and items consumed are accumulated by her patient account.</p></descriptive><diagref ref="FIAB_ST000200UV02.gif"/><intref ref="FIAB_IN020001UV02-int" sectID="amfiab" sectType="SB" refName="Patient Billing Post Event Complete Notification" refFamiliarName="Post Financial Transaction Notification" refIdentifier="FIAB_IN020001UV02" sequence="1"/></story></storydivn><approledivn identifier="roles-FIAB_DO000000UV-PatientBillingPost" name="Application Roles" parent="FIAB_DO000000UV-PatientBillingPost-ic" id="roles-FIAB_DO000000UV-PatientBillingPost-ic"><descriptive identifier="arop-FIAB_DO000000UV-PatientBillingPost" name="Reference" parent="FIAB_DO000000UV-PatientBillingPost-ic" id="arop-FIAB_DO000000UV-PatientBillingPost-ic"><p>For details on the interpretation of this section, see <xspecref spec="v3guide.htm" ref="v3gapprole" alt="the discussion of application roles"/> and their relationships in the Version 3 Guide.</p></descriptive><artree><artreeitem><arref role="included" ref="FIAB_AR010004UV02-ar" sectID="amfiab" sectType="SB" refName="Patient Billing Post Event Informer" refFamiliarName="Account Post Tracker" refIdentifier="FIAB_AR010004UV02"/></artreeitem><artreeitem><arref role="included" ref="FIAB_AR010003UV02-ar" sectID="amfiab" sectType="SB" refName="Patient Billing Post Event Tracker" refFamiliarName="Account Post Informer" refIdentifier="FIAB_AR010003UV02"/></artreeitem></artree><approle identifier="FIAB_AR010004UV02" name="Patient Billing Post Event Informer" familiarName="Account Post Tracker" parent="FIAB_DO000000UV-PatientBillingPost-ic" id="FIAB_AR010004UV02-ar" sortPrefix="02|20|99|25|" baseClass="PatientBillingPost" ballotStatus="NormativeStandard" ballotNumber="2" hidden="no" lastEdit="2005-06-20T18:52:00"><descriptive identifier="desc-FIAB_AR010004UV02" name="Description" parent="FIAB_AR010004UV02-ar" id="desc-FIAB_AR010004UV02-ar" lastEdit="2005-06-20T18:52:00"><p>Informs a tracker of posts of financial transactions against accounts.</p></descriptive></approle><approle identifier="FIAB_AR010003UV02" name="Patient Billing Post Event Tracker" familiarName="Account Post Informer" parent="FIAB_DO000000UV-PatientBillingPost-ic" id="FIAB_AR010003UV02-ar" sortPrefix="02|20|99|30|" baseClass="PatientBillingPost" ballotStatus="NormativeStandard" ballotNumber="2" hidden="no" lastEdit="2005-03-11T14:15:20"><descriptive identifier="desc-FIAB_AR010003UV02" name="Description" parent="FIAB_AR010003UV02-ar" id="desc-FIAB_AR010003UV02-ar" lastEdit="2005-03-11T14:15:20"><p>Monitors posts of financial transactions against accounts.</p></descriptive></approle></approledivn><triggerdivn identifier="tes-FIAB_DO000000UV-PatientBillingPost" name="Trigger Events" parent="FIAB_DO000000UV-PatientBillingPost-ic" id="tes-FIAB_DO000000UV-PatientBillingPost-ic"><descriptive identifier="teop-FIAB_DO000000UV-PatientBillingPost" name="Reference" parent="FIAB_DO000000UV-PatientBillingPost-ic" id="teop-FIAB_DO000000UV-PatientBillingPost-ic"><p>For details on the interpretation of this section, see <xspecref spec="v3guide.htm" ref="v3gtrigger" alt="the discussion of trigger events"/> in the Version 3 Guide.</p></descriptive><trigger identifier="FIAB_TE020001UV02" name="Patient Billing Post Event Complete Notification" familiarName="Post Financial Transaction" parent="FIAB_DO000000UV-PatientBillingPost-ic" id="FIAB_TE020001UV02-te" role="State-transition based" sortPrefix="02|20|40||05|" baseClass="PatientBillingPost" ballotStatus="NormativeStandard" ballotNumber="2" lastEdit="2005-04-12T11:23:35"><descriptive identifier="desc-FIAB_TE020001UV02" name="Description" parent="FIAB_TE020001UV02-te" id="desc-FIAB_TE020001UV02-te" lastEdit="2005-04-12T11:23:35"><p>This trigger event signals that a financial transaction is posted to the patient billing account for billable service charges; payment made for the portion of the charges that are the patient's responsibility; or a payment by an alternative guarantor, e.g. Workers' Insurance payor.  The charge or reversal can be triggered from different systems once the account is already established in the billing system.

A)	Hospital Information systems generate charge or reversal triggered at various instances of a clinical workflow based on different status. For example Charge on Order, Charge on Charting, Charge on Result, Charge on Assessment. The Status can be active, Complete, etc. 

B)	Hospital Information Systems can generate charge or reversal, which are manually posted. These are material, supply or miscellaneous that could not be generated in a workflow and need to be captured manually.

C)	 Departmental Systems like Oncology, Cardiology etc. can post charges or reversals, which are directly sent to the billing system, or may be routed via the Hospital Information system.

D)	 Ancillary Systems like Laboratory and Radiology can post charges or reversals, which are directly sent to the billing system, or may be routed via the Hospital Information system.

E)	The Master ADT system may generate charges or reversals to be sent to the billing system, once a patient account has been established.

V2 Reference:  The Post financial transaction most closely aligned with the HL7 2.4 DFT^P03-Post Detail Financial Transaction and HL7 2.5 DFT^P11 - Post Detail Financial Transactions - Expanded. </p></descriptive><intref role="fires" ref="FIAB_IN020001UV02-int" sectID="amfiab" sectType="SB" refName="Patient Billing Post Event Complete Notification" refFamiliarName="Post Financial Transaction Notification" refIdentifier="FIAB_IN020001UV02"/></trigger></triggerdivn><rmimdivn identifier="rmims-FIAB_DO000000UV-PatientBillingPost" name="Refined Message Information Models" parent="FIAB_DO000000UV-PatientBillingPost-ic" id="rmims-FIAB_DO000000UV-PatientBillingPost-ic"><descriptive identifier="rmop-FIAB_DO000000UV-PatientBillingPost" name="Reference" parent="FIAB_DO000000UV-PatientBillingPost-ic" id="rmop-FIAB_DO000000UV-PatientBillingPost-ic"><p>For details on the interpretation of this section, see <xspecref spec="v3guide.htm" ref="v3grmim" alt="the description of RMIMs"/> in the Version 3 Guide.</p></descriptive><rmim identifier="FIAB_RM020000UV02" name="Patient Billing Post Event" familiarName="Patient Billing Post Event" parent="FIAB_DO000000UV-PatientBillingPost-ic" id="FIAB_RM020000UV02-rmi" sortPrefix="02|20|99|" baseClass="PatientBillingPost" ballotStatus="NormativeStandard" ballotNumber="2" lastEdit="2004-12-09T19:14:48"><descriptive identifier="desc-FIAB_RM020000UV02" name="Description" parent="FIAB_RM020000UV02-rmi" id="desc-FIAB_RM020000UV02-rmi" lastEdit="2004-12-09T19:14:48"><p>This model includes the posting of financial transactions against those accounts (e.g. lab charge).  Posting of charges is supplied through a financial transaction.  In strictest accounting terms, the financial transaction would have a debit and credit association to 2 accounts (the debit account and the credit account).  In this model, only 1 is specified. The financial transaction is supported by a costing component (invoice element), which is further supported by the actual service that was performed or the product that was supplied (billable). To add to the balance of a patient billing account, the ActFinancialTransactionCode should be  "CHRG" with a positive amount. To reduce this balance, the code would be "REV", again with a positive amount.</p></descriptive><rmimref role="parent" ref="FIAB_DM000000UV-rmi" sectID="amfiab" sectType="SB" refName="Patient Billing Account Domain Model" refFamiliarName="Patient Billing Account Domain Model" refIdentifier="FIAB_DM000000UV"/><diagref ref="FIAB_RM020000UV.gif"/><hmdref role="containedHMD" ref="FIAB_HD020100UV02-hmd" sectID="amfiab" sectType="SB" refName="Patient Billing Post Event" refFamiliarName="Patient Billing Post Event" refIdentifier="FIAB_HD020100UV02"/></rmim></rmimdivn><hmddivn identifier="hmds-FIAB_DO000000UV-PatientBillingPost" name="Hierarchical Message Descriptions" parent="FIAB_DO000000UV-PatientBillingPost-ic" id="hmds-FIAB_DO000000UV-PatientBillingPost-ic"><descriptive identifier="hdop-FIAB_DO000000UV-PatientBillingPost" name="Reference" parent="FIAB_DO000000UV-PatientBillingPost-ic" id="hdop-FIAB_DO000000UV-PatientBillingPost-ic"><p>For details on the interpretation of this section, see <xspecref spec="v3guide.htm" ref="v3ghmd" alt="the description of HMDs"/> in the Version 3 Guide.</p></descriptive><hmd identifier="FIAB_HD020100UV02" name="Patient Billing Post Event" familiarName="Patient Billing Post Event" parent="FIAB_RM020000UV02-rmi" id="FIAB_HD020100UV02-hmd" sortPrefix="02|20|99|" baseClass="PatientBillingPost" ballotStatus="NormativeStandard" ballotNumber="2" lastEdit="2004-12-09T19:15:03"><descriptive identifier="desc-FIAB_HD020100UV02" name="Description" parent="FIAB_HD020100UV02-hmd" id="desc-FIAB_HD020100UV02-hmd" lastEdit="2004-12-09T19:15:03"><p>This model includes the posting of financial transactions against those accounts (e.g. lab charge).  Posting of charges is supplied through a financial transaction.  In strictest accounting terms, the financial transaction would have a debit and credit association to 2 accounts (the debit account and the credit account).  In this model, only 1 is specified.  The financial transaction is supported by a costing component (invoice element), which is further supported by the actual service that was performed or the product that was supplied (billable). To add to the balance of a patient billing account, the ActFinancialTransactionCode should be   "CHRG" with a positive amount. To reduce this balance, the code would be "REV", again with a positive amount.</p></descriptive><hmdextref role="tabular" ref="FIAB_HD020100UV02"/><rmimref role="parent" ref="FIAB_RM020000UV02-rmi" sectID="amfiab" sectType="SB" refName="Patient Billing Post Event" refFamiliarName="Patient Billing Post Event" refIdentifier="FIAB_RM020000UV02"/><msgref role="definedMsgType" ref="FIAB_MT020101UV02-msg" sectID="amfiab" sectType="SB" refName="Patient Billing Post Event Complete" refFamiliarName="Patient Billing Post Event Complete" refIdentifier="FIAB_MT020101UV02"/></hmd></hmddivn><msgtypedivn identifier="msgs-FIAB_DO000000UV-PatientBillingPost" name="Message Type Definitions" parent="FIAB_DO000000UV-PatientBillingPost-ic" id="msgs-FIAB_DO000000UV-PatientBillingPost-ic"><msgtype identifier="FIAB_MT020101UV02" name="Patient Billing Post Event Complete" familiarName="Patient Billing Post Event Complete" parent="FIAB_HD020100UV02-hmd" id="FIAB_MT020101UV02-msg" sortPrefix="02|20|40|" baseClass="PatientBillingPost" ballotStatus="NormativeStandard" ballotNumber="2" lastEdit="2004-08-09T11:07:12"><msgextref role="tabular" ref="FIAB_MT020101UV02"/><hmdref role="parent" ref="FIAB_HD020100UV02-hmd" sectID="amfiab" sectType="SB" refName="Patient Billing Post Event" refFamiliarName="Patient Billing Post Event" refIdentifier="FIAB_HD020100UV02"/><intref role="sentIn" ref="FIAB_IN020001UV02-int" sectID="amfiab" sectType="SB" refName="Patient Billing Post Event Complete Notification" refFamiliarName="Post Financial Transaction Notification" refIdentifier="FIAB_IN020001UV02"/></msgtype></msgtypedivn><interactiondivn identifier="ints-FIAB_DO000000UV-PatientBillingPost" name="Interactions" parent="FIAB_DO000000UV-PatientBillingPost-ic" id="ints-FIAB_DO000000UV-PatientBillingPost-ic"><descriptive identifier="inop-FIAB_DO000000UV-PatientBillingPost" name="Reference" parent="FIAB_DO000000UV-PatientBillingPost-ic" id="inop-FIAB_DO000000UV-PatientBillingPost-ic"><p>For details on the interpretation of this section, see <xspecref spec="v3guide.htm" ref="v3gintact" alt="the definition of Interactions"/> in the Version 3 Guide.</p></descriptive><interaction identifier="FIAB_IN020001UV02" name="Patient Billing Post Event Complete Notification" familiarName="Post Financial Transaction Notification" parent="FIAB_DO000000UV-PatientBillingPost-ic" id="FIAB_IN020001UV02-int" role="interaction" sortPrefix="02|20|40|05|" baseClass="PatientBillingPost" ballotStatus="NormativeStandard" ballotNumber="2" lastEdit="2004-08-08T14:46:40"><descriptive identifier="desc-FIAB_IN020001UV02" name="Description" parent="FIAB_IN020001UV02-int" id="desc-FIAB_IN020001UV02-int" lastEdit="2004-08-08T14:46:40"><p>Post financial transaction to a patient billing account.</p></descriptive><arref role="sendrole" ref="FIAB_AR010001UV02-ar" sectID="amfiab" sectType="SB" refName="Patient Billing Account Event Informer" refFamiliarName="Patient Billing Account Informer" refIdentifier="FIAB_AR010001UV02"/><arref role="rcvrole" ref="FIAB_AR010002UV02-ar" sectID="amfiab" sectType="SB" refName="Patient Billing Account Event Tracker" refFamiliarName="Patient Billing Account Tracker" refIdentifier="FIAB_AR010002UV02"/><teref role="trigger" ref="FIAB_TE020001UV02-te" sectID="amfiab" sectType="SB" refName="Patient Billing Post Event Complete Notification" refFamiliarName="Post Financial Transaction" refIdentifier="FIAB_TE020001UV02"/><msgref role="transwrap" ref="MCCI_MT000100UV01-msg" sectID="immcci" sectType="SB" refName="Send Message Payload" refIdentifier="MCCI_MT000100UV01"/><msgref role="cactwrap" ref="MCAI_MT700201UV01-msg" sectID="immcai" sectType="SB" refName="Trigger Event Control Act" refIdentifier="MCAI_MT700201UV01"/><msgref role="msgtype" ref="FIAB_MT020101UV02-msg" sectID="amfiab" sectType="SB" refName="Patient Billing Post Event Complete" refIdentifier="FIAB_MT020101UV02"/></interaction></interactiondivn></subdivn><indexdivn identifier="cindx-FIAB_DO000000UV" name="Common Message Elements Indexes" parent="FIAB_DO000000UV-ic" id="cindx-FIAB_DO000000UV-ic"><indexlist identifier="cindx-List-1" name="Common Message Elements Defined in this Domain" parent="cindx-FIAB_DO000000UV-ic" id="FIAB_DO000000UV-icc1id"/><indexlist identifier="cindx-List-2" name="Common Message Elements Used by this Domain" parent="cindx-FIAB_DO000000UV-ic" id="FIAB_DO000000UV-icc2id"/></indexdivn><indexdivn identifier="indx-FIAB_DO000000UV" name="Interaction Indexes" parent="FIAB_DO000000UV-ic" id="indx-FIAB_DO000000UV-ic"><indexlist identifier="indx-List-1" name="Interaction Index by Application Role" parent="indx-FIAB_DO000000UV-ic" id="FIAB_DO000000UV-ic1id"/><indexlist identifier="indx-List-2" name="Interaction Index by Trigger Event" parent="indx-FIAB_DO000000UV-ic" id="FIAB_DO000000UV-ic2id"/><indexlist identifier="indx-List-3" name="Interaction Index by Message Type" parent="indx-FIAB_DO000000UV-ic" id="FIAB_DO000000UV-ic3id"/></indexdivn></body></spec>

