<!-- $Id: mIntCategory.cls,v 1.4 2007/11/18 02:48:41 wbeeler Exp $ -->
<!--<!DOCTYPE spec PUBLIC "DTDVersion-4" "../../support/dtd/v3mDomain.dtd">-->
<spec id="COCS_DO000000UV-ic" sectionCode="IMCOCS" lastEdit="2013-05-13T14:41:31" rendered="2014-04-17T10:57:54"><header><title>Domain: Clinical Statement</title><version>V 00-00</version><ballot type="DSTUBallot" number="1"/><date>4/17/2014</date><authlist><author><role>Clinical Statement Co-Chair</role><name key="Buitendijk, Hans">Hans Buitendijk</name><affiliation>SIEMENS Medical Solutions - Health Services, USA</affiliation></author><author><role>Publishing Facilitator</role><name key="Frean, Isobel">Isobel Frean, RN, MSc, PhD.</name><affiliation>Bupa, Group Development</affiliation></author><author><role>Clinical Statement Co-Chair</role><name key="Loyd, Patrick">Patrick Loyd</name><affiliation>Gordon Point Informatics Limited</affiliation></author><author><role>Clinical Statement Co-Chair and  Acting Modelling Facilitator</role><name key="Smithies, Rik">Rik Smithies</name><affiliation>NProgram Ltd., UK</affiliation></author></authlist><legalese copyRightDate="2014" copyRightOwner="Health Level Seven, Inc." copyRightNotation="All rights reserved." renderer="RoseTree 5.0.43" renderNotation="This document was rendered into XML using software provided to HL7 by Beeler Consulting LLC." contactEmail="HQ@HL7.org" contactName="HL7 Headquarters Staff" contactNote="Comments or questions about this document may be may be addressed to:"/></header><front><div1 id="prefNotes"><head>Notes to Readers</head><p>This document is submitted for DSTU ballot. The Clinical Statement Pattern (CSP), which is an active DSTU having received a two year extension in December 2009, has been under development since January 2004 as part of a joint initiative of the following Technical Committees: Orders and Observations; Patient Care; Public Health; and Structured Documents. The version of the model in this ballot (v1.3) has undergone significant revisions in an attempt to reflect outstanding change requests and to simplify the pattern. Readers are encouraged to check the latest status and history of change requests to the Clinical Statement pattern on the Clinical Statement "pattern review" wiki site: </p><p><loc href="http://wiki.hl7.org/index.php?=Clinical_Statement_Harmonization_Project">http://wiki.hl7.org/index.php?=Clinical_Statement_Harmonization_Project</loc></p></div1><div1 id="prefAck"><head>Acknowledgements</head><p>This document has its origins in two important pieces of work, the UK National Programme for Information Technology (NPfIT) and the Clinical Statement section of the CDA R2 specification. NPfIT and CDA specific material have been removed, but the acknowledgement must be made at this point that the document, in its current form, is heavily reliant on the work these two groups have done. </p><p>The Clinical Statement Working Group wishes to acknowledge the contribution to the development of this ballot document and for the participation in regular teleconferences from the following individuals: Heath Frankel, Davera Gabriel, Dr David Rowed, Rob Hausam, Austin Kreisler, David Markwell, Patrick Mitchell-Jones, Harry Solomon, Dan Rusler, William Goossen.</p></div1><div1 id="prefChange"><head>Changes from Previous Release</head><p>The most significant change to the Clinical Statement pattern has been to abstract as much of the content as possible into CMETs to optimise the currency of the pattern. The A_SupportingClinical Statement Universal CMET (COCS_RM530000UV) has been updated to reflect the changes to the Clinical Statement pattern (v1.3).</p><p>For example, we have also grouped functional areas for roles, so that in the future they can be altered independently or replaced with more or less complex roles, with minimal impact on the core of the CS pattern. </p><p>In time it is hoped these CMETS will be handled by other workgroups or will be on different schedules to the main pattern. </p><p>Specific changes therefore include:</p><list role="unordered"><item>Replacement of ConsumableChoice with use of the Common Product Model (CPM) CMET.</item><item>Replacement of AgentChoice with a new CMET (ConsumableMaterial) that consists of a choice of CPM and current AdministrableMaterial construct.</item><item>Replacement of current LocationChoice choice box (comprising R_ServiceDeliveryLocation, IdentifiedEntity and LocatedEntity) with a new all encompassing Location CMET.</item></list></div1><div1 id="navigate-divs"><head>Message Design Element Navigation</head><artree role="NAVIGATE"/></div1></front><body><div1 id="intro-COCS_DO000000UV-ic" ballotStatus="DSTUBallot" ballotNumber="1"><head>Overview</head><div2 id="spec-scope" lastEdit="2013-05-13T14:41:31"><head>Introduction &amp; Scope</head><div3 id="prefDSTU"><head>DSTU Preface</head><p>The HL7 Version 3 Clinical Statement Pattern was approved as a DSTU in July 2012 following a successful ballot during the September 2011 ballot cycle.</p><p>Publication of this draft standard for trial use and comment has been approved by Health Level Seven, International (HL7).  This draft standard
		is not an accredited American National Standard.  The comment period for use of this draft standard shall end 24 months from the date of 
		publication.  Suggestions for revision should be submitted at  <loc href="http://www.hl7.org/dstucomments/index.cfm">http://www.hl7.org/dstucomments/index.cfm</loc>.</p><p>Following this 24 month evaluation period, this draft standard, revised as necessary, will be submitted as a normative ballot in preparation
		for approval by ANSI as an American National Standard.  Implementations of this draft standard shall be viable throughout the normative
		ballot process and for up to six months after publication of the relevant normative standard.</p></div3><p><emph role="strong">Scope of Clinical Statement Pattern Domain</emph></p><p>The model described in this document is a 'pattern' designed to be used within multiple HL7 Version 3 domain models. This pattern is intended to facilitate the consistent design of communications that convey clinical information to meet specific use cases. In most cases the pattern will be refined for use within the model using the Clinical Statement. </p><p>There is one main CMET based on the pattern  - COCT_MT530000 A_SupportingClinicalStatement universal. (COCT_MT530004 A_SupportingClinicalStatement minimal is identical to the universal variant and provided only to conform with publishing requirements). The A_SupportingClinicalInfo CMET (COCT_RM200000UV01) is deprecated and provided here only for backwards compatibility. Any domain using this CMET is strongly encouraged to move to A_SupportingClinicalStatement instead.</p><p>It is not intended that the 'pattern' itself is ever used in a communication, accordingly the information in this document is necessarily at a high level with a minimum of constraints applied.  The pattern does not represent a Record Architecture or a physical structure for storing data on an EHR database, although it does cover many of the types of clinical information that should be part of an Electronic Health Record. The Clinical Statement ballot will include ballot topics (over time - common patterns such as Lab, Allergy, etc.) where those topics will be written such that they are as much as possible isomorphic with the domain models to which they correspond.</p><p>The Clinical Statement model is deliberately broad and encompassing. As a result, it would be possible to represent a particular statement in more than one way. The primary objective of the Clinical Statement topics (see section 2 Clinical Statement Topics) is to constrain the Clinical Statement model when used to communicate certain types of information in an effort to enhance interoperability and shareable semantics. The process for developing these constraints is described in section 2.4 Development of Clinical Statement Topics. The result of the constraint process is to create a Clinical Statement pattern that is isomorphic with an HL7 committee's primary domain model.</p><p>The formal definition of a Clinical Statement for the care of patients (persons, animals and other entities)  is:</p><p>"An expression of a discrete item of clinical, clinically-related or public health information that is recorded because of its relevance to the care of a patient or other entities.  Clinical or public health  information can be expressed with different levels of granularity and therefore the extent and detail conveyed in a single statement may vary.  To be regarded as a Clinical Statement, a concept must be associated with a patient or other entity in a manner which makes clear:</p><list role="unordered"><item><p>Its temporal context</p></item><item><p>Its relationship to the entity or entities</p></item><item><p>In the case of an observation, its mood and presence, absence or value</p></item><item><p>In the case of a procedure, its mood and status</p></item></list><p>This clarity may be achieved by: </p><list role="unordered"><item><p>Explicit representation; or</p></item><item><p>Implicit application of defaults ONLY where explicitly modeled rules state the appropriate defaults."</p></item></list><p><emph role="strong">Background sources</emph></p><p>This Clinical Statement Pattern (CSP) is informed by many individuals from many countries, including but not limited to representatives from the UK National Programme for Information Technology (NPfIT) and the HL7 Structured Documents Technical Committee. The Clinical Statement Work Group acknowledges and wishes to thank all these individuals and organizations for their valuable contributions. This standard is not intended, however, to be a derivative of any of these sources and these sources should not be used to interpret any semantics communicated within this document.</p><p><emph role="strong">Use of the model</emph></p><p>The Clinical Statement Pattern represents a standard, high-level structure for the inclusion of clinical information in communications intended to support specific business functions. Although not intended to be implemented 'as is' (except by direct use of the supplied CMET A_SupportingClinicalStatement), the Clinical Statement Pattern can be constrained to meet the requirements of many specific communications regarding clinical information. The process of modification will involve either pattern constraint or extension (or sometimes both) in order to achieve the needs of a particular domain. There is one main CMET based on the pattern:   
	<artref ref="COCT_MT530000" alt="COCT_MT530000"></artref> (A_SupportingClinicalStatement universal)</p><p><emph role="strong">Options for pattern constraint include:</emph></p><list role="unordered"><item><p>The generic 'Clinical Statement' class attributes may be constrained to reflect the precise nature of the data to be conveyed. For example:</p><list role="unordered"><item><p>Optional attributes may be removed if not appropriate to the business case</p></item><item><p>Attributes themselves may be constrained:</p><list role="unordered"><item><p>multiplicities may be constrained to narrower number sets, e.g. (0..*) may be constrained to (1..*)</p></item><item><p>attribute value sets may be constrained to smaller attribute value sets, e.g. 'mood code' limited to 'Event'</p></item></list></item><item><p>Datatypes for an attribute may be constrained, e.g. 'ANY to CD'</p></item></list></item><item><p>Associations may be constrained to remove the potential for complexity, e.g. the limitation of an implementation to three levels of nesting</p></item><item><p>Classes may be constrained: </p><list role="unordered"><item><p>Classes may be removed if not required</p></item><item><p>Classes may be constrained to specific subclasses, e.g. 'Observation Class' constrained to 'Battery Class'</p></item><item><p>Classes may be 'cloned' in order to document specific constraints on attributes or associations</p></item><item><p>Classes with specific constraints applied may be 'unrolled' from the Clinical Statement Choice box in order to constrain their use to a specific structure (in that case, the constrained version of the class may no longer be assumed to be present in the generalized Clinical Statement Choice Box)</p></item></list></item></list><p><emph role="strong">Pattern Use</emph></p><p>As stated above in the Scope of Clinical Statement, the purpose of the pattern is to allow consistent design of clinical models. In use, the pattern is similar to a D-MIM. It is never used directly but is a model that other models or parts thereof are derived from.</p><p>The concept of a "pattern" is not properly defined in HL7, but the difference between CSP and other models is mainly one of coverage. A model derived from a D-MIM can only have content that is in that D-MIM. With CSP your model can be fully derived from the pattern, or only that  part of your model considered "clinical".</p><p>The CSP model diagram appears to be "exclusive", because, like all current RIM models, it has no "exit points" pictured. In the case of CSP this is an illusion created by the conventions of the current tools. CSP only applies to parts of models. It applies to groups of classes that are "clinical" (notwithstanding the difficulty of defining "clinical"). Naturally, this definition has gray areas, but models or areas of models that are "not clinical" or are clearly not modelled in CSP are not forbidden in any way by CSP. They are just not mentioned.</p><p>Where CSP does apply (or is applied) the intention is it should apply perfectly. You either conform to the pattern, or declare that the pattern doesn't apply to your model or model fragment. It is not intended that you use the CSP and then vary the class definitions and attributes to suit. The concept of model conformance and derivation is covered in other HL7 references, the Refinement, Constraint and Localization guide, with extra information in the HDF, and Core Principles documents.</p><p>If a model has areas that are similar to Clinical Statement, then the intention is that those be modelled consistently with CSP. This should be a full conformance, with no extra attributes or cardinalities.</p><p>CSP is not meant to replace the RIM. CSP exists to illustrate good practices of modelling. It is not meant to exclude anything from the RIM, but does only include RIM features that have been encountered in the clinical domains brought forward to the CS WG. The RIM has multiple ways of doing the same thing and some concepts and combinations of concepts appear unnecessary for clinical data. CSP evolves however, and additional RIM attributes and classes can be added, at the appropriate points of the model where they are shown to be necessary, via a change control process. No RIM attribute is forbidden in principle, but many are only appropriate in some circumstances. It is allowing these known good combinations and downplaying others that CSP is about</p><p>Unfortunately at this time there is no tool based way in HL7 to check conformance of one model to another. There is nothing unique about CSP in that respect. It is a manual task to ensure that your model is a true derivation, with the difference that CSP may only apply to some parts of the model. (Unofficial tooling does exist however to let you constrain one model down to another, thus giving a true derivation, but this currently is limited in its coverage of the full derivation method.)</p><p>Although the typical way to use CSP is similar to a D-MIM, other methods are possible. In particular CSP can be used as a CMET (several similar CMETs are defined by CS), and plugged into your model directly. These are really CMETs that have been derived from the CSP "D-MIM", but with no changes. They are the CSP instantiated as a usable model rather than a pattern to derive from. The CSP CMETs act exactly like any other CMETs, although large ones. For most uses the CMETs are overkill and a more constrained model appropriate to the specific domain is preferred. In practice people create CMETs that are themselves CSP conformant, and use those for the clinical parts of wider models. It is allowed to create a CMET based on the CSP. Consequently it is therefore not necessary and explicitly not allowed to include a CMET into the primary choice box. If the structure of that CMET is itself valid against CSP then that is enough. For example a Blood Pressure CMET could be easily created that is CSP compatible. There is no need for this CMET to appear in the CSP itself in order for it to be used as a CSP compatible model.</p><p>CSP as whole can be used as the source for an HL7 template, or more likely a CSP-derived model can be used to create a more specialized HL7 template. This is not the place for a full description of HL7 templates (see the HL7 template specification "Specification and Use of Reusable Constraint Templates"), but in basic terms an HL7 template is a RIM-based model that is applied on top of another RIM model. It can be in the form of a series of RIM compatible assertions (commonly seen in CDA templates, e.g. CCD), or it can be a graphical RIM-based model. Any RIM model can be used as a template. All HL7 CMETs for instance are capable of being used as templates, as is the CSP as a whole, or any model derived from it. Templates are more of a method of combining several models than a technique for individual modelling.</p><p>To use an HL7 graphical template on an existing model, the Care Provision model for example, you simply create another RIM based model that is a true constraint of Care Provision (for example, a lab test battery). This new model is your template. Your implementation guide then states that all messages must conform to the existing Care Provision model in the normal way, and additionally, the parts of message instances that deal with lab tests must conform to your new lab test battery template. This does not mean that all parts of a Care Provision must look like lab tests, only the parts of it that you specify.</p><p>A whole series of different CSP derived templates can be used on top of a compatible model (such as CDA) to describe the various clinical data sets that are needed.</p><p>Unfortunately there is no tooling that directly supports checking of the clinical part of the message against the template, although it is possible to create XSD schemas to do this second stage validation in addition to the normal HL7 XSD check.</p><p><emph role="strong">Boundaries of the Pattern</emph></p><p>Some models only wish to conform to CSP in parts of their coverage (the "clinical" parts). A mechanism exists for a model that does not claim overall Clinical Statement conformance to connect to and use parts of the Clinical Statement Pattern. This is accomplished by using ActRelationships and Participations as interfaces between the CSP and parts of the model that are not part of CSP.</p><p>The following diagram illustrates the rules given below:</p><graphic source="CSCR-usagenotesfig1.jpg" alt="CSCR Usage Notes"></graphic><p>These rules define the "interface" between those elements of a model that claim conformance with CSP and those elements of a model that do not claim conformance with CSP:</p><list role="unordered"><item><p>Components of a model claiming Clinical Statement conformance should be contained within the logical focal boundary labelled "Clinical Statement Conformant" above. This boundary does not appear on any real model but is a conceptual limit of where the pattern applies. </p></item><item><p>ActRelationships may cross the boundary under the following circumstances:  </p><list role="unordered"><item><p>ActRelationships associating an Act outside CSP with an Act inside CSP may be traversed in either direction if the Clinical Statement Act is contained in the ActChoice in the Clinical Statement Pattern</p></item><item><p>ActRelationships associating an Act outside CSP with the ActReference in Clinical Statement may be only be traversed from outside Clinical Statement to the ActReference in Clinical Statement</p></item><item><p>All other attributes of ActRelationship are optional and outside the scope of Clinical Statement.</p></item></list></item><item><p>Participations may cross the boundary under the following circumstances:</p><list role="unordered"><item><p>Participations associating a Role outside Clinical Statement with an Act inside Clinical Statement may be traversed in either direction if the clinical statement Act is contained in the ActChoice in the Clinical Statement Pattern</p></item><item><p>Participations associating a Role outside Clinical Statement with the ActReference in Clinical Statement may only be traversed from outside Clinical Statement to the ActReference in Clinical Statement</p></item><item><p>All other attributes of Participation are optional and outside the scope of Clinical Statement.</p></item></list></item></list><p><emph role="strong">Checking a Model Against the Pattern</emph></p><p>The process of checking a model for conformance to CSP can be summarised as follows:</p><list role="unordered"><item><p>Decide which part(s) of your model M need to be conformant with CSP (Other parts of these usage notes show how to identify those areas)</p></item><item><p>For every class in the model, check that it is a valid constraint of the equivalent CSP model class. Follow the rules documented in the HL7 standard "Refinement, Constraint and Localization" guide</p></item><item><p>Every attribute (property) of every class, must be checked against the CSP model attribute, to see that it is the same, or is more strict a condition. Hence an instance confirming to M would also be a valid instance conforming to CSP. Attributes are checked for conformance in regard of cardinality, HL7 conformance (required, optional etc), allowable datatypes and vocabularies or code systems</p></item><item><p>One technique for achieving this task is to make a spreadsheet with two columns. One has all the classes and attributes in M, the other is the equivalent class and attribute from CSP. Misalignments can be documented and considered in this way. (see diagram below for an example)</p></item><item><p>Where a model includes a CMET and that CMET is to be checked, the process is repeated, treating that CMET as a model in its own right. In other words, if a model uses 3 CMETs, check that those CMETs are independently CSP compatible, as well as checking the model that uses them is CSP compatible. Then the complete composite model will be CSP compatible. Another way to consider this issue is that when checking conformance you can treat the CMET as "transparent", and it is as if the CMET contents were cut and paste directly onto the model that uses them. The CMET boundary is not a boundary when checking conformance - checking continues into the body of the CMET. This also implies that a CMET does not need to appear in CSP itself, in order to be used by a CSP conformant model. If the CMET is itself conformant, it is already allowed to be used in a CSP conformant model.</p></item></list><graphic source="Checking model against the pattern.gif" alt="Checking Model Against the Pattern"></graphic></div2></div1><dmimdivn identifier="dmims-COCS_DO000000UV" name="Domain Message Information Models" parent="COCS_DO000000UV-ic" id="dmims-COCS_DO000000UV-ic"><dmim identifier="COCS_DM000000UV" name="Clinical Statement Pattern" familiarName="Clinical Statement Pattern" parent="COCS_DO000000UV-ic" id="COCS_DM000000UV-rmi" sortPrefix="10|99|99|PATTERN" baseClass="ClinicalStatement" lastEdit="2011-07-31T00:50:08"><descriptive identifier="desc-COCS_DM000000UV" name="Description" parent="COCS_DM000000UV-rmi" id="desc-COCS_DM000000UV-rmi" lastEdit="2011-07-31T00:50:08"><p><emph role="strong">1.2.1   Model Overview</emph></p><p>The model can be divided into 4 related parts:</p><list role="unordered"><item>Clinical Statement Act Choice Box</item><item>Relationships between Clinical Statements</item><item>Participations surrounding the Acts</item><item>Acts and relationships outside the Choice Box</item></list><p>Each of these parts is described below in sections 1.2.3 - 1.2.6.</p><p><emph role="strong">1.2.2     Attributes of Clinical Statements</emph></p><p>In general, the use of attributes within classes representing Clinical Statements follows the standard HL7 v3 rules.  </p><p><emph role="strong"><emph>     1.2.2.1     moodCode</emph></emph></p><p>Following the HL7 v3 approach to modeling, most of the classes within the Clinical Statement can be assigned a moodCode that determines whether it is reporting an actual event or expressing a request, proposal, promise, appointment or goal.  The only exception is Organizer.moodCode, which always has a value of 'EVN'. The allowed values for this attribute in most Clinical Statement classes have been specified using an x_domain. Where a Work Group or Realm implementation etc. uses a constrained version of this model, the value set for the constrained model may be restricted to a sub-set of one or more of the values allowed.</p><p>The use of moodCode overlaps with SNOMED CT context attributes and the SNOMED CT concept identifiers and expressions used in the code attribute shall not contradict the moodCode. The Terminfo project provides guidance on the binding between the moodCode and the SNOMED CT context model for the different classes in the Clinical Statement pattern.</p><p>NOTE: [Derived from the draft Vocabulary TC document "Domain and Value Set Definitions and Binding.] The name X-domain is a misnomer. A more accurate name would be "X-Value Sets", since they are really HL7 defined value sets. As time permits, all X-domains will be replaced by Value Sets. When this occurs the current x_domains in the RIM and in the Clinical Statement pattern will be replaced by value sets containing the same values. </p><p><emph role="strong"><emph>     1.2.2.2     id</emph></emph></p><p>Each instance of a Clinical Statement may be identified by means of an id using any of the HL7's II data types which currently includes GUID/UUID, OID, or RUID in the root plus a potential extension. Any of these provides a unique identification, depending on the level of coupling between the communicating systems, which in turn uniquely identifies the specific Clinical Statement. If precisely the same information (statement and context) is required to be referenced either in the same communication instance or in another communication instance, then the same identifier value shall be used in an ActReference to reference the original Clinical Statement.</p><p>Conversely, if all of the attributes and context of a Clinical Statement class are not identical, then it is a different Clinical Statement and a new unique identifier shall be assigned.  This means:</p><list role="unordered"><item><p>a subset of a Clinical Statement is a different Clinical Statement, requiring a different identifier </p></item><item>an Organizer where one of the 'contained' statements is modified is a new statement requiring a new identifier. </item></list><p>The Clinical Statement 'pattern' allows Clinical Statements to have multiple identifiers.  This allows Clinical Statements to be identified by a human readable identifier in addition to the unique identifier and will always be represented by an OID and code value.  The use of these identifiers could include identifiers such as departmental order number, episode number etc. where required by specific communication use cases.</p><p>NOTE: Modeling and Methodology (MnM) are currently undertaking work to allow identifiers to be classified based on their role in the life cycle and the local management practices for Clinical Statements. When this work is complete, it will be reflected in the definitions for this attribute.</p><p><emph role="strong"><emph>     1.2.2.3     code</emph></emph></p><p>The code attribute is used to identify the nature of the information conveyed by an instance of a Clinical Statement Act.  Code may be optional in some specifications. The cardinality and conformance of the code attribute in the Observation is act is 1..1 required. While the attribute must be present in all Observation instances it is permissible to send an exceptional value from the nullFlavor vocabulary domain as a legal value. The HL7 v3 data type of the code attribute is CD (Concept Descriptor).  The CD data type allows the inclusion of:</p><list role="unordered"><item><p>The text assigned to the code by the coding scheme (displayText) and the text on which the encoding was based (originalText)</p></item><item><p>Qualifiers of the type used in SNOMED CT (including context attributes) to refine the meaning of the primary code</p><list role="unordered"><item><p>Each qualifier is a name + value pair with the name expressed as a code and the value expressed as another instance of the CD data type (allowing nested qualifiers where needed).</p></item></list></item><item><p>Translations to allow the representation of the concept in the coding scheme in which it originated as well as translated into other preferred terminologies.</p><list role="unordered"><item><p>Note that the original code is expressed at the outer level with the required code (if different) expressed as a translation within this.  The ability to recognize the original code is important to enable future enhanced translations based on improved mappings.  Thus, if the data was originally encoded in a different coding system the original code should be included with the translation element containing the SNOMED CT representation.</p></item></list></item></list><p>The CD data type supports the use of pre and post-coordination of vocabulary expressions and this model places no restrictions on how these expressions are represented other than the constraints imposed by the respective terminologies.  </p><p><emph role="strong"><emph>     1.2.2.4     value</emph></emph></p><p>Observation.value is information that is assigned or determined by the observation action. </p><p>There is still some debate for many observation events, in determining how to populate Observation.code and Observation.value. While this is typically straight-forward for laboratory observations, it can get blurry for other types of observations, such as findings and disorders, family history observations, etc. The HL7 Terminfo project has defined the principles for different patterns of the use for these two attributes where the clinical terminology used in the code attribute is SNOMED Clinical Terms. </p><p>The data type of the Observation.value attribute varies and where the expression in Observation.code requires a value, the subset of allowed data types is constrained by the code. Where the PQ data type is used then the UCUM codes should be used to represent the units of the measurement.</p><p><emph role="strong"><emph>     1.2.2.5     priorityCode</emph></emph></p><p>The Act.priorityCode is defined by HL7 as: "A code or set of codes (e.g., for routine, emergency,) specifying the urgency under which the Act happened, can happen, is happening, is intended to happen, or is requested/demanded to happen".</p><p>The priorityCode attribute has a potential overlap with some vocabularies.   This potential conflict is resolved as follows:</p><list role="unordered"><item><p>priorityCode should be used to indicate the priority as it relates to workflow management. It is also used to indicate priority assigned by the originator of a request or result or to indicate the priority with which the communication recipient should respond to the information in the Act.  For example, the request for a procedure should be treated as 'urgent'.  </p></item><item><p>Where the vocabulary used in the message has a priority attribute, then this should be used in coded expressions where the priority significantly alters the Act.code, or in the case of an Observation, the Observation.value attribute. For example, the concept 'an Emergency appendectomy' should be expressed totally within vocabulary expression used in Procedure.code.</p></item></list><p><emph role="strong"><emph>1.2.2.6     Act.code dependent attributes in the Clinical Statement model</emph></emph></p><p>Some coded attributes included in the HL7 v3 RIM are deliberately made optional in Act classes in this model because they represent qualifications that might be more appropriately handled within the terminology model (e.g.  using SNOMED CT qualifiers within the code attribute where necessary).  These include: </p><list role="unordered"><item>actionNegationInd</item><item>uncertaintyCode</item><item>priorityCode</item><item>statusCode</item><item>Observation.methodCode</item><item>Observation.valueNegationInd</item><item>Observation.targetSiteCode</item><item>Procedure.methodCode</item><item>Procedure.targetSiteCode</item><item>Procedure.approachSiteCode</item></list><p>The rationale for considering these attributes optional is that flexibility is required by realms in order to be able to implement the vocabularies of choice without ambiguities related to whether a particular concept is included in an Act.code expression or included in another Act Class attribute value. The Terminfo project provides guidance on how these attributes should be used in models and message instances where the code system used is SNOMED CT. </p><p><emph role="strong">1.2.3     Clinical Statement Act Choice Box</emph></p><p>This part of the model is used to convey the detailed clinical information that is being sent in support of the specific business need.  As well as providing a mechanism for conveying the components of this information, it supports grouping of these components and provides mechanisms to explicitly link statements where there is a specific relationship. </p><p>Where a Clinical Statement has previously been conveyed in a communication and is consequently known within an information system, the Clinical Statement may be included either by reference or by repeating the full statement.  Where the full statement is repeated, all attributes and context (whether explicit or inherited) shall be identical. </p><p>Clinical Statement has the choice box structure to allow any clinically relevant selection, duplication, constraining and ordering of Acts to be included in the communication. </p><p>All items in the clinical data will be able to be coded via either an HL7 code, an external registered coding system, or a locally derived / developed coding system. Through use of the OID structure, the appropriate coding system will be identified. </p><p><emph role="strong"><emph>     1.2.3.1     Observation</emph></emph></p><p>The Observation (OBS) choice, a derivative of the RIM Observation class used for representing coded and other observations, includes information about an observation including the nature and, where appropriate, the result or finding from that observation. This includes requesting, recommending, promising, refusing or setting a goal to be attained or risk to be avoided, as well as a specific instance of an observation with its result. It also includes any kind of Observation subclass.</p><p>The value sets for Observation.moodCode (CNE) may be taken from the x_ClinicalStatementObservationMood. See the detailed description of moodCode above in section 1.2.2.1 for more details on the use of x_domains in this model. </p><p>An Observation.interruptableInd was added in February 2009 to align the Clinical Statement observation to source models. The interruptableInd is used to indicate, on a request, that a particular action cannot be stopped during that action (e.g. 24 hour specimen collection procedure cannot be stopped in the middle). </p><p>As with Act Class described below in  section 1.2.3.7, use may be made of the Observation.actNegationInd. When set to "true", this is a positive assertion that the descriptive attributes of the Observation as a whole are negated. Similarly, the inert properties such as Observation.id, Observation.moodCode, and the participations are not negated. </p><p>An Observation can have zero to many referenceRange relationships, which relate an Observation to the ObservationRange class, where the expected range of values for a particular observation can be specified. </p><p><emph role="strong"><emph>     1.2.3.2     SubstanceAdministration</emph></emph></p><p>The Substance Administration (SBADM) choice is a derivative of the RIM SubstanceAdministration class used for representing medication-related events such as medication history or planned medication administration orders or ongoing medication administration. This includes the act of introducing or otherwise applying a substance (pharmacy, diet or provision of nutritional supplement) to the subject. It also includes requesting, instructing the patient, recommending, promising, prohibiting or refusing to administer a substance, as well as the actual act of personally administering the drug.</p><p>This part of the pattern will be further harmonized with Pharmacy. </p><p>The value set for SubstanceAdministration.moodCode (CNE) may be taken from the x_ClinicalStatementSubstanceMood vocabulary x_domain which now includes the value Definition (DEF). See the detailed description of moodCode above in section 1.2.2.1 for more details on the use of x_domains in this model.
</p><table border="1" width="100%"><tbody><tr><td><p>SubstanceAdministration.priorityCode</p></td><td><p>Categorizes the priority of a substance administration</p></td></tr><tr><td><p>SubstanceAdministration.doseQuantity</p></td><td><p> Indicates how much medication is given per dose</p></td></tr><tr><td><p>SubstanceAdministration.rateQuantity</p></td><td><p>Can be used to indicate the rate at which the dose is to be administered (e.g. the flow rate for intravenous infusions)</p></td></tr><tr><td><p> SubstanceAdministration.maxDoseQuantity</p></td><td><p>Is used to capture the maximum dose of the medication that can be given over a stated time interval (e.g. maximum daily dose of morphine, maximum lifetime dose of doxorubicin)</p></td></tr><tr><td><p> SubstanceAdministration.effectiveTime</p></td><td><p>Is used to describe the timing of administration. It is modeled using the GTS data type to accommodate various dosing scenarios. </p></td></tr></tbody></table><p>SubstanceAdministration.actNegationInd, when set to "true", is a positive assertion that the descriptive attributes of the SubstanceAdministration as a whole are negated. As discussed above, the inert properties of the Act Class such as SubstanceAdministration.id, SubstanceAdministration.moodCode, and the participations are not negated. These inert properties always have the same meaning: i.e. the author remains the author of the negative SubstanceAdministration. A substance administration statement with actNegationInd is still a statement about the specific fact described by the SubstanceAdministration. For instance, a negated "aspirin administration" means that the author positively denies that aspirin is being administered, and that he takes the same responsibility for such statement and the same requirement to have evidence for such statement than if he had not used negation.</p><p>The capture of medication-related information also involves the interrelationship of SubstanceAdministration with several other classes. </p><p><emph role="strong"><emph>     1.2.3.3     Supply</emph></emph></p><p>The Supply (SPLY) choice is a derivative of the RIM Supply class, used for representing the provision of a material (pharmacy, diet or nutritional supplement) by one entity to another. It includes requesting, recommending, promising, prohibiting or refusing such a supply, as well as the actual supply event.</p><p>Note that an outpatient prescription typically includes both a recommendation for SubstanceAdministration and a request to Supply.</p><p>This part of the pattern will further be harmonized with Pharmacy.</p><p>The value set for Supply.moodCode (CNE) may be taken from the x_ClinicalStatementSupplyMood. See the detailed description of moodCode above in section 1.2.2.1 for more details on the use of x_domains in this model, which now includes the value Definition (DEF).</p><p>The Supply class represents dispensing, whereas the SubstanceAdministration class represents administration. Prescriptions are complex activities that involve both an administration request to the patient (e.g. take Digoxin 0.125mg by mouth once per day) and a supply request to the pharmacy (e.g. dispense 30 tablets, with 5 refills). This should be represented by a SubstanceAdministration statement that has a component Supply statement. The nested Supply statement can have Supply.independentInd set to "false" to signal that the Supply cannot stand alone, without it's containing SubstanceAdministration. </p><p><emph role="strong"><emph>     1.2.3.4     Procedure</emph></emph></p><p>The Procedure (PROC) choice is a derivative of the RIM Procedure class, used for representing procedures. It is an act whose immediate and primary outcome (post-condition) is the alteration of the physical condition of the subject. This includes requesting, recommending, promising, prohibiting or refusing to carry out a procedure as well as the actual act of undertaking the procedure.</p><p>The value sets for Procedure.moodCode (CNE) may be taken from the x_ClinicalStatementProcedureMood. See the detailed description of moodCode above in section 1.2.2.1 for more details on the use of x_domains in this model. </p><p>Procedure.actNegationInd, when set to "true", is a positive assertion that the descriptive attributes of the Procedure as a whole are negated. The inert properties such as Procedure.id, Procedure.moodCode and the participations are not negated. These inert properties always have the same meaning: i.e. the author remains the author of the negative Procedure. A procedure statement with actNegationInd is still a statement about the specific fact described by the Procedure. For instance, a negated "appendectomy performed" means that the author positively denies that there was ever an appendectomy performed, and that he takes the same responsibility for such statement and the same requirement to have evidence for such statement than if he had not used negation.</p><p><emph role="strong"><emph>     1.2.3.5     Encounter</emph></emph></p><p>An Encounter (ENC) choice is an interaction between a patient and care provider(s) for the purpose of providing healthcare-related service(s). Healthcare-related services include health assessment. </p><p>Note this type of statement covers admissions, discharges and transfers of care, as well as the more usual understanding of a single discrete office visit.</p><p>It further deals with a plan for regular visits, such as preventive care during pregnancy, or monitoring of chronic ill patients. </p><p>Includes requesting, proposing, promising, prohibiting or refusing an encounter as well as an actual encounter event.</p><p>The encounter is a derivative of the RIM PatientEncounter class, used to represent related encounters, such as follow-up visits or referenced past encounters.  </p><p>The value sets for Encounter.moodCode (CNE), which now includes the value Definition (DEF), may be taken from the x_ClinicalStatementEncounterMood. See the detailed description of moodCode above in section 1.2.2.1 for more details on the use of x_domains in this model. </p><p><emph role="strong"><emph>     1.2.3.6     Organizer</emph></emph></p><p>An Organizer (ORGANIZER) choice is a derivative of the RIM Act class, which can be used to create groupings of other Clinical Statements that share a common context for navigational purposes. An Organizer can contain other Organizers and/or other Clinical Statement, by traversing the component relationship. An Organizer can refer to acts by reference or by value via the component relationship. An Organizer cannot be the source of the sourceOf1, sourceOf2, definition or conditions relationships. </p><p>The record entries relating to a single clinical session are usually grouped under headings that represent phases of the encounter, or assist with layout and navigation. The organizer represents a heading in a heading structure, or "organizer tree" and does not itself have any semantic content. Clinical headings usually reflect the clinical workflow during a care session, and might also reflect the main author's reasoning processes. Knowledge of the heading is not required to interpret contained Clinical Statements. Much research has demonstrated that headings are used differently by different professional groups and specialties, and that headings are not used consistently enough to support safe automatic processing of the EHR. </p><p>The value for Act.ClassCode has been changed to ActClassRecordOrganizer.</p><p>An Organizer typically can be assigned a SNOMED CT concept identifier appropriate to its type (for example a category might be identified as 'investigations' and a battery might be identified as 'Full blood count'). However, any kind of concept identifier can be used, such as in the case of the HL7 CDA R2 Implementation Guides where LOINC is frequently employed. </p><p>The Organizer may be used to harmonize hierarchical RECORD_COMPONENTs within and ENTRY object under either the CEN/ISO 13606 or openEHR standard with a Clinical Statement. </p><p>NOTE: Clinical Statement ActChoice Acts such as Observation can also contain other ActChoice Acts by traversing the sourceOf2 class. There is no requirement that the Organizer statement be used in order to group Clinical Statements. </p><p>The value sets for Organizer.moodCode (CNE) is fixed to EVN (Event). </p><p><emph role="strong"><emph>     1.2.3.7     Act Class</emph></emph></p><p>The Act (ACT) choice is a derivative of the RIM Act class, to be used when the other more specific classes are not appropriate.</p><p>Attributes of the Act Class include:</p><p>Act.actNegationInd: when set to "true", is a positive assertion that the descriptive attributes of the Act as a whole are negated. The inert properties such as Act.id, Act.moodCode, and the participations are not negated. These inert properties always have the same meaning: i.e., the author remains the author of the negative Act. An act statement with actNegationInd is still a statement about the specific fact described by the Act. For instance, a negated "finding of wheezing on July 1" means that the author positively denies that there was wheezing on July 1, and that he takes the same responsibility for such statement and the same requirement to have evidence for such statement than if he had not used negation. </p><p>The value for Act.moodCode (CNE) may be taken from the x_ClinicalStatementActMood, which now includes the value Risk (RSK). See the detailed description of moodCode below for more details on the use of x_domains in this model.</p><p><emph role="strong">1.2.4     Relationships between Clinical Statements</emph></p><p>The model provides three mechanisms that allow Clinical Statements to be linked by the Act Relationship Class:</p><list role="unordered"><item>Containment</item><item>Direct relationship</item><item>Reference</item></list><p>These links may be achieved by one of three act relationships in the pattern described below:</p><list role="unordered"><item>component</item><item>sourceOf2/targetOf</item><item>sourceOf1</item></list><p>These are all refinements of the same general structure and share the following facilities:</p><list role="unordered"><item>inversionInd; when 'true' reverses the direction of the relationship e.g. 'Cause of' becomes 'Caused by' (see Context and Inheritance below for how this works with Context Inheritance)</item><item>negationInd; when 'true' allows the sender to specifically state that the relationship does not apply e.g. An observation was not caused by a medication</item></list><p>There is some overlap in the potential use of these three relationship mechanisms that shall be resolved as follows:</p><p><emph role="strong"><emph>     1.2.4.1     Containment</emph></emph></p><p>Grouping of classes of clinical data is achieved using collector classes such as Organizer and Battery (a specialization of the Observation class code) associated with a 'Component' Act Relationship that supports recursion of the Clinical Statement structure.  </p><p>Grouping can be used for many purposes, including:</p><list role="unordered"><item>Relating statements.  For example, an Antenatal exam may comprise individual observations of maternal weight, maternal BP, fetal size, fetal heart rate etc.</item><item>Linking statements relating to a specific 'Problem' in the case of Condition Node</item></list><p>Organizer: The type of grouping permitted is restricted by the vocabulary used in the Organizer.code attribute. Specific vocabulary constraints will be applied in individual communication designs based on the communication requirement that is being addressed.</p><p><emph role="strong"><emph>     1.2.4.2     Direct relationship</emph></emph></p><p>This linkage type is supported by the recursion on the Clinical Statement, with ActRelationship.typeCode specifying the nature of the link between the statements.  It is used to include a Clinical Statement in a communication that relates to another included Clinical Statement but is not directly pertinent to the Focal Act, source Act or purpose of the communication.</p><p>An example would be if a previous condition explains an observation made during an encounter.  In this case the previous condition is only being included in the communication to explain the observation and not because it was identified during the encounter.</p><p>Where the supporting Clinical Statement is already available from a previous communication, the link by reference approach may be used to convey this type of linkage. </p><p><emph role="strong"><emph>     1.2.4.3     Reference</emph></emph></p><p>Linking Clinical Statements by reference is supported by the sourceOf1 Act Relationship between the Clinical Statement and 	ActReference, again with typeCode specifying the nature of the link.  There are three cases for its use:</p><list role="unordered"><item><p>To assert a link to a Clinical Statement that is already in the communication instance for another purpose, thus 	avoiding unnecessary duplication</p></item><item><p>To assert a link to a Clinical Statement that is directly related to the purpose of the communication but has been sent as part of a prior notification</p></item><item><p>To link to a Clinical Statement that is already available as a result of an unrelated communication.</p></item></list><p>The ActReference.classCode and ActReference.moodCode shall take the values of the target Act and ActReference.id is the unique identifier of the target Clinical Statement. </p><p>NOTE: The current methodology for ActReference is not ideal, since only the class name itself helps to know that this construct actually is an act reference and not just an act. RIM class names are not intended to be semantic markers. MnM are working to resolve this and are defining a way of unambiguously knowing that this is a reference. It is suggested that implementers refer to current MnM guidance, pre-adopting if necessary.</p><p>Alternatively, in many contexts, given the small nature of the ActReference, just ClassCode and MoodCode and Id, will serve to identify it - though this is a workaround at best.</p><p><emph role="strong"><emph>     1.2.4.4     Component</emph></emph></p><p>The component relationship is used to link the organizer class to one or more ActChoice Acts. The component.typeCode value is fixed to COMP (is component of) and is used to show that the target is a component of the source Organizer act (for instance "hemoglobin measurement" is a component of a "complete blood count"). The source Organizer can contain other Organizers and/or other Clinical Statements, by traversing the component relationship.</p><emph role="strong"><emph>     1.2.4.5     sourceOf2/targetOf</emph></emph><p>Clinical Statement has identified and modelled various link scenarios. These scenarios enable ActChoice Acts to be semantically linked to Acts that exist within the same document or message</p><p>NOTE: The Clinical Statement model permits any ActChoice Act to relate to any ActChoice Act using any of the following relationship types. In many cases, this would result in nonsensical relationships. The following table is a guideline for reasonable relationships between Clinical Statement Acts and is not a conformance constraint.</p><table border="1" width="100%"><tbody><tr><td><p>ActRelationship Type</p></td><td><p>Reasonable Source and Target classes</p></td><td><p>Comments</p></td></tr><tr><td><p>CAUS (is etiology for)</p></td><td><p>[Act | Observation | Procedure | SubstanceAdministration] CAUS [Observation]</p></td><td><p>Used to show that the source caused the target observation (for instance, source "diabetes mellitus" is the cause of target "kidney disease").</p></td></tr><tr><td><p>COMP (has component)</p></td><td><p>[Act | Observation | Procedure | SubstanceAdministration | Supply] COMP [Act | Observation | Procedure | SubstanceAdministration | Supply]</p></td><td><p>Used to show that the target is a component of the source (for instance "hemoglobin measurement" is a component of a "complete blood count").</p></td></tr><tr><td><p>GEVL (evaluates (goal))</p></td><td><p>[Observation] GEVL [Observation]</p></td><td><p>Used to link an observation (intent or actual) to a goal to indicate that the observation evaluates the goal (for instance, a source observation of "walking distance" evaluates a target goal of "adequate walking distance").</p></td></tr><tr><td><p>MFST (is manifestation of)</p></td><td><p>[Observation] MFST [Observation]</p></td><td><p>Used to say that the source is a manifestation of the target (for instance, source "hives" is a manifestation of target "penicillin allergy").</p></td></tr><tr><td><p>REFR (refers to)</p></td><td><p>[Act | Observation | Procedure | SubstanceAdministration | Supply] REFR [Act | Observation | ObservationMedia | Procedure | RegionOfInterest | SubstanceAdministration | Supply]</p></td><td><p>Used to show a general relationship between the source and the target, when the more specific semantics of the relationship isn't known.</p></td></tr><tr><td><p>RSON (has reason)</p></td><td><p>[Act | Encounter | Observation | Procedure | SubstanceAdministration | Supply] RSON [Act | Encounter | Observation | Procedure | SubstanceAdministration | Supply]</p></td><td><p>Used to show the reason or rational for a service (for instance source "treadmill test" has reason "chest pain").</p></td></tr><tr><td><p>SAS (starts after start)</p></td><td><p>[Act | Encounter | Observation | Procedure | SubstanceAdministration | Supply] SAS [Act | Encounter | Observation | Procedure | SubstanceAdministration | Supply]</p></td><td><p>The source Act starts after the start of the target Act (for instance source "diaphoresis" starts after the start of target "chest pain").</p></td></tr><tr><td><p>SPRT (has support)</p></td><td><p>[Observation] SPRT [Observation | ObservationMedia | RegionOfInterest]</p></td><td><p>Used to show that the target provides supporting evidence for the source (for instance source "possible lung tumor" has support target "mass seen on chest-x-ray").</p></td></tr><tr><td><p>SUBJ (has subject)</p></td><td><p>[Observation | RegionOfInterest] SUBJ [Observation | ObservationMedia]</p></td><td><p>Used to relate a source region of interest to a target image, or to relate an observation to its subject observation (for instance, source "moderate severity" has subject target "chest pain").</p><p>The ActRelationshipType "has subject" is similar to the ParticipationType "subject". Entries that primarily operate on physical subjects use the Participation, whereas entries that primarily operate on other entries use the ActRelationship.</p></td></tr><tr><td><p>XCRPT (is excerpt of)</p></td><td><p>[Act | Observation] XCRPT [Act | Observation | Procedure | SubstanceAdministration | Supply]</p></td><td><p>Used to show that the source is excerpted from the target (for instance source "hemoglobin value of 12" is an excerpt of target "complete blood count").</p><p>The distinction between an excerpt and an informant participant can be blurry ? such as in the case of recording a patient's medication history where the clinician may obtain the information from an informant or may excerpt the information from another computer system. An informant (or source of information) is a person who provides relevant information. An informant class is in the header, and can be overridden in the body. An excerpt is a sub portion of some other act.</p></td></tr></tbody></table><p>The sourceOf2.inversionInd can be set to "true" to indicate that the relationship should be interpreted as if the roles of the source and target entries were reversed. In the example in the table above, "treadmill test" RSON (has reason) "chest pain". Inverted, this would have "chest pain" as the source and "treadmill test" as the target: "chest pain" RSON (inverted) "treadmill test". Inversion can be useful when the current context is describing the target of an act relationship that needs to be related back to the source.</p><p><emph role="strong"><emph>     1.2.4.6     sourceOf1</emph></emph></p><p>Clinical Statement has identified and modeled various reference scenarios. These scenarios enable ActChoice Acts to be semantically linked to Acts by reference that exist within the same document/message or to Acts external to it. Each object allows for an identifier. 	</p><p>A description of allowable, reference typeCode values are shown in the following table. As in the table above (sourceOf2/targetOf1 Types) this table is a guideline for reasonable relationships ActChoice acts and ActReference objects, and is not a conformance constraint.</p><table border="1" width="100%"><tbody><tr><td><p>ActRelationship Type</p></td><td><p>Reasonable Source and Target classes</p></td><td><p>Comments</p></td></tr><tr><td><p>ELNK (episode link)</p></td><td><p>[Observation] ELNK [ExternalObservation]</p></td><td><p>Used to show that the source and the target are part of the same episode (for instance, a diagnosis of "pneumonia" can be linked to an external problem list entry of "pneumonia" to show that the current diagnosis is part of the ongoing episode of pneumonia).</p></td></tr><tr><td><p>REFR (refers to)</p></td><td><p>[Act | Observation | Procedure | SubstanceAdministration | Supply] REFR [ExternalAct | ExternalDocument | ExternalObservation | ExternalProcedure]</p></td><td><p>Used to show a general relationship between the source and the target, when the more specific semantics of the relationship isn't known.</p></td></tr><tr><td><p>RPLC (replace)</p></td><td><p>[Act | Encounter | Observation | ObservationMedia | Organizer | Procedure | SubstanceAdministration | Supply] RPLC [ExternalAct | ExternalDocument | ExternalObservation | ExternalProcedure]</p></td><td><p>Used to indicate that the source statement is a replacement for the target external act.</p></td></tr><tr><td><p>SPRT (has support)</p></td><td><p>[Observation] SPRT [ExternalDocument | ExternalObservation]</p></td><td><p>Used to show that the target provides supporting evidence for the source.</p></td></tr><tr><td><p>SUBJ (has subject)</p></td><td><p>[Observation | RegionOfInterest] SUBJ [ExternalObservation]</p></td><td><p>Used to relate a source region of interest to a target image, or to relate an observation to its subject observation.</p></td></tr><tr><td><p>XCRPT (is excerpt of)</p></td><td><p>[Act | Observation] XCRPT [ExternalAct | ExternalDocument | ExternalObservation | ExternalProcedure]</p></td><td><p>Used to show that the source is excerpted from the target (for instance "the hemoglobin is 10.7" is an excerpt of an externally referenced "complete blood count").</p></td></tr></tbody></table><p><emph role="strong"><emph>     1.2.4.7     Context and Inheritance</emph></emph></p><p>Although potentially complex, context inheritance provides an essential facility that:</p><list role="unordered"><item><p>removes the need to explicitly state the full context of every Clinical Statement as in the general case this can be inherited from the source statement; and</p></item><item><p>provides a mechanism that allows specific items of context to be overridden when appropriate.  For instance the 'author' of a result for a battery is assumed to be the author for all the components but each test within the battery could be performed by a different person or device.</p></item></list><p>Following the HL7 v3 conventions the source class (the class at the 'blunt' end of the SourceOf arrow) always specifies the context in which the SourceOf was asserted.  Thus this source class indicates the attribution (time, author, etc.) of the linkage. The semantic direction of the relationship type (as expressed by SourceOf.typeCode) can be reversed using the inversionInd.  As this does not reverse the owning context it allows the full range of directional relationships to be expressed from the context of either of the related classes.</p><p>The seperatableInd in an Act Relationship indicates whether the author is willing to attest to the content of the source Act if it is separated from the target Act.  A value of 'false' indicates that they intend that the two acts are not separated for interpretation. This clearly cannot be enforced, but is intended as a warning to the recipient of the author's intent.  The value of the seperatableInd is not propagated beyond the target Act, regardless of other context inheritance.</p><p>For a full discussion of propagation and its representation, refer to the RIM section of the HL7 Version 3 Standard.</p>







Act Relationships that have an ActReference as their target should never conduct context, as the context of the referenced Clinical Statement is defined from its original setting. See sourceOf1.blockedContextActRelationshipType and blockedContextParticipationType, and notes attached to that relationship.<p><emph role="strong">1.2.5     Participations surrounding the Acts</emph><sup></sup></p><p>Clinical statements can have various participations. Participations propagated from the focal or source Act can be overridden within the Clinical Statement. These participations include:</p><list role="unordered"><item>recordTarget</item><item>subject</item><item>author</item><item>consumable</item><item>informant</item><item>performer</item><item>product</item><item>location</item><item>dataEnterer</item><item>verifier</item><item>responsibleParty</item></list><p>As well as applying to a patient, a Clinical Statement can also apply to a variety of other types of entity (e.g. equipment or population). To support this, the target of the "recordTarget" participation is an R_Subject, which contains options R_Patient and R_InvestigativeSubject. Similarly, the "subject" participation of a Clinical Statement can (via the R_SubjectOrRelatedEntityOrSpecimen CMET) be any one of several types of entity including:</p><list role="unordered"><item>the patient</item><item>another person (e.g. mother)</item><item>an animal</item><item>a specimen</item><item>a facility</item><item>an environmental site</item></list><p>In general, the RecordTarget is the main Entity for which an Act, for example a Care Provision, is carried out, whereas the Subject is only involved in this Act via an associated Act. It helps to distinguish a patient for whom a record is kept (record target), from a subject in a family history, such as details of the mother of the record target. Equipment, as devices, is supported by DEV participations from Procedure and Observation acts.</p><p>The value sets for typeCode (CNE) for all participants are defined in the RIM. Selected participations are detailed below.</p><p><emph role="strong"><emph>     1.2.5.1     recordTarget</emph></emph></p><p>The record target is the entity for which the Act is being recorded. There is normally only one record target for a Clinical Statement. In the case where multiple entities are involved, the record target is the main entity, and the subject can be an entity for which (whom) some underlying clinical statements are documented. For instance, if a pregnant woman is the entity for whom the Act is recorded, she is the recordTarget. If the fetal heart rate is recorded in a Clinical Statement, the fetus is the subject of this observation. </p><p><emph role="strong"><emph>     1.2.5.2     subject</emph></emph></p><p>The patient, via the recordTarget participation, is considered to be the subject of each Clinical Statement in the communication unless it is explicitly indicated that this is not the case for the specified statement(s). This can be indicated in one of the following ways:</p><list role="unordered"><item>The Clinical Statement has a subject participation that provides details of the person or entity to whom the statement relates </item><item>Optionally, in some realms, the SNOMED CT concept in the code attribute has a context that refers to someone other than the patient e.g. Father has history of Diabetes, or Fetus has a heart rate of 148.</item></list><p><emph role="strong"><emph>     1.2.5.3     author</emph></emph></p><p>Represents the humans and/or machines that authored the statements. This may be an assigned person or organization (R_AssignedEntity) such as a healthcare provider, a related party such as a family member or court, or the patient (R_Patient) themselves. The author participant can be ascribed to a Clinical Statement where it overrides the value(s) propagated from the focal or source act and propagates to nested Acts.  </p><p><emph role="strong"><emph>     1.2.5.4     consumable</emph></emph></p><p>The consumable participation, linked to the SubstanceAdministration Act, is used to describe any orderable and administrable materials. Accordingly, the previous AgentChoice choice box has been replaced with a new all encompassing R_ClinicalStatementComsumableMaterial [universal] CMET, which consists of a choice of CommonProductModel (CPM) CMET and the current AdministrableMaterial construct.</p><p>The Material entity is used to identify non-drug administered substances such as vaccines and blood products, diets and nutritional supplements.</p><p>The value sets for R_ProductListed.classCode (CNE), R_ProductReportable.classCode (CNE), Material.classCode (CNE), and Material.determinerCode (CNE) are defined in the RIM.</p><p><emph role="strong"><emph>     1.2.5.5     informant</emph></emph></p><p>An informant (or source of information) is a person that provides relevant information, such as the parent of a comatose patient who describes the patient's behavior prior to the onset of coma. This may be an assigned person or organization (R_AssignedEntity) such as a healthcare provider, a related party such as a family member or court, or the patient (R_Patient) themselves. The R_RelatedEntity [universal] role is used to represent an informant without a role.id (e.g. a parent or individual on the street). The informant in this case bears some formal or personal relationship to the patient. RelatedEntity.code can be used to specify the nature of the relationship. The R_AssignedEntity role is used for an identified informant, and is scoped by an Organization. The informant participant, can be ascribed to a Clinical Statement where it overrides the value(s) propagated from the focal or source Act and propagates to nested Acts.</p><p>The value sets for the RelatedEntity.classCode (CNE) is defined in the RIM.</p><p><emph role="strong"><emph>     1.2.5.6     performer</emph></emph></p><p>The performer is a person who carries out or will carry out a particular act. The performer need not be the principal responsible participant, e.g. a surgery resident operating under supervision of attending surgeon is a performer. </p><p><emph role="strong"><emph>     1.2.5.7     product</emph></emph></p><p>The dispensed product associates the Supply act to the new R_ClinicalStatementProductModel [universal] comprising R_ProductListed, R_ProductReportable CMETS.</p><p>NOTE: In collapsing all the possible participations with the CPM into a single CMET, the CS Working Group acknowledges separate discussions may be required on how to address implants.</p><p><emph><emph role="strong">1.2.5.8     location</emph></emph></p><p>Describes the location that the Clinical Statement took place or is intended to take place. It uses a new R_ClinicalStatementLocation CMET which combines the  A_SpatialCoordinates CMET with the LocationChoice roles that may optionally use the OrganizationChoice or PlaceChoice entities to describe the particular location of the Clinical Statement.</p><emph role="strong">1.2.6     Acts and relationships outside the Choice Box</emph><p><emph role="strong"><emph>     1.2.6.1     ControlActEvent</emph></emph></p><p>A Clinical Statement can be associated with the Control Act in the Clinical Statement pattern. Each message has a Control Act wrapper to represent the trigger event to which this message relates. The contents, participations and semantics of the Trigger Event Control act are conducted to each class in the message including each Clinical Statement. In some circumstances, mostly for messaging in transactional domains such as Laboratory and Pharmacy, it may be necessary to associate one or more Clinical Statements to an additional control act. The ControlActEvent has been placed in the Clinical Statement pattern so that those transactional domains that would like to be compliant with the Clinical Statement may use it in their models and remain Clinical Statement compliant.</p><p>In non-transactional messages it would be conceivable to use the control act to represent version history and to indicate that the Clinical Statements were subject to trigger events that differ from that in the Control Act wrapper. At present there are a number of areas where the V3 methodology does not support the use of control acts in non-transactional domains. It is advised that the control act is not included in messages derived from the Clinical Statement pattern in non-transactional domains.</p><emph><emph role="strong">     1.2.6.2     referenceRange</emph></emph><p>The referenceRange relationship (described above, see Observation), has a source of Observation, and a target that is another Clinical Statement. </p><p><emph><emph role="strong">     1.2.6.3     conditions</emph></emph></p><p>The precondition class, derived from the ActRelationship class, is used along with the Criterion class to express a condition that must hold true before some other activity occurs.</p></descriptive><diagref ref="COCS_DM000000UV.gif"/></dmim></dmimdivn><subdivn identifier="COCS_DO000000UV-ClinicalStatement" name="Clinical Statement Topic" familiarName="Clinical Statement" parent="COCS_DO000000UV-ic" id="COCS_DO000000UV-ClinicalStatement-ic" role="BC" sortPrefix="10" baseClass="Clinical Statement" ballotStatus="DSTUBallot" ballotNumber="1"><descriptive identifier="intro-COCS_DO000000UV-ClinicalStatement" name="Introduction" parent="COCS_DO000000UV-ClinicalStatement-ic" id="intro-COCS_DO000000UV-ClinicalStatement-ic" lastEdit="2012-08-13T15:37:56"><p><emph role="strong">2.1 Scope of Clinical Statement Topics</emph></p><p>The Clinical Statement model is deliberately broad and encompassing. As a result, it can be possible to represent a particular statement in more than one way. The primary objective of the Clinical Statement topics that follow are to constrain the Clinical Statement model when used to communicate certain types of information in an effort to enhance interoperability and shareable semantics.</p><p>See section 2.4 below for notes on the process for developing Clinical Statement topics.</p><p><emph role="strong">2.2 Medication Events Topic</emph></p><p><emph role="strong">2.2.1 Introduction</emph></p><p>This topic constrains the Clinical Statement model for communicating medication-related events such as substance administrations and filling prescriptions. Medication events can be used to define a patient's (person or animal) current medications and pertinent medication history. Coupled with supply acts, medication events can convey a patient's prescription history, and can enable the determination of the source of a medication list (e.g. from a pharmacy system vs. from the patient).</p><p>The template identifier for this pattern: root ="2.16.840.1.113883.10", extension="medication events". </p><p>The overseeing HL7 Committee for this topic: Pharmacy.</p><p>The following figure shows a subset of the Clinical Statement model containing those classes being constrained or referred to in the conformance statements that follow. It should be noted that the entire Clinical Statement model is available for use, and that the model components not shown can be used without any additional constraints.</p><p><emph role="strong">2.2.2 </emph><graphic source="T-COCS_NA001100.gif" alt="Figure: Clinical Statement Pattern for Medication Events"></graphic><!--<diagref ref="T-COCS_NA001100.gif">Figure: Clinical Statement Pattern for Medication Events </diagref>--></p><p><emph role="strong">2.2.3 Conformance Statements for Medication Events Pattern</emph></p><table border="1" width="100%"><tbody><tr><td width="79"><emph role="strong">MED - 1</emph></td><td>Medication administration events shall be represented using the SubstanceAdministration class, which shall have a SubstanceAdministration.classCode of "SBADM", and shall have a SubstanceAdministration.moodCode of "EVN".</td></tr><tr><td width="79"><emph role="strong">MED - 2</emph></td><td>Medication administration events may include SubstanceAdministration.code. If present, it shall be valued with a SNOMED CT concept, per the guidelines in the "Using SNOMED CT in HL7 Version 3" specification.</td></tr><tr><td width="79"><emph role="strong">MED - 3</emph></td><td>Medication administration events shall include SubstanceAdministration.statusCode. </td></tr><tr><td width="79"><emph role="strong">MED - 4</emph></td><td>Medication administration events shall include SubstanceAdministration.effectiveTime which is used to indicate the start and stop date of a medication, and the frequency of administration. </td></tr><tr><td width="79"><emph role="strong">MED- 5</emph></td><td>Medication administration events should include SubstanceAdministration.routeCode, populated with a code drawn from the HL7 RouteOfAdministration (codeSystem 2.16.840.1.113883.5.112) domain.</td></tr><tr><td width="79"><emph role="strong">MED- 6</emph></td><td>Medication administration events should include SubstanceAdministration.doseQuantity or SubstanceAdministration.rateQuantity. </td></tr><tr><td width="79"><emph role="strong">MED - 7</emph></td><td>PRN medications shall represent the criteria for administration using the Criterion class, with Criterion.classCode set to "OBS", and Criterion.moodCode set to "EVN.CRT". Criterion.code shall be present, and represents the criteria for administration. </td></tr><tr><td width="79"><emph role="strong">MED - 8</emph></td><td>Medication indications shall be represented using an entryRelationship, with a sourceOf.typeCode of "RSON" (has reason). The target of the sourceOf relationship shall be an Observation, with Observation.classCode set to "OBS", and Observation.moodCode set to "EVN". Observation.id and/or Observation.code shall be present, and represents the indication for the medication administration.</td></tr><tr><td width="79"><emph role="strong">MED - 9</emph></td><td>Prescriptions and dispensing information shall be represented with the Supply class, which shall be nested under the SubstanceAdministration class, linked by a sourceOf relationship with sourceOf.typeCode of "COMP"; and which shall have a Supply.classCode of "SPLY", and a Supply.moodCode of "EVN". </td></tr><tr><td width="79"><emph role="strong">MED- 10</emph></td><td>The medication administered shall be represented as a consumable participant of the SubstanceAdministration class.</td></tr><tr><td width="79"><emph role="strong">MED - 11</emph></td><td>Where the person administering a substance is to be included, they shall be represented as a performer participant of the SubstanceAdministration class.</td></tr><tr><td width="79"><emph role="strong">MED - 12</emph></td><td>The product dispensed shall be represented as a product participant of the Supply class. The target of the product shall be a LabeledDrug, in which case LabeledDrug.code shall be present; or Material, in which case Material.code shall be present.</td></tr><tr><td width="79"><emph role="strong">MED - 13</emph></td><td>Where the prescriber is to be included, they shall be represented as an author participant of the Supply class</td></tr></tbody></table><p><emph role="strong">2.3 Results Topic</emph></p><p><emph role="strong">2.3.1 Introduction</emph></p><p>This topic constrains the Clinical Statement model for communicating the results of observations generated by laboratories, imaging procedures, and other procedures. The scope includes hematology, chemistry, serology, virology, toxicology, microbiology, plain x-ray, ultrasound, CT, MRI, angiography, cardiac echo, nuclear medicine, pathology, and procedure observations.</p><p>Lab results are typically generated by laboratories providing analytic services in areas such as chemistry, hematology, serology, histology, cytology, anatomic pathology, microbiology, and/or virology. These observations are based on analysis of specimens obtained from the patient, submitted to the lab. Imaging results are typically generated by a clinician reviewing the output of an imaging procedure, such as where a cardiologist reports the left ventricular ejection fraction based on the review of a cardiac echo.</p><p>Procedure results are typically generated by a clinician wanting to provide more granular information about component observations made during the performance of a procedure, such as where a gastroenterologist reports the size of a polyp observed during a colonoscopy.</p><p>The template identifier for this pattern: root="2.16.840.1.113883.10", extension="results". </p><p>The overseeing HL7 Committee for this topic: Lab.</p><p>The following figure shows a subset of the Clinical Statement model containing those classes being constrained or referred to in the conformance statements that follow. It should be noted that the entire Clinical Statement model is available for use, and that the model components not shown can be used without any additional constraints.
	</p><p><emph role="strong">2.3.2 </emph><graphic source="T-COCS_NA002100.gif" alt="Clinical Statement Pattern for Results"></graphic><!--<diagref ref="T-COCS_NA002100.gif">Clinical Statement Pattern for Results</diagref>--></p><p><emph role="strong">2.3.3 Conformance Statements for Results Pattern</emph></p><table border="1" width="100%"><tbody><tr><td width="73"><emph role="strong">RSL- 14</emph></td><td>Results shall include Observation.classCode, which shall be valued with "OBS" (observation) or "DGIMG" (diagnostic image).</td></tr><tr><td width="73"><emph role="strong">RSL- 15</emph></td><td>Results shall include Observation.moodCode, which shall be valued with "EVN".</td></tr><tr><td width="73"><emph role="strong">RSL - 16</emph></td><td>Results should include Observation.id.</td></tr><tr><td width="73"><emph role="strong">RSL - 17</emph></td><td>Results shall include Observation.code, which should be valued with a LOINC or SNOMED CT code. Other codes, such as CPT codes, may be included as translations.</td></tr><tr><td width="73"><emph role="strong">RSL- 18</emph></td><td>Where Observation.value is a physical quantity, the units of measure shall be expressed using a valid UCUM expression.</td></tr><tr><td width="73"><emph role="strong">RSL- 19</emph></td><td>Results shall include Observation.statusCode unless the Observation is a component of an Observation or Organizer, in which case the absence of Observation.statusCode shall imply that the status of the result equals the status of the outer result.</td></tr><tr><td width="73"><emph role="strong">RSL- 20</emph></td><td>Results shall include Observation.effectiveTime unless the Observation is a component of an Observation or Organizer, in which case the absence of Observation.effectiveTime shall imply that the effective time of the result equals the effective time of the outer result.</td></tr><tr><td width="73"><emph role="strong">RSL- 21</emph></td><td>Results should include Observation.interpretationCode, which can be used to provide a rough qualitative interpretation of the observation, such as "normal", "abnormal", resistant", "susceptible", etc. Interpretation is generally provided for Numeric results where an interpretation range has been defined or for Antimicrobial susceptibility test interpretation.</td></tr><tr><td width="73"><emph role="strong">RSL- 22</emph></td><td>Results may include Observation.methodCode if the method isn't inherent in Observation.code or if there is a need to further specialize the method in Observation.code. If present, it shall not conflict with the method inherent in Observation.code.</td></tr><tr><td width="73"><emph role="strong">RSL - 23</emph></td><td>Results should include Observation.referenceRange to show the normal range of values for the observation result. It may include Criterion.code if needed to associate a reference range with a particular criterion such as age or gender.</td></tr></tbody></table><p>Invariably an ordered test (e.g. Complete Blood Count, Chemistry Panel) or a performed procedure (e.g. Cardiac Echo) have component observations, in which case the following conformance rules apply:</p><table border="1" width="100%"><tbody><tr><td width="74"><emph role="strong">RSL - 24</emph></td><td>Where an ordered test or a performed procedure have component observations, the result shall be represented as an Observation, Organizer, or Procedure, depending on the nature of the result. Results of a battery shall use Organizer. Component results of a performed procedure shall use Procedure. Other observations with component results shall use Observation.</td></tr><tr><td width="74"><emph role="strong">RSL - 25</emph></td><td>An Observation result or a Procedure with component results shall have an sourceOf relationship to each component result. Each sourceOf relationship shall have a sourceOf.typeCode, which shall be valued with "COMP".</td></tr><tr><td width="74"><emph role="strong">RSL - 26</emph></td><td>An Organizer result shall have a component link to each component result. Each component shall have a component.typeCode, which shall be valued with "COMP".</td></tr><tr><td width="74"><emph role="strong">RSL - 27</emph></td><td>Each component result shall  be an Observation, with Observation.classCode of "OBS", and Observation.moodCode of "EVN".</td></tr><tr><td width="74"><emph role="strong">RSL-  28</emph></td><td>The absence of Observation.statusCode on a component result shall imply that the status of the result equals the status of the outer result.</td></tr><tr><td width="74"><emph role="strong">RSL - 29</emph></td><td>The absence of Observation.effectiveTime on a component result shall imply that the effective time of the result equals the effective time of the outer result.</td></tr></tbody></table><p><emph role="strong">2.4 Development of Clinical Statement Topics </emph></p><p>The process for developing and maintaining a Clinical Statement topic is:</p><list role="unordered"><item>Identify a domain owned by an HL7 Committee where the model has been fairly well established. For instance, a domain might include the Clinical Genomic's model of Family History, Pharmacy's model of Medications, Patient Care's model of Allergies, etc.</item><item>Work with the HL7 Committee overseeing the identified domain to build an isomorphic model as a set of constraints against the Clinical Statement model. For instance, if a domain model represents a lab battery as a "BATTERY" clone linked to an "OBSERVATION COMPONENT" clone via an ActRelationship with typeCode of "COMP", the corresponding constraint on the Clinical Statement model might be something like: "A lab battery shall be represented as an Organizer. Components of the lab battery shall be represented as nested Observations, linked by an actRelationship.typeCode of COMP".</item><item>Work with the HL7 Committee overseeing the identified domain to maintain and extend the Clinical Statement topic as the domain's model changes and evolves over time.</item><item>New requirements for topics shall go back to the HL7 Committee overseeing the identified domain. A topic should not introduce constraints that potentially conflict with an evolving HL7 Committee domain model. For instance, if there are requests to develop a constraint on the Clinical Statement model for the representation of microbiology results, step one is to work with the Lab committee to flesh out the details of the model. </item></list><p>Each Clinical Statement topic is organized as follows:</p><list role="unordered"><item>Each topic has a narrative description defining the scope and use case.</item><item>Each topic has an associated Figure, showing a subset of the Clinical Statement model being constrained. It should be noted that the entire Clinical Statement model is available for use, and that the topics are only focusing on constraints. Thus, Clinical Statement classes not shown in the associated Figure can be used without any additional constraints.</item><item>Each topic has a set of constraints, expressed using conformance verbs (e.g. "shall", "should", "may"). </item><item>Each topic has a template identifier, which can be used to populate the InfrastructureRoot.templateId attribute of an instance. An instance that thus populates the templateId attribute is claiming conformance to the corresponding topic.</item><item>Each topic has an overseeing HL7 Committee. </item></list></descriptive></subdivn><indexdivn identifier="cindx-COCS_DO000000UV" name="Common Message Elements Indexes" parent="COCS_DO000000UV-ic" id="cindx-COCS_DO000000UV-ic"><indexlist identifier="cindx-List-1" name="Common Message Elements Defined in this Domain" parent="cindx-COCS_DO000000UV-ic" id="COCS_DO000000UV-icc1id"/><indexlist identifier="cindx-List-2" name="Common Message Elements Used by this Domain" parent="cindx-COCS_DO000000UV-ic" id="COCS_DO000000UV-icc2id"/></indexdivn><indexdivn identifier="indx-COCS_DO000000UV" name="Interaction Indexes" parent="COCS_DO000000UV-ic" id="indx-COCS_DO000000UV-ic"><indexlist identifier="indx-List-1" name="Interaction Index by Application Role" parent="indx-COCS_DO000000UV-ic" id="COCS_DO000000UV-ic1id"/><indexlist identifier="indx-List-2" name="Interaction Index by Trigger Event" parent="indx-COCS_DO000000UV-ic" id="COCS_DO000000UV-ic2id"/><indexlist identifier="indx-List-3" name="Interaction Index by Message Type" parent="indx-COCS_DO000000UV-ic" id="COCS_DO000000UV-ic3id"/></indexdivn></body></spec>

