<!-- $Id: mIntCategory.cls,v 1.4 2007/11/18 02:48:41 wbeeler Exp $ -->
<!--<!DOCTYPE spec PUBLIC "DTDVersion-4" "../../support/dtd/v3mDomain.dtd">-->
<spec id="MFMI_DO000000UV-ic" sectionCode="IMMFMI" lastEdit="2006-03-09T12:57:31" rendered="2014-04-17T10:57:57"><header><title>Domain: Master File - Registry Infrastructure</title><version>V 00-00</version><ballot type="NormativeStandard" number="1"/><date>4/17/2014</date><authlist><author><role>Infrastructure and Messaging Co-Chair</role><name key="Grieve, Graham">Graham Grieve</name><affiliation>Kestral Computing Pty Ltd.</affiliation></author><author><role>Infrastructure and Messaging Co-Chair</role><name key="Julian, Anthony">Anthony Julian</name><affiliation>Mayo Clinic</affiliation></author><author><role>Infrastructure and Messaging Co-Chair</role><name key="Larson, Joann">Joann Larson</name><affiliation>Kaiser Permanente</affiliation></author><author><role>Infrastructure and Messaging Co-Chair</role><name key="Pratt, Douglas">Douglas Pratt</name><affiliation>Siemens</affiliation></author><author><role>Infrastructure and Messaging Co-Chair</role><name key="Spronk, Rene">Rene Spronk</name><affiliation>Ringholm GmbH</affiliation></author></authlist><legalese copyRightDate="2014" copyRightOwner="Health Level Seven, Inc." copyRightNotation="All rights reserved." renderer="RoseTree 5.0.43" renderNotation="This document was rendered into XML using software provided to HL7 by Beeler Consulting LLC." contactEmail="HQ@HL7.org" contactName="HL7 Headquarters Staff" contactNote="Comments or questions about this document may be may be addressed to:"/></header><front><div1 id="prefNotes"><head>Notes to Readers</head><p>This is the first Normative Release of the Master File / Registry (MFMI) domain.  </p></div1><div1 id="prefIssue"><head>Known Issues &amp; Planned Changes</head><p>The following known open issues will be dealt with in a future release of this material:</p><list role="ordered"><item>A way is needed to convey acknowledgements to individual registration requests contained within master file messages - as of yet there is no equivalent of the HL7 version 2 MFA segment. Associating the RegistrationProcess class with the A_DetectedIssue CMET may prove to be a solution. This Order-related issue is not limited to the registry domain. The cardinality of the association between the controlAct and the registrationProcess act has been constrained to 1..1 in the registration request R-MIM until such time the issue has been dealt with. The cardinality will be set to 1..* again once a solution has been found.</item><item>The classCode of RegisteredRole is currently constrained to ROL. CQ intends to create an x_RegistrySubjectRoleClass value set containing the leaf-concepts of the RoleClassPassive and RoleClassRelationshipFormal hierarchies.</item><item>Note that upon replacing of a registration the status of the erronous prior registration will change to obsolete, but this does not automatically imply that the status of the registered Role or Act changes to obsolete. The use-case where both are obsoleted at the same time will be dealt with in the next release of this material.</item></list></div1><div1 id="navigate-divs"><head>Message Design Element Navigation</head><artree role="NAVIGATE"><artreeitem><rmimref role="rmim" ref="MFMI_RM700720UV01-rmi" sectID="immfmi" sectType="SB" refName="Master File / Reg Registration Request Control Act" refIdentifier="MFMI_RM700720UV01"/><artreeitem><hmdref role="hmd" ref="MFMI_HD700720UV01-hmd" sectID="immfmi" sectType="SB" refName="Master File / Registry Request Control Act" refIdentifier="MFMI_HD700720UV01"/><artreeitem><msgref role="msg" ref="MFMI_MT700721UV01-msg" sectID="immfmi" sectType="SB" refName="Master File / Reg Request Control Act,Role Subject" refIdentifier="MFMI_MT700721UV01"/></artreeitem><artreeitem><msgref role="msg" ref="MFMI_MT700722UV01-msg" sectID="immfmi" sectType="SB" refName="Master File / Reg Request Control Act,Act Subject" refIdentifier="MFMI_MT700722UV01"/></artreeitem></artreeitem></artreeitem><artreeitem><rmimref role="rmim" ref="MFMI_RM700700UV01-rmi" sectID="immfmi" sectType="SB" refName="Master File / Reg Event Notification Control Act" refIdentifier="MFMI_RM700700UV01"/><artreeitem><hmdref role="hmd" ref="MFMI_HD700700UV01-hmd" sectID="immfmi" sectType="SB" refName="Master File / Registry Event Notification Ctrl Act" refIdentifier="MFMI_HD700700UV01"/><artreeitem><msgref role="msg" ref="MFMI_MT700701UV01-msg" sectID="immfmi" sectType="SB" refName="Master File / Reg Notif. Control Act, Role Subject" refIdentifier="MFMI_MT700701UV01"/></artreeitem><artreeitem><msgref role="msg" ref="MFMI_MT700702UV01-msg" sectID="immfmi" sectType="SB" refName="Master File / Reg. Notif Control Act, Act Subject" refIdentifier="MFMI_MT700702UV01"/></artreeitem></artreeitem></artreeitem><artreeitem><rmimref role="rmim" ref="MFMI_RM700710UV01-rmi" sectID="immfmi" sectType="SB" refName="Master File / Registry Query Response Control Act" refIdentifier="MFMI_RM700710UV01"/><artreeitem><hmdref role="hmd" ref="MFMI_HD700710UV01-hmd" sectID="immfmi" sectType="SB" refName="Master File / Registry Query Response Control Act" refIdentifier="MFMI_HD700710UV01"/><artreeitem><msgref role="msg" ref="MFMI_MT700711UV01-msg" sectID="immfmi" sectType="SB" refName="Master File / Registry Query Response,Role Subject" refIdentifier="MFMI_MT700711UV01"/></artreeitem><artreeitem><msgref role="msg" ref="MFMI_MT700712UV01-msg" sectID="immfmi" sectType="SB" refName="Master File / Registry Query Response, Act Subject" refIdentifier="MFMI_MT700712UV01"/></artreeitem></artreeitem></artreeitem></artree></div1></front><body><div1 id="intro-MFMI_DO000000UV-ic" ballotStatus="NormativeStandard" ballotNumber="1"><head>Overview</head><div2 id="spec-scope" lastEdit="2006-03-09T12:57:31"><head>Introduction &amp; Scope</head><p>The Master File / Registry domain comprises the classes and attributes needed to support Master Files and Registries.  It does so by providing a Trigger Event Control Act that can be associated through a subject participation either with an entity (a Role) or with an act.</p><p>This domain focuses on the Master File / Registry specific extensions to the generic Trigger Event Control Act.  Refer to the <artref ref="MCAI_DO000000" alt="Message Control Act Infrastructure Introduction"></artref> for general details on Trigger Event Control Acts.
</p><p>Note that the Master File Infrastructure does not define message transmission rules or transmission wrappers.  Instead, it uses the transmission rules and transmission wrappers defined under the Transmission Infrastructure domain.    In addition, it does not define message structures, trigger events, or interactions.  It simply provides a specialized Control Act Wrapper for use in master file type interactions.  </p><p><emph role="strong">Master File / Registry Acts</emph></p><p><emph>Definition:</emph></p><p>Represents the act of maintaining information about the registration of its associated registered subject. The subject can be either an Act or a Role, and includes Role Based subjects such as persons, patients, practitioners, and equipment, as well as Act-based subjects such as lab exam definitions, prescriptions and drug protocol definitions. 
</p><p>Note on Act-based subjects (FAQ): they may be in any mood, including, but not limited to, DEF.</p><p><emph>Background Discussion: </emph></p><p>Maintaining a Master File / Registry over time requires that one tracks changes to a registered subject above and beyond state changes to that subject.  Typically, the registered subject is reasonably static and serves as reference information within environments that employ trusted sources of such information such as masterfiles and registries.  The registration event may have a unique identifier - separate from the unique identification of the subject - as well as a core set of related participations and act relationships that characterize the registration event and aid in the disposition of the subject information by a receiving system. </p><p><emph>Registry acts compared with Master Files:</emph></p><p>Master File applications support notifications about changes to the Master File. The application role that supports just this set of notifications is the equivalent of an 'ordinary' Master Files application that sends only event-mood notifications. In such cases the Registry act part of the transaction is minimal, and most of the information is carried in the subject participation that carries the 'Master File' data.
Besides the 'Master Files notification' application role, a Registry application also supports events in order mood, as well as queries. For these interactions, the Registry application needs to track the participations on a registry interaction with a greater degree of precision than is possible with a basic control act. The Registry may have roles (such as patient and staff) as its main content, or entities (in role of "registered entity"). It may also consist of acts (such as acts in definition mood for specializations of atomic acts, as well as protocols, and complex act structures).
</p><p><emph>Use cases include: </emph></p><p>Applications such as the patient Registry and the master patient index (MPI) make use of the Registry act specialization. Typically these applications receive data from multiple sources, and will also need to document the sources of any changes to the records in the Registries that they manage.
</p><p><emph>Registry examples include:</emph></p><list role="unordered"><item>MPI (master patient index)</item><item>staff/employee Registries</item><item>accreditation/certificate maintenance Registries</item><item>acts (or groups of acts) defining protocols/treatment plans, order sets, etc.</item><item>Canadian Provider Registry</item></list><p><emph>Master File examples include:</emph></p><list role="unordered"><item>charge description Master File</item><item>location Master File</item><item>device Master File.</item></list><p><emph role="strong">Note:</emph> These use cases are meant to be general examples only. They are NOT meant to specify the details of a given Registry or Master File application. Such details will be created when specific Master File / Registry applications are added to the applicable  HL7 Version 3 domain.</p></div2></div1><dmimdivn identifier="dmims-MFMI_DO000000UV" name="Domain Message Information Models" parent="MFMI_DO000000UV-ic" id="dmims-MFMI_DO000000UV-ic"><dmim identifier="MFMI_DM700700UV" name="Master File / Registry Infrastructure Domain Model" familiarName="Master File / Registry Infrastructure Domain Model" parent="MFMI_DO000000UV-ic" id="MFMI_DM700700UV-rmi" sortPrefix="01|99|99|INFRASTRUCTURE DOMAIN MODEL" baseClass="MasterFileRegistry" lastEdit="2003-07-16T21:29:45"><descriptive identifier="walkthru-MFMI_DM700700UV" name="Design Walk-through" parent="MFMI_DM700700UV-rmi" id="walkthru-MFMI_DM700700UV-rmi" role="walkThrough" lastEdit="2003-07-16T21:29:45"><p>The Master File / Registry (MFMI) Control Act is a specialization of the Trigger Event Control Act and is centered around the ControlActProcess act.  Refer to the <artref ref="MCAI_DM700200" alt="Message Control Act Infrastructure D-MIM walk-through"></artref> for general details on the ControlActProcess element. The remainder of this walk-through discusses that specialization.
</p><p><emph role="strong">Focal Classes Exposed</emph></p><p>The ControlActProcess act, as constrained within the Master File / Registry Infrastructure domain, constitutes the Trigger Event Control Act.  Its associations facilitate the production of Master File and Registry related messages.</p><p>The structure of the Master File / Registry D-MIM supports both Master File and Registry messages.  In both cases, the ControlActProcess is associated with one or more instances of the RegistrationProcess.  RegistrationProcess is associated either with an Act payload or a Role payload.  Only one, not both, of Act or AssignedEntity may be present in a message type instance of the Master File / Registry act.</p><p><emph role="strong">Stubs</emph></p><p>The Master File / Registry DMIM contains 3 stubs. Any interaction which uses this ControlAct Wrapper will replace these with a domain Message Type.</p><list role="unordered"><item>The RegisteredAct stub will be replaced by an Act-based Message Type in Act-registry based interactions.</item><item>The RegisteredRole stub will be replaced by a Role-based Message Type in Role-registry based interactions.</item><item>The QueryByParameter stub will be replaced by a QueryByParameter based Message Type in interactions used as a response to registry queries.</item></list><p><emph role="strong">Master File / Registry Domain Information Model Classes</emph></p><p><emph role="strong">ControlActProcess</emph></p><p> Refer to the <artref alt="Message Control Act Infrastructure " ref="MCAI_DO000000"></artref> for a description of ControlActProcess as well as its associated classes (e.g. the A_DetectedIssue CMET).  
</p><p>This class is described more fully in the Control Infrastructure class of the Message Control domain.
</p><p><emph role="strong">RegistrationProcess
</emph></p><p>This class contains information relevant to the registration of the payload item(s) into the Master File or Registry.  It also allows for this Registration Act to be associated with the domain-defined Master File entry stub (as Role) or (xor) Registry domain-defined entry point stub (as Act).  </p><p><emph role="strong">Note: </emph>The RegistrationProcess act is the focal act of the message. It has been included in the Master File / Registry (MFMI) Trigger Event control Act message type for reasons of convenience only. It is effectively a piece of predefined payload that has been included in a specialized version of the Trigger Event Control Act wrapper. Trigger Events are typically based on state changes of the RegistrationProcess class. 
</p><p>As noted below, Role and Act Master File / Registry payloads shall not be combined into the same message type. The following attributes are supported for this class: </p><list role="unordered"><item><p><emph>classCode</emph>: A code specifying the major type of Act that this Act-instance represents. This attribute is required and constrained to the value REG. (mandatory)</p></item><item><p><emph>moodCode</emph>:  A code distinguishing whether an Act is conceived of as a factual statement or in some other manner as a command, possibility, goal, etc. This attribute is required and constrained by the x_ActMoodIntentEvent domain. Commonly used moodCodes include EVN (this subject payload is/has been registered) and RQO (please register this subject payload). (mandatory)</p></item><item><p><emph>id</emph>: A unique identifier for the Act. (Required) <emph role="strong">Version 2 mapping</emph>: MFE-2.</p></item><item><p><emph>statusCode</emph>: A code specifying the state of the registration of the payload. This attribute is required and constrained by the ActStatus domain. The default value is "active". If the Registration has been replaced, its value will be "obsolete". (optional) <emph role="strong">Version 2 mapping</emph>: MFE-1</p></item><item><p><emph>effectiveTime  </emph>An interval of time specifying the operative time of the Registration. (optional) <emph role="strong">Version 2 mapping</emph>: MFE-3</p></item></list><p>The following associations are defined for a Master File / Registry Trigger Event RegistrationProcess class. </p><list role="unordered"><item><p><emph>author</emph>: Who or what is performing the registration. This participation is not required. This participation associates the registration with an entity responsible for the registration. The identification of the author is mandatory for interactions where the Registration Act is in request (RQO) mood.
</p></item><item><p><emph>custodian</emph>: Who or what is responsible for maintenance of the registration. The custodian identifies responsibility for the registration over its entire life cycle, whereas an author is responsible for a one-off event of requesting a (change to a) registration. Note that the custodian of a Registration Act in event (EVN) or promise (PRMS) mood identifies the custodian of the actual registration, i.e. the custodian of the registry, the entity responsible for the maintenance of the registry application.
</p></item><item><p><emph>definition</emph>: Defines the registration. This act relationship associates the registration with the ActDefinition class, which is used to identify the kind of registry.
</p></item><item><p><emph>infulfillmentOf</emph>: : Identifies zero or more Acts that are fulfilled by the focal Registration Act of this message. The Act that is fulfilled is the original registration request (an order) to register roles or acts. See below for an explanation of the use of this Act relationship.</p></item><item><p><emph>subject2 </emph><emph role="strong">[act relationship]</emph>: Relates the registration process to the Registry payload information (represented here by Act) for which it is a Trigger Event Control Act. 
</p></item><item><p><emph>subject1</emph>:  Relates the registration process to the Master File payload information (represented here by Role) for which it is a Trigger Event Control Act.  
</p></item></list><p><emph role="strong">Act
</emph></p><p>This class represents the stub of a domain-defined Master File / Registry payload message type that is instantiated for interactions. </p><p><emph role="strong">ActDefinition</emph></p><p>This class identifies the kind of payload that is undergoing registration. This is directly related to the kind of Registry. For example, it could identify the kind of Person, Clinical Statement or CDA document being registered. The id attribute of this class (Mandatory) identifies the vocabulary used to specify the kind of registry or the kind of registration subject.  The code attribute (Required) of this class contains a code taken from the vocabulary identified by the id attribute. <emph role="strong">Note</emph>: This attribute does not identify a specific master file / registry application. If a message is sent to a master file / registry application, then that application is identified in the Transmission Wrapper. <emph role="strong">Version 2 mapping</emph>: MFI-1
</p><p><emph role="strong">Role</emph></p><p>This class represents the stub of a domain-defined Master File / Registry payload message type that is instantiated for interactions. (Note: Instead of allowing the subject role to be of any type, CQ intends to create an x_RegistrySubjectRoleClass value set containing the leaf-concepts of the RoleClassPassive and RoleClassRelationshipFormal hierarchies) </p><p><emph role="strong">Act relationships and Mood Codes</emph></p><p>This section contains some diagrams to illustrate the use of the infulfillmentOf and replacementOf Act relationships between Registration classes in different moods. Note that these diagrams have been greatly simplified: the names of the cloned Registration classes are incorrect, and the standard Trigger Event Control Act classes as well as some of the mandatory/required attributes have been removed.
</p><list role="ordered"><item>A registration request in RQO mood (MFMI_RM700720)<graphic source="MFMI_walkthru_2.gif" alt="Registration Request"></graphic></item><item>A registration event (EVN) notification, used either in the context of a change to the registration because of changes made by the Custodian of the registry, or in response to a (fulfillment) registration request (MFMI_RM700700). In the first case the inFulfillmentOf relationship will not be present. Note that a response to a registry query (MFMI_RM700710) has the same structure; it may however not have the infulFillmentOf relationship.<graphic source="MFMI_walkthru_3.gif" alt="Registration Notification"></graphic></item><item>A registration replacement request (MFMI_RM700720). This is a both a request to register a subject payload as well as a request to replace a prior registration. The registry sets the statusCode of the replaced registration to "obsolete" once it fulfills the new registration request. <graphic source="MFMI_walkthru_1.gif" alt="Registration Replacement Request"></graphic></item><item>A registration replacement notification, used either in the context of a replacement action undertaken by the Custodian of the registry, or in response to a (fulfillment) registration replacement request (MFMI_RM700700). In the first case the inFulfillmentOf relationship will not be present.<graphic source="MFMI_walkthru_3.gif" alt="Registration Replacement Notification"></graphic></item></list><p><emph role="strong">Version 2 mapping</emph></p><p>In version 2, a given master files message concerns only a single master file (e.g. patients only).  The provision of a record-level event code (and requested activation date) on the MFE segment allows a single message to contain several types of changes (events, e.g. update, delete) to that file. The Version 3 model allows for changes to multiple master files within one interaction (e.g. a change to the person master file as well as to a location master file). Record-level changes are supported by means of the RegistrationProcess class which may be related to multiple records. The closest equivalent of the RegistrationProcess class is the MFE segment. 
</p><p>MFI-1 = ActDefinition, subject Act/Role classCode
</p><p>MFI-2 = Custodian.
</p><p>MFI-3, MFI-4, MFI-5 = ControlActProcess attributes 
</p><p>MFI-6 = Receiver responsibility related to the interaction
</p><p>MFE-1 = registrationProcess.statusCode (loosely) 
</p><p>MFE-2 = RegistrationProcess.id 
</p><p>MFE-3 = RegistrationProcess.effectiveTime
</p><p>MFE-4/MFE-5 = in Payload 
</p><p>MFE-6 = Author.time
</p><p>MFE-7 = Author
</p></descriptive><diagref ref="MFMI_DM700700UV.gif"/></dmim></dmimdivn><subdivn identifier="MFMI_DO000000UV-MasterFileRegistry" name="Master File - Registry Topic" familiarName="Master File - Registry" parent="MFMI_DO000000UV-ic" id="MFMI_DO000000UV-MasterFileRegistry-ic" role="BC" sortPrefix="01" baseClass="Master File - Registry" ballotStatus="NormativeStandard" ballotNumber="1"><descriptive identifier="intro-MFMI_DO000000UV-MasterFileRegistry" name="Introduction" parent="MFMI_DO000000UV-MasterFileRegistry-ic" id="intro-MFMI_DO000000UV-MasterFileRegistry-ic" lastEdit="2005-11-08T13:21:15"><p>This domain discusses the Master File / Registry infrastructure. Refer to the appropriate domain for their Master File / Registry artifacts.</p></descriptive><storydivn identifier="sbs-MFMI_DO000000UV-MasterFileRegistry" name="Storyboards" parent="MFMI_DO000000UV-MasterFileRegistry-ic" id="sbs-MFMI_DO000000UV-MasterFileRegistry-ic"><descriptive identifier="sstop-MFMI_DO000000UV-MasterFileRegistry" name="Reference" parent="MFMI_DO000000UV-MasterFileRegistry-ic" id="sstop-MFMI_DO000000UV-MasterFileRegistry-ic"><p>For details on the interpretation of this section, see <xspecref spec="v3guide.htm" ref="v3gstory" alt="the storyboard discussion"/> in the Version 3 Guide.</p></descriptive><descriptive identifier="sstoScp-MFMI_DO000000UV-MasterFileRegistry" name="Introduction" parent="MFMI_DO000000UV-MasterFileRegistry-ic" id="sstoScp-MFMI_DO000000UV-MasterFileRegistry-ic"><graphic source="MFMI_NA000005.gif" alt="Master File / Registry Interaction Exchange Patterns"></graphic><p>The above figure represents the interaction exchange patterns used by registries. The Master File / Registry domain does not define any interactions itself; this is up to other HL7 domains. The subsequent sections describe the most commonly used 3 interaction exchange patterns.
</p></descriptive><story identifier="MFMI_ST000001UV01" name="Master File / Registry Master File Notifications" familiarName="Master File Notifications" parent="MFMI_DO000000UV-MasterFileRegistry-ic" id="MFMI_ST000001UV01-str" sortPrefix="01|MASTER FILE NOTIFICATIONS" baseClass="MasterFileRegistry" ballotStatus="NormativeStandard" ballotNumber="1" lastEdit="2005-10-03T09:24:46"><descriptive identifier="purp-MFMI_ST000001UV01" name="Purpose" parent="MFMI_ST000001UV01-str" id="purp-MFMI_ST000001UV01-str" role="purpose" lastEdit="2005-10-03T09:24:46"><p>This storyboard describes interaction pattern A as contained in the interaction diagram.</p><p>A registry may notify other systems of changes or updates. These may be "real time" notifications, or batch releases. The Registry sends one or more Registration Records to a Tracking application. The trigger event may be based on a status change of a registration (e.g. the creation of a new registration), or on the simple fact that a timer has expired (e.g. send all registry entries at 04:00 every Wednesday). Registry Notifications are based on the <artref ref="MFMI_RM700700" alt="MFMI_RM700700 Trigger Event Control Act"></artref>.</p><p>The notification interaction may have receiver responsibilities associated with it in the form of an application response to indicate acceptance of the contents of the notification.</p><p>Not every system at every site will need all the fields contained in notification message. This also means that an application response from a receiving system that it accepted the notification does not imply that the receiving system has an exact copy of the information and state that is on the sending system. It means only that a relevant subset of that message's data is kept on the receiving system in such a manner that a new registry notification message with the same primary key can be applied unambiguously to that subset of information.  Application Responses to Registry Notifications can be defined as the <artref ref="COMT_IN001103" alt="Act Generic Status - Event (COMT_IN001103)"></artref> interaction as defined in the Shared Messages domain.</p><p>Version 2 mapping: MFN message, followed by an optional MFK. </p></descriptive><diagref ref="MFMI_ST000001UV01.gif"/></story><story identifier="MFMI_ST000002UV01" name="Master File / Registry Registration Request, Fulfillment Thereof, Notifications" familiarName="Registration Request, Fulfillment, Notifications" parent="MFMI_DO000000UV-MasterFileRegistry-ic" id="MFMI_ST000002UV01-str" sortPrefix="01|REGISTRATION REQUEST FULFILLMENT THEREOF NOTIFICATIONS" baseClass="MasterFileRegistry" ballotStatus="NormativeStandard" ballotNumber="1" lastEdit="2005-10-03T09:28:27"><descriptive identifier="purp-MFMI_ST000002UV01" name="Purpose" parent="MFMI_ST000002UV01-str" id="purp-MFMI_ST000002UV01-str" role="purpose" lastEdit="2005-10-03T09:28:27"><p>This storyboard describes interaction pattern B as contained in the interaction diagram.</p>







An application not "owning" a particular master file, transmits update requests (e.g. add, update, merge, unmerge, unlink, and link) or replacement requests to the "owning" system, for review and possible inclusion.  Prior to the actual update request a query may (optionally) be used to retrieve the latest information. Querying the registry (i.e. the owner of a master file) for the latest information is the best guarantee that one has access to the latest information. This information is subsequently used as a basis for the update process. This part of the interaction pattern is typically used in those cases where updates are done interactively by a user.<p>Registries receive data (in the form of update and replace requests) from multiple sources, and need to document the sources of any changes to the records in the registries that  they manage. Registration Requests are based on the <artref ref="MFMI_RM700720" alt="MFMI_RM700720 Trigger Event Control Act"></artref>.
</p><p>The request interaction always has a receiver responsibility attached to it in the form of an application response. In the case of an accept, the interaction contains the registry entry created as the result of the request; in the case of a reject, it contains the identification of the registration request being rejected.    </p><p>	An application response from a receiving system that it accepted the registry update request does not imply that the receiving system has an exact copy of the information and state that is on the sending system. It means only that a relevant subset of that message's data is kept on the receiving system in such a manner that a new registry update request message with the same primary key can be applied unambiguously to that subset of information.   Application Responses to Registration Requests are based on the <artref ref="MFMI_RM700700" alt="MFMI_RM700700 Trigger Event Control Act."></artref></p><p>Version 2 mapping: none. MFN messages are occasionally "misused" as request messages; there are, however, no registration request trigger events in HL7 version 2.  </p></descriptive><diagref ref="MFMI_ST000002UV01.gif"/></story><story identifier="MFMI_ST000003UV01" name="Master File / Registry Registry Entry" familiarName="Registry Entry" parent="MFMI_DO000000UV-MasterFileRegistry-ic" id="MFMI_ST000003UV01-str" sortPrefix="01|REGISTRY ENTRY" baseClass="MasterFileRegistry" ballotStatus="NormativeStandard" ballotNumber="1" lastEdit="2005-03-10T12:55:00"><descriptive identifier="purp-MFMI_ST000003UV01" name="Purpose" parent="MFMI_ST000003UV01-str" id="purp-MFMI_ST000003UV01-str" role="purpose" lastEdit="2005-03-10T12:55:00"><p>This storyboard describes interaction pattern C as contained in the interaction diagram.</p><p>Querying the registry (i.e. the owner of a master file) for the latest information is the best guarantee that one has access to the latest information. A Query interaction is responded to by one or more response interactions. Response interactions are based on the <artref ref="MFMI_RM700710" alt="MFMI_RM700710 Trigger Event Control Act"></artref>.
</p><p>Queries may be based on attribute values of the Registration (e.g. registration ID, registration status) or on attribute values of the registration subjects (e.g. role ID, person name). A query based on attribute values of the registered subject will ensure that the information of the latest registration is returned, even if registrations for the subject have been replaced multiple times.
</p><p>Version 2 mapping: MFQ message, followed by a MFR response.</p></descriptive><diagref ref="MFMI_ST000003UV01.gif"/></story></storydivn><approledivn identifier="roles-MFMI_DO000000UV-MasterFileRegistry" name="Application Roles" parent="MFMI_DO000000UV-MasterFileRegistry-ic" id="roles-MFMI_DO000000UV-MasterFileRegistry-ic"><descriptive identifier="arop-MFMI_DO000000UV-MasterFileRegistry" name="Reference" parent="MFMI_DO000000UV-MasterFileRegistry-ic" id="arop-MFMI_DO000000UV-MasterFileRegistry-ic"><p>For details on the interpretation of this section, see <xspecref spec="v3guide.htm" ref="v3gapprole" alt="the discussion of application roles"/> and their relationships in the Version 3 Guide.</p></descriptive><descriptive identifier="arScp-MFMI_DO000000UV-MasterFileRegistry" name="Introduction" parent="MFMI_DO000000UV-MasterFileRegistry-ic" id="arScp-MFMI_DO000000UV-MasterFileRegistry-ic"><p>This domain discusses the Master Files infrastructure. Refer to the appropriate domain for their Master File / Registry application roles.  The roles listed here are for example/publication purposes.</p></descriptive><artree><artreeitem><arref role="included" ref="MFMI_AR000003UV01-ar" sectID="immfmi" sectType="SB" refName="Master File / Registry Request Placer Requester Example" refFamiliarName="Example, Requester, Master Files &amp; Registry Acts" refIdentifier="MFMI_AR000003UV01"/></artreeitem><artreeitem><arref role="included" ref="MFMI_AR000004UV01-ar" sectID="immfmi" sectType="SB" refName="Master File / Registry Request Query Placer Example" refFamiliarName="Example, Query Placer, Master File &amp; Registry Acts" refIdentifier="MFMI_AR000004UV01"/></artreeitem><artreeitem><arref role="included" ref="MFMI_AR000002UV01-ar" sectID="immfmi" sectType="SB" refName="Master File / Registry Tracker Example" refFamiliarName="Example, Tracker, Master Files &amp; Registry Acts" refIdentifier="MFMI_AR000002UV01"/></artreeitem><artreeitem><arref role="included" ref="MFMI_AR000001UV01-ar" sectID="immfmi" sectType="SB" refName="Master File / Registry Manager Example" refFamiliarName="Example, Manager, Master Files &amp; Registry Acts" refIdentifier="MFMI_AR000001UV01"/></artreeitem></artree><approle identifier="MFMI_AR000003UV01" name="Master File / Registry Request Placer Requester Example" familiarName="Example, Requester, Master Files &amp; Registry Acts" parent="MFMI_DO000000UV-MasterFileRegistry-ic" id="MFMI_AR000003UV01-ar" sortPrefix="01|10|99|05|REQUESTER EXAMPLE|" baseClass="MasterFileRegistry" ballotStatus="NormativeStandard" ballotNumber="1" hidden="yes" lastEdit="2005-06-17T13:53:55"><descriptive identifier="desc-MFMI_AR000003UV01" name="Description" parent="MFMI_AR000003UV01-ar" id="desc-MFMI_AR000003UV01-ar" lastEdit="2005-06-17T13:53:55"><p>This is an application role example of a requester of Master Files / Registry registrations. This Application Role sends registration requests to registries.</p></descriptive></approle><approle identifier="MFMI_AR000004UV01" name="Master File / Registry Request Query Placer Example" familiarName="Example, Query Placer, Master File &amp; Registry Acts" parent="MFMI_DO000000UV-MasterFileRegistry-ic" id="MFMI_AR000004UV01-ar" sortPrefix="01|10|99|99||15|EXAMPLE" baseClass="MasterFileRegistry" ballotStatus="NormativeStandard" ballotNumber="1" hidden="yes" lastEdit="2005-06-17T13:55:04"><descriptive identifier="desc-MFMI_AR000004UV01" name="Description" parent="MFMI_AR000004UV01-ar" id="desc-MFMI_AR000004UV01-ar" lastEdit="2005-06-17T13:55:04"><p>This is an application role example of a Query Placer of Master Files / Registry registrations. This Application Role sends queries related to registrations to registries.</p></descriptive></approle><approle identifier="MFMI_AR000002UV01" name="Master File / Registry Tracker Example" familiarName="Example, Tracker, Master Files &amp; Registry Acts" parent="MFMI_DO000000UV-MasterFileRegistry-ic" id="MFMI_AR000002UV01-ar" sortPrefix="01|99|99|30|EXAMPLE|" baseClass="MasterFileRegistry" ballotStatus="NormativeStandard" ballotNumber="1" hidden="no" lastEdit="2004-11-29T19:38:20"><descriptive identifier="desc-MFMI_AR000002UV01" name="Description" parent="MFMI_AR000002UV01-ar" id="desc-MFMI_AR000002UV01-ar" lastEdit="2004-11-29T19:38:20"><p>This is an application role example of a tracker of Master Files / Registry acts.</p></descriptive><intref role="receives" ref="MFMI_IN999999UV01-int" sectID="immfmi" sectType="SB" refName="Introduction" refFamiliarName="Introduction" refIdentifier="MFMI_IN999999UV01"/></approle><approle identifier="MFMI_AR000001UV01" name="Master File / Registry Manager Example" familiarName="Example, Manager, Master Files &amp; Registry Acts" parent="MFMI_DO000000UV-MasterFileRegistry-ic" id="MFMI_AR000001UV01-ar" sortPrefix="01|99|99|99|MANAGER EXAMPLE" baseClass="MasterFileRegistry" ballotStatus="NormativeStandard" ballotNumber="1" hidden="no" lastEdit="2004-11-29T19:38:31"><descriptive identifier="desc-MFMI_AR000001UV01" name="Description" parent="MFMI_AR000001UV01-ar" id="desc-MFMI_AR000001UV01-ar" lastEdit="2004-11-29T19:38:31"><p>This is an application role example of a manager of Master Files / Registry acts.  This Application Role sends notifications, responds to queries and fulfills registration requests.</p></descriptive><intref role="sends" ref="MFMI_IN999999UV01-int" sectID="immfmi" sectType="SB" refName="Introduction" refFamiliarName="Introduction" refIdentifier="MFMI_IN999999UV01"/></approle></approledivn><triggerdivn identifier="tes-MFMI_DO000000UV-MasterFileRegistry" name="Trigger Events" parent="MFMI_DO000000UV-MasterFileRegistry-ic" id="tes-MFMI_DO000000UV-MasterFileRegistry-ic"><descriptive identifier="teop-MFMI_DO000000UV-MasterFileRegistry" name="Reference" parent="MFMI_DO000000UV-MasterFileRegistry-ic" id="teop-MFMI_DO000000UV-MasterFileRegistry-ic"><p>For details on the interpretation of this section, see <xspecref spec="v3guide.htm" ref="v3gtrigger" alt="the discussion of trigger events"/> in the Version 3 Guide.</p></descriptive><trigger identifier="MFMI_TE000102UV01" name="Master File / Registry Query Response Example" familiarName="Example Query Response" parent="MFMI_DO000000UV-MasterFileRegistry-ic" id="MFMI_TE000102UV01-te" role="Interaction based" sortPrefix="01|99|99||10|EXAMPLE" baseClass="MasterFileRegistry" ballotStatus="NormativeStandard" ballotNumber="1" lastEdit="2005-10-03T09:21:09"><descriptive identifier="desc-MFMI_TE000102UV01" name="Description" parent="MFMI_TE000102UV01-te" id="desc-MFMI_TE000102UV01-te" lastEdit="2005-10-03T09:21:09"><p>This domain does not define trigger events, this trigger event has been defined for example purposes only.</p><p>This example represents trigger events based on the receipt of a query interaction.</p></descriptive><statrans transitionFQN="Revise Active" focalClass="Registry Act"><rmimref role="focalRMIM" ref="MFMI_RM700700UV01-rmi" sectID="immfmi" sectType="SB" refIdentifier="MFMI_RM700700UV01"/></statrans></trigger><trigger identifier="MFMI_TE000101UV01" name="Master File / Registry State Change" familiarName="Example State Change" parent="MFMI_DO000000UV-MasterFileRegistry-ic" id="MFMI_TE000101UV01-te" role="State-transition based" sortPrefix="01|99|99||99|STATE CHANGE" baseClass="MasterFileRegistry" ballotStatus="NormativeStandard" ballotNumber="1" lastEdit="2005-10-03T09:36:14"><descriptive identifier="desc-MFMI_TE000101UV01" name="Description" parent="MFMI_TE000101UV01-te" id="desc-MFMI_TE000101UV01-te" lastEdit="2005-10-03T09:36:14"><p>This domain does not define trigger events, this trigger event has been defined for example purposes only</p><p>This example represents trigger events based on state transitions of the Registry Act: Examples include: null to active (create), active to active (revise), obsolete (replace), and nullified (nullification). These state transitions may occur in Registry Acts irrespective of the mood of the Registry Act (which is mostly used in request or event mood). </p></descriptive><statrans transitionFQN="null to active" focalClass="Registry Act"><rmimref role="focalRMIM" ref="MFMI_RM700700UV01-rmi" sectID="immfmi" sectType="SB" refIdentifier="MFMI_RM700700UV01"/></statrans><intref role="fires" ref="MFMI_IN999999UV01-int" sectID="immfmi" sectType="SB" refName="Introduction" refFamiliarName="Introduction" refIdentifier="MFMI_IN999999UV01"/></trigger></triggerdivn><rmimdivn identifier="rmims-MFMI_DO000000UV-MasterFileRegistry" name="Refined Message Information Models" parent="MFMI_DO000000UV-MasterFileRegistry-ic" id="rmims-MFMI_DO000000UV-MasterFileRegistry-ic"><descriptive identifier="rmop-MFMI_DO000000UV-MasterFileRegistry" name="Reference" parent="MFMI_DO000000UV-MasterFileRegistry-ic" id="rmop-MFMI_DO000000UV-MasterFileRegistry-ic"><p>For details on the interpretation of this section, see <xspecref spec="v3guide.htm" ref="v3grmim" alt="the description of RMIMs"/> in the Version 3 Guide.</p></descriptive><rmim identifier="MFMI_RM700720UV01" name="Master File / Registry Request New Control Act" familiarName="Master File / Reg Registration Request Control Act" parent="MFMI_DO000000UV-MasterFileRegistry-ic" id="MFMI_RM700720UV01-rmi" sortPrefix="01|10|05|CONTROL ACT" baseClass="MasterFileRegistry" ballotStatus="NormativeStandard" ballotNumber="1" lastEdit="2004-11-20T14:24:14"><descriptive identifier="desc-MFMI_RM700720UV01" name="Description" parent="MFMI_RM700720UV01-rmi" id="desc-MFMI_RM700720UV01-rmi" lastEdit="2004-11-20T14:24:14"><p>This is the entry point for the Master File / Registry Trigger Event Control Act RMIM used to request a (replacement of a) registration.</p></descriptive><descriptive identifier="walkthru-MFMI_RM700720UV01" name="Design Walk-through" parent="MFMI_RM700720UV01-rmi" id="walkthru-MFMI_RM700720UV01-rmi" role="walkThrough" lastEdit="2004-11-20T14:24:14"><p>The base class is RegistrationRequest based on the Act class. RegistrationRequest is a clone of the RegistrationProcess base class of the D-MIM. Refer to the <artref ref="MFMI_DM700700" alt="Master File / Registry Infrastructure D-MIM Walkthrough"></artref> for details of the classes of the D-MIM. 
The R-MIM is equal to the D-MIM, except for the following attributes/associations: </p><list role="unordered"><item><emph>subject</emph>: The cardinality of the subject act-relationship (between ControlActProcess and RegistrationRequest) has been constrained to 1..1. There is a known open issue related the acknowledgement of individual registration requests contained within master file messages. This Order-related issue is not limited to the registry domain. The cardinality will be set to 1..* again once a solution has been found.</item><item><emph>author</emph>: The identification of the Author of the registration request is mandatory (as opposed to being optional in the D-MIM). The participation has a 1..1 cardinality.
</item><item><emph>custodian</emph>: The custodian is not present in this R-MIM. Registration requests do not have a Custodian, any resulting registrations will have a Custodian.
</item><item><emph>replacementOf </emph>/ PriorRegistration: optional Act Relationship between a new Registration Request and a Prior Registration. If a Prior Registration is identified in a message instance, its status will be set to obsolete by the receiver of the message. PriorRegistration is a clone of the RegistrationProcess base class of the D-MIM. Note for Role-based registries: The use, and identification of, the PriorRegisteredRole is mandatory in those cases where the ID of the Prior Registration is unknown. Note for Act-based registries: The use, and identification of, the PriorRegisteredAct is mandatory in those cases where the ID of the Prior Registration is unknown.
</item><item><emph>statusCode</emph>: Contains the status of the Registration Request. In request messages its value will typically be 'active', which is also the default value. This attribute is Mandatory (as opposed to Required in the D-MIM). 
</item><item><emph>subject1/subject2</emph>: the cardinality of this association/participation is 0..1 (as opposed to 0..* in the D-MIM). There are no known use-cases for registrations of multiple entries.
</item></list><p>Please refer to the Storyboard section for a description of Registry related interaction patterns.
</p></descriptive><rmimref role="parent" ref="MFMI_DM700700UV-rmi" sectID="immfmi" sectType="SB" refName="Master File / Registry Infrastructure Domain Model" refFamiliarName="Master File / Registry Infrastructure Domain Model" refIdentifier="MFMI_DM700700UV"/><diagref ref="MFMI_RM700720UV.gif"/><hmdref role="containedHMD" ref="MFMI_HD700720UV01-hmd" sectID="immfmi" sectType="SB" refName="Master File / Registry Request New Control Act" refFamiliarName="Master File / Registry Request Control Act" refIdentifier="MFMI_HD700720UV01"/></rmim><rmim identifier="MFMI_RM700700UV01" name="Master File / Registry Event Notification Control Act" familiarName="Master File / Reg Event Notification Control Act" parent="MFMI_DO000000UV-MasterFileRegistry-ic" id="MFMI_RM700700UV01-rmi" sortPrefix="01|20|99|NOTIFICATION CONTROL ACT" baseClass="MasterFileRegistry" ballotStatus="NormativeStandard" ballotNumber="1" lastEdit="2005-03-10T08:26:14"><descriptive identifier="desc-MFMI_RM700700UV01" name="Description" parent="MFMI_RM700700UV01-rmi" id="desc-MFMI_RM700700UV01-rmi" lastEdit="2005-03-10T08:26:14"><p>This is the entry point for the Master File / Registry Trigger Event Control Act RMIM used for reporting about Regsitrations in event mood. This includes Master File Notification interactions and Registry Notifications caused by state changes in registrations, as well as responses to Registration Requests or Registration replacement Requests.</p></descriptive><descriptive identifier="walkthru-MFMI_RM700700UV01" name="Design Walk-through" parent="MFMI_RM700700UV01-rmi" id="walkthru-MFMI_RM700700UV01-rmi" role="walkThrough" lastEdit="2005-03-10T08:26:14"><p>The base class is RegistrationEvent based on the Act class. RegistrationEvent is a clone of the RegistrationProcess base class of the D-MIM. Refer to the <artref ref="MFMI_DM700700" alt="Master File / Registry Infrastructure D-MIM Walkthrough"></artref> for details of the classes of the D-MIM. 
The R-MIM is equal to the D-MIM, except for the following attributes/associations: </p><list role="unordered"><item><emph>subject</emph>: The cardinality of the subject act-relationship (between ControlActProcess and RegistrationRequest) has been constrained to 1..* (as opposed to 0..* in the D-MIM).</item><item><emph>custodian</emph>: identification of the Custodian of the registration is mandatory (as opposed to being optional in the D-MIM). The participation has a 1..1 cardinality.
</item><item><emph>infulFillmentOf </emph>/ RegistrationRequest: optional Act Relationship between a new Registration and a Prior Registration Request. RegistrationRequest is a clone of the RegistrationProcess base class of the D-MIM. 
</item><item><emph>replacementOf </emph>/ PriorRegistration: optional Act Relationship between a new Registration Request and a Prior Registration. If a Prior Registration is identified in a message instance, its status will be obsolete. PriorRegistration is a clone of the RegistrationProcess base class of the D-MIM.
			Note for Role-based registries: The use, and identification of, the PriorRegisteredRole is mandatory in those cases where the ID of the Prior Registration is unknown. Note for Act-based registries: The use, and identification of, the PriorRegisteredAct is mandatory in those cases where the ID of the Prior Registration is unknown.
</item><item><emph>statusCode</emph>: Contains the status of the Registration Request. In request messages its value will typically be 'active', which is also the default value. This attribute is Mandatory (as opposed to Required in the D-MIM). 
</item><item><emph>subject1/subject2</emph>: the cardinality of this association/participation is 0..1 (as opposed to 0..* in the D-MIM). There are no known use-cases for registrations of multiple entries.
</item></list><p>Please refer to the Storyboard section for a description of Registry related interaction patterns.
</p></descriptive><rmimref role="parent" ref="MFMI_DM700700UV-rmi" sectID="immfmi" sectType="SB" refName="Master File / Registry Infrastructure Domain Model" refFamiliarName="Master File / Registry Infrastructure Domain Model" refIdentifier="MFMI_DM700700UV"/><diagref ref="MFMI_RM700700UV.gif"/><hmdref role="containedHMD" ref="MFMI_HD700700UV01-hmd" sectID="immfmi" sectType="SB" refName="Master File / Registry Event Notification Control Act" refFamiliarName="Master File / Registry Event Notification Ctrl Act" refIdentifier="MFMI_HD700700UV01"/></rmim><rmim identifier="MFMI_RM700710UV01" name="Master File / Registry Query Response Control Act" familiarName="Master File / Registry Query Response Control Act" parent="MFMI_DO000000UV-MasterFileRegistry-ic" id="MFMI_RM700710UV01-rmi" sortPrefix="01|99|99|QUERY RESPONSE CONTROL ACT" baseClass="MasterFileRegistry" ballotStatus="NormativeStandard" ballotNumber="1" lastEdit="2004-11-29T20:13:32"><descriptive identifier="desc-MFMI_RM700710UV01" name="Description" parent="MFMI_RM700710UV01-rmi" id="desc-MFMI_RM700710UV01-rmi" lastEdit="2004-11-29T20:13:32"><p>This is the entry point for the Master File / Registry Trigger Event Control Act RMIM used for responses to a registry query. </p><p>Queries are specific to a domain. Examples may include a query for the registration status of a patient, a query for provider details based on a provider id and a query for the act-based definition of a specific Radiology examination. </p><p>This R-MIM is only used in interactions created by a Registry in response to a query. Please refer to the Storyboard section for a description of Registry related interaction patterns.
</p></descriptive><descriptive identifier="walkthru-MFMI_RM700710UV01" name="Design Walk-through" parent="MFMI_RM700710UV01-rmi" id="walkthru-MFMI_RM700710UV01-rmi" role="walkThrough" lastEdit="2004-11-29T20:13:32"><p>The base class is RegistrationEvent based on the Act class. RegistrationEvent is a clone of the RegistrationProcess base class of the D-MIM. Refer to the <artref ref="MFMI_DM700700" alt="Master File / Registry Infrastructure D-MIM Walkthrough"></artref> for details of the classes of the D-MIM. 
</p><p>This R-MIM is equal to the Master File / Registry Trigger Event Control Act R-MIM (See <artref ref="MFMI_RM700700" alt=" Master File / Registry Trigger Event Control Act RMIM "></artref> for details of this R-MIM) except for the following attributes/associations: </p><list role="unordered"><item>The QueryByParameter and QueryAck query  classes have been added. Refer to the <artref ref="QUQI_DM000000" alt="Query Infrastructure D-MIM"></artref> for details on these Query-related classes.</item><item><emph>subject</emph>: The cardinality of the subject act-relationship (between ControlActProcess and RegistrationRequest) is set to 0..*. The response to a query may contain zero or more matching registrations.</item></list></descriptive><rmimref role="parent" ref="MFMI_DM700700UV-rmi" sectID="immfmi" sectType="SB" refName="Master File / Registry Infrastructure Domain Model" refFamiliarName="Master File / Registry Infrastructure Domain Model" refIdentifier="MFMI_DM700700UV"/><diagref ref="MFMI_RM700710UV.gif"/><hmdref role="containedHMD" ref="MFMI_HD700710UV01-hmd" sectID="immfmi" sectType="SB" refName="Master File / Registry Query Response Control Act" refFamiliarName="Master File / Registry Query Response Control Act" refIdentifier="MFMI_HD700710UV01"/></rmim></rmimdivn><hmddivn identifier="hmds-MFMI_DO000000UV-MasterFileRegistry" name="Hierarchical Message Descriptions" parent="MFMI_DO000000UV-MasterFileRegistry-ic" id="hmds-MFMI_DO000000UV-MasterFileRegistry-ic"><descriptive identifier="hdop-MFMI_DO000000UV-MasterFileRegistry" name="Reference" parent="MFMI_DO000000UV-MasterFileRegistry-ic" id="hdop-MFMI_DO000000UV-MasterFileRegistry-ic"><p>For details on the interpretation of this section, see <xspecref spec="v3guide.htm" ref="v3ghmd" alt="the description of HMDs"/> in the Version 3 Guide.</p></descriptive><hmd identifier="MFMI_HD700720UV01" name="Master File / Registry Request New Control Act" familiarName="Master File / Registry Request Control Act" parent="MFMI_RM700720UV01-rmi" id="MFMI_HD700720UV01-hmd" sortPrefix="01|10|05|CONTROL ACT|" baseClass="MasterFileRegistry" ballotStatus="NormativeStandard" ballotNumber="1" lastEdit="2004-11-20T14:38:34"><hmdextref role="tabular" ref="MFMI_HD700720UV01"/><rmimref role="parent" ref="MFMI_RM700720UV01-rmi" sectID="immfmi" sectType="SB" refName="Master File / Registry Request New Control Act" refFamiliarName="Master File / Reg Registration Request Control Act" refIdentifier="MFMI_RM700720UV01"/><msgref role="definedMsgType" ref="MFMI_MT700721UV01-msg" sectID="immfmi" sectType="SB" refName="Master File / Registry Request New Control Act 1 Role Subject" refFamiliarName="Master File / Reg Request Control Act,Role Subject" refIdentifier="MFMI_MT700721UV01"/><msgref role="definedMsgType" ref="MFMI_MT700722UV01-msg" sectID="immfmi" sectType="SB" refName="Master File / Registry Request New Control Act 2 Act Subject" refFamiliarName="Master File / Reg Request Control Act,Act Subject" refIdentifier="MFMI_MT700722UV01"/></hmd><hmd identifier="MFMI_HD700700UV01" name="Master File / Registry Event Notification Control Act" familiarName="Master File / Registry Event Notification Ctrl Act" parent="MFMI_RM700700UV01-rmi" id="MFMI_HD700700UV01-hmd" sortPrefix="01|20|99|NOTIFICATION CONTROL ACT" baseClass="MasterFileRegistry" ballotStatus="NormativeStandard" ballotNumber="1" lastEdit="2004-11-20T14:21:12"><descriptive identifier="desc-MFMI_HD700700UV01" name="Description" parent="MFMI_HD700700UV01-hmd" id="desc-MFMI_HD700700UV01-hmd" lastEdit="2004-11-20T14:21:12"><p>Master File / Registry Event Notification</p></descriptive><hmdextref role="tabular" ref="MFMI_HD700700UV01"/><rmimref role="parent" ref="MFMI_RM700700UV01-rmi" sectID="immfmi" sectType="SB" refName="Master File / Registry Event Notification Control Act" refFamiliarName="Master File / Reg Event Notification Control Act" refIdentifier="MFMI_RM700700UV01"/><msgref role="definedMsgType" ref="MFMI_MT700701UV01-msg" sectID="immfmi" sectType="SB" refName="Master File / Registry Notification Control Act 1 Role Subject" refFamiliarName="Master File / Reg Notif. Control Act, Role Subject" refIdentifier="MFMI_MT700701UV01"/><msgref role="definedMsgType" ref="MFMI_MT700702UV01-msg" sectID="immfmi" sectType="SB" refName="Master File / Registry Notification Control Act 2 Act Subject" refFamiliarName="Master File / Reg. Notif Control Act, Act Subject" refIdentifier="MFMI_MT700702UV01"/></hmd><hmd identifier="MFMI_HD700710UV01" name="Master File / Registry Query Response Control Act" familiarName="Master File / Registry Query Response Control Act" parent="MFMI_RM700710UV01-rmi" id="MFMI_HD700710UV01-hmd" sortPrefix="01|99|99|QUERY RESPONSE CONTROL ACT" baseClass="MasterFileRegistry" ballotStatus="NormativeStandard" ballotNumber="1" lastEdit="2005-10-03T09:37:45"><descriptive identifier="desc-MFMI_HD700710UV01" name="Description" parent="MFMI_HD700710UV01-hmd" id="desc-MFMI_HD700710UV01-hmd" lastEdit="2005-10-03T09:37:45"><p>The Master File / Registry <emph role="strong">should </emph>be used by Master File / Registry Query Response messages that have a Role as a payload entry point and it <emph role="strong">can </emph>be used by Master File / Registry Query Response messages that have an Act as a payload entry point if,next to the Act itself, information related to the Registration of the Act needs to be contained in the response (e.g. RegistrationProcess.statusCode, RegistrationProcess.code, RegistrationProcess.effectiveTime). </p></descriptive><hmdextref role="tabular" ref="MFMI_HD700710UV01"/><rmimref role="parent" ref="MFMI_RM700710UV01-rmi" sectID="immfmi" sectType="SB" refName="Master File / Registry Query Response Control Act" refFamiliarName="Master File / Registry Query Response Control Act" refIdentifier="MFMI_RM700710UV01"/><msgref role="definedMsgType" ref="MFMI_MT700711UV01-msg" sectID="immfmi" sectType="SB" refName="Master File / Registry Query Response Control Act 1 - Role Subject" refFamiliarName="Master File / Registry Query Response,Role Subject" refIdentifier="MFMI_MT700711UV01"/><msgref role="definedMsgType" ref="MFMI_MT700712UV01-msg" sectID="immfmi" sectType="SB" refName="Master File / Registry Query Response Control Act 2 - Act Subject" refFamiliarName="Master File / Registry Query Response, Act Subject" refIdentifier="MFMI_MT700712UV01"/></hmd></hmddivn><msgtypedivn identifier="msgs-MFMI_DO000000UV-MasterFileRegistry" name="Message Type Definitions" parent="MFMI_DO000000UV-MasterFileRegistry-ic" id="msgs-MFMI_DO000000UV-MasterFileRegistry-ic"><msgtype identifier="MFMI_MT700721UV01" name="Master File / Registry Request New Control Act 1 Role Subject" familiarName="Master File / Reg Request Control Act,Role Subject" parent="MFMI_HD700720UV01-hmd" id="MFMI_MT700721UV01-msg" sortPrefix="01|10|05|CONTROL ACT 1 ROLE SUBJECT|" baseClass="MasterFileRegistry" ballotStatus="NormativeStandard" ballotNumber="1" lastEdit="2004-11-20T14:48:16"><msgextref role="tabular" ref="MFMI_MT700721UV01"/><hmdref role="parent" ref="MFMI_HD700720UV01-hmd" sectID="immfmi" sectType="SB" refName="Master File / Registry Request New Control Act" refFamiliarName="Master File / Registry Request Control Act" refIdentifier="MFMI_HD700720UV01"/></msgtype><msgtype identifier="MFMI_MT700722UV01" name="Master File / Registry Request New Control Act 2 Act Subject" familiarName="Master File / Reg Request Control Act,Act Subject" parent="MFMI_HD700720UV01-hmd" id="MFMI_MT700722UV01-msg" sortPrefix="01|10|05|CONTROL ACT 2 ACT SUBJECT|" baseClass="MasterFileRegistry" ballotStatus="NormativeStandard" ballotNumber="1" lastEdit="2005-03-11T08:06:39"><msgextref role="tabular" ref="MFMI_MT700722UV01"/><hmdref role="parent" ref="MFMI_HD700720UV01-hmd" sectID="immfmi" sectType="SB" refName="Master File / Registry Request New Control Act" refFamiliarName="Master File / Registry Request Control Act" refIdentifier="MFMI_HD700720UV01"/></msgtype><msgtype identifier="MFMI_MT700701UV01" name="Master File / Registry Notification Control Act 1 Role Subject" familiarName="Master File / Reg Notif. Control Act, Role Subject" parent="MFMI_HD700700UV01-hmd" id="MFMI_MT700701UV01-msg" sortPrefix="01|99|99|NOTIFICATION CONTROL ACT 1 ROLE SUBJECT" baseClass="MasterFileRegistry" ballotStatus="NormativeStandard" ballotNumber="1" lastEdit="2004-11-20T14:22:47"><msgextref role="tabular" ref="MFMI_MT700701UV01"/><hmdref role="parent" ref="MFMI_HD700700UV01-hmd" sectID="immfmi" sectType="SB" refName="Master File / Registry Event Notification Control Act" refFamiliarName="Master File / Registry Event Notification Ctrl Act" refIdentifier="MFMI_HD700700UV01"/></msgtype><msgtype identifier="MFMI_MT700702UV01" name="Master File / Registry Notification Control Act 2 Act Subject" familiarName="Master File / Reg. Notif Control Act, Act Subject" parent="MFMI_HD700700UV01-hmd" id="MFMI_MT700702UV01-msg" sortPrefix="01|99|99|NOTIFICATION CONTROL ACT 2 ACT SUBJECT" baseClass="MasterFileRegistry" ballotStatus="NormativeStandard" ballotNumber="1" lastEdit="2005-03-11T08:07:40"><msgextref role="tabular" ref="MFMI_MT700702UV01"/><hmdref role="parent" ref="MFMI_HD700700UV01-hmd" sectID="immfmi" sectType="SB" refName="Master File / Registry Event Notification Control Act" refFamiliarName="Master File / Registry Event Notification Ctrl Act" refIdentifier="MFMI_HD700700UV01"/></msgtype><msgtype identifier="MFMI_MT700711UV01" name="Master File / Registry Query Response Control Act 1 - Role Subject" familiarName="Master File / Registry Query Response,Role Subject" parent="MFMI_HD700710UV01-hmd" id="MFMI_MT700711UV01-msg" sortPrefix="01|99|99|QUERY RESPONSE CONTROL ACT 1 - ROLE SUBJECT" baseClass="MasterFileRegistry" ballotStatus="NormativeStandard" ballotNumber="1" lastEdit="2004-07-25T07:57:53"><msgextref role="tabular" ref="MFMI_MT700711UV01"/><hmdref role="parent" ref="MFMI_HD700710UV01-hmd" sectID="immfmi" sectType="SB" refName="Master File / Registry Query Response Control Act" refFamiliarName="Master File / Registry Query Response Control Act" refIdentifier="MFMI_HD700710UV01"/></msgtype><msgtype identifier="MFMI_MT700712UV01" name="Master File / Registry Query Response Control Act 2 - Act Subject" familiarName="Master File / Registry Query Response, Act Subject" parent="MFMI_HD700710UV01-hmd" id="MFMI_MT700712UV01-msg" sortPrefix="01|99|99|QUERY RESPONSE CONTROL ACT 2 - ACT SUBJECT" baseClass="MasterFileRegistry" ballotStatus="NormativeStandard" ballotNumber="1" lastEdit="2005-03-11T08:08:24"><msgextref role="tabular" ref="MFMI_MT700712UV01"/><hmdref role="parent" ref="MFMI_HD700710UV01-hmd" sectID="immfmi" sectType="SB" refName="Master File / Registry Query Response Control Act" refFamiliarName="Master File / Registry Query Response Control Act" refIdentifier="MFMI_HD700710UV01"/></msgtype></msgtypedivn></subdivn><indexdivn identifier="cindx-MFMI_DO000000UV" name="Common Message Elements Indexes" parent="MFMI_DO000000UV-ic" id="cindx-MFMI_DO000000UV-ic"><indexlist identifier="cindx-List-1" name="Common Message Elements Defined in this Domain" parent="cindx-MFMI_DO000000UV-ic" id="MFMI_DO000000UV-icc1id"/><indexlist identifier="cindx-List-2" name="Common Message Elements Used by this Domain" parent="cindx-MFMI_DO000000UV-ic" id="MFMI_DO000000UV-icc2id"/></indexdivn><indexdivn identifier="indx-MFMI_DO000000UV" name="Interaction Indexes" parent="MFMI_DO000000UV-ic" id="indx-MFMI_DO000000UV-ic"><indexlist identifier="indx-List-1" name="Interaction Index by Application Role" parent="indx-MFMI_DO000000UV-ic" id="MFMI_DO000000UV-ic1id"/><indexlist identifier="indx-List-2" name="Interaction Index by Trigger Event" parent="indx-MFMI_DO000000UV-ic" id="MFMI_DO000000UV-ic2id"/><indexlist identifier="indx-List-3" name="Interaction Index by Message Type" parent="indx-MFMI_DO000000UV-ic" id="MFMI_DO000000UV-ic3id"/></indexdivn></body></spec>

