<!-- $Id: mIntCategory.cls,v 1.4 2007/11/18 02:48:41 wbeeler Exp $ -->
<!--<!DOCTYPE spec PUBLIC "DTDVersion-4" "../../support/dtd/v3mDomain.dtd">-->
<spec id="PONU_DO000001UV-ic" sectionCode="HMPONU" lastEdit="2013-12-16T12:31:09" rendered="2014-04-18T16:52:27"><header><title>Domain: Nutrition Orders</title><version>V 00-00</version><ballot type="MixedContent" number="0"/><date>4/18/2014</date><authlist><author><role>Content Contributor</role><name key="01">Margaret Dittloff</name><affiliation>The CBORD Group, Inc.</affiliation><email xlink-form="simple" href="mkd@cbord.com" show="embed" actuate="auto">mkd@cbord.com</email></author><author><role>Content Contributor</role><name key="02">Elaine Ayres</name><affiliation>National Institutes of Health Clinical Center</affiliation><email xlink-form="simple" href="EAyres@cc.nih.gov" show="embed" actuate="auto">EAyres@cc.nih.gov</email></author><author><role>Modeling Facilitator</role><name key="03">Lorraine Constable</name><affiliation>Constable Consulting</affiliation><email xlink-form="simple" href="lorraine@constable.ca" show="embed" actuate="auto">lorraine@constable.ca</email></author><author><role>Modeling Facilitator</role><name key="04">Jean Duteau</name><affiliation>Duteau Design Inc</affiliation><email xlink-form="simple" href="jean@duteaudesign.com" show="embed" actuate="auto">jean@duteaudesign.com</email></author><author><role>Co-Chair</role><name key="05">Han Buitendijk</name><affiliation>Siemens Healthcare</affiliation><email xlink-form="simple" href="hans.buitendijk@siemens.com" show="embed" actuate="auto">hans.buitendijk@siemens.com</email></author><author><role>Co-Chair</role><name key="06">Robert Hausam</name><affiliation>Hausam Consulting</affiliation><email xlink-form="simple" href="rhausam@gmail.com" show="embed" actuate="auto">rhausam@gmail.com</email></author><author><role>Co-Chair</role><name key="07">Ken McCaslin</name><affiliation>Quest Diagnostics</affiliation><email xlink-form="simple" href="kenneth.h.mccaslin@guestdiagnostics.com" show="embed" actuate="auto">kenneth.h.mccaslin@guestdiagnostics.com</email></author><author><role>Co-Chair</role><name key="08">Lorraine Constable</name><affiliation>Constable Consulting</affiliation><email xlink-form="simple" href="lorraine@constable.ca" show="embed" actuate="auto">lorraine@constable.ca</email></author><author><role>Co-Chair</role><name key="09">Patrick Loyd</name><affiliation>Icode Solutions</affiliation><email xlink-form="simple" href="patrick.e.loyd@gmail.com" show="embed" actuate="auto">patrick.e.loyd@gmail.com</email></author></authlist><legalese copyRightDate="2014" copyRightOwner="Health Level Seven, Inc." copyRightNotation="All rights reserved." renderer="RoseTree 5.0.43" renderNotation="This document was rendered into XML using software provided to HL7 by Beeler Consulting LLC." contactEmail="HQ@HL7.org" contactName="HL7 Headquarters Staff" contactNote="Comments or questions about this document may be may be addressed to:"/></header><front><div1 id="DSTU_Notice"><head>HL7 Draft Standard for Trial Use</head><p>Publication of this draft standard for trial use and comment has been approved by Health Level Seven International (HL7). 
			This draft standard is not an accredited American National Standard.  The comment period for use of this draft standard shall end 
			24 months from the date of publication. Suggestions for revision
should be submitted at <loc href="http://www.hl7.org/dstucomments/index.cfm">//www.hl7.org/dstucomments/index.cfm</loc>.</p><p>Following this 24 month evaluation period, this draft standard, revised as necessary, will be submitted
to a normative ballot in preparation for approval by ANSI as an American National Standard.
Implementations of this draft standard shall be viable throughout the normative ballot process and for
up to six months after publication of the relevant normative standard.</p></div1><div1 id="prefNotes"><head>Notes to Readers</head><p>This topic is derived from the Diet and Nutrition Domain Analysis Model that completed balloting in May 2012.</p></div1><div1 id="IP_Compliance"><head>HL7 International Intellectual Property Compliance Policy</head><p><emph role="strong">IMPORTANT NOTES:</emph></p><p>HL7 licenses its standards and select IP free of charge. <emph role="strong">If you did not acquire a free license from HL7 for this document,</emph> you are not authorized to access or make any use of it.  
		To obtain a free license, please visit <loc href="http://www.HL7.org/implement/standards/index.cfm">http://www.HL7.org/implement/standards/index.cfm</loc>.</p><p><emph role="strong">If you are the individual that obtained the license for this HL7 Standard, specification or other freely licensed work (in each and every instance "Specified Material")</emph>, the 
		following describes the permitted uses of the Material.</p><list role="ordered"><item><emph role="strong">HL7 INDIVIDUAL, STUDENT AND HEALTH PROFESSIONAL MEMBERS</emph>, who register and agree to the terms of HL7's license, are authorized, without additional charge, to read, and to use Specified Material to develop and sell products and services that implement, but do not directly incorporate, the Specified Material in whole or in part without paying license fees to HL7.<br></br>

INDIVIDUAL, STUDENT AND HEALTH PROFESSIONAL MEMBERS wishing to incorporate additional items of Special Material in whole or part, into products and services, or to enjoy additional authorizations granted to HL7 ORGANIZATIONAL MEMBERS as noted below, must become ORGANIZATIONAL MEMBERS of HL7.
</item><item><emph role="strong">HL7 ORGANIZATION MEMBERS</emph>, who register and agree to the terms of HL7's License,  are authorized, without additional charge, on a perpetual (except as provided for in the full license terms governing the Material), non-exclusive and worldwide basis, the right to (a) download, copy (for internal purposes only) and share this Material with your employees and consultants for study purposes, and (b) utilize the Material for the purpose of developing, making, having made, using, marketing, importing, offering to sell or license, and selling or licensing, and to otherwise distribute, Compliant Products, in all cases subject to the conditions set forth in this Agreement and any relevant patent and other intellectual property rights of third parties (which may include members of HL7).   No other license, sublicense, or other rights of any kind are granted under this Agreement.</item><item><emph role="strong">NON-MEMBERS</emph>, who register and agree to the terms of HL7's IP policy for Specified Material, are authorized, without additional charge, to read and use the Specified Material for evaluating whether to implement, or in implementing, the Specified Material, and to use Specified Material to develop and sell products and services that implement, but do not directly incorporate, the Specified Material in whole or in part.  <br></br>

NON-MEMBERS wishing to incorporate additional items of Specified Material in whole or part, into products and services, or to enjoy the additional authorizations granted to HL7 ORGANIZATIONAL MEMBERS, as noted above, must become ORGANIZATIONAL MEMBERS of HL7.
</item></list><p>Please see <loc href="http://www.hl7.org/legal/ippolicy.cfm">http://www.hl7.org/legal/ippolicy.cfm</loc> for the full license terms governing the Material.</p></div1><div1 id="navigate-divs"><head>Message Design Element Navigation</head><artree role="NAVIGATE"><artreeitem><rmimref role="rmim" ref="PONU_RM000002UV-rmi" sectID="hmponu" sectType="SB" refName="Dietitian Consultation Request" refIdentifier="PONU_RM000002UV"/><artreeitem><hmdref role="hmd" ref="PONU_HD000002UV-hmd" sectID="hmponu" sectType="SB" refName="Dietitian Consultation Request" refIdentifier="PONU_HD000002UV"/><artreeitem><msgref role="msg" ref="PONU_MT000002UV-msg" sectID="hmponu" sectType="SB" refName="Dietitian Consultation Request" refIdentifier="PONU_MT000002UV"/></artreeitem></artreeitem></artreeitem><artreeitem><rmimref role="rmim" ref="PONU_RM000004UV-rmi" sectID="hmponu" sectType="SB" refName="Nutrition Order Query" refIdentifier="PONU_RM000004UV"/><artreeitem><hmdref role="hmd" ref="PONU_HD000004UV-hmd" sectID="hmponu" sectType="SB" refName="Nutrition Order Query" refIdentifier="PONU_HD000004UV"/><artreeitem><msgref role="msg" ref="PONU_MT000004UV-msg" sectID="hmponu" sectType="SB" refName="Nutriton Order Query" refIdentifier="PONU_MT000004UV"/></artreeitem></artreeitem></artreeitem><artreeitem><rmimref role="rmim" ref="PONU_RM000003UV-rmi" sectID="hmponu" sectType="SB" refName="Nutrition Order Query Response" refIdentifier="PONU_RM000003UV"/><artreeitem><hmdref role="hmd" ref="PONU_HD000003UV-hmd" sectID="hmponu" sectType="SB" refName="Nutrition Order Query Response" refIdentifier="PONU_HD000003UV"/><artreeitem><msgref role="msg" ref="PONU_MT000003UV-msg" sectID="hmponu" sectType="SB" refName="Nutrition Order Query Response" refIdentifier="PONU_MT000003UV"/></artreeitem></artreeitem></artreeitem><artreeitem><rmimref role="rmim" ref="PONU_RM000001UV-rmi" sectID="hmponu" sectType="SB" refName="Nutrition Order Request" refIdentifier="PONU_RM000001UV"/><artreeitem><hmdref role="hmd" ref="PONU_HD000001UV-hmd" sectID="hmponu" sectType="SB" refName="Nutrition Order Request" refIdentifier="PONU_HD000001UV"/><artreeitem><msgref role="msg" ref="PONU_MT000001UV-msg" sectID="hmponu" sectType="SB" refName="Nutrition Order Request" refIdentifier="PONU_MT000001UV"/></artreeitem></artreeitem></artreeitem></artree></div1></front><body><div1 id="intro-PONU_DO000001UV-ic"><head>Overview</head><div2 id="spec-scope" lastEdit="2012-11-18T16:52:10"><head>Introduction &amp; Scope</head><p><emph role="strong">Nutrition Orders Domain</emph></p><p>Computerized Food and Nutrition Management Systems (FNMS) used by Dietetics and Food &amp; Nutrition Services departments in hospitals and long-term care facilities depend on HL7 interfaces to exchange data with hospital information systems (HIS), electronic health record (EHR) systems, and computerized physician order entry (CPOE) systems. The core function of these interfaces is the electronic transmission and exchange of diet orders, enteral formula orders, and oral nutritional supplement orders, as well as food allergies, food intolerances, and food preference information required to provide patients or residents with nutritionally/culturally appropriate foods. The orders interface capabilities of different FNMS vary by vendor; the majority support uni-directional (one- way), inbound messages while some may support bi-directional interfaces. The procedure for acknowledging nutrition orders also varies among institutions; for instance, in some hospitals the diet order is verified by nursing prior to transmission to the FNMS.</p><p>Diet and oral nutritional supplement orders are an important part of the medical nutrition therapy. This coded information is used by FNMS to control and customize the foods that are offered and served to patients/residents as part of their plan of care. A hospital or long-term care facility's Food &amp; Nutrition Services department needs a diet order to notify the staff that a patient is able and allowed to eat. There are several types of nutrition orders which can be categorized as either oral diets (both general and therapeutic/mechanical), oral nutritional supplements, enteral nutrition (tube feedings), infant formulas, and meal service requests. These nutrition orders are combined with information on a patient's food allergies and intolerances, and ethnic or cultural food preferences to inform healthcare and Food &amp; Nutrition Services personnel about the type, texture, and/or quantity of foods that the patient should receive. The Academy of Nutrition and Dietetics (formerly the American Dietetic Association) defines a therapeutic diet as "a diet intervention ordered by a healthcare practitioner as part of the treatment for a disease or clinical condition manifesting an altered nutritional status, to eliminate, decrease, or increase certain substances in the diet (e.g., sodium, potassium)."
</p></div2></div1><dmimdivn identifier="dmims-PONU_DO000001UV" name="Domain Message Information Models" parent="PONU_DO000001UV-ic" id="dmims-PONU_DO000001UV-ic"><dmim identifier="PONU_DM000000UV" name="Nutrition Orders Event Create Domain" familiarName="Nutrition Order Domain Model" parent="PONU_DO000001UV-ic" id="PONU_DM000000UV-rmi" sortPrefix="01|20|04|DOMAIN" baseClass="NutritionOrders" lastEdit="2012-11-18T17:03:31"><diagref ref="PONU_DM000000UV.gif"/></dmim></dmimdivn><subdivn identifier="PONU_DO000001UV-NutritionOrders" name="Nutrition Orders Topic" familiarName="Nutrition Orders" parent="PONU_DO000001UV-ic" id="PONU_DO000001UV-NutritionOrders-ic" role="BC" sortPrefix="01" baseClass="Nutrition Orders"><descriptive identifier="intro-PONU_DO000001UV-NutritionOrders" name="Introduction" parent="PONU_DO000001UV-NutritionOrders-ic" id="intro-PONU_DO000001UV-NutritionOrders-ic" lastEdit="2013-01-31T20:17:19"><p><emph role="strong">Diet Order Walkthrough</emph></p><p>
A diet order may be comprised of one or more diet specifications (often called diet codes, modifications, or restrictions). Often a complete diet order consists of a single diet code such as "General Healthy/Standard" which is unrestricted in the amount or type of foods offered. Diet codes can govern foods in a number of ways. In some cases, such as a Gluten-free diet or a diet code representing a food allergy, certain foods are contraindicated. In other cases, the diet implies a recommended amount of one or more nutrients. Some diet codes can combine to make a single diet order. A 1500-kcal code and a 2-gram Sodium (NA2GM) code can coexist since they do not address the same nutrient. However, certain kinds of diet codes cannot be combined with other codes, such as NPO or NBM (Nil per Os/Nil by Mouth), which is a medical instruction to withhold oral foods and liquids for various reasons, or the specification of conflicting values for a given quantity of a nutrient (e.g., 1500 kcal and 2000 kcal). It is impossible to feed a patient at two different energy (kcal or kjoule) levels at the same time. Currently in most healthcare environments these constraints are not defined as separate attributes but rather are implied by the semantics of the diet codes used (Chapter 4: Order Entry Page 4-98 Health Level Seven, Version v2.5.1 ? 2007). Therefore, a patient can have only one effective oral diet at a time. An oral diet may be combined with oral nutritional supplements and/or enteral formula, and these interactions will be discussed more extensively in a later section of this document.
</p><p>
A recognized standard or controlled vocabulary for diet orders or diet codes does not currently exist. Each hospital or group currently defines a list of diet codes for use at their facility. However, moving forward the dietetics profession is seeking to define the diet codes and have these added to a controlled vocabulary. Most localized diet descriptions or codes can be categorized as requiring either qualitative adjustments such as texture modifications to assist a patient with chewing or swallowing disorders; or quantitative modifications to control the amount of certain nutrients per day.
</p><p>
Therapeutic nutrient-based diets are ordered in amounts per 24 hours and may then be arbitrarily divided up among multiple meals and/or between meal snacks according to the patient's typical eating behavior or the operational processes of each healthcare environment.
</p><p>
Oral nutritional supplements can also be ordered to help manage a problematic health condition such as a supplement for protein-calorie malnutrition provided between main meals to help the patient meet the daily nutrient totals for a diet. Orders for oral nutritional supplements will specify the product or type and amount of product-e.g., high-protein (n-grams protein per given volume measure) to be administered according to a schedule, such as twice daily between meals or at bedtime. Similarly, infant formula and enteral nutrition orders will also include information about the required formula and schedule for administration to the patient. Not all patients will have an order for oral nutritional supplements or enteral formula, but one or more of these may coexist with the order for the oral diet. In some instances, a patient may have no oral diet order or a hospital may send an oral diet code indicating "enteral/tube feeding only" when the patient is only receiving nutrition support.
</p><p>
Suggested diet taxonomy compiled by the Nutrition Care Process/Standardized Language committee of the Academy for Nutrition and Dietetics includes the following basic categories of diets:</p><list role="unordered"><item>Oral Diets
		<list role="unordered"><item>General/Healthful (to include age-appropriate modifications, e.g., toddler)</item><item>Allergy/Intolerance - to eliminate or limit foods with specific ingredients, e.g., Gluten-free</item><item>Texture/Consistency Modified</item><item>Quantitative Nutrient-based Modifications
				<list role="unordered"><item>Energy Modified</item><item>Carbohydrate Modified</item><item>Protein &amp; Amino Acid Modified</item><item>Fat and/or Cholesterol Modified</item><item>Fluid Modified (Restricting or limiting consumption of total fluids)</item><item>Mineral Modified (sodium, potassium, phosphorus, etc.)</item></list></item></list></item><item>Oral Nutritional Supplements
		<list role="unordered"><item>Ordered by Generic Description of Product Formulation, e.g., High Protein/2.0 Kcal formula</item><item>Ordered by Specific Product/Manufacturer ID</item></list></item><item>Enteral Nutrition (for tube feedings)</item><item>Infant formulas</item><item>Parenteral Nutrition (as these are generally pharmacy orders, they will not be addressed here)</item></list><p>
Diets are typically ordered by a physician (or other licensed practitioner) or in some cases by a dietitian with clinical privileges, delegated authority, or per established protocols. Diet orders should designate a start date/time for which the new diet order is to take effect. This start date/time may be a specific time (either now or in the future) that is used by Food &amp; Nutrition Services to determine what should be prepared for a designated meal or snack period. Under certain circumstances, a diet order may have a specified end date/time or expiration date/time. An expiration date/time might be included if the diet is part of a research protocol or required for certain medical procedures or tests. More often a diet order will have no end or stop date/time and will continue so the patient is fed according to the order instructions until that order is cancelled, revised, or replaced by a new order.
</p><p>
The intent of the proposed information model is to group these types of nutrition orders so that it is clear to clinicians ordering these components and Food &amp; Nutrition Services operators charged with preparing and providing the food, formula, and supplements exactly how these orders relate to each other. This will be presented as a set of basic
diet and nutrition order storyboards, use cases, and activity diagrams to describe the flow of information needed to begin to model nutrition order messages in HL7 version 3.
</p><p><emph role="strong">Diet Order Common Diet Elements</emph></p><p>
All nutrition orders share some common data elements including:</p><list role="unordered"><item>Patient name</item><item>Patient identifier</item><item>Prescriber</item><item>Patient location</item><item>Date/Time of order (time it was written)</item><item>Start Date/Time for the order</item><item>Expire Date/Time (optional)</item><item>Codes identifying the diet, food allergy/intolerance, oral nutritional supplement, infant and/or enteral formula product</item><item>Additional data elements are added for oral nutritional supplement, infant formulas, and enteral (tube feeding) orders (see details below)</item></list><p><emph role="strong">Nutrition Order Activity States</emph></p><p>
The activity state for oral diet orders is active when they are entered. The diet order has a requested start date/time. That start date/time may be in the future; however, the order is still considered active. This differs from a request for a Dietitian Consultation or service that goes to a scheduler to be confirmed; diet orders go in active and stay active until the order is modified or cancelled, or the patient is discharged.
</p><p>
There are several types of order actions that can be performed on a diet order. A diet may be ordered (activated), modified (revised), cancelled, suspended, or resumed. The suspend action and then resume (similar to hold/release) functionality is potentially very useful when meals are being held for procedures, but the users rarely employ these order actions. Suspended orders can also be problematic and may even become a patient safety concern, as much can change when a patient goes for a test or procedure. The same patient safety issue can apply to orders that rely on an order expiration date/time to make another order "effective" at a given date/time. For example, a diet that is "NPO" after Midnight (start time of 0001) could be set to expire or be cancelled 8 hours later, when the patient will presumably be back from their procedure. A better process is to explicitly cancel orders that should no longer be in effect, and activate another order.
</p><p>
Multiple active oral diet orders are a common problem in healthcare facilities. Users do not usually take it upon themselves to actively cancel diet orders. Some HER/CPOE systems support a duplicate order checking feature which checks for existing active orders for a given date/time and can present the clinician with the current and proposed diet order, to encourage them to cancel the current order, or prevent them from ordering the new one. Such systems will allow duplicate checking to be set to "reject"; that is when a new diet order is entered on top of a current one, the new order is cancelled, in practice this rarely happens.
</p><p>
Many existing implementations have protocols that call for an order progress. This is commonly ordered with a code "Advance as tolerated." This diet order is often seen for a patient recovering from surgery, treatment, or procedure. This practice is one we are seeking to eliminate as it is ambiguous. Rather than a diet order, this is actually an instruction to the nurse. Food &amp; Nutrition Services still requires a diet order that complies with institutional regulations.
</p></descriptive><storydivn identifier="sbs-PONU_DO000001UV-NutritionOrders" name="Storyboards" parent="PONU_DO000001UV-NutritionOrders-ic" id="sbs-PONU_DO000001UV-NutritionOrders-ic"><descriptive identifier="sstop-PONU_DO000001UV-NutritionOrders" name="Reference" parent="PONU_DO000001UV-NutritionOrders-ic" id="sstop-PONU_DO000001UV-NutritionOrders-ic"><p>For details on the interpretation of this section, see <xspecref spec="v3guide.htm" ref="v3gstory" alt="the storyboard discussion"/> in the Version 3 Guide.</p></descriptive><story identifier="PONU_ST001010UV" name="Nutrition Orders Create New" familiarName="Order New Diet" parent="PONU_DO000001UV-NutritionOrders-ic" id="PONU_ST001010UV-str" sortPrefix="01|CREATE NEW" baseClass="NutritionOrders" lastEdit="2012-11-28T12:42:18"><descriptive identifier="purp-PONU_ST001010UV" name="Purpose" parent="PONU_ST001010UV-str" id="purp-PONU_ST001010UV-str" role="purpose" lastEdit="2012-11-28T12:42:18"><p>
The purpose of this use case is to illustrate a physician or licensed healthcare practitioner ordering a diet in the patient record. This diet order information needs to be shared with other care providers and hospital departments that have specialized computer systems. Typically a physician will order a diet by selecting from a list of diet modification codes defined at each hospital facility. The addition of a diet order is the trigger event that will initiate meal service for a patient who is admitted to the hospital. Food &amp; Nutrition Services needs a diet order to notify them that a patient is able and allowed to eat. The order should designate a start date/time at which the new diet order is to take effect. This start date/ time may be a specific time (now or in the future) or meal. Upon receipt of the diet order information, Food &amp; Nutrition Services will prepare and serve diet-appropriate foods to the patient according to the facility's meal service policies. A diet order may have expiration or end date/time such as a special diet needed for a specific test, but this is not common.
</p></descriptive><descriptive identifier="PONU_SN001012UV" name="Nutrition Orders Adult Enteral Formula" familiarName="Order Enteral Formula Nutrition (Adult)" parent="PONU_ST001010UV-str" id="PONU_ST001010UV-PONU_SN001012UV-stex" role="storyExample" sortPrefix="01|CREATE NEW" baseClass="NutritionOrders" lastEdit="2013-03-10T21:23:52"><p>
Adam Everyman, a 55-year-old male motor vehicle accident victim with multiple rib fractures, major lung contusions, and haemothorax that has been drained, is admitted to the Intensive Care Unit of Good Health Hospital from the Emergency Department for ventilator support. A nasogastric enteral access device has been placed and radiograph (X-ray) has confirmed proper placement. The patient has been assessed as now hemodynamically stable enough to begin EN feedings while he awaits further surgery.
After consultation with Connie Chow, dietitian (or Healthcare Provider (PROV-RD)), a standard, polymeric enteral formula was selected from the hospital's established formulary, and a total energy target of 20-25 kcal per kg actual body weight with 1.2 - 1.5 grams protein per kg ideal body weight has been set. Aaron Attending designates a diet order of "NPO" (no oral food intake) and an EN order using Good Health Hospital's EN order set protocol that directs advancement of the feedings from initiation to the target goal rate within the CPOE system.<a href="../uvnu/uvnu_NutritionOrders.html#PONU_IN000001UV">(PONU_IN000001UV)</a></p><p>
The "NPO" oral diet code and EN orders are received electronically in the FNMS. Francis Formula verifies the orders received in the FNMS. She assembles and labels the required amount of EN products for transport to the unit. Upon receipt of the product at the unit, Nurse Nightingale verifies the formula against the EN orders and starts the EN order at the initial rate of 20 mL/hour following normal administration protocols such as water for flushing the tube, elevated head of bed, etc., recording the date and time the formula is spiked/hung on the product label and in the EHR system. After 4 hours, if there are no observed feeding complications or contraindications, Nurse Nightingale will increase the pump rate to 30 mL/hour and continue that process over the next 24 hours until the goal rate is achieved or the EN orders are modified.
</p></descriptive><descriptive identifier="PONU_SN001013UV" name="Nutrition Orders Pediatric Enteral Formula" familiarName="Order Infant Formula" parent="PONU_ST001010UV-str" id="PONU_ST001010UV-PONU_SN001013UV-stex" role="storyExample" sortPrefix="01|CREATE NEW" baseClass="NutritionOrders" lastEdit="2013-03-17T16:30:12"><p>
Kari Kidd is a 2-week-old infant in the Neonatal Intensive Care Unit (NICU) at Good Health Hospital who has colic and is not tolerating her standard infant formula. The pediatric dietitian, Connie Chow, has completed a nutrition assessment and has recommended a special formula for infants with colic due to protein sensitivity. She calculates the required caloric density and documents her recommendations in the EHR system. Dr. Bourne reviews the nutrition recommendations and enters an order for oral specialty infant formula for protein-sensitivity at caloric concentration of 24 kcal per ounce, specifying to offer oral feedings ad lib (at will) using Good Health Hospital'spediatric enteral nutrition order set form within the CPOE system. The new order <a href="../uvnu/uvnu_NutritionOrders.html#PONU_IN000001UV">(PONU_IN000001UV)</a> is sent to the FNMS via the interface. Francis Formula, the formula room technician, sends up a sixpack of the designated formula in 2 oz ready-to-feed bottles to Karen's room. 
</p></descriptive><descriptive identifier="PONU_SN001011UV" name="Nutrition Orders Unrestricted Diet" familiarName="Order New Diet - General/Healthful" parent="PONU_ST001010UV-str" id="PONU_ST001010UV-PONU_SN001011UV-stex" role="storyExample" sortPrefix="01|CREATE NEW" baseClass="NutritionOrders" lastEdit="2013-03-10T21:26:55"><p>
Adam Everyman, a 40-year old male with a fractured femur, is admitted to room 234 of GHH Inpatient (orthopedic) Unit at Good Health Hospital at 16:30. Adam Everyman tells Nurse Nancy Nightingale he is hungry and wants to know when he can eat. Dr. Aaron Attending assesses the patient and determines that he has no other medical conditions
or complications at this time. Dr. Aaron Attending enters a new diet order for a "General/Healthful" diet without any therapeutic modifications to start now (today at 16:30) and to continue with no end date/time specified into the CPOE system. The diet order information is electronically transmitted to the FNMS <a href="../uvnu/uvnu_NutritionOrders.html#PONU_IN000001UV">(PONU_IN000001UV)</a>which automatically acknowledges receipt of the order transaction today at 16:45 and updates the patient record for Adam Everyman. The FNMS matches the diet code for "General/Healthful" diet and sets the start time of that diet order as of today at 16:30, which will allow Adam Everyman to receive a dinner meal tray. Tracy Tally, a diet clerk in Food &amp; Nutrition Services, uses the FNMS to generate tray tickets for dinner. Foodservice trayline workers assemble a meal tray for Adam Everyman that includes food appropriate for General/Healthful dinner meal according to the department's meal service delivery schedule. Thomas Trayline, one of the foodservice workers, delivers a dinner meal tray to Adam Everyman.
</p></descriptive><diagref ref="PONU_ST001010UV.gif"/><intref ref="PONU_IN000001UV-int" sectID="hmponu" sectType="SB" refName="Nutrition Orders Order Create Notification" refFamiliarName="Create Nutrition Order Notification" refIdentifier="PONU_IN000001UV" sequence="1"/></story><story identifier="PONU_ST001030UV" name="Nutrition Orders Modify Diet" familiarName="Modify Existing Diet" parent="PONU_DO000001UV-NutritionOrders-ic" id="PONU_ST001030UV-str" sortPrefix="01|MODIFY DIET" baseClass="NutritionOrders" lastEdit="2012-11-28T12:54:06"><descriptive identifier="purp-PONU_ST001030UV" name="Purpose" parent="PONU_ST001030UV-str" id="purp-PONU_ST001030UV-str" role="purpose" lastEdit="2012-11-28T12:54:06"><p>
The purpose of this use case is to allow modification of an existing diet.
</p></descriptive><descriptive identifier="PONU_SN001031UV" name="Nutrition Orders Oral Supplement" familiarName="Order Oral Nutritional Supplement" parent="PONU_ST001030UV-str" id="PONU_ST001030UV-PONU_SN001031UV-stex" role="storyExample" sortPrefix="01|MODIFY DIET" baseClass="NutritionOrders" lastEdit="2013-03-17T16:36:07"><p>
Adam Everyman is admitted to Good Health Hospital with second degree burns. Connie Chow, the dietitian (or Healthcare Provider (PROV-RD)), completes a nutrition assessment of Mr. Everyman. A high-calorie diet is ordered but Connie notes that the patient is still not consuming adequate calories for his condition. She enters a nutrition diagnosis of "Inadequate energy intake" into the EHR system. Connie confers with Rachel Resident, and they agree that an oral nutritional supplement should be provided to Adam Everyman.
</p><p>
Rachel Resident enters an oral nutritional supplement order into the EHR system. The order contains the following information:</p><list role="ordered"><item>Patient name</item><item>Patient identifier</item><item>Prescriber</item><item>Patient location</item><item>Date/Time of order</item><item>The name of the oral nutritional supplement (commercially prepared or facility prepared) or the desired nutrient composition of the supplement</item><item>Quantity and unit of measure per administration</item><item>Start date/time</item><item>Stop date/time</item><item>Frequency (e.g., number of times per day and/or list of meals/nourishment
periods)</item></list><p>The order is then electronically passed from the EHR system to the FNMS. The FNMS acknowledges receipt of the order.  (NOTE: This is done via a combination of a Cancel Order<a href="../uvnu/uvnu_NutritionOrders.html#PONU_IN000002UV">(PONU_IN000002UV)</a> and a new Create Order <a href="../uvnu/uvnu_NutritionOrders.html#PONU_IN000001UV">(PONU_IN000001UV)</a>.) The FNMS places the new order information into its patient record. The dietitian reviews the order to ensure it is accurate and appropriate, or the FNMS has the ability to determine if the supplement is appropriate based on other diet orders. Tracy Tally, the diet clerk, then utilizes the FNMS to issue the desired oral nutritional supplement from inventory (or preparation instructions) and generates a delivery ticket and/or label to accompany the supplement. Once a delivery ticket or label is generated and the product has been delivered to Mr. Everyman or his unit, the FNMS may send an  electronic message to the EHR system to complete the order with the following information:</p><list role="ordered"><item>Patient name</item><item>Patient identifier</item><item>Date/Time of order fulfillment</item><item>The name of the oral nutritional supplement provided</item></list><p>Adam Everyman receives his oral nutritional supplement at the designated time and amount.
</p></descriptive><descriptive identifier="PONU_SN001032UV" name="Nutrition Orders Request Special Service" familiarName="Order Meal / Special Service Designation" parent="PONU_ST001030UV-str" id="PONU_ST001030UV-PONU_SN001032UV-stex" role="storyExample" sortPrefix="01|MODIFY DIET" baseClass="NutritionOrders" lastEdit="2013-03-17T16:37:31"><p>
Adam Everyman has a confirmed C difficile infection. Aaron Attending writes an order for an isolation precaution level which requires disposable dishware and eating utensils per Good Health Hospital's Procedure Manual for Infection Control. Ellen Enter transcribes the order into the EHR system, entering an "Isolation Tray" special meal service request, with no expiration date. Once entered, this order is sent via interface to the FNMS where it automatically updates the patient record. (NOTE: This is done via a combination of a Cancel Order<a href="../uvnu/uvnu_NutritionOrders.html#PONU_IN000002UV">(PONU_IN000002UV)</a> and a new Create Order <a href="../uvnu/uvnu_NutritionOrders.html#PONU_IN000001UV">(PONU_IN000001UV)</a>.) 
</p><p>
As the next meal approaches, Tracy Tally uses the FNMS to generate tray tickets for that meal. Adam Everyman's tray ticket includes an "Isolation Tray" notice. Thomas Trayline and his co-workers who assemble and deliver patient trays are alerted that Adam's tray requires special handling per the hospital's infection control procedures, which may require using disposable dishes and eating utensils. Adam receives his tray, and the staff follows the appropriate procedures when delivering and clearing Adam's tray.
</p></descriptive><diagref ref="PONU_ST001030UV.gif"/></story><story identifier="PONU_ST001020UV" name="Nutrition Orders Request Consult" familiarName="Order Nutrition Consult" parent="PONU_DO000001UV-NutritionOrders-ic" id="PONU_ST001020UV-str" sortPrefix="01|REQUEST CONSULT" baseClass="NutritionOrders" lastEdit="2013-01-31T20:49:44"><descriptive identifier="purp-PONU_ST001020UV" name="Purpose" parent="PONU_ST001020UV-str" id="purp-PONU_ST001020UV-str" role="purpose" lastEdit="2013-01-31T20:49:44"><p>
The purpose of this use case is to place an order request for a Dietitian Consultation on a hospital patient and the subsequent fulfillment of that order request.
</p></descriptive><descriptive identifier="PONU_SN001021UV" name="Nutrition Orders Request Consult" familiarName="Order Nutrition Consult" parent="PONU_ST001020UV-str" id="PONU_ST001020UV-PONU_SN001021UV-stex" role="storyExample" sortPrefix="01|REQUEST CONSULT" baseClass="NutritionOrders" lastEdit="2013-03-10T21:31:17"><p>
Adam Everyman, a cancer patient who has experienced significant weight loss since beginning chemotherapy, is admitted to the Oncology Unit at Good Health Hospital. He is currently on a "General/Healthy" oral diet. Rachel Resident writes an order for a Dietitian Consultation in the electronic health record (EHR) system which includes her electronic signature and a date/time stamp. The Dietitian Consultation order request updates the dietitian task list within the EHR system and/or it may be communicated through the EHR system to Food &amp; Nutrition Services via an electronic interface to the FNMS.<a href="../uvnu/uvnu_NutritionOrders.html#PONU_IN000003UV">(PONU_IN000003UV)</a> Food &amp; Nutrition Services contacts Connie Chow, the dietitian responsible for the oncology unit, and communicates the details of the Dietitian Consultation order. Connie completes the requested service by conducting a nutrition assessment, and then documents the nutrition problem/nutrition diagnosis and the recommended nutrition interventions in the nutrition care plan area within the EHR system which automatically includes her electronic signature, date, and time. Rachel Resident reviews the nutrition recommendations and concurs, so she modifies Adam's current nutrition orders in the EHR system.
</p></descriptive><diagref ref="PONU_ST001020UV.gif"/><intref ref="PONU_IN000003UV-int" sectID="hmponu" sectType="SB" refName="Nutrition Orders Request Create Notification" refFamiliarName="Dietitian Consultation Notification" refIdentifier="PONU_IN000003UV" sequence="1"/></story><story identifier="PONU_ST001040UV" name="Nutrition Orders Request Npo Diet" familiarName="Order NPO Diet" parent="PONU_DO000001UV-NutritionOrders-ic" id="PONU_ST001040UV-str" sortPrefix="01|REQUEST NPO DIET" baseClass="NutritionOrders" lastEdit="2013-03-17T16:37:41"><descriptive identifier="purp-PONU_ST001040UV" name="Purpose" parent="PONU_ST001040UV-str" id="purp-PONU_ST001040UV-str" role="purpose" lastEdit="2013-03-17T16:37:41"><p>
The purpose of this use case is to describe the situation where a patient's diet order must be changed to "NPO" (nil per os) or "NBM" (nothing by mouth) to indicate that the patient is not allowed to eat or drink anything for a specified period of time. This condition is often ordered in preparation for medical tests that will be conducted or prior to scheduled surgery. For patient safety reasons, this scenario relies on entry of a separate, new diet order once the tests are completed, indicating to Food &amp; Nutrition Services that the patient may resume eating rather than modeling this using an order with an explicit expiration date/time. To accommodate the transition, the physician or licensed practitioner may enter a set of sequenced orders in advance that can be put in a "held" state until they are released. The release of held diet orders would typically be completed manually by nursing as the method of notifying Food &amp; Nutrition Services that the tests have been completed and the patient is once again allowed to eat. Some CPOE/EHR systems may be able to queue these orders and generate alerts for nursing to review/release them as the scheduled date/time arrives.
</p></descriptive><descriptive identifier="PONU_SN001041UV" name="Nutrition Orders Request Npo Diet" familiarName="Order NPO Diet" parent="PONU_ST001040UV-str" id="PONU_ST001040UV-PONU_SN001041UV-stex" role="storyExample" sortPrefix="01|REQUEST NPO DIET" baseClass="NutritionOrders" lastEdit="2013-03-17T16:38:45"><p>
Admitted patient, Adam Everyman, is transferred to the cardiac unit of the hospital and has an active diet order for a "General/Healthful" diet. Dr. Harold Hippocrates orders lab tests (e.g., Lipid Profile) for tomorrow at 0600 that requires a fasting state, so he cancels <a href="../uvnu/uvnu_NutritionOrders.html#PONU_IN000002UV">(PONU_IN000002UV)</a>  the current "General/Healthful" diet and enters two new orders - (1) "NPO for Tests" with a start time of 0001, and (2) "General/Healthful" with a start date time of tomorrow at 0700. He places the second order on hold and he authorizes nursing to release the held order after the lab tests are completed. The new order for NPO is transmitted to the FNMS.<a href="../uvnu/uvnu_NutritionOrders.html#PONU_IN000001UV">(PONU_IN000001UV)</a> Held orders typically are not sent to the FNMS until they are released by the hospital information system or interface engine. FNMS automatically acknowledges the new NPO diet order electronically (e.g., sends an ACK message to the CPOE sending system), and the FNMS patient record for Adam Everyman is updated to reflect receipt of the NPO order. Adam is not allowed to order any additional food or beverages after the last meal/snack period of the day (nothing after midnight) per the "NPO for Tests" diet order.
</p><p>
In the morning, the blood draw for the lab is delayed, so Adam is not allowed to order food until nursing verifies that the test is completed and releases the held diet order for the "General/Healthful" diet. For safety reasons, food and nutrition professionals responsible for patient meals do not want more than one effective oral diet at a time and prefer that orders do not rely on an expire time as the sole way of determining that related orders or activities have been completed. Adam's blood is drawn by the lab tech at 0735 and he tells his nurse, Nancy Nightingale, that he is hungry. Nancy accesses the CPOE system and releases the "Held" diet order, effective immediately.<a href="../uvnu/uvnu_NutritionOrders.html#PONU_IN000001UV">(PONU_IN000001UV)</a> FNMS receives the new diet order for "General/Healthful" diet so Adam is once again allowed to order/receive meals. Since Good Health Hospital's Food &amp; Nutrition Services operates a hotel-style room service meal program, Adam calls in his order and his breakfast tray is prepared and delivered to his room.
</p></descriptive><diagref ref="PONU_ST001040UV.gif"/><intref ref="PONU_IN000002UV-int" sectID="hmponu" sectType="SB" refName="Nutrition Orders Order Cancel Notification" refFamiliarName="Cancel Nutrition Order Notification" refIdentifier="PONU_IN000002UV" sequence="1"/><intref ref="PONU_IN000001UV-int" sectID="hmponu" sectType="SB" refName="Nutrition Orders Order Create Notification" refFamiliarName="Create Nutrition Order Notification" refIdentifier="PONU_IN000001UV" sequence="2"/></story></storydivn><approledivn identifier="roles-PONU_DO000001UV-NutritionOrders" name="Application Roles" parent="PONU_DO000001UV-NutritionOrders-ic" id="roles-PONU_DO000001UV-NutritionOrders-ic"><descriptive identifier="arop-PONU_DO000001UV-NutritionOrders" name="Reference" parent="PONU_DO000001UV-NutritionOrders-ic" id="arop-PONU_DO000001UV-NutritionOrders-ic"><p>For details on the interpretation of this section, see <xspecref spec="v3guide.htm" ref="v3gapprole" alt="the discussion of application roles"/> and their relationships in the Version 3 Guide.</p></descriptive><artree><artreeitem><arref role="included" ref="PONU_AR000001UV-ar" sectID="hmponu" sectType="SB" refName="Nutrition Orders Order Creator Placer" refFamiliarName="Electronic Order System" refIdentifier="PONU_AR000001UV"/></artreeitem><artreeitem><arref role="included" ref="PONU_AR000002UV-ar" sectID="hmponu" sectType="SB" refName="Nutrition Orders Order Fulfiller" refFamiliarName="Food &amp; Nutrition Management System" refIdentifier="PONU_AR000002UV"/></artreeitem></artree><approle identifier="PONU_AR000001UV" name="Nutrition Orders Order Creator Placer" familiarName="Electronic Order System" parent="PONU_DO000001UV-NutritionOrders-ic" id="PONU_AR000001UV-ar" sortPrefix="01|11|15|05|" baseClass="NutritionOrders" hidden="no" lastEdit="2012-11-18T17:00:38"><descriptive identifier="desc-PONU_AR000001UV" name="Description" parent="PONU_AR000001UV-ar" id="desc-PONU_AR000001UV-ar" lastEdit="2012-11-18T17:00:38"><p>
A system that has the ability to electronically place nutrition orders.
</p></descriptive><intref role="sends" ref="PONU_IN000001UV-int" sectID="hmponu" sectType="SB" refName="Nutrition Orders Order Create Notification" refFamiliarName="Create Nutrition Order Notification" refIdentifier="PONU_IN000001UV"/><intref role="sends" ref="PONU_IN000002UV-int" sectID="hmponu" sectType="SB" refName="Nutrition Orders Order Cancel Notification" refFamiliarName="Cancel Nutrition Order Notification" refIdentifier="PONU_IN000002UV"/><intref role="sends" ref="PONU_IN000003UV-int" sectID="hmponu" sectType="SB" refName="Nutrition Orders Request Create Notification" refFamiliarName="Dietitian Consultation Notification" refIdentifier="PONU_IN000003UV"/><intref role="sends" ref="PONU_IN000004UV-int" sectID="hmponu" sectType="SB" refName="Nutrition Orders Request Query" refFamiliarName="Nutrition Order Query" refIdentifier="PONU_IN000004UV"/><intref role="receives" ref="PONU_IN000005UV-int" sectID="hmponu" sectType="SB" refName="Nutrition Orders Request Query Response" refFamiliarName="Nutrition Order Query Response" refIdentifier="PONU_IN000005UV"/></approle><approle identifier="PONU_AR000002UV" name="Nutrition Orders Order Fulfiller" familiarName="Food &amp; Nutrition Management System" parent="PONU_DO000001UV-NutritionOrders-ic" id="PONU_AR000002UV-ar" sortPrefix="01|11|99|10|" baseClass="NutritionOrders" hidden="no" lastEdit="2012-11-18T17:00:41"><descriptive identifier="desc-PONU_AR000002UV" name="Description" parent="PONU_AR000002UV-ar" id="desc-PONU_AR000002UV-ar" lastEdit="2012-11-18T17:00:41"><p>
A system that receives nutrition orders and stores the information into a personal health record.
</p></descriptive><intref role="sends" ref="PONU_IN000005UV-int" sectID="hmponu" sectType="SB" refName="Nutrition Orders Request Query Response" refFamiliarName="Nutrition Order Query Response" refIdentifier="PONU_IN000005UV"/><intref role="receives" ref="PONU_IN000001UV-int" sectID="hmponu" sectType="SB" refName="Nutrition Orders Order Create Notification" refFamiliarName="Create Nutrition Order Notification" refIdentifier="PONU_IN000001UV"/><intref role="receives" ref="PONU_IN000002UV-int" sectID="hmponu" sectType="SB" refName="Nutrition Orders Order Cancel Notification" refFamiliarName="Cancel Nutrition Order Notification" refIdentifier="PONU_IN000002UV"/><intref role="receives" ref="PONU_IN000003UV-int" sectID="hmponu" sectType="SB" refName="Nutrition Orders Request Create Notification" refFamiliarName="Dietitian Consultation Notification" refIdentifier="PONU_IN000003UV"/><intref role="receives" ref="PONU_IN000004UV-int" sectID="hmponu" sectType="SB" refName="Nutrition Orders Request Query" refFamiliarName="Nutrition Order Query" refIdentifier="PONU_IN000004UV"/></approle></approledivn><triggerdivn identifier="tes-PONU_DO000001UV-NutritionOrders" name="Trigger Events" parent="PONU_DO000001UV-NutritionOrders-ic" id="tes-PONU_DO000001UV-NutritionOrders-ic"><descriptive identifier="teop-PONU_DO000001UV-NutritionOrders" name="Reference" parent="PONU_DO000001UV-NutritionOrders-ic" id="teop-PONU_DO000001UV-NutritionOrders-ic"><p>For details on the interpretation of this section, see <xspecref spec="v3guide.htm" ref="v3gtrigger" alt="the discussion of trigger events"/> in the Version 3 Guide.</p></descriptive><trigger identifier="PONU_TE000004UV" name="Nutrition Orders Request Query" familiarName="Nutrition Order Query" parent="PONU_DO000001UV-NutritionOrders-ic" id="PONU_TE000004UV-te" role="User request" sortPrefix="01|10|99||05|" baseClass="NutritionOrders" lastEdit="2012-11-29T13:47:55"><descriptive identifier="desc-PONU_TE000004UV" name="Description" parent="PONU_TE000004UV-te" id="desc-PONU_TE000004UV-te" lastEdit="2012-11-29T13:47:55"><p>
A query for nutrition orders.
</p></descriptive><intref role="fires" ref="PONU_IN000004UV-int" sectID="hmponu" sectType="SB" refName="Nutrition Orders Request Query" refFamiliarName="Nutrition Order Query" refIdentifier="PONU_IN000004UV"/></trigger><trigger identifier="PONU_TE000005UV" name="Nutrition Orders Request Query Response" familiarName="Nutrition Order Query Response" parent="PONU_DO000001UV-NutritionOrders-ic" id="PONU_TE000005UV-te" role="Interaction based" sortPrefix="01|10|99||10|" baseClass="NutritionOrders" lastEdit="2012-11-29T13:48:53"><descriptive identifier="desc-PONU_TE000005UV" name="Description" parent="PONU_TE000005UV-te" id="desc-PONU_TE000005UV-te" lastEdit="2012-11-29T13:48:53"><p>
Returning a set of nutrition orders that match the given criteria.
</p></descriptive><intref role="fires" ref="PONU_IN000005UV-int" sectID="hmponu" sectType="SB" refName="Nutrition Orders Request Query Response" refFamiliarName="Nutrition Order Query Response" refIdentifier="PONU_IN000005UV"/></trigger><trigger identifier="PONU_TE000001UV" name="Nutrition Orders Order Create" familiarName="Create Nutrition Order" parent="PONU_DO000001UV-NutritionOrders-ic" id="PONU_TE000001UV-te" role="User request" sortPrefix="01|11|04||99|" baseClass="NutritionOrders" lastEdit="2012-11-18T17:01:01"><descriptive identifier="desc-PONU_TE000001UV" name="Description" parent="PONU_TE000001UV-te" id="desc-PONU_TE000001UV-te" lastEdit="2012-11-18T17:01:01"><p>
A decision to create a nutrition order.
</p></descriptive><intref role="fires" ref="PONU_IN000001UV-int" sectID="hmponu" sectType="SB" refName="Nutrition Orders Order Create Notification" refFamiliarName="Create Nutrition Order Notification" refIdentifier="PONU_IN000001UV"/></trigger><trigger identifier="PONU_TE000003UV" name="Nutrition Orders Order New Notification" familiarName="Request Dietitian Consultation" parent="PONU_DO000001UV-NutritionOrders-ic" id="PONU_TE000003UV-te" role="User request" sortPrefix="01|11|05||05|" baseClass="NutritionOrders" lastEdit="2013-01-31T20:38:36"><descriptive identifier="desc-PONU_TE000003UV" name="Description" parent="PONU_TE000003UV-te" id="desc-PONU_TE000003UV-te" lastEdit="2013-01-31T20:38:36"><p>
A request for a consultation from a dietitian. 
</p></descriptive><intref role="fires" ref="PONU_IN000003UV-int" sectID="hmponu" sectType="SB" refName="Nutrition Orders Request Create Notification" refFamiliarName="Dietitian Consultation Notification" refIdentifier="PONU_IN000003UV"/></trigger><trigger identifier="PONU_TE000002UV" name="Nutrition Orders Order Cancel" familiarName="Cancel Nutrition Order" parent="PONU_DO000001UV-NutritionOrders-ic" id="PONU_TE000002UV-te" role="User request" sortPrefix="01|11|10||99|" baseClass="NutritionOrders" lastEdit="2012-11-18T17:01:06"><descriptive identifier="desc-PONU_TE000002UV" name="Description" parent="PONU_TE000002UV-te" id="desc-PONU_TE000002UV-te" lastEdit="2012-11-18T17:01:06"><p>
A decision to cancel a nutrition order.
</p></descriptive><intref role="fires" ref="PONU_IN000002UV-int" sectID="hmponu" sectType="SB" refName="Nutrition Orders Order Cancel Notification" refFamiliarName="Cancel Nutrition Order Notification" refIdentifier="PONU_IN000002UV"/></trigger></triggerdivn><rmimdivn identifier="rmims-PONU_DO000001UV-NutritionOrders" name="Refined Message Information Models" parent="PONU_DO000001UV-NutritionOrders-ic" id="rmims-PONU_DO000001UV-NutritionOrders-ic"><descriptive identifier="rmop-PONU_DO000001UV-NutritionOrders" name="Reference" parent="PONU_DO000001UV-NutritionOrders-ic" id="rmop-PONU_DO000001UV-NutritionOrders-ic"><p>For details on the interpretation of this section, see <xspecref spec="v3guide.htm" ref="v3grmim" alt="the description of RMIMs"/> in the Version 3 Guide.</p></descriptive><rmim identifier="PONU_RM000002UV" name="Nutrition Orders Request Create" familiarName="Dietitian Consultation Request" parent="PONU_DO000001UV-NutritionOrders-ic" id="PONU_RM000002UV-rmi" sortPrefix="01|10|04|" baseClass="NutritionOrders" lastEdit="2012-11-20T16:56:08"><rmimref role="parent" ref="PONU_DM000000UV-rmi" sectID="hmponu" sectType="SB" refName="Nutrition Orders Event Create Domain" refFamiliarName="Nutrition Order Domain Model" refIdentifier="PONU_DM000000UV"/><diagref ref="PONU_RM000002UV.gif"/><hmdref role="containedHMD" ref="PONU_HD000002UV-hmd" sectID="hmponu" sectType="SB" refName="Nutrition Orders Request Create" refFamiliarName="Dietitian Consultation Request" refIdentifier="PONU_HD000002UV"/></rmim><rmim identifier="PONU_RM000004UV" name="Nutrition Orders Request Query" familiarName="Nutrition Order Query" parent="PONU_DO000001UV-NutritionOrders-ic" id="PONU_RM000004UV-rmi" sortPrefix="01|10|99|QUERY" baseClass="NutritionOrders" lastEdit="2012-11-29T13:51:22"><diagref ref="PONU_RM000004UV.gif"/><hmdref role="containedHMD" ref="PONU_HD000004UV-hmd" sectID="hmponu" sectType="SB" refName="Nutrition Orders Request Query" refFamiliarName="Nutrition Order Query" refIdentifier="PONU_HD000004UV"/></rmim><rmim identifier="PONU_RM000003UV" name="Nutrition Orders Request Query Response" familiarName="Nutrition Order Query Response" parent="PONU_DO000001UV-NutritionOrders-ic" id="PONU_RM000003UV-rmi" sortPrefix="01|10|99|QUERY RESPONSE" baseClass="NutritionOrders" lastEdit="2012-11-29T13:49:51"><rmimref role="parent" ref="PONU_DM000000UV-rmi" sectID="hmponu" sectType="SB" refName="Nutrition Orders Event Create Domain" refFamiliarName="Nutrition Order Domain Model" refIdentifier="PONU_DM000000UV"/><diagref ref="PONU_RM000003UV.gif"/><hmdref role="containedHMD" ref="PONU_HD000003UV-hmd" sectID="hmponu" sectType="SB" refName="Nutrition Orders Request Query Response" refFamiliarName="Nutrition Order Query Response" refIdentifier="PONU_HD000003UV"/></rmim><rmim identifier="PONU_RM000001UV" name="Nutrition Orders Order Create" familiarName="Nutrition Order Request" parent="PONU_DO000001UV-NutritionOrders-ic" id="PONU_RM000001UV-rmi" sortPrefix="01|11|04|" baseClass="NutritionOrders" lastEdit="2012-11-20T16:56:23"><rmimref role="parent" ref="PONU_DM000000UV-rmi" sectID="hmponu" sectType="SB" refName="Nutrition Orders Event Create Domain" refFamiliarName="Nutrition Order Domain Model" refIdentifier="PONU_DM000000UV"/><diagref ref="PONU_RM000001UV.gif"/><hmdref role="containedHMD" ref="PONU_HD000001UV-hmd" sectID="hmponu" sectType="SB" refName="Nutrition Orders Order Create" refFamiliarName="Nutrition Order Request" refIdentifier="PONU_HD000001UV"/></rmim></rmimdivn><hmddivn identifier="hmds-PONU_DO000001UV-NutritionOrders" name="Hierarchical Message Descriptions" parent="PONU_DO000001UV-NutritionOrders-ic" id="hmds-PONU_DO000001UV-NutritionOrders-ic"><descriptive identifier="hdop-PONU_DO000001UV-NutritionOrders" name="Reference" parent="PONU_DO000001UV-NutritionOrders-ic" id="hdop-PONU_DO000001UV-NutritionOrders-ic"><p>For details on the interpretation of this section, see <xspecref spec="v3guide.htm" ref="v3ghmd" alt="the description of HMDs"/> in the Version 3 Guide.</p></descriptive><hmd identifier="PONU_HD000002UV" name="Nutrition Orders Request Create" familiarName="Dietitian Consultation Request" parent="PONU_RM000002UV-rmi" id="PONU_HD000002UV-hmd" sortPrefix="01|10|04|" baseClass="NutritionOrders" lastEdit="2012-11-18T17:04:05"><hmdextref role="tabular" ref="PONU_HD000002UV"/><rmimref role="parent" ref="PONU_RM000002UV-rmi" sectID="hmponu" sectType="SB" refName="Nutrition Orders Request Create" refFamiliarName="Dietitian Consultation Request" refIdentifier="PONU_RM000002UV"/><msgref role="definedMsgType" ref="PONU_MT000002UV-msg" sectID="hmponu" sectType="SB" refName="Nutrition Orders Request Create" refFamiliarName="Dietitian Consultation Request" refIdentifier="PONU_MT000002UV"/></hmd><hmd identifier="PONU_HD000004UV" name="Nutrition Orders Request Query" familiarName="Nutrition Order Query" parent="PONU_RM000004UV-rmi" id="PONU_HD000004UV-hmd" sortPrefix="01|10|99|QUERY" baseClass="NutritionOrders" lastEdit="2012-11-29T13:51:49"><hmdextref role="tabular" ref="PONU_HD000004UV"/><rmimref role="parent" ref="PONU_RM000004UV-rmi" sectID="hmponu" sectType="SB" refName="Nutrition Orders Request Query" refFamiliarName="Nutrition Order Query" refIdentifier="PONU_RM000004UV"/><msgref role="definedMsgType" ref="PONU_MT000004UV-msg" sectID="hmponu" sectType="SB" refName="Nutrition Orders Request Query" refFamiliarName="Nutriton Order Query" refIdentifier="PONU_MT000004UV"/></hmd><hmd identifier="PONU_HD000003UV" name="Nutrition Orders Request Query Response" familiarName="Nutrition Order Query Response" parent="PONU_RM000003UV-rmi" id="PONU_HD000003UV-hmd" sortPrefix="01|10|99|QUERY RESPONSE" baseClass="NutritionOrders" lastEdit="2012-11-29T13:50:26"><hmdextref role="tabular" ref="PONU_HD000003UV"/><rmimref role="parent" ref="PONU_RM000003UV-rmi" sectID="hmponu" sectType="SB" refName="Nutrition Orders Request Query Response" refFamiliarName="Nutrition Order Query Response" refIdentifier="PONU_RM000003UV"/><msgref role="definedMsgType" ref="PONU_MT000003UV-msg" sectID="hmponu" sectType="SB" refName="Nutrition Orders Request Query Response" refFamiliarName="Nutrition Order Query Response" refIdentifier="PONU_MT000003UV"/></hmd><hmd identifier="PONU_HD000001UV" name="Nutrition Orders Order Create" familiarName="Nutrition Order Request" parent="PONU_RM000001UV-rmi" id="PONU_HD000001UV-hmd" sortPrefix="01|11|04|" baseClass="NutritionOrders" lastEdit="2012-11-18T17:03:50"><descriptive identifier="desc-PONU_HD000001UV" name="Description" parent="PONU_HD000001UV-hmd" id="desc-PONU_HD000001UV-hmd" lastEdit="2012-11-18T17:03:50"><p>
The payload that conveys the details of the nutrition orders.
</p></descriptive><hmdextref role="tabular" ref="PONU_HD000001UV"/><rmimref role="parent" ref="PONU_RM000001UV-rmi" sectID="hmponu" sectType="SB" refName="Nutrition Orders Order Create" refFamiliarName="Nutrition Order Request" refIdentifier="PONU_RM000001UV"/><msgref role="definedMsgType" ref="PONU_MT000001UV-msg" sectID="hmponu" sectType="SB" refName="Nutrition Orders Order Create" refFamiliarName="Nutrition Order Request" refIdentifier="PONU_MT000001UV"/></hmd></hmddivn><msgtypedivn identifier="msgs-PONU_DO000001UV-NutritionOrders" name="Message Type Definitions" parent="PONU_DO000001UV-NutritionOrders-ic" id="msgs-PONU_DO000001UV-NutritionOrders-ic"><msgtype identifier="PONU_MT000002UV" name="Nutrition Orders Request Create" familiarName="Dietitian Consultation Request" parent="PONU_HD000002UV-hmd" id="PONU_MT000002UV-msg" sortPrefix="01|10|04|" baseClass="NutritionOrders" lastEdit="2012-11-18T17:04:09"><msgextref role="tabular" ref="PONU_MT000002UV"/><hmdref role="parent" ref="PONU_HD000002UV-hmd" sectID="hmponu" sectType="SB" refName="Nutrition Orders Request Create" refFamiliarName="Dietitian Consultation Request" refIdentifier="PONU_HD000002UV"/><intref role="sentIn" ref="PONU_IN000003UV-int" sectID="hmponu" sectType="SB" refName="Nutrition Orders Request Create Notification" refFamiliarName="Dietitian Consultation Notification" refIdentifier="PONU_IN000003UV"/></msgtype><msgtype identifier="PONU_MT000004UV" name="Nutrition Orders Request Query" familiarName="Nutriton Order Query" parent="PONU_HD000004UV-hmd" id="PONU_MT000004UV-msg" sortPrefix="01|10|99|QUERY" baseClass="NutritionOrders" lastEdit="2012-11-29T13:52:07"><msgextref role="tabular" ref="PONU_MT000004UV"/><hmdref role="parent" ref="PONU_HD000004UV-hmd" sectID="hmponu" sectType="SB" refName="Nutrition Orders Request Query" refFamiliarName="Nutrition Order Query" refIdentifier="PONU_HD000004UV"/><intref role="sentIn" ref="PONU_IN000004UV-int" sectID="hmponu" sectType="SB" refName="Nutrition Orders Request Query" refFamiliarName="Nutrition Order Query" refIdentifier="PONU_IN000004UV"/></msgtype><msgtype identifier="PONU_MT000003UV" name="Nutrition Orders Request Query Response" familiarName="Nutrition Order Query Response" parent="PONU_HD000003UV-hmd" id="PONU_MT000003UV-msg" sortPrefix="01|10|99|QUERY RESPONSE" baseClass="NutritionOrders" lastEdit="2012-11-29T13:50:51"><msgextref role="tabular" ref="PONU_MT000003UV"/><hmdref role="parent" ref="PONU_HD000003UV-hmd" sectID="hmponu" sectType="SB" refName="Nutrition Orders Request Query Response" refFamiliarName="Nutrition Order Query Response" refIdentifier="PONU_HD000003UV"/><intref role="sentIn" ref="PONU_IN000005UV-int" sectID="hmponu" sectType="SB" refName="Nutrition Orders Request Query Response" refFamiliarName="Nutrition Order Query Response" refIdentifier="PONU_IN000005UV"/></msgtype><msgtype identifier="PONU_MT000001UV" name="Nutrition Orders Order Create" familiarName="Nutrition Order Request" parent="PONU_HD000001UV-hmd" id="PONU_MT000001UV-msg" sortPrefix="01|11|04|" baseClass="NutritionOrders" lastEdit="2012-11-18T17:03:57"><msgextref role="tabular" ref="PONU_MT000001UV"/><hmdref role="parent" ref="PONU_HD000001UV-hmd" sectID="hmponu" sectType="SB" refName="Nutrition Orders Order Create" refFamiliarName="Nutrition Order Request" refIdentifier="PONU_HD000001UV"/><intref role="sentIn" ref="PONU_IN000001UV-int" sectID="hmponu" sectType="SB" refName="Nutrition Orders Order Create Notification" refFamiliarName="Create Nutrition Order Notification" refIdentifier="PONU_IN000001UV"/></msgtype></msgtypedivn><interactiondivn identifier="ints-PONU_DO000001UV-NutritionOrders" name="Interactions" parent="PONU_DO000001UV-NutritionOrders-ic" id="ints-PONU_DO000001UV-NutritionOrders-ic"><descriptive identifier="inop-PONU_DO000001UV-NutritionOrders" name="Reference" parent="PONU_DO000001UV-NutritionOrders-ic" id="inop-PONU_DO000001UV-NutritionOrders-ic"><p>For details on the interpretation of this section, see <xspecref spec="v3guide.htm" ref="v3gintact" alt="the definition of Interactions"/> in the Version 3 Guide.</p></descriptive><interaction identifier="PONU_IN000003UV" name="Nutrition Orders Request Create Notification" familiarName="Dietitian Consultation Notification" parent="PONU_DO000001UV-NutritionOrders-ic" id="PONU_IN000003UV-int" role="interaction" sortPrefix="01|10|04|05|" baseClass="NutritionOrders" lastEdit="2013-01-31T20:39:18"><descriptive identifier="desc-PONU_IN000003UV" name="Description" parent="PONU_IN000003UV-int" id="desc-PONU_IN000003UV-int" lastEdit="2013-01-31T20:39:18"><p>A notification that a request for a dietary consultation was made.</p></descriptive><arref role="sendrole" ref="PONU_AR000001UV-ar" sectID="hmponu" sectType="SB" refName="Nutrition Orders Order Creator Placer" refFamiliarName="Electronic Order System" refIdentifier="PONU_AR000001UV"/><arref role="rcvrole" ref="PONU_AR000002UV-ar" sectID="hmponu" sectType="SB" refName="Nutrition Orders Order Fulfiller" refFamiliarName="Food &amp; Nutrition Management System" refIdentifier="PONU_AR000002UV"/><teref role="trigger" ref="PONU_TE000003UV-te" sectID="hmponu" sectType="SB" refName="Nutrition Orders Order New Notification" refFamiliarName="Request Dietitian Consultation" refIdentifier="PONU_TE000003UV"/><msgref role="transwrap" ref="MCCI_MT000100UV01-msg" sectID="immcci" sectType="SB" refName="Send Message Payload" refIdentifier="MCCI_MT000100UV01"/><msgref role="cactwrap" ref="MCAI_MT700201UV01-msg" sectID="immcai" sectType="SB" refName="Trigger Event Control Act" refIdentifier="MCAI_MT700201UV01"/><msgref role="msgtype" ref="PONU_MT000002UV-msg" sectID="hmponu" sectType="SB" refName="Dietitian Consultation Request" refIdentifier="PONU_MT000002UV"/></interaction><interaction identifier="PONU_IN000004UV" name="Nutrition Orders Request Query" familiarName="Nutrition Order Query" parent="PONU_DO000001UV-NutritionOrders-ic" id="PONU_IN000004UV-int" role="interaction" sortPrefix="01|10|99|99||05|" baseClass="NutritionOrders" lastEdit="2013-01-31T20:40:43"><descriptive identifier="desc-PONU_IN000004UV" name="Description" parent="PONU_IN000004UV-int" id="desc-PONU_IN000004UV-int" lastEdit="2013-01-31T20:40:43"><p>Issue a query to retrieve a set of matching nutrition orders.</p></descriptive><arref role="sendrole" ref="PONU_AR000001UV-ar" sectID="hmponu" sectType="SB" refName="Nutrition Orders Order Creator Placer" refFamiliarName="Electronic Order System" refIdentifier="PONU_AR000001UV"/><arref role="rcvrole" ref="PONU_AR000002UV-ar" sectID="hmponu" sectType="SB" refName="Nutrition Orders Order Fulfiller" refFamiliarName="Food &amp; Nutrition Management System" refIdentifier="PONU_AR000002UV"/><teref role="trigger" ref="PONU_TE000004UV-te" sectID="hmponu" sectType="SB" refName="Nutrition Orders Request Query" refFamiliarName="Nutrition Order Query" refIdentifier="PONU_TE000004UV"/><msgref role="transwrap" ref="MCCI_MT000100UV01-msg" sectID="immcci" sectType="SB" refName="Send Message Payload" refIdentifier="MCCI_MT000100UV01"/><msgref role="cactwrap" ref="QUQI_MT020001UV01-msg" sectID="imquqi" sectType="SB" refName="Query Control Act Request : Parameter List" refIdentifier="QUQI_MT020001UV01"/><msgref role="msgtype" ref="PONU_MT000004UV-msg" sectID="hmponu" sectType="SB" refName="Nutriton Order Query" refIdentifier="PONU_MT000004UV"/><rcvrresp identifier="PONU_IN000004UV_Resp1" name="Responsibility- 1" parent="PONU_IN000004UV-int" id="PONU_IN000004UV_Resp1-rsp"><descriptive identifier="rson-PONU_IN000004UV_Resp1" name="Reason" parent="PONU_IN000004UV_Resp1-rsp" id="rson-PONU_IN000004UV_Resp1-rsn" role="reason"><p>Return the matching nutrition orders.</p></descriptive><teref role="responsetrigger" ref="PONU_TE000005UV-te" sectID="hmponu" sectType="SB" refName="Nutrition Orders Request Query Response" refFamiliarName="Nutrition Order Query Response" refIdentifier="PONU_TE000005UV"/><intref role="responseinteraction" ref="PONU_IN000005UV-int" sectID="hmponu" sectType="SB" refName="Nutrition Orders Request Query Response" refFamiliarName="Nutrition Order Query Response" refIdentifier="PONU_IN000005UV"/></rcvrresp></interaction><interaction identifier="PONU_IN000005UV" name="Nutrition Orders Request Query Response" familiarName="Nutrition Order Query Response" parent="PONU_DO000001UV-NutritionOrders-ic" id="PONU_IN000005UV-int" role="interaction" sortPrefix="01|10|99|99||10|" baseClass="NutritionOrders" lastEdit="2013-03-22T09:21:45"><descriptive identifier="desc-PONU_IN000005UV" name="Description" parent="PONU_IN000005UV-int" id="desc-PONU_IN000005UV-int" lastEdit="2013-03-22T09:21:45"><p>Return the set of nutrition orders that match the requested query parameters.</p></descriptive><arref role="sendrole" ref="PONU_AR000002UV-ar" sectID="hmponu" sectType="SB" refName="Nutrition Orders Order Fulfiller" refFamiliarName="Food &amp; Nutrition Management System" refIdentifier="PONU_AR000002UV"/><arref role="rcvrole" ref="PONU_AR000001UV-ar" sectID="hmponu" sectType="SB" refName="Nutrition Orders Order Creator Placer" refFamiliarName="Electronic Order System" refIdentifier="PONU_AR000001UV"/><teref role="trigger" ref="PONU_TE000005UV-te" sectID="hmponu" sectType="SB" refName="Nutrition Orders Request Query Response" refFamiliarName="Nutrition Order Query Response" refIdentifier="PONU_TE000005UV"/><msgref role="transwrap" ref="MCCI_MT000300UV01-msg" sectID="immcci" sectType="SB" refName="Application Level Acknowledgement" refIdentifier="MCCI_MT000300UV01"/><msgref role="cactwrap" ref="QUQI_MT120001UV01-msg" sectID="imquqi" sectType="SB" refName="PRELIM: Query - General Complete Response" refIdentifier="QUQI_MT120001UV01"/><msgref role="msgtype" ref="PONU_MT000003UV-msg" sectID="hmponu" sectType="SB" refName="Nutrition Order Query Response" refIdentifier="PONU_MT000003UV"/><msgref role="qrytype" ref="PONU_MT000004UV-msg" sectID="hmponu" sectType="SB" refName="Nutriton Order Query" refIdentifier="PONU_MT000004UV"/></interaction><interaction identifier="PONU_IN000001UV" name="Nutrition Orders Order Create Notification" familiarName="Create Nutrition Order Notification" parent="PONU_DO000001UV-NutritionOrders-ic" id="PONU_IN000001UV-int" role="interaction" sortPrefix="01|11|04|05|" baseClass="NutritionOrders" lastEdit="2013-01-31T20:41:44"><descriptive identifier="desc-PONU_IN000001UV" name="Description" parent="PONU_IN000001UV-int" id="desc-PONU_IN000001UV-int" lastEdit="2013-01-31T20:41:44"><p>A notification that a nutrition order has been created.</p></descriptive><arref role="sendrole" ref="PONU_AR000001UV-ar" sectID="hmponu" sectType="SB" refName="Nutrition Orders Order Creator Placer" refFamiliarName="Electronic Order System" refIdentifier="PONU_AR000001UV"/><arref role="rcvrole" ref="PONU_AR000002UV-ar" sectID="hmponu" sectType="SB" refName="Nutrition Orders Order Fulfiller" refFamiliarName="Food &amp; Nutrition Management System" refIdentifier="PONU_AR000002UV"/><teref role="trigger" ref="PONU_TE000001UV-te" sectID="hmponu" sectType="SB" refName="Nutrition Orders Order Create" refFamiliarName="Create Nutrition Order" refIdentifier="PONU_TE000001UV"/><msgref role="transwrap" ref="MCCI_MT000100UV01-msg" sectID="immcci" sectType="SB" refName="Send Message Payload" refIdentifier="MCCI_MT000100UV01"/><msgref role="cactwrap" ref="MCAI_MT700201UV01-msg" sectID="immcai" sectType="SB" refName="Trigger Event Control Act" refIdentifier="MCAI_MT700201UV01"/><msgref role="msgtype" ref="PONU_MT000001UV-msg" sectID="hmponu" sectType="SB" refName="Nutrition Order Request" refIdentifier="PONU_MT000001UV"/></interaction><interaction identifier="PONU_IN000002UV" name="Nutrition Orders Order Cancel Notification" familiarName="Cancel Nutrition Order Notification" parent="PONU_DO000001UV-NutritionOrders-ic" id="PONU_IN000002UV-int" role="interaction" sortPrefix="01|11|10|05|" baseClass="NutritionOrders" lastEdit="2013-03-22T09:12:01"><descriptive identifier="desc-PONU_IN000002UV" name="Description" parent="PONU_IN000002UV-int" id="desc-PONU_IN000002UV-int" lastEdit="2013-03-22T09:12:01"><p>A notification that a nutrition order has been cancelled.</p></descriptive><arref role="sendrole" ref="PONU_AR000001UV-ar" sectID="hmponu" sectType="SB" refName="Nutrition Orders Order Creator Placer" refFamiliarName="Electronic Order System" refIdentifier="PONU_AR000001UV"/><arref role="rcvrole" ref="PONU_AR000002UV-ar" sectID="hmponu" sectType="SB" refName="Nutrition Orders Order Fulfiller" refFamiliarName="Food &amp; Nutrition Management System" refIdentifier="PONU_AR000002UV"/><teref role="trigger" ref="PONU_TE000002UV-te" sectID="hmponu" sectType="SB" refName="Nutrition Orders Order Cancel" refFamiliarName="Cancel Nutrition Order" refIdentifier="PONU_TE000002UV"/><msgref role="transwrap" ref="MCCI_MT000100UV01-msg" sectID="immcci" sectType="SB" refName="Send Message Payload" refIdentifier="MCCI_MT000100UV01"/><msgref role="cactwrap" ref="MCAI_MT700201UV01-msg" sectID="immcai" sectType="SB" refName="Trigger Event Control Act" refIdentifier="MCAI_MT700201UV01"/><msgref role="msgtype" ref="COMT_MT002000UV-msg" sectID="imcomt" sectType="SB" refName="Act Reference" refIdentifier="COMT_MT002000UV"/></interaction></interactiondivn></subdivn><indexdivn identifier="cindx-PONU_DO000001UV" name="Common Message Elements Indexes" parent="PONU_DO000001UV-ic" id="cindx-PONU_DO000001UV-ic"><indexlist identifier="cindx-List-1" name="Common Message Elements Defined in this Domain" parent="cindx-PONU_DO000001UV-ic" id="PONU_DO000001UV-icc1id"/><indexlist identifier="cindx-List-2" name="Common Message Elements Used by this Domain" parent="cindx-PONU_DO000001UV-ic" id="PONU_DO000001UV-icc2id"/></indexdivn><indexdivn identifier="indx-PONU_DO000001UV" name="Interaction Indexes" parent="PONU_DO000001UV-ic" id="indx-PONU_DO000001UV-ic"><indexlist identifier="indx-List-1" name="Interaction Index by Application Role" parent="indx-PONU_DO000001UV-ic" id="PONU_DO000001UV-ic1id"/><indexlist identifier="indx-List-2" name="Interaction Index by Trigger Event" parent="indx-PONU_DO000001UV-ic" id="PONU_DO000001UV-ic2id"/><indexlist identifier="indx-List-3" name="Interaction Index by Message Type" parent="indx-PONU_DO000001UV-ic" id="PONU_DO000001UV-ic3id"/></indexdivn></body></spec>

