<!-- $Id: mIntCategory.cls,v 1.4 2007/11/18 02:48:41 wbeeler Exp $ -->
<!--<!DOCTYPE spec PUBLIC "DTDVersion-4" "../../support/dtd/v3mDomain.dtd">-->
<spec id="QUQI_DO000003UV-ic" sectionCode="IMQUQI" lastEdit="2013-05-02T17:10:28" rendered="2014-04-17T10:58:07"><header><title>Domain: Query Infrastructure</title><version>V 00-00</version><ballot type="NormativeStandard" number="2"/><date>4/17/2014</date><authlist><author><role>Control Query Co-Chair</role><name key="Grieve, Graham">Graham Grieve</name><affiliation>Kestral Computing Pty Ltd.</affiliation></author><author><role>Control Query Co-Chair</role><name key="Henderson, Mike">Mike Henderson</name><affiliation>Eastern Informatics</affiliation></author><author><role>Control Query Co-Chair</role><name key="Larson, Joann">Joann Larson</name><affiliation>Kaiser Permanente</affiliation></author><author><role>Primary Contributor</role><name key="Nelson, Dale">Dale Nelson</name><affiliation>Zed-Logic Informatics, LLC</affiliation></author><author><role>Control Query Co-Chair</role><name key="Puyenbroek, Jennifer">Jennifer Puyenbroek</name><affiliation>McKesson Information Solutions</affiliation></author><author><role>Primary Contributor</role><name key="Reis, Larry">Larry Reis</name><affiliation>LR Consulting</affiliation></author><author><role>Primary Contributor</role><name key="Shafarman, Mark">Mark Shafarman</name><affiliation>Oracle Corporation</affiliation></author><author><role>Control Query Co-Chair</role><name key="Spronk, Rene">Rene Spronk</name><affiliation>Ringholm, GmbH</affiliation></author><author><role>Primary Contributor</role><name key="Tucker, Mark">Mark Tucker</name><affiliation>Regenstrief Institute for Health Care</affiliation></author></authlist><legalese copyRightDate="2014" copyRightOwner="Health Level Seven, Inc." copyRightNotation="All rights reserved." renderer="RoseTree 5.0.43" renderNotation="This document was rendered into XML using software provided to HL7 by Beeler Consulting LLC." contactEmail="HQ@HL7.org" contactName="HL7 Headquarters Staff" contactNote="Comments or questions about this document may be may be addressed to:"/></header><front><div1 id="prefNotes"><head>Notes to Readers</head><div2 id="unifiedBallot"><head>Unified Ballot Package</head><p>This is Release 1.1 of the HL7 V3 Query Infrastructure.  It was approved in Ballot in January 2013. Other domains in the same ballot were Message Control Act Infrastructure and Transmission Infrastructure.</p></div2></div1><div1 id="navigate-divs"><head>Message Design Element Navigation</head><artree role="NAVIGATE"><artreeitem><rmimref role="rmim" ref="QUQI_RM020001UV02-rmi" sectID="imquqi" sectType="SB" refName="Query Control Act Request : Parameter List" refIdentifier="QUQI_RM020001UV02"/><artreeitem><hmdref role="hmd" ref="QUQI_HD020001UV02-hmd" sectID="imquqi" sectType="SB" refName="Query Control Act Request : Parameter List" refIdentifier="QUQI_HD020001UV02"/><artreeitem><msgref role="msg" ref="QUQI_MT020001UV02-msg" sectID="imquqi" sectType="SB" refName="Query Control Act Request : Parameter List" refIdentifier="QUQI_MT020001UV02"/></artreeitem></artreeitem></artreeitem><artreeitem><rmimref role="rmim" ref="QUQI_RM021001UV02-rmi" sectID="imquqi" sectType="SB" refName="Query Control Act Request : Query By Parameter" refIdentifier="QUQI_RM021001UV02"/><artreeitem><hmdref role="hmd" ref="QUQI_HD021001UV02-hmd" sectID="imquqi" sectType="SB" refName="Query Control Act Request : Query By Parameter" refIdentifier="QUQI_HD021001UV02"/><artreeitem><msgref role="msg" ref="QUQI_MT021001UV02-msg" sectID="imquqi" sectType="SB" refName="Query Control Act Request : Query By Parameter" refIdentifier="QUQI_MT021001UV02"/></artreeitem></artreeitem></artreeitem><artreeitem><rmimref role="rmim" ref="QUQI_RM000001UV02-rmi" sectID="imquqi" sectType="SB" refName="Query Control Act Request Continue / Cancel" refIdentifier="QUQI_RM000001UV02"/><artreeitem><hmdref role="hmd" ref="QUQI_HD000001UV02-hmd" sectID="imquqi" sectType="SB" refName="Query Control Act Request Continue / Cancel" refIdentifier="QUQI_HD000001UV02"/><artreeitem><msgref role="msg" ref="QUQI_MT000001UV02-msg" sectID="imquqi" sectType="SB" refName="Query Control Act Request Continue / Cancel" refIdentifier="QUQI_MT000001UV02"/></artreeitem></artreeitem></artreeitem><artreeitem><rmimref role="rmim" ref="QUQI_RM120001UV02-rmi" sectID="imquqi" sectType="SB" refName="Query Control Act Response / Acknowledgement" refIdentifier="QUQI_RM120001UV02"/><artreeitem><hmdref role="hmd" ref="QUQI_HD120001UV02-hmd" sectID="imquqi" sectType="SB" refName="Query Control Act Response / Acknowledgement" refIdentifier="QUQI_HD120001UV02"/><artreeitem><msgref role="msg" ref="QUQI_MT120001UV02-msg" sectID="imquqi" sectType="SB" refName="Query Control Act Response / Acknowledgement" refIdentifier="QUQI_MT120001UV02"/></artreeitem></artreeitem></artreeitem></artree></div1></front><body><div1 id="intro-QUQI_DO000003UV-ic" ballotStatus="NormativeStandard" ballotNumber="2"><head>Overview</head><div2 id="spec-scope" lastEdit="2013-05-01T16:45:58"><head>Introduction &amp; Scope</head><p><emph role="strong">Scope</emph></p><p>The Query Infrastructure domain specifies the formation of information queries and the responses to these queries to meet the needs of healthcare applications using the HL7 version 3 messaging standard.
</p><p><emph role="strong">Introduction</emph></p><p>The Health Level Seven (HL7) Standard applies to the electronic exchange of data in all healthcare environments.  Within the context of healthcare messaging, the HL7 standard is primarily concerned with the data content of exchanges between healthcare applications, the sequence or interrelationships in the flow of messages and the communication of significant application level exceptions or error conditions.
</p><p>This chapter addresses the formation of information queries and the responses to these queries to meet the needs of healthcare applications using the HL7 version 3 messaging standard. 
</p><p><emph role="strong">Overview of Query Requests and Responses in HL7 Messaging in Version 3</emph></p><p>Queries in Version 3 are supported by a generic framework for expressing (a) common queries that have been used by applications using the HL7 standard or (b) new queries that can be specified by a valid use case in the domain of healthcare information management.  It is the intent of the HL7 Standard to facilitate establishing such interactions between heterogeneous applications.</p><p>The HL7 Standard embraces the most common queries that are likely to occur. These are defined within functional application domains. The following represents typical examples of queries supported by the Standard:
</p><list role="ordered"><item><p>data regarding a single patient, e.g., send all lab results for patient #123456</p></item><item><p>data regarding multiple patients, e.g., send the list of patients whose attending physician is Dr. #123</p></item><item><p>data that are not patient related, e.g., send the age specific normal values for serum protein</p></item><item><p>data within a specified time range, e.g., send all serum glucose results, reported between January 1, 1998 through December 31, 1999, for patient #123456</p></item></list><p>The variety of potential queries is almost unlimited.  HL7 does not try to cover every possible query.  Rather, the Standard provides general methods by which to structure query/response pairs.  The technical committees responsible for functional domains apply these methods to develop specific query/response pairs for those domains' needs.
</p><p>In particular, there is no implication that a specific system must support generalized queries to comply with the Standard.  Rather, these transactions provide a format by which a system may support queries to the extent it desires.  The resources available and local policies will influence the type of queries that are implemented.
</p><p><emph>Query Development Methodology Summary</emph></p><p>An institution, or data owner, decides that it would like to make information available via a query.  It decides precisely what data will be made available and how it will be offered.  
</p><p>The data owner specifies exactly which input variables the data requestor can use to control the data that the data owner agrees to return.  
The complete specification of what data are available, how the data will be returned, and what variables can be valued or constrained should be provided for both the query and the response.</p><p>An example of the application of this methodology is provided for a set of <emph>MPI person/patient</emph> queries that are presented in the Patient Administration Query Domain discussion.
</p><p><emph>Framework for Supporting a Query by Parameter Mechanism</emph></p><p>HL7 Version 3 offers a <emph>query by parameter</emph> mechanism.  A data-requesting application sends values within a set of input parameters as specified by a data-serving application.  The data-serving application processes the input parameter values sent to it, and constructs a result set, which it returns (in whole or in parts) to the data-requesting application.</p><p>The specification process for the query and response is outlined below.  Afterward, we discuss the mechanism for continuing or canceling an established HL7 query session. 
</p><p>The Query Specification Message
</p><p>The structure of an HL7 V3 composite message payload for a query specification consists of three parts
:</p><list role="unordered"><item><p>The HL7 transmission wrapper.  Refer to <artref alt="Transmission Infrastructure" ref="MCCI_DM000000"></artref></p></item><item><p>A query specification control act</p></item><item><p>A parameter definition structure that is specified as required for each domain defined query</p></item></list><p>The parameter definition structure for the <emph>query by parameter</emph> query specification is an information structure that may be similar in form for many query implementations but differentiated by constraints on attribute values as described as follows.  Input variables are specified by parameter repetitions.   The query by parameter specification mechanism also supports the identification of a name of a list of parameter values followed by a parameter repetition.  Refer to the <artref alt="Query Infrastructure D-MIM" ref="QUQI_DM000000"></artref> walk-through for details on classes and attributes.
</p><p>The parameter definition structure is essentially the domain committee-defined content for a query specification message.  This structure is conveyed in the intermediate query specification control act.
</p><p>The Query Response Message
</p><p>An HL7 V3 composite <emph>Query Response Message</emph> is prepared by an HL7 V3 Query Fulfiller application role in response to receiving a <emph>Query Specification Message</emph>.  The structure of this HL7 V3 composite message payload consists of the HL7 transmission wrapper, a query response control act and a domain committee-defined message type.
</p><p>The query response control act requires only one attribute to identify the query session to which the query response message is associated.  Refer to the <artref alt="Query Infrastructure D-MIM" ref="QUQI_DM000000"></artref> walk-through for details of the classes and attributes.
</p><p>The domain committee-defined query response structure is RIM content specified as a V3 message type artifact.  It has an identifier that appears in the query specification.  It should be noted that a domain committee might define one query response structure that is the focus of several query specification messages.
</p><p>The Query Continuation Message
</p><p>The <emph>Query Continuation Message</emph> is a query control message that applies to the logical level of a query session that is controlled by the applications that implement the HL7 V3 Query Placer and Query Fulfiller application roles.  The structure of this HL7 V3 composite message payload consists of the HL7 transmission wrapper and a minimal query control act.  The control act only requires a subset of the attributes and a minimum of query continuation attributes.  Refer to the <artref alt="Query Infrastructure D-MIM" ref="QUQI_DM000000"></artref> walk-through for details of the classes and attributes. The query identifier uniquely defines the query session in progress and the continuation quantity defines the application specified quantity to be return by the next interaction with the Query Fulfiller application role.  If this numeric value is a positive integer a query continuation is requested.  If this integer value is zero, a cancellation of the query session it requested.
</p><p><emph>Query Control Events Overview</emph></p><p>Query control in HL7 Version 3 is defined by the handling of the events and state transitions identified in the Version 3 HL7 Query Control state diagram (see the Version 3 Query Control State Diagram below).  Initially, a pair of HL7 Version 3 Application Roles (described in the application roles section of the <xspecref spec="IMQUQI" ref="QueryControlAct" alt="Query Control Act"></xspecref>  topic) is provided for managing queries.  The pair of roles defined must manage the states and state transitions that are specific to this generic query framework. 
</p><p>Example interactions for which the pair of HL7 Applications Roles for query management participates are documented in the message control interactions section of the <xspecref spec="IMQUQI" ref="QueryControlAct" alt="Query Control Act"></xspecref>  topic.  Each interaction is initiated by a query control state transition that is assigned a Query Control Trigger Event.  Refer to the trigger events section of the <xspecref spec="IMQUQI" ref="QueryControlAct" alt="Query Control Act"></xspecref> topic for detailed descriptions of the Version 3 Query Control Trigger Events.
</p><p><graphic source="graphics/QUQI_NA000001.gif" alt="Version 3 Query Control State Diagram"></graphic></p></div2></div1><dmimdivn identifier="dmims-QUQI_DO000003UV" name="Domain Message Information Models" parent="QUQI_DO000003UV-ic" id="dmims-QUQI_DO000003UV-ic"><dmim identifier="QUQI_DM000000UV" name="Query Control Act" familiarName="Query Control Act" parent="QUQI_DO000003UV-ic" id="QUQI_DM000000UV-rmi" sortPrefix="99|99|99|QUERY CONTROL ACT" lastEdit="2004-08-01T09:48:44"><descriptive identifier="desc-QUQI_DM000000UV" name="Description" parent="QUQI_DM000000UV-rmi" id="desc-QUQI_DM000000UV-rmi" lastEdit="2004-08-01T09:48:44"><p><emph role="strong">The Query Specification Message </emph></p><p>A <emph>query by parameter</emph> mechanism is provided for defining a query specification.  The structure of an HL7 V3 composite message for a query specification consists of the HL7 transmission wrapper, a query specification control act and a parameter definition structure that is specified as required for each domain defined query request message type. </p><p>The parameter definition structure for the <emph>query by parameter</emph> query specification is an information structure that may be similar in form for many query implementations but differentiated by constraints on attribute values as described as follows.  This chapter includes two R-MIMs for query by parameter specification.  One that allows domains to define the full query by parameter specification and one that allows them specify only the parameter items.  </p><p>Refer to the walk-through below for details on classes and attributes.</p><p><emph role="strong">The Query Response Message</emph></p><p>An HL7 V3 composite <emph>Query Response Message</emph> is prepared by an HL7 V3 Query Fulfiller application role in response to receiving a <emph>Query Specification Message</emph>.  The structure of this HL7 V3 composite message consists of the HL7 transmission wrapper, a query response control act and a domain defined message type. </p><p>Refer to the walk-through below for details of the classes and attributes. </p><p><emph role="strong">The Query Continuation Message </emph></p><p>The <emph>Query Continuation Message</emph> is a query control message that applies to the logical level of a query session that is controlled by the applications that implement the HL7 V3 Query Placer and Query Fulfiller application roles.  The structure of this HL7 V3 composite message consists of the HL7 transmission wrapper and a minimal query control act.  </p><p>Refer to the walk-through below for details of the classes and attributes. </p></descriptive><descriptive identifier="walkthru-QUQI_DM000000UV" name="Design Walk-through" parent="QUQI_DM000000UV-rmi" id="walkthru-QUQI_DM000000UV-rmi" role="walkThrough" lastEdit="2004-08-01T09:48:44"><p><emph role="strong">Overview</emph></p><p>The Query Infrastructure domain comprises the classes and attributes needed to support queries, responses, and continuation requests.  It is an extension of the <artref ref="MCAI_DO000000" alt="Message Control Act Infrastructure"></artref> domain.</p><p><emph role="strong">Trigger Events and Control Acts</emph></p><p>The query storyboards, application roles, trigger events and interactions provided in this domain are for example purposes only.  Domains will define these within their query definitions.</p><p>The initial interaction generates messages as a result of the trigger events Execute Query Specification (by the data requester) and Complete Query Response (by the data server).</p><p>If the data requester has asked that results be sent back in partial sets, subsequent interactions may generate messages as a result of the trigger events Activate Query Continuation (by the data requester) and Complete Query Continuation (by the data server).  This pair of trigger events continues for as long as the data requester wants to continue receiving result sets.  It ceases when the data server runs out of qualifying data or the data requester does not want any more result sets.</p><p>All query messages are centered on the ControlActProcess act, which is discussed further below and is described fully in the <artref ref="MCAI_DO000000" alt="Message Control Act Infrastructure"></artref> domain.</p><p><emph role="strong">Focal Classes Exposed</emph></p><p>The ControlActProcess act, as constrained within the Query domain, constitutes the trigger event control act within which the query payload classes are contained.  Its associations facilitate the production of queries by data requesters and of responses by data servers.</p><p>The dynamic model for query-response is that of a request for data by some interested system, followed by the production of a response by a server.  Thus, the mood code for ControlActProcess will always be Order from the data requester and Event from the data server.</p><p><emph role="strong">Query D-MIM Core Structure</emph></p><p>The structure of the query D-MIM supports both the initial query-response interaction and subsequent interactions.</p><p>In the initial query-response interaction, the payload from the data requester will consist of exactly one instance of the QueryByParameter class.  This class in turn will be associated with at least one instance of the Parameter class (either ParameterList or one to many ParameterItem) and may also be associated with instance(s) of the SortControl class. The payload from the data server will consist of exactly one instance of the QueryAck class, containing summary information about the response and about the data (if any) that it contains.  This is followed by the actual response data, if there are any, structured as instances of RIM classes that are associated with the QueryAck class.  The associations within the response payload are elaborated upon in the definition of the specific query being used.</p><p>If all the response data could not be returned in one result set, there will be additional query-response interactions.  In subsequent interactions, the payload from the data requester will consist of exactly one instance of the QueryContinuation class, in which the data requester specifies how much more data it would like to receive, if any.  As in the initial interaction, the payload from the data server will consist of an instance of the QueryAck class (containing summary data) and then the actual response data, if there are any.</p><p><emph role="strong">Query Domain Information Model Classes</emph></p><p><emph role="strong">ControlActProcess</emph></p><p>The core Act of the Query domain wrapper.  This Act contains information about the query message.  Its act relationships and participations, while included in support of queries, contain information about the message itself rather than about the query.</p><p>This class is described more fully in <artref ref="MCAI_DM700200" alt="Control Act Infrastructure D-MIM"></artref> walkthrough.</p><p><emph role="strong">QueryByParameter</emph></p><p>This class contains information about the query.  Non-query message information is contained in ControlActProcess.  This is the entry point for those domain-defined queries that wish to fully express the query specifications, including sort order.  The key attribute of this class is queryId, which is used to associate this query instance with both the initial response message and with later query interactions.  Valuing queryId avoids the need for the QueryContinuation and QueryAck classes (which also contain the queryId attribute) to carry as much detail information as is carried in the initial query.</p><p>The requester values attributes of this class in the initial query interaction to specify the query's priority, whether data should be returned immediately or later, to specify a delivery time if desired, and to indicate how many records (i.e., instances of matching response data) it would like to receive in each response message.  </p><p>The following is the description and use of the attributes for QueryByParameter class.</p><list role="unordered"><item><p><emph>queryId</emph>: may be valued by the initiating application to identify the query (it is intended to be used to match response messages to the originating query and may remain the same across multiple interactions when performing continuations of a previous query)</p></item><item><p><emph>statusCode</emph>: defined by the QueryEventStatus domain (required)</p></item><item><p><emph>modifyCode</emph>: indicates whether the subscription to a query is new or is being modified</p></item><item><p><emph>responseElementGroupId</emph>: identifies the specific message type to be returned in the query response (this message type must be chosen from the set of message types supported by the receiver responsibilities associated with the query interaction)</p></item><item><p><emph>responseModalityCode</emph>: defines the timing and grouping of the response instances</p></item><item><p><emph>responsePriorityCode</emph>: identifies the time frame in which the response is expected</p></item><item><p><emph>initialQuantity</emph>: defines the maximum size of the response that can be accepted by the requesting application.</p></item><item><p><emph>initialQuantityCode</emph>: defines the units associated with the magnitude of the maximum size limit of a query response that can be accepted by the requesting application (defined by the QueryRequestLimit domain)</p></item><item><p><emph>executionAndDeliveryTime</emph>: specifies the time the response is to be returned</p></item></list><p><emph role="strong">QueryContinuation</emph></p><p>This class is instantiated by the requester in subsequent query interactions if needed.  It references query information through the value contained in the queryId attribute.  The requester may specify a differently-sized return payload or may request that the next data set be started at any point.</p><p>The following is the description and use of the attributes for this class.</p><list role="unordered"><item><p><emph>queryId</emph>: may be valued by the initiating application to identify the query (it is intended to be used to match response messages to the originating query and may remain the same across multiple interactions when performing continuations of a previous query)</p></item><item><p><emph>statusCode</emph>: defined by the QueryEventStatus domain (required)</p></item><item><p><emph>startResultNumber</emph>: specifies the instance number in the original query result set to start return in next query response message</p></item><item><p><emph>continuationQuantity</emph>: specifies the number of instance matches to return in the next query response message</p></item></list><p><emph role="strong">QueryAck</emph></p><p>The server returns an instance of this class both in the initial response (even if no matching data are returned) and continuation responses, if any.  It references query information through the value contained in the queryId attribute. </p><p>The following is the description and use of the attributes for this class.</p><list role="unordered"><item><p><emph>queryId</emph>: may be valued by the initiating application to identify the query (it is intended to be used to match response messages to the originating query and may remain the same across multiple interactions when performing continuations of a previous query)</p></item><item><p><emph>queryResponseCode</emph>: allows the responding system to return a precise response status (values defined by the QueryStatus domain</p></item><item><p><emph>resultTotalQuantity</emph>: specifies the total number of instance matches for query specification associated with this query response instance</p></item><item><p><emph>resultCurrentQuantity</emph>: specifies the number of matches for processed query specification that occur in current bundle of matches</p></item><item><p><emph>resultRemainingQuantity</emph>: specifies number of matches for processed query specification that have yet to be sent to receiver</p></item></list><p><emph role="strong">Parameter</emph></p><p>Sent in the initial query payload.  Note that the DMIM includes both QueryByParameter and Parameter as domain entry point stubs.  The <artref ref="QUQI_RM021000" alt="QueryByParameter as Stub RMIM"></artref> may be represented as either ParameterItem classes or the ParameterList class. The <artref ref="QUQI_RM020000" alt="ParameterList as Stub RMIM"></artref> is a grouping of ParameterItem classes.  The Parameter classes carry the values that specify the data that the requester wishes to be returned. The ParameterItem class is instantiated as many times as there are parameters to be sent, but in any case at least once. ParameterList is the entry point for many of the domain-defined queries.</p><p>If continuation interactions are required in order to bring back additional results, the continuation messages will not contain this class.</p><p>Query definitions in the application domains state how the value and semanticsText attributes are to be populated.</p><p>The following is the description and use of the attributes for this class.</p><list role="unordered"><item><p><emph>id</emph>: can assist in tracing problems with implementing the query-by-parameter mechanism</p></item><item><p><emph>value</emph>: represents a valued element structure for the element specified in the query response</p></item><item><p><emph>semanticsText</emph>: provides a unique identification to an element within a specified query response structure</p></item></list><p><emph role="strong">SortControl</emph></p><p>Sent in the initial query payload.  This class allows the requester to specify the order in which the server should return multiple results.  If used, it is instantiated only once.</p><p>If continuation interactions are required in order to bring back additional results, the continuation messages will not contain this class.</p><p>The following is the description and use of the attributes for this class.</p><list role="unordered"><item><p><emph>sequenceNumber</emph>: specifies the order</p></item><item><p><emph>elementName</emph>: identifies a RIM element in a query response</p></item><item><p><emph>directionCode</emph>: specifies sequence of sort order (values are ascending, descending, or none)</p></item></list><p><emph role="strong">Act</emph></p><p>This class connects the query response (either initial or continuation) with the top or outermost application class that is instantiated for the response.</p><p><emph role="strong">Participations</emph></p><p>The following control act participations are defined for the query control act.  Note that where the model permits more than one instance of (or requires) a participation or act relationship, cardinality should be constrained as fully as possible in the domain-defined message type. Note that the location for any of the participants, if provided, will be defined in the R_AssignedPerson CMET.</p><list role="unordered"><item><p><emph>authorOrPerformer</emph>:  Who or what is asking for the information.  More than one overseer may exist; this participation is not required.  This participation associates the query act with either an entity that is described in an instance of the R_AssignedEntity role class, or a device that is described in an instance of an instance of the R_AssignedDevice role CMET.</p></item><item><p><emph>overseer</emph>:  The supervisor of the administrative person (dataEnterer) who physically places the query into the system.  More than one overseer may exist; this participation is not required.  This participation associates the query act with a person that is described in an instance of the R_AssignedPerson role CMET.</p></item><item><p><emph>dataEnterer</emph>:  The administrative person who physically places the query into the system.  More than one dataEnterer may exist; this participation is not required.  This participation associates the query act with a person that is described in an instance of the R_AssignedPerson role CMET.</p></item><item><p><emph>informationRecipient</emph>:  Who will get a copy of the returned data.   More than one informationRecipient may exist; this participation is not required.  This participation associates the query act with a person that is described in an instance of the R_AssignedPerson role CMET.</p></item></list><p>Refer to the <artref ref="MCAI_RM900000" alt="Trigger Event Control Act Detected Issue Local CMET"></artref> walkthrough for details of the DetectedIssueEvent and DetectedIssueManagement.</p></descriptive><diagref ref="QUQI_DM000000UV.gif"/></dmim></dmimdivn><subdivn identifier="QUQI_DO000003UV-QueryByParameter" name="Query By Parameter Topic" familiarName="Query By Parameter" parent="QUQI_DO000003UV-ic" id="QUQI_DO000003UV-QueryByParameter-ic" role="BC" sortPrefix="10" baseClass="Query By Parameter" ballotStatus="NormativeStandard" ballotNumber="2"><descriptive identifier="intro-QUQI_DO000003UV-QueryByParameter" name="Introduction" parent="QUQI_DO000003UV-QueryByParameter-ic" id="intro-QUQI_DO000003UV-QueryByParameter-ic" lastEdit="2004-10-23T08:24:45"><p>The Query By Parameter topic specifies the formation of information Query By Parameter queries and the responses to these queries to meet the needs of healthcare applications using the HL7 version 3 messaging standard.</p></descriptive><storydivn identifier="sbs-QUQI_DO000003UV-QueryByParameter" name="Storyboards" parent="QUQI_DO000003UV-QueryByParameter-ic" id="sbs-QUQI_DO000003UV-QueryByParameter-ic"><descriptive identifier="sstop-QUQI_DO000003UV-QueryByParameter" name="Reference" parent="QUQI_DO000003UV-QueryByParameter-ic" id="sstop-QUQI_DO000003UV-QueryByParameter-ic"><p>For details on the interpretation of this section, see <xspecref spec="v3guide.htm" ref="v3gstory" alt="the storyboard discussion"/> in the Version 3 Guide.</p></descriptive><descriptive identifier="sstoScp-QUQI_DO000003UV-QueryByParameter" name="Introduction" parent="QUQI_DO000003UV-QueryByParameter-ic" id="sstoScp-QUQI_DO000003UV-QueryByParameter-ic"><p>Query control in  HL7 Version 3 is defined by the handling of the events and state transitions identified in the state HL7 Version 3 Query Control state diagram (refer to introduction).  Refer to the chapter-defined queries for specific storyboards.</p></descriptive><story identifier="QUQI_ST000000UV02" name="Query By Parameter Generic Scenario" familiarName="Generic Query by Parameter Query Session" parent="QUQI_DO000003UV-QueryByParameter-ic" id="QUQI_ST000000UV02-str" sortPrefix="10|GENERIC SCENARIO" baseClass="QueryByParameter" ballotStatus="NormativeStandard" ballotNumber="2" lastEdit="2004-10-23T08:23:44"><descriptive identifier="purp-QUQI_ST000000UV02" name="Purpose" parent="QUQI_ST000000UV02-str" id="purp-QUQI_ST000000UV02-str" role="purpose" lastEdit="2004-10-23T08:23:44"><p>Illustrates the interactions to conduct a generic query by parameter query session.</p></descriptive><descriptive identifier="QUQI_SN000000UV02" name="Query framework Storyboard Narrative" familiarName="Generic Query by Parameter Session" parent="QUQI_ST000000UV02-str" id="QUQI_ST000000UV02-QUQI_SN000000UV02-stex" role="storyExample" sortPrefix="10|GENERIC SCENARIO" baseClass="QueryByParameter" lastEdit="2002-07-30T22:34:04"><p>Describes the interactions of the simple scenario where a query by parameter query session is processed between a data requesting application and data serving application.  A logical query session is initiated by an application that creates and sends an HL7 version Query By Parameter query specification to another application role that fulfills such requests.  The fulfilling application subsequently validates the query request  and prepares a query response message with (a) the initial quantity of result sets requested or (b) an exception reason why the logical query session could not be opened.  The application responsible for initiating the query request receives the query response message and (a) processes any exception indicated in the query response message that would end the query session, or (b) creates a query continuation message to request "n" more result sets (if n equals 0, this would indicate a request to cancel the logical query session), or (c) do nothing if no more result sets are wanted within the established query session.  The exact method for ending a logical query session between a query placer and a query fulfiller would be part of a conformance claim established between the placer and fulfiller application roles for a given implementation.</p></descriptive><diagref ref="QUQI_ST000000UV02.gif"/><intref ref="QUQI_IN000001UV02-int" sectID="imquqi" sectType="SB" refName="Query By Parameter Definition Query Specification" refFamiliarName="Query by Parameter Query Specification" refIdentifier="QUQI_IN000001UV02" sequence="1"/><intref ref="QUQI_IN000002UV02-int" sectID="imquqi" sectType="SB" refName="Query By Parameter Event Complete" refFamiliarName="General Query Complete Query Response" refIdentifier="QUQI_IN000002UV02" sequence="2"/><intref ref="QUQI_IN000003UV02-int" sectID="imquqi" sectType="SB" refName="Query By Parameter Request Query Fulfiller Activate Query Continue" refFamiliarName="General Query Activate Query Continue" refIdentifier="QUQI_IN000003UV02" sequence="3"/><intref ref="QUQI_IN000002UV02-int" sectID="imquqi" sectType="SB" refName="Query By Parameter Event Complete" refFamiliarName="General Query Complete Query Response" refIdentifier="QUQI_IN000002UV02" sequence="4"/><intref ref="QUQI_IN000003UV02-int" sectID="imquqi" sectType="SB" refName="Query By Parameter Request Query Fulfiller Activate Query Continue" refFamiliarName="General Query Activate Query Continue" refIdentifier="QUQI_IN000003UV02" sequence="5"/></story></storydivn><approledivn identifier="roles-QUQI_DO000003UV-QueryByParameter" name="Application Roles" parent="QUQI_DO000003UV-QueryByParameter-ic" id="roles-QUQI_DO000003UV-QueryByParameter-ic"><descriptive identifier="arop-QUQI_DO000003UV-QueryByParameter" name="Reference" parent="QUQI_DO000003UV-QueryByParameter-ic" id="arop-QUQI_DO000003UV-QueryByParameter-ic"><p>For details on the interpretation of this section, see <xspecref spec="v3guide.htm" ref="v3gapprole" alt="the discussion of application roles"/> and their relationships in the Version 3 Guide.</p></descriptive><descriptive identifier="arScp-QUQI_DO000003UV-QueryByParameter" name="Introduction" parent="QUQI_DO000003UV-QueryByParameter-ic" id="arScp-QUQI_DO000003UV-QueryByParameter-ic"><p>In release 1 of HL7 Version 3, a pair of application roles is provided for managing queries.  This pair manages the states and state transitions that are specific to this generic query framework.  Refer to chapter-defined queries for specific application roles.</p></descriptive><artree><artreeitem><arref role="included" ref="QUQI_AR000001UV02-ar" sectID="imquqi" sectType="SB" refName="Query By Parameter Request Query Control Act Query Placer" refFamiliarName="Query by Parameter Placer" refIdentifier="QUQI_AR000001UV02"/></artreeitem><artreeitem><arref role="included" ref="QUQI_AR000002UV02-ar" sectID="imquqi" sectType="SB" refName="Query By Parameter Event Query Control Act Query Fulfiller" refFamiliarName="Query by Parameter Fulfiller" refIdentifier="QUQI_AR000002UV02"/></artreeitem></artree><approle identifier="QUQI_AR000001UV02" name="Query By Parameter Request Query Control Act Query Placer" familiarName="Query by Parameter Placer" parent="QUQI_DO000003UV-QueryByParameter-ic" id="QUQI_AR000001UV02-ar" sortPrefix="10|10|99|99|QUERY CONTROL ACT|15|" baseClass="QueryByParameter" ballotStatus="NormativeStandard" ballotNumber="2" hidden="no" lastEdit="2005-05-18T15:11:58"><descriptive identifier="desc-QUQI_AR000001UV02" name="Description" parent="QUQI_AR000001UV02-ar" id="desc-QUQI_AR000001UV02-ar" lastEdit="2005-05-18T15:11:58"><p>A query requestor that conducts HL7 version 3 queries by using the query by parameter query specification mechanism.  To conduct HL7 version 3 queries means that this role manages the query control trigger events that are described in the HL7 version 3 Query Control State Diagram for an application that is requesting information.</p></descriptive><intref role="sends" ref="QUQI_IN000001UV02-int" sectID="imquqi" sectType="SB" refName="Query By Parameter Definition Query Specification" refFamiliarName="Query by Parameter Query Specification" refIdentifier="QUQI_IN000001UV02"/><intref role="receives" ref="QUQI_IN000002UV02-int" sectID="imquqi" sectType="SB" refName="Query By Parameter Event Complete" refFamiliarName="General Query Complete Query Response" refIdentifier="QUQI_IN000002UV02"/><intref role="receives" ref="QUQI_IN000003UV02-int" sectID="imquqi" sectType="SB" refName="Query By Parameter Request Query Fulfiller Activate Query Continue" refFamiliarName="General Query Activate Query Continue" refIdentifier="QUQI_IN000003UV02"/></approle><approle identifier="QUQI_AR000002UV02" name="Query By Parameter Event Query Control Act Query Fulfiller" familiarName="Query by Parameter Fulfiller" parent="QUQI_DO000003UV-QueryByParameter-ic" id="QUQI_AR000002UV02-ar" sortPrefix="10|20|99|99|QUERY CONTROL ACT|20|" baseClass="QueryByParameter" ballotStatus="NormativeStandard" ballotNumber="2" hidden="no" lastEdit="2005-05-18T15:14:39"><descriptive identifier="desc-QUQI_AR000002UV02" name="Description" parent="QUQI_AR000002UV02-ar" id="desc-QUQI_AR000002UV02-ar" lastEdit="2005-05-18T15:14:39"><p>A query processing role that responds to HL7 version 3 queries that have been specified by using the query by parameter mechanism.  This role manages the query control trigger events that are described in the HL7 version 3 Query Control State Diagram for an application that is creating responses to queries for information.</p></descriptive><intref role="sends" ref="QUQI_IN000002UV02-int" sectID="imquqi" sectType="SB" refName="Query By Parameter Event Complete" refFamiliarName="General Query Complete Query Response" refIdentifier="QUQI_IN000002UV02"/><intref role="sends" ref="QUQI_IN000003UV02-int" sectID="imquqi" sectType="SB" refName="Query By Parameter Request Query Fulfiller Activate Query Continue" refFamiliarName="General Query Activate Query Continue" refIdentifier="QUQI_IN000003UV02"/><intref role="receives" ref="QUQI_IN000001UV02-int" sectID="imquqi" sectType="SB" refName="Query By Parameter Definition Query Specification" refFamiliarName="Query by Parameter Query Specification" refIdentifier="QUQI_IN000001UV02"/></approle></approledivn><triggerdivn identifier="tes-QUQI_DO000003UV-QueryByParameter" name="Trigger Events" parent="QUQI_DO000003UV-QueryByParameter-ic" id="tes-QUQI_DO000003UV-QueryByParameter-ic"><descriptive identifier="teop-QUQI_DO000003UV-QueryByParameter" name="Reference" parent="QUQI_DO000003UV-QueryByParameter-ic" id="teop-QUQI_DO000003UV-QueryByParameter-ic"><p>For details on the interpretation of this section, see <xspecref spec="v3guide.htm" ref="v3gtrigger" alt="the discussion of trigger events"/> in the Version 3 Guide.</p></descriptive><descriptive identifier="teScp-QUQI_DO000003UV-QueryByParameter" name="Introduction" parent="QUQI_DO000003UV-QueryByParameter-ic" id="teScp-QUQI_DO000003UV-QueryByParameter-ic"><p>Each interaction is initiated by a query control state transition that is assigned a Query Control Trigger Event.</p></descriptive><trigger identifier="QUQI_TE000001UV02" name="Query By Parameter Definition Query Specification" familiarName="Query General Execute Query Specification" parent="QUQI_DO000003UV-QueryByParameter-ic" id="QUQI_TE000001UV02-te" role="State-transition based" sortPrefix="10|02|99||05|SPECIFICATION" baseClass="QueryByParameter" ballotStatus="NormativeStandard" ballotNumber="2" lastEdit="2005-05-18T15:17:05"><descriptive identifier="desc-QUQI_TE000001UV02" name="Description" parent="QUQI_TE000001UV02-te" id="desc-QUQI_TE000001UV02-te" lastEdit="2005-05-18T15:17:05"><p>A new query specification is initiated between a query placer and a query fulfiller. This initiates an HL7 version 3 query session.</p></descriptive><statrans transitionFQN="Execute_Query_Specification" focalClass="QueryEvent"><rmimref role="focalRMIM" ref="QUQI_RM020001UV02-rmi" sectID="imquqi" sectType="SB" refIdentifier="QUQI_RM020001UV02"/></statrans><intref role="fires" ref="QUQI_IN000001UV02-int" sectID="imquqi" sectType="SB" refName="Query By Parameter Definition Query Specification" refFamiliarName="Query by Parameter Query Specification" refIdentifier="QUQI_IN000001UV02"/></trigger><trigger identifier="QUQI_TE000004UV02" name="Query By Parameter Request Query Continuation" familiarName="Query General Complete Query Response Continuation" parent="QUQI_DO000003UV-QueryByParameter-ic" id="QUQI_TE000004UV02-te" role="State-transition based" sortPrefix="10|10|99||05|CONTINUATION" baseClass="QueryByParameter" ballotStatus="NormativeStandard" ballotNumber="2" lastEdit="2005-05-18T15:17:14"><descriptive identifier="desc-QUQI_TE000004UV02" name="Description" parent="QUQI_TE000004UV02-te" id="desc-QUQI_TE000004UV02-te" lastEdit="2005-05-18T15:17:14"><p>The processing on the request for the next set of results for an existing query session has been completed.  If zero result sets were in the continuation request, then the logical query session is cancelled.</p></descriptive><statrans transitionFQN="Complete_Query_Continuation" focalClass="QueryEvent"><rmimref role="focalRMIM" ref="QUQI_RM000001UV02-rmi" sectID="imquqi" sectType="SB" refIdentifier="QUQI_RM000001UV02"/></statrans></trigger><trigger identifier="QUQI_TE000003UV02" name="Query By Parameter Request Query Fulfiller Continuation" familiarName="Query General Activate Query Continuation" parent="QUQI_DO000003UV-QueryByParameter-ic" id="QUQI_TE000003UV02-te" role="State-transition based" sortPrefix="10|10|99||20|CONTINUATION" baseClass="QueryByParameter" ballotStatus="NormativeStandard" ballotNumber="2" lastEdit="2005-05-18T15:17:23"><descriptive identifier="desc-QUQI_TE000003UV02" name="Description" parent="QUQI_TE000003UV02-te" id="desc-QUQI_TE000003UV02-te" lastEdit="2005-05-18T15:17:23"><p>A query placer initiates a request to continue sending result sets on an existing query session.  If query placer identifies that zero result sets are to be returned, this is equivalent to a request to cancel the logical query session.</p></descriptive><statrans transitionFQN="Activate_Query_Continuation" focalClass="QueryEvent"><rmimref role="focalRMIM" ref="QUQI_RM000001UV02-rmi" sectID="imquqi" sectType="SB" refIdentifier="QUQI_RM000001UV02"/></statrans><intref role="fires" ref="QUQI_IN000003UV02-int" sectID="imquqi" sectType="SB" refName="Query By Parameter Request Query Fulfiller Activate Query Continue" refFamiliarName="General Query Activate Query Continue" refIdentifier="QUQI_IN000003UV02"/></trigger><trigger identifier="QUQI_TE000002UV02" name="Query By Parameter Event Query Control Act Query Response Complete" familiarName="Query General Complete Query Response" parent="QUQI_DO000003UV-QueryByParameter-ic" id="QUQI_TE000002UV02-te" role="State-transition based" sortPrefix="10|20|99|QUERY CONTROL ACT|10|COMPLETE" baseClass="QueryByParameter" ballotStatus="NormativeStandard" ballotNumber="2" lastEdit="2005-05-18T15:16:42"><descriptive identifier="desc-QUQI_TE000002UV02" name="Description" parent="QUQI_TE000002UV02-te" id="desc-QUQI_TE000002UV02-te" lastEdit="2005-05-18T15:16:42"><p>A query response is completed between a query fulfiller and a query placer within an HL7 version 3 query session.</p></descriptive><statrans transitionFQN="Complete_Query_Response" focalClass="QueryEvent"><rmimref role="focalRMIM" ref="QUQI_RM120001UV02-rmi" sectID="imquqi" sectType="SB" refIdentifier="QUQI_RM120001UV02"/></statrans><intref role="fires" ref="QUQI_IN000002UV02-int" sectID="imquqi" sectType="SB" refName="Query By Parameter Event Complete" refFamiliarName="General Query Complete Query Response" refIdentifier="QUQI_IN000002UV02"/></trigger></triggerdivn><rmimdivn identifier="rmims-QUQI_DO000003UV-QueryByParameter" name="Refined Message Information Models" parent="QUQI_DO000003UV-QueryByParameter-ic" id="rmims-QUQI_DO000003UV-QueryByParameter-ic"><descriptive identifier="rmop-QUQI_DO000003UV-QueryByParameter" name="Reference" parent="QUQI_DO000003UV-QueryByParameter-ic" id="rmop-QUQI_DO000003UV-QueryByParameter-ic"><p>For details on the interpretation of this section, see <xspecref spec="v3guide.htm" ref="v3grmim" alt="the description of RMIMs"/> in the Version 3 Guide.</p></descriptive><rmim identifier="QUQI_RM020001UV02" name="Query By Parameter Request : Parameterlist As Stub" familiarName="Query Control Act Request : Parameter List" parent="QUQI_DO000003UV-QueryByParameter-ic" id="QUQI_RM020001UV02-rmi" sortPrefix="10|10|99|: PARAMETERLIST AS STUB" baseClass="QueryByParameter" ballotStatus="NormativeStandard" ballotNumber="2" lastEdit="2012-11-11T22:09:24"><descriptive identifier="desc-QUQI_RM020001UV02" name="Description" parent="QUQI_RM020001UV02-rmi" id="desc-QUQI_RM020001UV02-rmi" lastEdit="2012-11-11T22:09:24"><p>This structure contains the specification of parameters to execute the HL7 Version Query by Parameter Query mechanism.  The Query by Parameter Specification Control Act wrapper links to a domain committee defined parameter structure that additionally contains parameters used as a filter to restrict the result set to desired request constraints. The domain content in the new version is ONLY JUST the SINGLE QueryByParameter class with the single attribute statusCode.This class is used in the QUPA mpi query examples as the entry point for those domain specifications.</p></descriptive><rmimref role="parent" ref="QUQI_DM000000UV-rmi" sectID="imquqi" sectType="SB" refName="Query Control Act" refFamiliarName="Query Control Act" refIdentifier="QUQI_DM000000UV"/><diagref ref="QUQI_RM020001UV.gif"/><hmdref role="containedHMD" ref="QUQI_HD020001UV02-hmd" sectID="imquqi" sectType="SB" refName="Query By Parameter Request New : Parameterlist As Stub" refFamiliarName="Query Control Act Request : Parameter List" refIdentifier="QUQI_HD020001UV02"/></rmim><rmim identifier="QUQI_RM021001UV02" name="Query By Parameter Request : Querybyparameter As Stub" familiarName="Query Control Act Request : Query By Parameter" parent="QUQI_DO000003UV-QueryByParameter-ic" id="QUQI_RM021001UV02-rmi" sortPrefix="10|10|99|: QUERYBYPARAMETER AS STUB" baseClass="QueryByParameter" ballotStatus="NormativeStandard" ballotNumber="2" lastEdit="2013-05-02T17:10:28"><rmimref role="parent" ref="QUQI_DM000000UV-rmi" sectID="imquqi" sectType="SB" refName="Query Control Act" refFamiliarName="Query Control Act" refIdentifier="QUQI_DM000000UV"/><diagref ref="QUQI_RM021001UV.gif"/><hmdref role="containedHMD" ref="QUQI_HD021001UV02-hmd" sectID="imquqi" sectType="SB" refName="Query By Parameter Request : Querybyparameter As Stub" refFamiliarName="Query Control Act Request : Query By Parameter" refIdentifier="QUQI_HD021001UV02"/></rmim><rmim identifier="QUQI_RM000001UV02" name="Query By Parameter Request Continuation / Cancellation" familiarName="Query Control Act Request Continue / Cancel" parent="QUQI_DO000003UV-QueryByParameter-ic" id="QUQI_RM000001UV02-rmi" sortPrefix="10|10|99|CONTINUATION / CANCELLATION" baseClass="QueryByParameter" ballotStatus="NormativeStandard" ballotNumber="2" lastEdit="2005-05-18T15:24:34"><descriptive identifier="desc-QUQI_RM000001UV02" name="Description" parent="QUQI_RM000001UV02-rmi" id="desc-QUQI_RM000001UV02-rmi" lastEdit="2005-05-18T15:24:34"><p>This structure contains the identity of an established query session and values to continue or cancel that query sessions.  This one has NO domain content. The full QueryContinuation class (with all it's attributes) is IN the wrapper and does NOT appear in the domain content areas. This wrapper has no domain payload.</p></descriptive><rmimref role="parent" ref="QUQI_DM000000UV-rmi" sectID="imquqi" sectType="SB" refName="Query Control Act" refFamiliarName="Query Control Act" refIdentifier="QUQI_DM000000UV"/><diagref ref="QUQI_RM000001UV.gif"/><hmdref role="containedHMD" ref="QUQI_HD000001UV02-hmd" sectID="imquqi" sectType="SB" refName="Query Control Act Request Continuation / Cancellation Control Act" refFamiliarName="Query Control Act Request Continue / Cancel" refIdentifier="QUQI_HD000001UV02"/></rmim><rmim identifier="QUQI_RM120001UV02" name="Query By Parameter Event Response / Acknowledgement" familiarName="Query Control Act Response / Acknowledgement" parent="QUQI_DO000003UV-QueryByParameter-ic" id="QUQI_RM120001UV02-rmi" sortPrefix="10|20|99|RESPONSE / ACKNOWLEDGEMENT" baseClass="QueryByParameter" ballotStatus="NormativeStandard" ballotNumber="2" lastEdit="2012-11-11T22:14:00"><descriptive identifier="desc-QUQI_RM120001UV02" name="Description" parent="QUQI_RM120001UV02-rmi" id="desc-QUQI_RM120001UV02-rmi" lastEdit="2012-11-11T22:14:00"><p>This structure contains the identity of the established query session in progress, the status of the query session with the current response and statistics for managing the processing of the result set for this query session.  If there is a non-null result set, one or more instances from the result set will be linked to the Query General Response ControlAct Wrapper.  The act subject is the domain payload, the QueryAck class (plus the control act class) is in the wrapper.</p></descriptive><rmimref role="parent" ref="QUQI_DM000000UV-rmi" sectID="imquqi" sectType="SB" refName="Query Control Act" refFamiliarName="Query Control Act" refIdentifier="QUQI_DM000000UV"/><diagref ref="QUQI_RM120001UV.gif"/><hmdref role="containedHMD" ref="QUQI_HD120001UV02-hmd" sectID="imquqi" sectType="SB" refName="Query By Parameter Event Response / Acknowledgement" refFamiliarName="Query Control Act Response / Acknowledgement" refIdentifier="QUQI_HD120001UV02"/></rmim></rmimdivn><hmddivn identifier="hmds-QUQI_DO000003UV-QueryByParameter" name="Hierarchical Message Descriptions" parent="QUQI_DO000003UV-QueryByParameter-ic" id="hmds-QUQI_DO000003UV-QueryByParameter-ic"><descriptive identifier="hdop-QUQI_DO000003UV-QueryByParameter" name="Reference" parent="QUQI_DO000003UV-QueryByParameter-ic" id="hdop-QUQI_DO000003UV-QueryByParameter-ic"><p>For details on the interpretation of this section, see <xspecref spec="v3guide.htm" ref="v3ghmd" alt="the description of HMDs"/> in the Version 3 Guide.</p></descriptive><hmd identifier="QUQI_HD020001UV02" name="Query By Parameter Request New : Parameterlist As Stub" familiarName="Query Control Act Request : Parameter List" parent="QUQI_RM020001UV02-rmi" id="QUQI_HD020001UV02-hmd" sortPrefix="10|10|05|: PARAMETERLIST AS STUB|" baseClass="QueryByParameter" ballotStatus="NormativeStandard" ballotNumber="2" lastEdit="2012-11-11T22:11:12"><descriptive identifier="desc-QUQI_HD020001UV02" name="Description" parent="QUQI_HD020001UV02-hmd" id="desc-QUQI_HD020001UV02-hmd" lastEdit="2012-11-11T22:11:12"><p>Query by parameter query specification Control Act  with a full complement of associations.  The domain-defined entry point stub is ParameterList.</p></descriptive><hmdextref role="tabular" ref="QUQI_HD020001UV02"/><rmimref role="parent" ref="QUQI_RM020001UV02-rmi" sectID="imquqi" sectType="SB" refName="Query By Parameter Request : Parameterlist As Stub" refFamiliarName="Query Control Act Request : Parameter List" refIdentifier="QUQI_RM020001UV02"/><msgref role="definedMsgType" ref="QUQI_MT020001UV02-msg" sectID="imquqi" sectType="SB" refName="Query By Parameter Request : Parameterlist As Stub" refFamiliarName="Query Control Act Request : Parameter List" refIdentifier="QUQI_MT020001UV02"/></hmd><hmd identifier="QUQI_HD021001UV02" name="Query By Parameter Request : Querybyparameter As Stub" familiarName="Query Control Act Request : Query By Parameter" parent="QUQI_RM021001UV02-rmi" id="QUQI_HD021001UV02-hmd" sortPrefix="10|10|99|: QUERYBYPARAMETER AS STUB" baseClass="QueryByParameter" ballotStatus="NormativeStandard" ballotNumber="2" lastEdit="2012-11-11T22:12:51"><descriptive identifier="desc-QUQI_HD021001UV02" name="Description" parent="QUQI_HD021001UV02-hmd" id="desc-QUQI_HD021001UV02-hmd" lastEdit="2012-11-11T22:12:51"><p>Query by parameter query specification Control Act  with a full complement of associations.  The QueryEvent is the domain-defined entry point stub.</p></descriptive><hmdextref role="tabular" ref="QUQI_HD021001UV02"/><rmimref role="parent" ref="QUQI_RM021001UV02-rmi" sectID="imquqi" sectType="SB" refName="Query By Parameter Request : Querybyparameter As Stub" refFamiliarName="Query Control Act Request : Query By Parameter" refIdentifier="QUQI_RM021001UV02"/><msgref role="definedMsgType" ref="QUQI_MT021001UV02-msg" sectID="imquqi" sectType="SB" refName="Query By Parameter Request : Querybyparameter As Stub" refFamiliarName="Query Control Act Request : Query By Parameter" refIdentifier="QUQI_MT021001UV02"/></hmd><hmd identifier="QUQI_HD120001UV02" name="Query By Parameter Event Response / Acknowledgement" familiarName="Query Control Act Response / Acknowledgement" parent="QUQI_RM120001UV02-rmi" id="QUQI_HD120001UV02-hmd" sortPrefix="10|20|99|RESPONSE / ACKNOWLEDGEMENT" baseClass="QueryByParameter" ballotStatus="NormativeStandard" ballotNumber="2" lastEdit="2012-11-11T22:14:40"><descriptive identifier="desc-QUQI_HD120001UV02" name="Description" parent="QUQI_HD120001UV02-hmd" id="desc-QUQI_HD120001UV02-hmd" lastEdit="2012-11-11T22:14:40"><p>Basic Query Response/Acknowledgement Message Type</p></descriptive><hmdextref role="tabular" ref="QUQI_HD120001UV02"/><rmimref role="parent" ref="QUQI_RM120001UV02-rmi" sectID="imquqi" sectType="SB" refName="Query By Parameter Event Response / Acknowledgement" refFamiliarName="Query Control Act Response / Acknowledgement" refIdentifier="QUQI_RM120001UV02"/><msgref role="definedMsgType" ref="QUQI_MT120001UV02-msg" sectID="imquqi" sectType="SB" refName="Query By Parameter Event Query Control Act Response / Acknowledgement" refFamiliarName="Query Control Act Response / Acknowledgement" refIdentifier="QUQI_MT120001UV02"/></hmd><hmd identifier="QUQI_HD000001UV02" name="Query Control Act Request Continuation / Cancellation Control Act" familiarName="Query Control Act Request Continue / Cancel" parent="QUQI_RM000001UV02-rmi" id="QUQI_HD000001UV02-hmd" sortPrefix="99QUERY CONTROL ACT|10|99|CONTINUATION / CANCELLATION CONTROL ACT" ballotStatus="NormativeStandard" ballotNumber="2" lastEdit="2004-07-24T10:45:25"><descriptive identifier="desc-QUQI_HD000001UV02" name="Description" parent="QUQI_HD000001UV02-hmd" id="desc-QUQI_HD000001UV02-hmd" lastEdit="2004-07-24T10:45:25"><p>Message is used in a query session to (a) request more result sets in a Query Response or (b) cancel the Query Session.</p></descriptive><hmdextref role="tabular" ref="QUQI_HD000001UV02"/><rmimref role="parent" ref="QUQI_RM000001UV02-rmi" sectID="imquqi" sectType="SB" refName="Query By Parameter Request Continuation / Cancellation" refFamiliarName="Query Control Act Request Continue / Cancel" refIdentifier="QUQI_RM000001UV02"/><msgref role="definedMsgType" ref="QUQI_MT000001UV02-msg" sectID="imquqi" sectType="SB" refName="Query Control Act Request Continuation / Cancellation Control Act" refFamiliarName="Query Control Act Request Continue / Cancel" refIdentifier="QUQI_MT000001UV02"/></hmd></hmddivn><msgtypedivn identifier="msgs-QUQI_DO000003UV-QueryByParameter" name="Message Type Definitions" parent="QUQI_DO000003UV-QueryByParameter-ic" id="msgs-QUQI_DO000003UV-QueryByParameter-ic"><msgtype identifier="QUQI_MT020001UV02" name="Query By Parameter Request : Parameterlist As Stub" familiarName="Query Control Act Request : Parameter List" parent="QUQI_HD020001UV02-hmd" id="QUQI_MT020001UV02-msg" sortPrefix="10|10|99|: PARAMETERLIST AS STUB" baseClass="QueryByParameter" ballotStatus="NormativeStandard" ballotNumber="2" lastEdit="2012-11-11T22:11:31"><msgextref role="tabular" ref="QUQI_MT020001UV02"/><hmdref role="parent" ref="QUQI_HD020001UV02-hmd" sectID="imquqi" sectType="SB" refName="Query By Parameter Request New : Parameterlist As Stub" refFamiliarName="Query Control Act Request : Parameter List" refIdentifier="QUQI_HD020001UV02"/><intref role="sentIn" ref="QUQI_IN000001UV02-int" sectID="imquqi" sectType="SB" refName="Query By Parameter Definition Query Specification" refFamiliarName="Query by Parameter Query Specification" refIdentifier="QUQI_IN000001UV02"/></msgtype><msgtype identifier="QUQI_MT021001UV02" name="Query By Parameter Request : Querybyparameter As Stub" familiarName="Query Control Act Request : Query By Parameter" parent="QUQI_HD021001UV02-hmd" id="QUQI_MT021001UV02-msg" sortPrefix="10|10|99|: QUERYBYPARAMETER AS STUB" baseClass="QueryByParameter" ballotStatus="NormativeStandard" ballotNumber="2" lastEdit="2012-11-11T22:13:15"><msgextref role="tabular" ref="QUQI_MT021001UV02"/><hmdref role="parent" ref="QUQI_HD021001UV02-hmd" sectID="imquqi" sectType="SB" refName="Query By Parameter Request : Querybyparameter As Stub" refFamiliarName="Query Control Act Request : Query By Parameter" refIdentifier="QUQI_HD021001UV02"/></msgtype><msgtype identifier="QUQI_MT120001UV02" name="Query By Parameter Event Query Control Act Response / Acknowledgement" familiarName="Query Control Act Response / Acknowledgement" parent="QUQI_HD120001UV02-hmd" id="QUQI_MT120001UV02-msg" sortPrefix="10|20|99|QUERY CONTROL ACT RESPONSE / ACKNOWLEDGEMENT" baseClass="QueryByParameter" ballotStatus="NormativeStandard" ballotNumber="2" lastEdit="2012-11-11T22:15:14"><msgextref role="tabular" ref="QUQI_MT120001UV02"/><hmdref role="parent" ref="QUQI_HD120001UV02-hmd" sectID="imquqi" sectType="SB" refName="Query By Parameter Event Response / Acknowledgement" refFamiliarName="Query Control Act Response / Acknowledgement" refIdentifier="QUQI_HD120001UV02"/><intref role="sentIn" ref="QUQI_IN000002UV02-int" sectID="imquqi" sectType="SB" refName="Query By Parameter Event Complete" refFamiliarName="General Query Complete Query Response" refIdentifier="QUQI_IN000002UV02"/></msgtype><msgtype identifier="QUQI_MT000001UV02" name="Query Control Act Request Continuation / Cancellation Control Act" familiarName="Query Control Act Request Continue / Cancel" parent="QUQI_HD000001UV02-hmd" id="QUQI_MT000001UV02-msg" sortPrefix="99QUERY CONTROL ACT|10|99|CONTINUATION / CANCELLATION CONTROL ACT" ballotStatus="NormativeStandard" ballotNumber="2" lastEdit="2004-07-24T10:45:32"><msgextref role="tabular" ref="QUQI_MT000001UV02"/><hmdref role="parent" ref="QUQI_HD000001UV02-hmd" sectID="imquqi" sectType="SB" refName="Query Control Act Request Continuation / Cancellation Control Act" refFamiliarName="Query Control Act Request Continue / Cancel" refIdentifier="QUQI_HD000001UV02"/><intref role="sentIn" ref="QUQI_IN000003UV02-int" sectID="imquqi" sectType="SB" refName="Query By Parameter Request Query Fulfiller Activate Query Continue" refFamiliarName="General Query Activate Query Continue" refIdentifier="QUQI_IN000003UV02"/></msgtype></msgtypedivn><interactiondivn identifier="ints-QUQI_DO000003UV-QueryByParameter" name="Interactions" parent="QUQI_DO000003UV-QueryByParameter-ic" id="ints-QUQI_DO000003UV-QueryByParameter-ic"><descriptive identifier="inop-QUQI_DO000003UV-QueryByParameter" name="Reference" parent="QUQI_DO000003UV-QueryByParameter-ic" id="inop-QUQI_DO000003UV-QueryByParameter-ic"><p>For details on the interpretation of this section, see <xspecref spec="v3guide.htm" ref="v3gintact" alt="the definition of Interactions"/> in the Version 3 Guide.</p></descriptive><interaction identifier="QUQI_IN000001UV02" name="Query By Parameter Definition Query Specification" familiarName="Query by Parameter Query Specification" parent="QUQI_DO000003UV-QueryByParameter-ic" id="QUQI_IN000001UV02-int" role="interaction" sortPrefix="10|02|99|99||05|SPECIFICATION" baseClass="QueryByParameter" ballotStatus="NormativeStandard" ballotNumber="2" lastEdit="2005-05-18T15:20:24"><descriptive identifier="desc-QUQI_IN000001UV02" name="Description" parent="QUQI_IN000001UV02-int" id="desc-QUQI_IN000001UV02-int" lastEdit="2005-05-18T15:20:24"><p>Query by parameter query specification to start query session.</p></descriptive><arref role="sendrole" ref="QUQI_AR000001UV02-ar" sectID="imquqi" sectType="SB" refName="Query By Parameter Request Query Control Act Query Placer" refFamiliarName="Query by Parameter Placer" refIdentifier="QUQI_AR000001UV02"/><arref role="rcvrole" ref="QUQI_AR000002UV02-ar" sectID="imquqi" sectType="SB" refName="Query By Parameter Event Query Control Act Query Fulfiller" refFamiliarName="Query by Parameter Fulfiller" refIdentifier="QUQI_AR000002UV02"/><teref role="trigger" ref="QUQI_TE000001UV02-te" sectID="imquqi" sectType="SB" refName="Query By Parameter Definition Query Specification" refFamiliarName="Query General Execute Query Specification" refIdentifier="QUQI_TE000001UV02"/><msgref role="transwrap" ref="MCCI_MT000100UV01-msg" sectID="immcci" sectType="SB" refName="Send Message Payload" refIdentifier="MCCI_MT000100UV01"/><msgref role="msgtype" ref="QUQI_MT020001UV02-msg" sectID="imquqi" sectType="SB" refName="Query Control Act Request : Parameter List" refIdentifier="QUQI_MT020001UV02"/><rcvrresp identifier="QUQI_IN000001UV02_Resp1" name="Responsibility- 1" parent="QUQI_IN000001UV02-int" id="QUQI_IN000001UV02_Resp1-rsp"><descriptive identifier="rson-QUQI_IN000001UV02_Resp1" name="Reason" parent="QUQI_IN000001UV02_Resp1-rsp" id="rson-QUQI_IN000001UV02_Resp1-rsn" role="reason"><p>A query response is required for a query specifation for this application role.</p></descriptive><teref role="responsetrigger" ref="QUQI_TE000002UV02-te" sectID="imquqi" sectType="SB" refName="Query By Parameter Event Query Control Act Query Response Complete" refFamiliarName="Query General Complete Query Response" refIdentifier="QUQI_TE000002UV02"/><intref role="responseinteraction" ref="QUQI_IN000002UV02-int" sectID="imquqi" sectType="SB" refName="Query By Parameter Event Complete" refFamiliarName="General Query Complete Query Response" refIdentifier="QUQI_IN000002UV02"/></rcvrresp></interaction><interaction identifier="QUQI_IN000003UV02" name="Query By Parameter Request Query Fulfiller Activate Query Continue" familiarName="General Query Activate Query Continue" parent="QUQI_DO000003UV-QueryByParameter-ic" id="QUQI_IN000003UV02-int" role="interaction" sortPrefix="10|10|99|99||20|ACTIVATE QUERY CONTINUE" baseClass="QueryByParameter" ballotStatus="NormativeStandard" ballotNumber="2" lastEdit="2005-05-18T15:20:35"><descriptive identifier="desc-QUQI_IN000003UV02" name="Description" parent="QUQI_IN000003UV02-int" id="desc-QUQI_IN000003UV02-int" lastEdit="2005-05-18T15:20:35"><p>The General Query Activate Query Continue interaction contains instructions to continue or cancel the identified query session as requested by the originator of the query session.</p></descriptive><arref role="sendrole" ref="QUQI_AR000002UV02-ar" sectID="imquqi" sectType="SB" refName="Query By Parameter Event Query Control Act Query Fulfiller" refFamiliarName="Query by Parameter Fulfiller" refIdentifier="QUQI_AR000002UV02"/><arref role="rcvrole" ref="QUQI_AR000001UV02-ar" sectID="imquqi" sectType="SB" refName="Query By Parameter Request Query Control Act Query Placer" refFamiliarName="Query by Parameter Placer" refIdentifier="QUQI_AR000001UV02"/><teref role="trigger" ref="QUQI_TE000003UV02-te" sectID="imquqi" sectType="SB" refName="Query By Parameter Request Query Fulfiller Continuation" refFamiliarName="Query General Activate Query Continuation" refIdentifier="QUQI_TE000003UV02"/><msgref role="transwrap" ref="MCCI_MT000300UV01-msg" sectID="immcci" sectType="SB" refName="Application Level Acknowledgement" refIdentifier="MCCI_MT000300UV01"/><msgref role="msgtype" ref="QUQI_MT000001UV02-msg" sectID="imquqi" sectType="SB" refName="Query Control Act Request Continue / Cancel" refIdentifier="QUQI_MT000001UV02"/></interaction><interaction identifier="QUQI_IN000002UV02" name="Query By Parameter Event Complete" familiarName="General Query Complete Query Response" parent="QUQI_DO000003UV-QueryByParameter-ic" id="QUQI_IN000002UV02-int" role="interaction" sortPrefix="10|20|99|99|COMPLETE|99|" baseClass="QueryByParameter" ballotStatus="NormativeStandard" ballotNumber="2" lastEdit="2005-05-18T15:27:16"><descriptive identifier="desc-QUQI_IN000002UV02" name="Description" parent="QUQI_IN000002UV02-int" id="desc-QUQI_IN000002UV02-int" lastEdit="2005-05-18T15:27:16"><p>General Query Complete Query Response interaction contains status on an identified query session and one or more instances of the query results set if any exist.</p></descriptive><arref role="sendrole" ref="QUQI_AR000002UV02-ar" sectID="imquqi" sectType="SB" refName="Query By Parameter Event Query Control Act Query Fulfiller" refFamiliarName="Query by Parameter Fulfiller" refIdentifier="QUQI_AR000002UV02"/><arref role="rcvrole" ref="QUQI_AR000001UV02-ar" sectID="imquqi" sectType="SB" refName="Query By Parameter Request Query Control Act Query Placer" refFamiliarName="Query by Parameter Placer" refIdentifier="QUQI_AR000001UV02"/><teref role="trigger" ref="QUQI_TE000002UV02-te" sectID="imquqi" sectType="SB" refName="Query By Parameter Event Query Control Act Query Response Complete" refFamiliarName="Query General Complete Query Response" refIdentifier="QUQI_TE000002UV02"/><msgref role="transwrap" ref="MCCI_MT000300UV01-msg" sectID="immcci" sectType="SB" refName="Application Level Acknowledgement" refIdentifier="MCCI_MT000300UV01"/><msgref role="msgtype" ref="QUQI_MT120001UV02-msg" sectID="imquqi" sectType="SB" refName="Query Control Act Response / Acknowledgement" refIdentifier="QUQI_MT120001UV02"/><rcvrresp identifier="QUQI_IN000002UV02_Resp1" name="Responsibility- 1" parent="QUQI_IN000002UV02-int" id="QUQI_IN000002UV02_Resp1-rsp"><descriptive identifier="rson-QUQI_IN000002UV02_Resp1" name="Reason" parent="QUQI_IN000002UV02_Resp1-rsp" id="rson-QUQI_IN000002UV02_Resp1-rsn" role="reason"><p>The query fulfiller must return the next set of instances from the result set or return a status indicating that there are no more result instances ofr the current query session.</p></descriptive><teref role="responsetrigger" ref="QUQI_TE000002UV02-te" sectID="imquqi" sectType="SB" refName="Query By Parameter Event Query Control Act Query Response Complete" refFamiliarName="Query General Complete Query Response" refIdentifier="QUQI_TE000002UV02"/><intref role="responseinteraction" ref="QUQI_IN000002UV02-int" sectID="imquqi" sectType="SB" refName="Query By Parameter Event Complete" refFamiliarName="General Query Complete Query Response" refIdentifier="QUQI_IN000002UV02"/></rcvrresp></interaction></interactiondivn></subdivn><indexdivn identifier="cindx-QUQI_DO000003UV" name="Common Message Elements Indexes" parent="QUQI_DO000003UV-ic" id="cindx-QUQI_DO000003UV-ic"><indexlist identifier="cindx-List-1" name="Common Message Elements Defined in this Domain" parent="cindx-QUQI_DO000003UV-ic" id="QUQI_DO000003UV-icc1id"/><indexlist identifier="cindx-List-2" name="Common Message Elements Used by this Domain" parent="cindx-QUQI_DO000003UV-ic" id="QUQI_DO000003UV-icc2id"/></indexdivn><indexdivn identifier="indx-QUQI_DO000003UV" name="Interaction Indexes" parent="QUQI_DO000003UV-ic" id="indx-QUQI_DO000003UV-ic"><indexlist identifier="indx-List-1" name="Interaction Index by Application Role" parent="indx-QUQI_DO000003UV-ic" id="QUQI_DO000003UV-ic1id"/><indexlist identifier="indx-List-2" name="Interaction Index by Trigger Event" parent="indx-QUQI_DO000003UV-ic" id="QUQI_DO000003UV-ic2id"/><indexlist identifier="indx-List-3" name="Interaction Index by Message Type" parent="indx-QUQI_DO000003UV-ic" id="QUQI_DO000003UV-ic3id"/></indexdivn></body></spec>

