<?xml version="1.0" encoding="UTF-8"?>
<!-- 
  - $Id
  -->
<project name="ConvertMIFs" default="convertMIF" basedir="..">
  <!-- Import 'ant-contrib' content -->
  <taskdef resource="net/sf/antcontrib/antcontrib.properties"/>
  <!-- Class names -->
  <property name="path.saxon" value="net.sf.saxon.TransformerFactoryImpl"/>
  <path id="saxon">
    <pathelement path="saxon8.jar"/>
    <pathelement path="extensions.jar"/>
  </path>
  <!-- ======================================================= -->
  <target name="convertMIF">
    <xslt basedir="ToolFiles/MIF2Schemas" destdir="OutputFiles/EPL-MIF2Schemas" includes="*.xsd" extension=".xsd" classpathref="saxon" style="ToolFiles/Transforms/ProduceMIFLiteSchemas.xslt">
      <factory name="${path.saxon}"/>
    </xslt>
  </target>
</project>
