<?xml version="1.0" encoding="UTF-8"?>
<!-- PRPM Customization - patch file for modifying hmds to include Accountability History attributes in schemas and tableview.  Note that Rosetree source files are NOT modified to enable updatemode  and ControlActIdRef.  All modifications are recorded and enabled through this file. -->
<modifiedRows>
	<!-- PRPM_MT301015.hmd  Provider Event Create Accountable-->
	<modifiedRow modelId="PRPM_MT301015UV" className="ActDefinitionOrEvent" childName="location" referenceHistory="true"/>
	<modifiedRow modelId="PRPM_MT301015UV" className="ActDefinitionOrEvent" childName="sequel" referenceHistory="true"/>
	<modifiedRow modelId="PRPM_MT301015UV" className="AssignedEntity" childName="id" referenceHistory="true"/>
	<modifiedRow modelId="PRPM_MT301015UV" className="AssignedEntity" childName="addr" referenceHistory="true"/>
	<modifiedRow modelId="PRPM_MT301015UV" className="AssignedEntity" childName="telecom" referenceHistory="true"/>
	<modifiedRow modelId="PRPM_MT301015UV" className="AssignedEntity" childName="statusCode" referenceHistory="true"/>
	<modifiedRow modelId="PRPM_MT301015UV" className="HealthCareProvider" childName="id" referenceHistory="true"/>
	<modifiedRow modelId="PRPM_MT301015UV" className="HealthCareProvider" childName="addr" referenceHistory="true"/>
	<modifiedRow modelId="PRPM_MT301015UV" className="HealthCareProvider" childName="telecom" referenceHistory="true"/>
	<modifiedRow modelId="PRPM_MT301015UV" className="HealthCareProvider" childName="statusCode" referenceHistory="true"/>
	<modifiedRow modelId="PRPM_MT301015UV" className="InformRequert" childName="subject" referenceHistory="true"/>
	<modifiedRow modelId="PRPM_MT301015UV" className="InformRequert" childName="receiver" referenceHistory="true"/>
	<modifiedRow modelId="PRPM_MT301015UV" className="PrincipalOrganization" childName="id" referenceHistory="true"/>
	<modifiedRow modelId="PRPM_MT301015UV" className="PrincipalOrganization" childName="name" referenceHistory="true"/>
	<modifiedRow modelId="PRPM_MT301015UV" className="PrincipalPerson" childName="id" referenceHistory="true"/>
	<modifiedRow modelId="PRPM_MT301015UV" className="PrincipalPerson" childName="administrativeGenderCode" referenceHistory="true"/>
	<modifiedRow modelId="PRPM_MT301015UV" className="PrincipalPerson" childName="birthTime" referenceHistory="true"/>
	<modifiedRow modelId="PRPM_MT301015UV" className="PrincipalPerson" childName="deceasedTime" referenceHistory="true"/>
	<modifiedRow modelId="PRPM_MT301015UV" className="PrincipalPerson" childName="birthplace" referenceHistory="true"/>
	<modifiedRow modelId="PRPM_MT301015UV" className="PrincipalPerson" childName="name" referenceHistory="true"/>
	<modifiedRow modelId="PRPM_MT301015UV" className="PrincipalPerson" childName="affiliate" referenceHistory="true"/>
	<modifiedRow modelId="PRPM_MT301015UV" className="RoleChoice" childName="relatedTo" referenceHistory="true"/>
	<modifiedRow modelId="PRPM_MT301015UV" className="RoleChoice" childName="responsibleFor" referenceHistory="true"/>
	<modifiedRow modelId="PRPM_MT301015UV" className="RoleChoice" childName="subjectOf1" referenceHistory="true"/>
	<modifiedRow modelId="PRPM_MT301015UV" className="RoleChoice" childName="subjectOf3" referenceHistory="true"/>
	<modifiedRow modelId="PRPM_MT301015UV" className="RoleChoice" childName="subjectOf4" referenceHistory="true"/>
	<modifiedRow modelId="PRPM_MT301015UV" className="ServiceDeliveryLocation" childName="addr" referenceHistory="true"/>
	<modifiedRow modelId="PRPM_MT301015UV" className="ServiceDeliveryLocation" childName="telecom" referenceHistory="true"/>
	<!-- PRPM_MT303015.hmd Provider Event Revise Accountable-->
	<modifiedRow modelId="PRPM_MT303015UV" className="ActDefinitionOrEvent" childName="location" updateModesAllowed="A R AR N U" referenceHistory="true"/>
	<modifiedRow modelId="PRPM_MT303015UV" className="ActDefinitionOrEvent" childName="sequel" updateModesAllowed="A R AR N U" referenceHistory="true"/>
	<modifiedRow modelId="PRPM_MT303015UV" className="AssignedEntity" childName="id" updateModesAllowed="A R AR N U" referenceHistory="true"/>
	<modifiedRow modelId="PRPM_MT303015UV" className="AssignedEntity" childName="addr" updateModesAllowed="A R AR N U" referenceHistory="true"/>
	<modifiedRow modelId="PRPM_MT303015UV" className="AssignedEntity" childName="telecom" updateModesAllowed="A R AR N U" referenceHistory="true"/>
	<modifiedRow modelId="PRPM_MT303015UV" className="AssignedEntity" childName="statusCode" updateModesAllowed="A R AR N U" referenceHistory="true"/>
	<modifiedRow modelId="PRPM_MT303015UV" className="HealthCareProvider" childName="id" updateModesAllowed="A R AR N U" referenceHistory="true"/>
	<modifiedRow modelId="PRPM_MT303015UV" className="HealthCareProvider" childName="addr" updateModesAllowed="A R AR N U" referenceHistory="true"/>
	<modifiedRow modelId="PRPM_MT303015UV" className="HealthCareProvider" childName="telecom" updateModesAllowed="A R AR N U" referenceHistory="true"/>
	<modifiedRow modelId="PRPM_MT303015UV" className="HealthCareProvider" childName="statusCode" updateModesAllowed="A R AR N U" referenceHistory="true"/>
	<modifiedRow modelId="PRPM_MT303015UV" className="InformRequest" childName="subject" updateModesAllowed="A R AR N U" referenceHistory="true"/>
	<modifiedRow modelId="PRPM_MT303015UV" className="InformRequest" childName="receiver" updateModesAllowed="A R AR N U" referenceHistory="true"/>
	<modifiedRow modelId="PRPM_MT303015UV" className="PrincipalOrganization" childName="id" updateModesAllowed="A R AR N U" referenceHistory="true"/>
	<modifiedRow modelId="PRPM_MT303015UV" className="PrincipalOrganization" childName="name" updateModesAllowed="A R AR N U" referenceHistory="true"/>
	<modifiedRow modelId="PRPM_MT303015UV" className="PrincipalPerson" childName="id" updateModesAllowed="A R AR N U" referenceHistory="true"/>
	<modifiedRow modelId="PRPM_MT303015UV" className="PrincipalPerson" childName="administrativeGenderCode" updateModesAllowed="A R AR N U" referenceHistory="true"/>
	<modifiedRow modelId="PRPM_MT303015UV" className="PrincipalPerson" childName="birthTime" updateModesAllowed="A R AR N U" referenceHistory="true"/>
	<modifiedRow modelId="PRPM_MT303015UV" className="PrincipalPerson" childName="deceasedTime" updateModesAllowed="A R AR N U" referenceHistory="true"/>
	<modifiedRow modelId="PRPM_MT303015UV" className="PrincipalPerson" childName="birthplace" updateModesAllowed="A R AR N U" referenceHistory="true"/>
	<modifiedRow modelId="PRPM_MT303015UV" className="PrincipalPerson" childName="name" updateModesAllowed="A R AR N U" referenceHistory="true"/>
	<modifiedRow modelId="PRPM_MT303015UV" className="PrincipalPerson" childName="affliate" updateModesAllowed="A R AR N U" referenceHistory="true"/>
	<modifiedRow modelId="PRPM_MT303015UV" className="RoleChoice" childName="relatedTo" updateModesAllowed="A R AR N U" referenceHistory="true"/>
	<modifiedRow modelId="PRPM_MT303015UV" className="RoleChoice" childName="responsibleFor" updateModesAllowed="A R AR N U" referenceHistory="true"/>
	<modifiedRow modelId="PRPM_MT303015UV" className="RoleChoice" childName="subjectOf1" updateModesAllowed="A R AR N U" referenceHistory="true"/>
	<modifiedRow modelId="PRPM_MT303015UV" className="RoleChoice" childName="subjectOf3" updateModesAllowed="A R AR N U" referenceHistory="true"/>
	<modifiedRow modelId="PRPM_MT303015UV" className="RoleChoice" childName="subjectOf4" updateModesAllowed="A R AR N U" referenceHistory="true"/>
	<modifiedRow modelId="PRPM_MT303015UV" className="ServiceDeliveryLocation" childName="addr" updateModesAllowed="A R AR N U" referenceHistory="true"/>
	<modifiedRow modelId="PRPM_MT303015UV" className="ServiceDeliveryLocation" childName="telecom" updateModesAllowed="A R AR N U" referenceHistory="true"/>
	<!-- PRPM_MT309016.hmd  Provider Event Response Accountable-->
	<modifiedRow modelId="PRPM_MT309016UV" className="HealthCareProvider" childName="id" referenceHistory="true"/>
	<modifiedRow modelId="PRPM_MT309016UV" className="AssignedEntity" childName="id" referenceHistory="true"/>
	<modifiedRow modelId="PRPM_MT309016UV" className="PrincipalPerson" childName="name" referenceHistory="true"/>
	<modifiedRow modelId="PRPM_MT309016UV" className="PrincipalPerson" childName="administrativeGenderCode" referenceHistory="true"/>
	<modifiedRow modelId="PRPM_MT309016UV" className="PrincipalPerson" childName="birthTime" referenceHistory="true"/>
	<modifiedRow modelId="PRPM_MT309016UV" className="PrincipalPerson" childName="deceasedTime" referenceHistory="true"/>
	<modifiedRow modelId="PRPM_MT309016UV" className="PrincipalPerson" childName="birthplace" referenceHistory="true"/>
	<modifiedRow modelId="PRPM_MT309016UV" className="RoleChoice" childName="responsibleFor" referenceHistory="true"/>
	<modifiedRow modelId="PRPM_MT309016UV" className="RoleChoice" childName="subjectOf1" referenceHistory="true"/>
	<modifiedRow modelId="PRPM_MT309016UV" className="RoleChoice" childName="subjectOf4" referenceHistory="true"/>
	<!-- PRPM_MT306115.hmd Provider Event Detail Query Response Accountable-->
	<modifiedRow modelId="PRPM_MT306115UV" className="ActDefinitionOrEvent" childName="location" updateModesAllowed="A R N" referenceHistory="true"/>
	<modifiedRow modelId="PRPM_MT306115UV" className="ActDefinitionOrEvent" childName="sequel" updateModesAllowed="A R N" referenceHistory="true"/>
	<modifiedRow modelId="PRPM_MT306115UV" className="AssignedEntity" childName="id" updateModesAllowed="A R N" referenceHistory="true"/>
	<modifiedRow modelId="PRPM_MT306115UV" className="AssignedEntity" childName="addr" updateModesAllowed="A R N" referenceHistory="true"/>
	<modifiedRow modelId="PRPM_MT306115UV" className="AssignedEntity" childName="telecom" updateModesAllowed="A R N" referenceHistory="true"/>
	<modifiedRow modelId="PRPM_MT306115UV" className="HealthCareProvider" childName="id" updateModesAllowed="A R N" referenceHistory="true"/>
	<modifiedRow modelId="PRPM_MT306115UV" className="HealthCareProvider" childName="addr" updateModesAllowed="A R N" referenceHistory="true"/>
	<modifiedRow modelId="PRPM_MT306115UV" className="HealthCareProvider" childName="statusCode" updateModesAllowed="A R N" referenceHistory="true"/>
	<modifiedRow modelId="PRPM_MT306115UV" className="HealthCareProvider" childName="telecom" updateModesAllowed="A R N" referenceHistory="true"/>
	<modifiedRow modelId="PRPM_MT306115UV" className="InformRequest" childName="subject" updateModesAllowed="A R N" referenceHistory="true"/>
	<modifiedRow modelId="PRPM_MT306115UV" className="InformRequest" childName="receiver" updateModesAllowed="A R N" referenceHistory="true"/>
	<modifiedRow modelId="PRPM_MT306115UV" className="PrincipalPerson" childName="id" updateModesAllowed="A R N" referenceHistory="true"/>
	<modifiedRow modelId="PRPM_MT306115UV" className="PrincipalPerson" childName="administrativeGenderCode" updateModesAllowed="A R N" referenceHistory="true"/>
	<modifiedRow modelId="PRPM_MT306115UV" className="PrincipalPerson" childName="birthTime" updateModesAllowed="A R N" referenceHistory="true"/>
	<modifiedRow modelId="PRPM_MT306115UV" className="PrincipalPerson" childName="deceasedTime" updateModesAllowed="A R N" referenceHistory="true"/>
	<modifiedRow modelId="PRPM_MT306115UV" className="PrincipalPerson" childName="birthplace" updateModesAllowed="A R N" referenceHistory="true"/>
	<modifiedRow modelId="PRPM_MT306115UV" className="PrincipalPerson" childName="name" updateModesAllowed="A R N" referenceHistory="true"/>
	<modifiedRow modelId="PRPM_MT306115UV" className="PrincipalPerson" childName="affiliate" updateModesAllowed="A R N" referenceHistory="true"/>
	<modifiedRow modelId="PRPM_MT306115UV" className="PrincipalOrganization" childName="id" updateModesAllowed="A R N" referenceHistory="true"/>
	<modifiedRow modelId="PRPM_MT306115UV" className="PrincipalOrganization" childName="name" updateModesAllowed="A R N" referenceHistory="true"/>
	<modifiedRow modelId="PRPM_MT306115UV" className="RoleChoice" childName="responsibleFor" updateModesAllowed="A R N" referenceHistory="true"/>
	<modifiedRow modelId="PRPM_MT306115UV" className="RoleChoice" childName="subjectOf1" updateModesAllowed="A R N" referenceHistory="true"/>
	<modifiedRow modelId="PRPM_MT306115UV" className="RoleChoice" childName="subjectOf3" updateModesAllowed="A R N" referenceHistory="true"/>
	<modifiedRow modelId="PRPM_MT306115UV" className="RoleChoice" childName="subjectOf4" updateModesAllowed="A R N" referenceHistory="true"/>
	<modifiedRow modelId="PRPM_MT306115UV" className="RoleChoice" childName="relatedTo" updateModesAllowed="A R N" referenceHistory="true"/>
	<modifiedRow modelId="PRPM_MT306115UV" className="ServiceDeliveryLocation" childName="addr" updateModesAllowed="A R N" referenceHistory="true"/>
	<modifiedRow modelId="PRPM_MT306115UV" className="ServiceDeliveryLocation" childName="telecom" updateModesAllowed="A R N" referenceHistory="true"/>
	<!-- PRPM_MT401015.hmd  Organization Event Create Accountable-->
	<modifiedRow modelId="PRPM_MT401015UV" className="ActDefinitionOrEvent" childName="location" referenceHistory="true"/>
	<modifiedRow modelId="PRPM_MT401015UV" className="ActDefinitionOrEvent" childName="sequel" referenceHistory="true"/>
	<modifiedRow modelId="PRPM_MT401015UV" className="AssignedEntity" childName="id" referenceHistory="true"/>
	<modifiedRow modelId="PRPM_MT401015UV" className="AssignedEntity" childName="addr" referenceHistory="true"/>
	<modifiedRow modelId="PRPM_MT401015UV" className="AssignedEntity" childName="telecom" referenceHistory="true"/>
	<modifiedRow modelId="PRPM_MT401015UV" className="AssignedEntity" childName="statusCode" referenceHistory="true"/>
	<modifiedRow modelId="PRPM_MT401015UV" className="InformRequert" childName="subject" referenceHistory="true"/>
	<modifiedRow modelId="PRPM_MT401015UV" className="InformRequert" childName="receiver" referenceHistory="true"/>
	<modifiedRow modelId="PRPM_MT401015UV" className="PrincipalOrganization" childName="id" referenceHistory="true"/>
	<modifiedRow modelId="PRPM_MT401015UV" className="PrincipalOrganization" childName="name" referenceHistory="true"/>
	<modifiedRow modelId="PRPM_MT401015UV" className="PrincipalOrganization" childName="playedAffiliate" referenceHistory="true"/>
	<modifiedRow modelId="PRPM_MT401015UV" className="RoleChoice" childName="relatedTo" referenceHistory="true"/>
	<modifiedRow modelId="PRPM_MT401015UV" className="RoleChoice" childName="responsibleFor" referenceHistory="true"/>
	<modifiedRow modelId="PRPM_MT401015UV" className="RoleChoice" childName="subjectOf1" referenceHistory="true"/>
	<modifiedRow modelId="PRPM_MT401015UV" className="RoleChoice" childName="subjectOf3" referenceHistory="true"/>
	<modifiedRow modelId="PRPM_MT401015UV" className="RoleChoice" childName="subjectOf4" referenceHistory="true"/>
	<modifiedRow modelId="PRPM_MT401015UV" className="PrincipalPerson" childName="id" referenceHistory="true"/>
	<modifiedRow modelId="PRPM_MT401015UV" className="PrincipalPerson" childName="name" referenceHistory="true"/>
	<modifiedRow modelId="PRPM_MT401015UV" className="ServiceDeliveryLocation" childName="addr" referenceHistory="true"/>
	<modifiedRow modelId="PRPM_MT401015UV" className="ServiceDeliveryLocation" childName="telecom" referenceHistory="true"/>
	<!-- PRPM_MT409016.hmd  Organization Event Response Accountable-->
	<modifiedRow modelId="PRPM_MT409016UV" className="AssignedEntity" childName="id" referenceHistory="true"/>
	<modifiedRow modelId="PRPM_MT409016UV" className="RoleChoice" childName="responsibleFor" referenceHistory="true"/>
	<modifiedRow modelId="PRPM_MT409016UV" className="RoleChoice" childName="subjectOf1" referenceHistory="true"/>
	<modifiedRow modelId="PRPM_MT409016UV" className="RoleChoice" childName="subjectOf4" referenceHistory="true"/>
	<!-- PRPM_MT403015.hmd  Organization Event Revise Accountable-->
	<modifiedRow modelId="PRPM_MT403015UV" className="ActDefinitionOrEvent" childName="location" updateModesAllowed="A R AR N U" referenceHistory="true"/>
	<modifiedRow modelId="PRPM_MT403015UV" className="ActDefinitionOrEvent" childName="sequel" updateModesAllowed="A R AR N U" referenceHistory="true"/>
	<modifiedRow modelId="PRPM_MT403015UV" className="AssignedEntity" childName="id" updateModesAllowed="A R AR N U" referenceHistory="true"/>
	<modifiedRow modelId="PRPM_MT403015UV" className="AssignedEntity" childName="addr" updateModesAllowed="A R AR N U" referenceHistory="true"/>
	<modifiedRow modelId="PRPM_MT403015UV" className="AssignedEntity" childName="statusCode" updateModesAllowed="A R AR N U" referenceHistory="true"/>
	<modifiedRow modelId="PRPM_MT403015UV" className="AssignedEntity" childName="telecom" updateModesAllowed="A R AR N U"/> referenceHistory="true"/>
	<modifiedRow modelId="PRPM_MT403015UV" className="InformRequest" childName="subject" updateModesAllowed="A R AR N U" referenceHistory="true"/>
	<modifiedRow modelId="PRPM_MT403015UV" className="InformRequert" childName="receiver" updateModesAllowed="A R AR N U" referenceHistory="true"/>
	<modifiedRow modelId="PRPM_MT403015UV" className="RoleChoice" childName="relatedTo" updateModesAllowed="A R AR N U" referenceHistory="true"/>
	<modifiedRow modelId="PRPM_MT403015UV" className="RoleChoice" childName="responsibleFor" updateModesAllowed="A R AR N U" referenceHistory="true"/>
	<modifiedRow modelId="PRPM_MT403015UV" className="RoleChoice" childName="subjectOf1" updateModesAllowed="A R AR N U" referenceHistory="true"/>
	<modifiedRow modelId="PRPM_MT403015UV" className="RoleChoice" childName="subjectOf3" updateModesAllowed="A R AR N U" referenceHistory="true"/>
	<modifiedRow modelId="PRPM_MT403015UV" className="RoleChoice" childName="subjectOf4" updateModesAllowed="A R AR N U" referenceHistory="true"/>
	<modifiedRow modelId="PRPM_MT403015UV" className="PrincipalOrganization" childName="playedAffiliate" updateModesAllowed="A R AR N U" referenceHistory="true"/>
	<modifiedRow modelId="PRPM_MT403015UV" className="PrincipalOrganization" childName="id" updateModesAllowed="A R AR N U" referenceHistory="true"/>
	<modifiedRow modelId="PRPM_MT403015UV" className="PrincipalOrganization" childName="name" updateModesAllowed="A R AR N U" referenceHistory="true"/>
	<modifiedRow modelId="PRPM_MT403015UV" className="PrincipalPerson" childName="id" updateModesAllowed="A R AR N U" referenceHistory="true"/>
	<modifiedRow modelId="PRPM_MT403015UV" className="PrincipalPerson" childName="name" updateModesAllowed="A R AR N U" referenceHistory="true"/>
	<modifiedRow modelId="PRPM_MT403015UV" className="ServiceDeliveryLocation" childName="addr" updateModesAllowed="A R AR N U" referenceHistory="true"/>
	<modifiedRow modelId="PRPM_MT403015UV" className="ServiceDeliveryLocation" childName="telecom" updateModesAllowed="A R AR N U" referenceHistory="true"/>
	<!-- PRPM_MT406115.hmd Organization Event Detail Query Response Accountable-->
	<modifiedRow modelId="PRPM_MT406115UV" className="ActDefinitionOrEvent" childName="location" updateModesAllowed="A R N" referenceHistory="true"/>
	<modifiedRow modelId="PRPM_MT406115UV" className="ActDefinitionOrEvent" childName="sequel" updateModesAllowed="A R N" referenceHistory="true"/>
	<modifiedRow modelId="PRPM_MT406115UV" className="AssignedEntity" childName="id" updateModesAllowed="A R N" referenceHistory="true"/>
	<modifiedRow modelId="PRPM_MT406115UV" className="AssignedEntity" childName="addr" updateModesAllowed="A R N" referenceHistory="true"/>
	<modifiedRow modelId="PRPM_MT406115UV" className="AssignedEntity" childName="statusCode" updateModesAllowed="A R N" referenceHistory="true"/>
	<modifiedRow modelId="PRPM_MT406115UV" className="AssignedEntity" childName="telecom" updateModesAllowed="A R N" referenceHistory="true"/>
	<modifiedRow modelId="PRPM_MT406115UV" className="InformRequest" childName="subject" updateModesAllowed="A R N" referenceHistory="true"/>
	<modifiedRow modelId="PRPM_MT406115UV" className="InformRequest" childName="receiver" updateModesAllowed="A R N" referenceHistory="true"/>
	<modifiedRow modelId="PRPM_MT406115UV" className="RoleChoice" childName="relatedTo" updateModesAllowed="A R N" referenceHistory="true"/>
	<modifiedRow modelId="PRPM_MT406115UV" className="RoleChoice" childName="responsibleFor" updateModesAllowed="A R N" referenceHistory="true"/>
	<modifiedRow modelId="PRPM_MT406115UV" className="RoleChoice" childName="subjectOf1" updateModesAllowed="A R N" referenceHistory="true"/>
	<modifiedRow modelId="PRPM_MT406115UV" className="RoleChoice" childName="subjectOf3" updateModesAllowed="A R N" referenceHistory="true"/>
	<modifiedRow modelId="PRPM_MT406115UV" className="RoleChoice" childName="subjectOf4" updateModesAllowed="A R N" referenceHistory="true"/>
	<modifiedRow modelId="PRPM_MT406115UV" className="PrincipalOrganization" childName="playedAffiliate" updateModesAllowed="A R N" referenceHistory="true"/>
	<modifiedRow modelId="PRPM_MT406115UV" className="PrincipalOrganization" childName="id" updateModesAllowed="A R N" referenceHistory="true"/>
	<modifiedRow modelId="PRPM_MT406115UV" className="PrincipalOrganization" childName="name" updateModesAllowed="A R N" referenceHistory="true"/>
	<modifiedRow modelId="PRPM_MT406115UV" className="ServiceDeliveryLocation" childName="addr" updateModesAllowed="A R N" referenceHistory="true"/>
	<modifiedRow modelId="PRPM_MT406115UV" className="ServiceDeliveryLocation" childName="telecom" updateModesAllowed="A R N" referenceHistory="true"/>
	<!-- PRPA_RM101302UV - Person Revised -->
	<modifiedRow modelId="PRPA_MT101302UV" className="IdentifiedPerson" childName="id" updateModesAllowed="A N"/>
	<modifiedRow modelId="PRPA_MT101302UV" className="IdentifiedPerson" childName="addr" updateModesAllowed="A D R N"/>
	<modifiedRow modelId="PRPA_MT101302UV" className="IdentifiedPerson" childName="telecom" updateModesAllowed="A D R N"/>
	<modifiedRow modelId="PRPA_MT101302UV" className="IdentifiedPerson" childName="statusCode" updateModesAllowed="N"/>
	<modifiedRow modelId="PRPA_MT101302UV" className="IdentifiedPerson" childName="effectiveTime" updateModesAllowed="A D R N"/>
	<modifiedRow modelId="PRPA_MT101302UV" className="IdentifiedPerson" childName="confidentialityCode" updateModesAllowed="A D R N"/>
	<modifiedRow modelId="PRPA_MT101302UV" className="IdentifiedPerson" childName="identifiedPerson" updateModesAllowed="N"/>
	<modifiedRow modelId="PRPA_MT101302UV" className="IdentifiedPerson" childName="assigningOrganization" updateModesAllowed="N"/>
	<modifiedRow modelId="PRPA_MT101302UV" className="Person" childName="id" updateModesAllowed="A D N"/>
	<modifiedRow modelId="PRPA_MT101302UV" className="Person" childName="name" updateModesAllowed="A D R N"/>
	<modifiedRow modelId="PRPA_MT101302UV" className="Person" childName="desc" updateModesAllowed="A D R N"/>
	<modifiedRow modelId="PRPA_MT101302UV" className="Person" childName="telecom" updateModesAllowed="A D R N"/>
	<modifiedRow modelId="PRPA_MT101302UV" className="Person" childName="administrativeGenderCode" updateModesAllowed="A D R N"/>
	<modifiedRow modelId="PRPA_MT101302UV" className="Person" childName="birthTime" updateModesAllowed="A D R N"/>
	<modifiedRow modelId="PRPA_MT101302UV" className="Person" childName="deceasedInd" updateModesAllowed="A D R N"/>
	<modifiedRow modelId="PRPA_MT101302UV" className="Person" childName="deceasedTime" updateModesAllowed="A D R N"/>
	<modifiedRow modelId="PRPA_MT101302UV" className="Person" childName="multipleBirthInd" updateModesAllowed="A D R N"/>
	<modifiedRow modelId="PRPA_MT101302UV" className="Person" childName="multipleBirthOrderNumber" updateModesAllowed="A D R N"/>
	<modifiedRow modelId="PRPA_MT101302UV" className="Person" childName="organDonorInd" updateModesAllowed="A D R N"/>
	<modifiedRow modelId="PRPA_MT101302UV" className="Person" childName="addr" updateModesAllowed="A D R N"/>
	<modifiedRow modelId="PRPA_MT101302UV" className="Person" childName="maritalStatusCode" updateModesAllowed="A D R N"/>
	<modifiedRow modelId="PRPA_MT101302UV" className="Person" childName="asEmployee" updateModesAllowed="A D R N"/>
	<modifiedRow modelId="PRPA_MT101302UV" className="Employee" childName="id" updateModesAllowed="A D N"/>
	<modifiedRow modelId="PRPA_MT101302UV" className="Employee" childName="code" updateModesAllowed="A D R N"/>
	<modifiedRow modelId="PRPA_MT101302UV" className="Employee" childName="negationInd" updateModesAllowed="A D R N"/>
	<modifiedRow modelId="PRPA_MT101302UV" className="Employee" childName="addr" updateModesAllowed="A D R N"/>
	<modifiedRow modelId="PRPA_MT101302UV" className="Employee" childName="telecom" updateModesAllowed="A D R N"/>
	<modifiedRow modelId="PRPA_MT101302UV" className="Employee" childName="statusCode" updateModesAllowed="A D R N"/>
	<modifiedRow modelId="PRPA_MT101302UV" className="Employee" childName="effectiveTime" updateModesAllowed="A D R N"/>
	<modifiedRow modelId="PRPA_MT101302UV" className="Employee" childName="jobTitleName" updateModesAllowed="A D R N"/>
	<modifiedRow modelId="PRPA_MT101302UV" className="Employee" childName="jobClassCode" updateModesAllowed="A D R N"/>
	<modifiedRow modelId="PRPA_MT101302UV" className="Employee" childName="occupationCode" updateModesAllowed="A D R N"/>
	<modifiedRow modelId="PRPA_MT101302UV" className="Employee" childName="employerOrganization" updateModesAllowed="A D R N"/>
	<modifiedRow modelId="PRPA_MT101302UV" className="Person" childName="asCitizen" updateModesAllowed="A D R N"/>
	<modifiedRow modelId="PRPA_MT101302UV" className="Citizen" childName="id" updateModesAllowed="A D N"/>
	<modifiedRow modelId="PRPA_MT101302UV" className="Citizen" childName="code" updateModesAllowed="A D R N"/>
	<modifiedRow modelId="PRPA_MT101302UV" className="Citizen" childName="effectiveTime" updateModesAllowed="A D R N"/>
	<modifiedRow modelId="PRPA_MT101302UV" className="Citizen" childName="politicalNation" updateModesAllowed="N"/>
	<modifiedRow modelId="PRPA_MT101302UV" className="Nation" childName="code" updateModesAllowed="N"/>
	<modifiedRow modelId="PRPA_MT101302UV" className="Nation" childName="name" updateModesAllowed="A D R N"/>
	<modifiedRow modelId="PRPA_MT101302UV" className="Person" childName="asStudent" updateModesAllowed="A D R N"/>
	<modifiedRow modelId="PRPA_MT101302UV" className="Student" childName="id" updateModesAllowed="A D N"/>
	<modifiedRow modelId="PRPA_MT101302UV" className="Student" childName="addr" updateModesAllowed="A D R N"/>
	<modifiedRow modelId="PRPA_MT101302UV" className="Student" childName="telecom" updateModesAllowed="A D R N"/>
	<modifiedRow modelId="PRPA_MT101302UV" className="Student" childName="statusCode" updateModesAllowed="A D R N"/>
	<modifiedRow modelId="PRPA_MT101302UV" className="Student" childName="effectiveTime" updateModesAllowed="A D R N"/>
	<modifiedRow modelId="PRPA_MT101302UV" className="Student" childName="schoolOrganization" updateModesAllowed="A D R N"/>
	<modifiedRow modelId="PRPA_MT101302UV" className="Person" childName="asOtherIDs" updateModesAllowed="A D R N"/>
	<modifiedRow modelId="PRPA_MT101302UV" className="OtherIDs" childName="id" updateModesAllowed="A D N"/>
	<modifiedRow modelId="PRPA_MT101302UV" className="OtherIDs" childName="statusCode" updateModesAllowed="A D R N"/>
	<modifiedRow modelId="PRPA_MT101302UV" className="OtherIDs" childName="effectiveTime" updateModesAllowed="A D R N"/>
	<modifiedRow modelId="PRPA_MT101302UV" className="OtherIDs" childName="scopingOrganization" updateModesAllowed="N"/>
	<modifiedRow modelId="PRPA_MT101302UV" className="Person" childName="asRole" updateModesAllowed="A D R N"/>
	<modifiedRow modelId="PRPA_MT101302UV" className="Role" childName="subjectOf" updateModesAllowed="A D R N"/>
	<modifiedRow modelId="PRPA_MT101302UV" className="Subject" childName="patientCareProvisionEvent" updateModesAllowed="A D R N"/>
	<modifiedRow modelId="PRPA_MT101302UV" className="PatientCareProvisionEvent" childName="id" updateModesAllowed="A D N"/>
	<modifiedRow modelId="PRPA_MT101302UV" className="PatientCareProvisionEvent" childName="code" updateModesAllowed="A D R N"/>
	<modifiedRow modelId="PRPA_MT101302UV" className="PatientCareProvisionEvent" childName="statusCode" updateModesAllowed="A D R N"/>
	<modifiedRow modelId="PRPA_MT101302UV" className="PatientCareProvisionEvent" childName="effectiveTime" updateModesAllowed="A D R N"/>
	<modifiedRow modelId="PRPA_MT101302UV" className="PatientCareProvisionEvent" childName="performer" updateModesAllowed="A D R N"/>
	<modifiedRow modelId="PRPA_MT101302UV" className="Performer" childName="responsibleParty" updateModesAllowed="A D R N"/>
	<modifiedRow modelId="PRPA_MT101302UV" className="Person" childName="contactParty" updateModesAllowed="A D R N"/>
	<modifiedRow modelId="PRPA_MT101302UV" className="ContactParty" childName="id" updateModesAllowed="A D N"/>
	<modifiedRow modelId="PRPA_MT101302UV" className="ContactParty" childName="code" updateModesAllowed="A D R N"/>
	<modifiedRow modelId="PRPA_MT101302UV" className="ContactParty" childName="negationInd" updateModesAllowed="A D R N"/>
	<modifiedRow modelId="PRPA_MT101302UV" className="ContactParty" childName="addr" updateModesAllowed="A D R N"/>
	<modifiedRow modelId="PRPA_MT101302UV" className="ContactParty" childName="telecom" updateModesAllowed="A D R N"/>
	<modifiedRow modelId="PRPA_MT101302UV" className="ContactParty" childName="statusCode" updateModesAllowed="A D R N"/>
	<modifiedRow modelId="PRPA_MT101302UV" className="ContactParty" childName="effectiveTime" updateModesAllowed="A D R N"/>
	<modifiedRow modelId="PRPA_MT101302UV" className="ContactParty" childName="contactEntityChoice" updateModesAllowed="A D R N"/>
	<modifiedRow modelId="PRPA_MT101302UV" className="Person" childName="guardian" updateModesAllowed="A D R N"/>
	<modifiedRow modelId="PRPA_MT101302UV" className="Guardian" childName="id" updateModesAllowed="A D N"/>
	<modifiedRow modelId="PRPA_MT101302UV" className="Guardian" childName="code" updateModesAllowed="A D R N"/>
	<modifiedRow modelId="PRPA_MT101302UV" className="Guardian" childName="negationInd" updateModesAllowed="A D R N"/>
	<modifiedRow modelId="PRPA_MT101302UV" className="Guardian" childName="addr" updateModesAllowed="A D R N"/>
	<modifiedRow modelId="PRPA_MT101302UV" className="Guardian" childName="telecom" updateModesAllowed="A D R N"/>
	<modifiedRow modelId="PRPA_MT101302UV" className="Guardian" childName="statusCode" updateModesAllowed="A D R N"/>
	<modifiedRow modelId="PRPA_MT101302UV" className="Guardian" childName="effectiveTime" updateModesAllowed="A D R N"/>
	<modifiedRow modelId="PRPA_MT101302UV" className="Guardian" childName="certificateText" updateModesAllowed="A D R N"/>
	<modifiedRow modelId="PRPA_MT101302UV" className="Guardian" childName="guardianEntityChoice" updateModesAllowed="A D R N"/>
	<modifiedRow modelId="PRPA_MT101302UV" className="Person" childName="personalRelationship" updateModesAllowed="A D R N"/>
	<modifiedRow modelId="PRPA_MT101302UV" className="PersonalRelationship" childName="id" updateModesAllowed="A D N"/>
	<modifiedRow modelId="PRPA_MT101302UV" className="PersonalRelationship" childName="code" updateModesAllowed="A D R N"/>
	<modifiedRow modelId="PRPA_MT101302UV" className="PersonalRelationship" childName="negationInd" updateModesAllowed="A D R N"/>
	<modifiedRow modelId="PRPA_MT101302UV" className="PersonalRelationship" childName="addr" updateModesAllowed="A D R N"/>
	<modifiedRow modelId="PRPA_MT101302UV" className="PersonalRelationship" childName="telecom" updateModesAllowed="A D R N"/>
	<modifiedRow modelId="PRPA_MT101302UV" className="PersonalRelationship" childName="statusCode" updateModesAllowed="A D R N"/>
	<modifiedRow modelId="PRPA_MT101302UV" className="PersonalRelationship" childName="effectiveTime" updateModesAllowed="A D R N"/>
	<modifiedRow modelId="PRPA_MT101302UV" className="PersonalRelationship" childName="E_PersonInformational" updateModesAllowed="A D R N"/>
	<modifiedRow modelId="PRPA_MT101302UV" className="Person" childName="birthPlace" updateModesAllowed="A D R N"/>
	<modifiedRow modelId="PRPA_MT101302UV" className="BirthPlace" childName="addr" updateModesAllowed="A D R N"/>
	<modifiedRow modelId="PRPA_MT101302UV" className="BirthPlace" childName="E_PlaceInformational" updateModesAllowed="A D R N"/>
	<modifiedRow modelId="PRPA_MT101302UV" className="BirthPlace" childName="subjectOf" updateModesAllowed="A D R N"/>
	<modifiedRow modelId="PRPA_MT101302UV" className="Member" childName="id" updateModesAllowed="A N"/>
	<modifiedRow modelId="PRPA_MT101302UV" className="IdentifiedPerson" childName="statusCode" updateModesAllowed="N"/>
	<modifiedRow modelId="PRPA_MT101302UV" className="IdentifiedPerson" childName="identifiedPerson" updateModesAllowed="N"/>
	<modifiedRow modelId="PRPA_MT101302UV" className="Person" childName="id" updateModesAllowed="A N"/>
	<modifiedRow modelId="PRPA_MT101302UV" className="Citizen" childName="id" updateModesAllowed="A N"/>
	<modifiedRow modelId="PRPA_MT101302UV" className="Employee" childName="id" updateModesAllowed="A N"/>
	<modifiedRow modelId="PRPA_MT101302UV" className="Member" childName="id" updateModesAllowed="A N"/>
	<modifiedRow modelId="PRPA_MT101302UV" className="OtherIDs" childName="id" updateModesAllowed="A N"/>
	<modifiedRow modelId="PRPA_MT101302UV" className="Student" childName="id" updateModesAllowed="A N"/>
	<modifiedRow modelId="PRPA_MT101302UV" className="Contact" childName="id" updateModesAllowed="A N"/>
	<modifiedRow modelId="PRPA_MT101302UV" className="Guardian" childName="id" updateModesAllowed="A N"/>
	<modifiedRow modelId="PRPA_MT101302UV" className="PersonalRelationship" childName="id" updateModesAllowed="A N"/>
	<modifiedRow modelId="PRPA_MT101302UV" className="AdministrativeObservation" childName="id" updateModesAllowed="A N"/>
	<!-- PRPA_MT201302UV -->
	<modifiedRow modelId="PRPA_MT201302UV" className="Patient" childName="id" updateModesAllowed="A N"/>
	<modifiedRow modelId="PRPA_MT201302UV" className="Patient" childName="statusCode" updateModesAllowed="N"/>
	<modifiedRow modelId="PRPA_MT201302UV" className="Patient" childName="patientEntityChoiceSubject" updateModesAllowed="N"/>
	<modifiedRow modelId="PRPA_MT201302UV" className="Member" childName="id" updateModesAllowed="A N"/>
	<modifiedRow modelId="PRPA_MT201302UV" className="OtherIDs" childName="id" updateModesAllowed="A N"/>
	<modifiedRow modelId="PRPA_MT201302UV" className="CareGiver" childName="id" updateModesAllowed="A N"/>
	<modifiedRow modelId="PRPA_MT201302UV" className="ContactParty" childName="id" updateModesAllowed="A N"/>
	<modifiedRow modelId="PRPA_MT201302UV" className="Guardian" childName="id" updateModesAllowed="A N"/>
	<modifiedRow modelId="PRPA_MT201302UV" className="PersonalRelationship" childName="id" updateModesAllowed="A N"/>
	<modifiedRow modelId="PRPA_MT201302UV" className="Person" childName="id" updateModesAllowed="A N"/>
	<modifiedRow modelId="PRPA_MT201302UV" className="Citizen" childName="id" updateModesAllowed="A N"/>
	<modifiedRow modelId="PRPA_MT201302UV" className="Employee" childName="id" updateModesAllowed="A N"/>
	<modifiedRow modelId="PRPA_MT201302UV" className="Student" childName="id" updateModesAllowed="A N"/>
	<modifiedRow modelId="PRPA_MT201302UV" className="NonPersonLivingSubject" childName="id" updateModesAllowed="A N"/>
	<modifiedRow modelId="PRPA_MT201302UV" className="AdministrativeObservation" childName="id" updateModesAllowed="A N"/>
	<!-- PRPA_MT202302UV -->
	<modifiedRow modelId="PRPA_MT202302UV" className="Service Delivery Location" childName="id" updateModesAllowed="A N"/>
	<modifiedRow modelId="PRPA_MT202302UV" className="IdentifiedLocation" childName="id" updateModesAllowed="A N"/>
	<modifiedRow modelId="PRPA_MT202302UV" className="IdentifierOrganization" childName="name" updateModesAllowed="A N"/>
	<modifiedRow modelId="PRPA_MT202302UV" className="TerritorialAuthority" childName="id" updateModesAllowed="A N"/>
	<modifiedRow modelId="PRPA_MT202302UV" className="Service Delivery Location" childName="location" updateModesAllowed="N"/>
	<modifiedRow modelId="PRPA_MT202302UV" className="Place" childName="id" updateModesAllowed="A N"/>
	<modifiedRow modelId="PRPA_MT202302UV" className="LocatedEntityPartOf" childName="id" updateModesAllowed="A N"/>
	<modifiedRow modelId="PRPA_MT202302UV" className="LocatedEntityHasParts" childName="id" updateModesAllowed="A N"/>
	<!-- PRPA_MT402008UV -->
	<modifiedRow modelId="PRPA_MT402008UV" className="EncounterEvent" childName="id" updateModesAllowed="A N"/>
	<modifiedRow modelId="PRPA_MT402008UV" className="EncounterEvent" childName="code" updateModesAllowed="A N"/>
	<modifiedRow modelId="PRPA_MT402008UV" className="EncounterEvent" childName="statusCode" updateModesAllowed="A R N"/>
	<modifiedRow modelId="PRPA_MT402008UV" className="EncounterEvent" childName="pertinentInformation" updateModesAllowed="A D N"/>
</modifiedRows>
