<?xml version="1.0" encoding="UTF-8"?><queries>  <queryForResponse responseInteractionId="PRPM_IN306011" queryModelId="PRPM_MT306010"/>  <queryForResponse responseInteractionId="QUPA_IN101102UV01" queryModelId="QUPA_MT101101UV01"/>  <queryForResponse responseInteractionId="QUPA_IN101104UV01" queryModelId="QUPA_MT101103UV01"/>  <queryForResponse responseInteractionId="QUPA_IN101106UV01" queryModelId="QUPA_MT101101UV01"/>  <queryForResponse responseInteractionId="QUCR_IN210101UV01" queryModelId="QUCR_MT200101UV01"/>  <queryForResponse responseInteractionId="QUCR_IN210102UV01" queryModelId="QUCR_MT200101UV01"/>  <queryForResponse responseInteractionId="QUCR_IN210103UV01" queryModelId="QUCR_MT200101UV01"/>  <queryForResponse responseInteractionId="QUCR_IN210104UV02" queryModelId="QUCR_MT200101UV01"/>  <queryForResponse responseInteractionId="QUCR_IN210107UV01" queryModelId="QUCR_MT200101UV01"/>  <queryForResponse responseInteractionId="QUCR_IN210108UV03" queryModelId="QUCR_MT200101UV01"/>  <queryForResponse responseInteractionId="QUCR_IN350101UV02" queryModelId="QUCR_MT340101UV02"/>  <queryForResponse responseInteractionId="QUCR_IN350102UV01" queryModelId="QUCR_MT340101UV02"/>  <queryForResponse responseInteractionId="QUCR_IN350103UV02" queryModelId="QUCR_MT340101UV02"/>  <queryForResponse responseInteractionId="QUCR_IN350104UV02" queryModelId="QUCR_MT340101UV02"/>  <queryForResponse responseInteractionId="QUCR_IN350107UV01" queryModelId="QUCR_MT340101UV02"/>  <queryForResponse responseInteractionId="QUCR_IN450101UV01" queryModelId="QUCR_MT440101UV01"/>  <queryForResponse responseInteractionId="QUCR_IN450102UV01" queryModelId="QUCR_MT440101UV01"/>  <queryForResponse responseInteractionId="QUCR_IN550101UV01" queryModelId="QUCR_MT540101UV01"/>  <queryForResponse responseInteractionId="QUCR_IN550102UV01" queryModelId="QUCR_MT540101UV01"/>  <queryForResponse responseInteractionId="QUCR_IN550103UV01" queryModelId="QUCR_MT540101UV01"/>  <queryForResponse responseInteractionId="QUCR_IN550104UV02" queryModelId="QUCR_MT540101UV01"/>  <queryForResponse responseInteractionId="QUCR_IN550107UV01" queryModelId="QUCR_MT540101UV01"/>  <queryForResponse responseInteractionId="QUCR_IN650101UV01" queryModelId="QUCR_MT640101UV01"/>  <queryForResponse responseInteractionId="QUCR_IN650102UV01" queryModelId="QUCR_MT640101UV01"/>  <queryForResponse responseInteractionId="QUCR_IN650103UV01" queryModelId="QUCR_MT640101UV01"/>  <queryForResponse responseInteractionId="QUCR_IN650104UV02" queryModelId="QUCR_MT640101UV01"/>  <queryForResponse responseInteractionId="QUCR_IN650107UV01" queryModelId="QUCR_MT640101UV01"/>  <queryForResponse responseInteractionId="QUCR_IN730101UV01" queryModelId="QUCR_MT720101UV01"/>  <queryForResponse responseInteractionId="QUCR_IN730102UV01" queryModelId="QUCR_MT720101UV01"/>  <queryForResponse responseInteractionId="QUCR_IN810101UV01" queryModelId="QUCR_MT800101UV01"/>  <queryForResponse responseInteractionId="QUCR_IN810102UV01" queryModelId="QUCR_MT800101UV01"/>  <queryForResponse responseInteractionId="QUCR_IN830101UV01" queryModelId="QUCR_MT820101UV01"/>  <queryForResponse responseInteractionId="QUCR_IN830102UV01" queryModelId="QUCR_MT820101UV01"/>  <queryForResponse responseInteractionId="QUMT_IN020040UV01" queryModelId="QUMT_MT020020UV01"/>  <queryForResponse responseInteractionId="QUMT_IN020060UV01" queryModelId="QUMT_MT020020UV01"/>  <queryForResponse responseInteractionId="QUMT_IN020080UV01" queryModelId="QUMT_MT020020UV01"/> </queries>