<?xml version="1.0" encoding="UTF-8"?>
<!-- 
  - Allows overriding MIF names to ensure backward compatibility.
  - The use of this file must be approved by publishing and should be avoided when possible (consistent element names between versions are not promised by the HL7 methodology)
  -
  - Note: When changing names, be sure to respect the requirement that all outbound association names must be unique
BC MoH.  3-march-2011.  Adapted for BC Client Registry message specifications.
Usage Notes:
When dealing with association names, you're always dealing with outbound names, so you have to rename them in the context of the clone they originate from.  So, for example, a playedRole is the outbound association from the entity (and ignore the fact that RMIMDesigner object is attached to the role class).  The original association names for player and scoper will already have been made unique, by RMIMDesigner, so just specify whatever they are as the orig(inal) name.
  -->
<renameElements>
 <!--  
Usage examples:
<renameElement modelId="" className="" origTraversalName="" name="" sortKey=""/>
<renameElement modelId="MFMI_MT700711BC" className="ControlActEvent" origTraversalName="subject" name="subjectFoo" sortKey="FOO"/>
<renameElement modelId="MFMI_MT700711BC" className="ControlActEvent" origTraversalName="queryAck" name="queryAckFoo"/>
<renameElement modelId="QUPA_MT101104BC" className="IdentifiedPerson" origTraversalName="identifiedPerson" sortKey="FOO"/> 
-->

<renameElement modelId="MCCI_MT000002BC" className="Device" origTraversalName="asAgent" name="agencyFor"/>

<renameElement modelId="MFMI_MT700701BC" className="RegistrationEvent" origTraversalName="subject" name="subject1"/>


<renameElement modelId="MFMI_MT700721BC" className="RegistrationEvent" origTraversalName="subject" name="subject1"/>

<renameElement modelId="PRPA_DM000001BC" className="Person" origTraversalName="asOtherIDs" name="playedOtherIDs"/>

<renameElement modelId="PRPA_MT101002BC" className="Person" origTraversalName="asOtherIDs" name="playedOtherIDs"/>

<renameElement modelId="QUPA_MT101102BC" className="Person" origTraversalName="asOtherIDs" name="playedOtherIDs"/>


<renameElement modelId="QUPA_MT101103BC" className="QueryByParameterPayload" origTraversalName="person.addr" sortKey="1"/> 
<renameElement modelId="QUPA_MT101103BC" className="QueryByParameterPayload" origTraversalName="person.administrativeGender" sortKey="2"/> 
<renameElement modelId="QUPA_MT101103BC" className="QueryByParameterPayload" origTraversalName="person.birthTime" sortKey="3"/> 
<renameElement modelId="QUPA_MT101103BC" className="QueryByParameterPayload" origTraversalName="person.deceasedTime" sortKey="4"/> 
<renameElement modelId="QUPA_MT101103BC" className="QueryByParameterPayload" origTraversalName="person.id" sortKey="5"/> 
<renameElement modelId="QUPA_MT101103BC" className="QueryByParameterPayload" origTraversalName="person.name" sortKey="6"/> 
<renameElement modelId="QUPA_MT101103BC" className="QueryByParameterPayload" origTraversalName="person.telecom" sortKey="7"/> 

<renameElement modelId="QUPA_MT101104BC" className="Person" origTraversalName="asOtherIDs" name="playedOtherIDs"/>

</renameElements>
