<?xml version="1.0" encoding="UTF-8"?>
<modelDeltas>
   <staticModel locus="mif:staticModel[1]" twinAttValue_name="name::0245:0246">
      <historyItem locus="mif:staticModel[1]/mif:historyItem[1]"
                   twinAttValue_dateTime="dateTime::2014-07-20:2014-07-21"/>
      <packageLocation locus="mif:staticModel[1]/mif:packageLocation[1]"
                       twinAttValue_version="version::0245:0246"/>
      <importedVocabularyModelPackage locus="mif:staticModel[1]/mif:importedVocabularyModelPackage[1]"
                                      twinAttValue_version="version::1287-20140516:1307-20140721"/>
      <subjectAreaPackage locus="mif:staticModel[1]/mif:subjectAreaPackage[1]"
                          name="CommunicationInfrastructure">
         <subjectAreaPackage locus="mif:staticModel[1]/mif:subjectAreaPackage[1]/mif:subjectAreaPackage[2]"
                             name="MessageCommunicationsControl">
            <annotations locus="mif:staticModel[1]/mif:subjectAreaPackage[1]/mif:subjectAreaPackage[2]/mif:annotations[1]">
               <documentation locus="mif:staticModel[1]/mif:subjectAreaPackage[1]/mif:subjectAreaPackage[2]/mif:annotations[1]/mif:documentation[1]">
                  <description locus="mif:staticModel[1]/mif:subjectAreaPackage[1]/mif:subjectAreaPackage[2]/mif:annotations[1]/mif:documentation[1]/mif:description[1]">
                     <text locus="mif:staticModel[1]/mif:subjectAreaPackage[1]/mif:subjectAreaPackage[2]/mif:annotations[1]/mif:documentation[1]/mif:description[1]/mif:text[1]"
                           twinTextChange="true"/>
                  </description>
               </documentation>
            </annotations>
         </subjectAreaPackage>
      </subjectAreaPackage>
      <containedClass locus="mif:staticModel[1]/mif:containedClass[27]" child="InvoiceElement">
         <class locus="mif:staticModel[1]/mif:containedClass[27]/mif:class[1]"
                name="InvoiceElement">
            <annotations locus="mif:staticModel[1]/mif:containedClass[27]/mif:class[1]/mif:annotations[1]">
               <documentation locus="mif:staticModel[1]/mif:containedClass[27]/mif:class[1]/mif:annotations[1]/mif:documentation[1]">
                  <usageNotes locus="mif:staticModel[1]/mif:containedClass[27]/mif:class[1]/mif:annotations[1]/mif:documentation[1]/mif:usageNotes[1]">
                     <text locus="mif:staticModel[1]/mif:containedClass[27]/mif:class[1]/mif:annotations[1]/mif:documentation[1]/mif:usageNotes[1]/mif:text[1]"
                           twinTextChange="true"/>
                  </usageNotes>
               </documentation>
            </annotations>
            <attribute locus="mif:staticModel[1]/mif:containedClass[27]/mif:class[1]/mif:attribute[2]"
                       name="unitQuantity">
               <annotations locus="mif:staticModel[1]/mif:containedClass[27]/mif:class[1]/mif:attribute[2]/mif:annotations[1]">
                  <documentation locus="mif:staticModel[1]/mif:containedClass[27]/mif:class[1]/mif:attribute[2]/mif:annotations[1]/mif:documentation[1]">
                     <usageNotes locus="mif:staticModel[1]/mif:containedClass[27]/mif:class[1]/mif:attribute[2]/mif:annotations[1]/mif:documentation[1]/mif:usageNotes[1]">
                        <text locus="mif:staticModel[1]/mif:containedClass[27]/mif:class[1]/mif:attribute[2]/mif:annotations[1]/mif:documentation[1]/mif:usageNotes[1]/mif:text[1]"
                              twinTextChange="true"/>
                     </usageNotes>
                  </documentation>
               </annotations>
            </attribute>
         </class>
      </containedClass>
      <containedClass locus="mif:staticModel[1]/mif:containedClass[56]" child="RoleLink">
         <class locus="mif:staticModel[1]/mif:containedClass[56]/mif:class[1]" name="RoleLink">
            <behavior locus="mif:staticModel[1]/mif:containedClass[56]/mif:class[1]/mif:behavior[1]">
               <subState locus="mif:staticModel[1]/mif:containedClass[56]/mif:class[1]/mif:behavior[1]/mif:subState[4]"
                         name="normal">
                  <annotations locus="mif:staticModel[1]/mif:containedClass[56]/mif:class[1]/mif:behavior[1]/mif:subState[4]/mif:annotations[1]">
                     <documentation locus="mif:staticModel[1]/mif:containedClass[56]/mif:class[1]/mif:behavior[1]/mif:subState[4]/mif:annotations[1]/mif:documentation[1]">
                        <definition locus="mif:staticModel[1]/mif:containedClass[56]/mif:class[1]/mif:behavior[1]/mif:subState[4]/mif:annotations[1]/mif:documentation[1]/mif:definition[1]">
                           <text locus="mif:text[1]" twinTextChange="true"/>
                        </definition>
                     </documentation>
                  </annotations>
               </subState>
            </behavior>
         </class>
      </containedClass>
      <association locus="mif:staticModel[1]/mif:association[9]"
                   id="CommunicationFunction:entity:Entity:communicationFunction">
         <annotations locus="mif:staticModel[1]/mif:association[9]/mif:annotations[1]">
            <documentation locus="mif:staticModel[1]/mif:association[9]/mif:annotations[1]/mif:documentation[1]">
               <definition locus="mif:staticModel[1]/mif:association[9]/mif:annotations[1]/mif:documentation[1]/mif:definition[1]">
                  <text locus="mif:staticModel[1]/mif:association[9]/mif:annotations[1]/mif:documentation[1]/mif:definition[1]/mif:text[1]"
                        twinTextChange="true"/>
               </definition>
            </documentation>
         </annotations>
      </association>
   </staticModel>
</modelDeltas>