<?xml version="1.0" encoding="UTF-8"?>
<modelDeltas>
   <staticModel locus="mif:staticModel[1]" twinAttValue_name="name::0244:0245">
      <historyItem locus="mif:staticModel[1]/mif:historyItem[1]"
                   twinAttValue_dateTime="dateTime::2013-11-22:2014-07-20"/>
      <packageLocation locus="mif:staticModel[1]/mif:packageLocation[1]"
                       twinAttValue_version="version::0244:0245"/>
      <importedVocabularyModelPackage locus="mif:staticModel[1]/mif:importedVocabularyModelPackage[1]"
                                      twinAttValue_version="version::1247-20131121:1287_20140516"/>
      <containedClass locus="mif:staticModel[1]/mif:containedClass[7]" child="ActRelationship">
         <class locus="mif:staticModel[1]/mif:containedClass[7]/mif:class[1]"
                name="ActRelationship">
            <annotations locus="mif:staticModel[1]/mif:containedClass[7]/mif:class[1]/mif:annotations[1]">
               <documentation locus="mif:staticModel[1]/mif:containedClass[7]/mif:class[1]/mif:annotations[1]/mif:documentation[1]">
                  <otherAnnotation locus="mif:staticModel[1]/mif:containedClass[7]/mif:class[1]/mif:annotations[1]/mif:documentation[1]/mif:otherAnnotation[1]">
                     <text locus="mif:staticModel[1]/mif:containedClass[7]/mif:class[1]/mif:annotations[1]/mif:documentation[1]/mif:otherAnnotation[1]/mif:text[1]"
                           twinTextChange="true"/>
                  </otherAnnotation>
               </documentation>
            </annotations>
         </class>
      </containedClass>
      <containedClass locus="mif:staticModel[1]/mif:containedClass[29]" child="LicensedEntity">
         <class locus="mif:staticModel[1]/mif:containedClass[29]/mif:class[1]"
                name="LicensedEntity">
            <annotations locus="mif:staticModel[1]/mif:containedClass[29]/mif:class[1]/mif:annotations[1]">
               <documentation locus="mif:staticModel[1]/mif:containedClass[29]/mif:class[1]/mif:annotations[1]/mif:documentation[1]">
                  <otherAnnotation locus="mif:staticModel[1]/mif:containedClass[29]/mif:class[1]/mif:annotations[1]/mif:documentation[1]/mif:otherAnnotation[1]">
                     <text locus="mif:staticModel[1]/mif:containedClass[29]/mif:class[1]/mif:annotations[1]/mif:documentation[1]/mif:otherAnnotation[1]/mif:text[1]"
                           twinTextChange="true"/>
                  </otherAnnotation>
               </documentation>
            </annotations>
         </class>
      </containedClass>
      <containedClass locus="mif:staticModel[1]/mif:containedClass[46]" child="Procedure">
         <class locus="mif:staticModel[1]/mif:containedClass[46]/mif:class[1]" name="Procedure">
            <annotations locus="mif:staticModel[1]/mif:containedClass[46]/mif:class[1]/mif:annotations[1]">
               <documentation locus="mif:staticModel[1]/mif:containedClass[46]/mif:class[1]/mif:annotations[1]/mif:documentation[1]">
                  <otherAnnotation locus="mif:staticModel[1]/mif:containedClass[46]/mif:class[1]/mif:annotations[1]/mif:documentation[1]/mif:otherAnnotation[1]">
                     <text locus="mif:staticModel[1]/mif:containedClass[46]/mif:class[1]/mif:annotations[1]/mif:documentation[1]/mif:otherAnnotation[1]/mif:text[1]"
                           twinTextChange="true"/>
                  </otherAnnotation>
               </documentation>
            </annotations>
         </class>
      </containedClass>
   </staticModel>
</modelDeltas>