<?xml version="1.0"?>
<hl7model rendered="7/1/2012 8:55:05 AM" datatypesRelease="R2"><pages><page name="Pg-1" width="5.63749096074737" height="2.43792599758572"><class name="ValuedItem" type="Act" rimName="InvoiceElement"><graphics shapeId="Sheet.32" width="2.4454476959056" height="1.31546541205512" x="4.3775257534451" y="0.66773270602756" flipX="FALSE" flipY="FALSE" autoWidth="1" autoHeight="1"/><description>This CMET is used to convey information related to a ValuedItem in terms of its measurable or countable units.  All Variants may include pricing information needed to calculate the net amount.  In the minimal, basic, and universal variants, the ValuedItem may be composed of one or more ValuedUnitItems, which may or may not be priced.  The universal variant includes coverage related information such as charges, financial participation, fee schedule, and coverage policies such as the health status of the subject of care.  

The identified variant is used to convey the identity of the ValuedItem information in the definition mood. The identifier is required for the identified variant, but optional for the other variants.</description><annotations><description>This CMET is used to convey information related to a ValuedItem in terms of its measurable or countable units.  All Variants may include pricing information needed to calculate the net amount.  In the minimal, basic, and universal variants, the ValuedItem may be composed of one or more ValuedUnitItems, which may or may not be priced.  The universal variant includes coverage related information such as charges, financial participation, fee schedule, and coverage policies such as the health status of the subject of care.  

The identified variant is used to convey the identity of the ValuedItem information in the definition mood. The identifier is required for the identified variant, but optional for the other variants.</description></annotations><constraints><Constraint name="Sheet.36" type="Constraint"><graphics shapeId="Sheet.36" connectedShape="Sheet.32" x="1.548859907184" y="0.29966334974501" width="3.08938851553993" height="0.445993874782987" beginX="1.54469425776997" beginY="0.222996937391493" endX="3.15063625607827" endY="0.854159376085068"/><annotations/><constraints><text>invariant( x) {x.; If the act.mood = Def
then, the unitPriceAmt MO is UNK and PQ is nonNull}</text></constraints></Constraint></constraints><attributes><attribute name="classCode" rimClassName="Act" datatype="CS" cardinality="1..1" conformance="R" mandatory="true" strength="CNE" codeSystem="ActClass" domainCode="INVE" maxLength="0" historyAllowed="false"><description>The focal class indicates the countable or measurable item (e.g., a product, device, or service) that may be or has been priced.</description><annotations><description>The focal class indicates the countable or measurable item (e.g., a product, device, or service) that may be or has been priced.</description></annotations></attribute><attribute name="moodCode" rimClassName="Act" datatype="CS" cardinality="1..1" conformance="R" mandatory="true" strength="CNE" conceptDomain="x_ActMoodDefEvn" maxLength="0" historyAllowed="false"><annotations/></attribute><attribute name="id" rimClassName="Act" datatype="DSET&lt;II&gt;" cardinality="1..*" conformance="R" mandatory="true" maxLength="0" historyAllowed="false"><description>Identifies the instance of ValuedItem information, e.g. as used on a particular product label.  Must be sent.</description><annotations><description>Identifies the instance of ValuedItem information, e.g. as used on a particular product label.  Must be sent.</description></annotations></attribute><attribute name="code" rimClassName="Act" datatype="CD" cardinality="0..1" conformance="" mandatory="false" strength="CWE" conceptDomain="ActInvoiceDetailCode" maxLength="0" historyAllowed="false"><description>The ValuedItem code from the ActInvoiceDetailCode concept domain, to which value set may be bound to provide specific information about the type of items that that may be or has been priced.  For example, if the ActInvoiceDetailDrugProduct sub-concept domain is used, then the value set could include NDC, UPC or GTIN. Constraint: When this code is the same as the code on a class in the base model to which this CMET is associated, do not valued this attribute or ensure that the codes are the same.  For example, a Medication message may include the NDC code used in this CMET’s attribute in an Entity class describing the drug.</description><annotations><description>The ValuedItem code from the ActInvoiceDetailCode concept domain, to which value set may be bound to provide specific information about the type of items that that may be or has been priced.  For example, if the ActInvoiceDetailDrugProduct sub-concept domain is used, then the value set could include NDC, UPC or GTIN. Constraint: When this code is the same as the code on a class in the base model to which this CMET is associated, do not valued this attribute or ensure that the codes are the same.  For example, a Medication message may include the NDC code used in this CMET’s attribute in an Entity class describing the drug.</description></annotations></attribute><attribute name="effectiveTime" rimClassName="Act" datatype="IVL&lt;TS&gt;" cardinality="0..1" conformance="" mandatory="false" maxLength="0" historyAllowed="false"><description>The ValuedItem effectiveTime indicates the time during which ValuedItem information is effective.</description><annotations><description>The ValuedItem effectiveTime indicates the time during which ValuedItem information is effective.</description></annotations></attribute><attribute name="unitQuantity" rimClassName="InvoiceElement" datatype="RTO&lt;PQ,PQ&gt;" cardinality="0..1" conformance="R" mandatory="false" maxLength="0" historyAllowed="false"><description>Specifies the units by which the ValuedItem is measured or counted, and quantifies the countable or measurable ValuedItem instances. Required to be sent if known.  The PQ units and values are aligned with the type of ValuedItem specified by the value set or coding system bound to the ValuedItem InvoiceDetailCode or its child concept domain.  For example, if the ActInvoiceDetailDrugCode is bound to the NDC codes, then the PQ unit value set is the NCPDP Billing Unit Standard.</description><annotations><description>Specifies the units by which the ValuedItem is measured or counted, and quantifies the countable or measurable ValuedItem instances. Required to be sent if known.  The PQ units and values are aligned with the type of ValuedItem specified by the value set or coding system bound to the ValuedItem InvoiceDetailCode or its child concept domain.  For example, if the ActInvoiceDetailDrugCode is bound to the NDC codes, then the PQ unit value set is the NCPDP Billing Unit Standard.</description></annotations></attribute><attribute name="unitPriceAmt" rimClassName="InvoiceElement" datatype="RTO&lt;MO,PQ&gt;" cardinality="1..1" conformance="R" mandatory="false" maxLength="0" historyAllowed="false"><description>Required to be sent to quantify the ratio of the price per countable or measurable instance of an item that may be or has been priced.  If the act.mood of the ValuedItem is in definition mood, the price may be as yet unspecified.  In this case, the MO numerator for unspecified price is constrained to "UNK" for "unknown"; the PQ denominator must be nonNull; and the netAmt is not valued.  For example, in the case of product labeling, only the valued countable or measurable item is defined, but the price per unit or net amount is not yet determined.</description><annotations><description>Required to be sent to quantify the ratio of the price per countable or measurable instance of an item that may be or has been priced.  If the act.mood of the ValuedItem is in definition mood, the price may be as yet unspecified.  In this case, the MO numerator for unspecified price is constrained to "UNK" for "unknown"; the PQ denominator must be nonNull; and the netAmt is not valued.  For example, in the case of product labeling, only the valued countable or measurable item is defined, but the price per unit or net amount is not yet determined.</description></annotations></attribute><attribute name="netAmt" rimClassName="InvoiceElement" datatype="MO" cardinality="0..1" conformance="" mandatory="false" maxLength="0" historyAllowed="false"><description>May be sent to express the product of the ValuedItem unitQuantity and the unitPriceAmt.  If the unitPriceAmt MO is UNK, then the netAmt is UNK or not sent. If any ValuedUnitItem act.mood is event, then the ValuedItem act.mood must be event.  In this case, any ValuedUnitItem unitQuantity and unitPriceAmt attributes must be nonNull, and the ValuedUnitItem netAmt must be the product of these attributes.  In addition, the ValuedItem netAmt must be the sum of any ValuedUnitItem netAmts.  Since a ValuedItem unitPriceAmt is required to be sent, the MO numerator and PQ denominator must either be both be UNK; or MO numerator must be equal to the ValuedItem netAmt and the PQ denominator must have a fixed value of '1'.</description><annotations><description>May be sent to express the product of the ValuedItem unitQuantity and the unitPriceAmt.  If the unitPriceAmt MO is UNK, then the netAmt is UNK or not sent. If any ValuedUnitItem act.mood is event, then the ValuedItem act.mood must be event.  In this case, any ValuedUnitItem unitQuantity and unitPriceAmt attributes must be nonNull, and the ValuedUnitItem netAmt must be the product of these attributes.  In addition, the ValuedItem netAmt must be the sum of any ValuedUnitItem netAmts.  Since a ValuedItem unitPriceAmt is required to be sent, the MO numerator and PQ denominator must either be both be UNK; or MO numerator must be equal to the ValuedItem netAmt and the PQ denominator must have a fixed value of '1'.</description></annotations></attribute></attributes></class><entryPoint entryClass="ValuedItem" name="A_ValuedItem identified" type="EntryPoint" id="COCT_RM440001UV"><graphics shapeId="Sheet.19" connectedShape="Sheet.32" width="2.09356009892752" height="0.90014745686849" beginX="4.548859907184" beginY="1.7766664123535" endX="4.62207052303566" endY="1.32546541205512"/><annotations/><notes><text>Description: Conveys the countable or measureable item that may be priced Property-contextConductionStyle: I </text></notes></entryPoint></page></pages></hl7model>
