<?xml version="1.0"?>
<hl7model rendered="7/1/2012 8:47:28 AM" datatypesRelease="R2"><pages><page name="Pg-1" width="7.26306803485426" height="4.52027777777769"><class name="E_OrganizationContact" cmetId="COCT_MT150003UV" cmetType="Entity" attLevel="contact" domain="EntityClass" mnemonic="ORG" type="CMET" rimName="Organization" id="COCT_MT150003UV"><graphics shapeId="Sheet.11" width="1.16131675175955" height="0.627825234646268" x="6.33174615799791" y="3.94636516045456" flipX="FALSE" flipY="TRUE" autoWidth="1" autoHeight="1"/><annotations/></class><class name="EntityChoicePlayer" type="Choice" rimName="Entity"><graphics shapeId="Sheet.50" width="1.62698025273612" height="1.75555555555555" x="6.4395779084862" y="3.63249999999992" flipX="GUARD(FALSE)" flipY="GUARD(FALSE)" vertical="1" autoWidth="1" autoHeight="1"/><annotations/><children><childClass name="E_OrganizationContact" shapeId="Sheet.11"/><childClass name="E_PersonContact" shapeId="Sheet.8"/></children><associations><association name="asNotificationParty" endX="5.10568508265264" endY="2.18522343695746" beginX="5.62608778211814" beginY="3.10583333333325" target="NotificationParty" targetShapeId="Sheet.36" rimTarget="Entity" rimName="playedRole" source="EntityChoicePlayer" cardinality="" required="0" mandatory="0" blocked="-1" businessName=""><annotations/></association></associations></class><class name="E_PersonContact" cmetId="COCT_MT030203UV" cmetType="Entity" attLevel="contact" domain="EntityClass" mnemonic="PSN" type="CMET" rimName="Person" id="COCT_MT030203UV"><graphics shapeId="Sheet.8" width="1.16131675175955" height="0.627825234646268" x="6.33174615799791" y="3.19353992580829" flipX="FALSE" flipY="FALSE" autoWidth="1" autoHeight="1"/><annotations/></class><class name="NotificationParty" type="Role" rimName="RoleHeir"><graphics shapeId="Sheet.36" width="2.69870163267318" height="0.915141925726997" x="4.02620442958337" y="1.81916666666666" flipX="TRUE" flipY="TRUE" autoWidth="1" autoHeight="1"/><annotations/><notes><Note name="Sheet.1" type="Note" noteType="Note"><graphics shapeId="Sheet.1" connectedShape="Sheet.36" x="2.79957139706946" y="0.371111111111108" width="3.21793999869423" height="0.722319679090712" beginX="1.60896999934711" beginY="0.361159839545356" endX="2.02599254205907" endY="1.35164443223741"/><annotations/><notes><text>The Scoper is not needed for this CMET when the CMET
is connected via a participation, as the Scoper is always same
as the subject of the Act. When connected in this fashion,  then 
participation type code must be NOTification.</text></notes></Note></notes><attributes><attribute name="classCode" rimClassName="Role" datatype="CS" cardinality="1..1" conformance="R" mandatory="true" strength="CNE" codeSystem="RoleClass" domainCode="CON" maxLength="0" historyAllowed="false"><annotations/></attribute><attribute name="id" rimClassName="Role" datatype="DSET&lt;II&gt;" cardinality="1..*" conformance="R" mandatory="true" maxLength="0" historyAllowed="false"><annotations/></attribute><attribute name="code" rimClassName="Role" datatype="CD" cardinality="0..1" conformance="" mandatory="false" strength="CWE" conceptDomain="RoleCode" maxLength="0" historyAllowed="false" businessName="Agnt role code"><annotations/></attribute><attribute name="addr" rimClassName="Role" datatype="COLL&lt;AD&gt;" cardinality="0..*" conformance="" mandatory="false" maxLength="0" historyAllowed="false"><annotations/></attribute><attribute name="telecom" rimClassName="Role" datatype="COLL&lt;TEL&gt;" cardinality="0..*" conformance="" mandatory="false" maxLength="0" historyAllowed="false"><annotations/></attribute></attributes><associations><association name="contactEntityChoicePlayer" beginX="5.10568508265264" beginY="2.18522343695746" endX="5.62608778211814" endY="3.10583333333325" target="EntityChoicePlayer" targetShapeId="Sheet.50" rimTarget="Role" rimName="player" source="NotificationParty" cardinality="1..1" required="0" mandatory="0" blocked="0" businessName=""><annotations/></association></associations></class><entryPoint entryClass="NotificationParty" name="R_NotificationParty Contactible" type="EntryPoint" id="COCT_RM040203UV"><graphics shapeId="Sheet.19" connectedShape="Sheet.36" width="2.2055795318431" height="1.16681310628255" beginX="2.19471571280557" beginY="1.88666666666666" endX="2.67685361324678" endY="1.91068085923936"/><annotations/><notes><text>16 Mar 2004 Identifies a party (person or organization) acting as a contact party on behalf of a person or organization (scoper). Property-contextConductionStyle: I </text></notes></entryPoint></page></pages></hl7model>
