<?xml version="1.0"?>
<hl7model rendered="7/1/2012 9:05:41 AM" datatypesRelease="R2"><pages><page name="Pg-1" width="8.44957248363888" height="6.94833333333333"><class name="E_OrganizationContact" cmetId="COCT_MT150003UV" cmetType="Entity" attLevel="contact" domain="EntityClass" mnemonic="ORG" type="CMET" rimName="Organization" id="COCT_MT150003UV"><graphics shapeId="Sheet.75" width="1.16131675175955" height="0.627825234646268" x="5" y="4.58611111111111" flipX="FALSE" flipY="FALSE" autoWidth="1" autoHeight="1"/><annotations/><notes><Note name="Sheet.651" type="Note" noteType="Note"><graphics shapeId="Sheet.651" connectedShape="Sheet.75" x="3.87228027313751" y="5.75055555555556" width="1.13030495841102" height="0.5" beginX="0.565152479205512" beginY="0.25" endX="1.22834550536419" endY="-0.600531827121309"/><annotations/><notes><text>Related Organization</text></notes></Note></notes><associations><association name="student" endX="2.08932179262091" endY="4.24744586263021" beginX="4.41934162412023" beginY="4.39776354071723" target="Student" targetShapeId="Sheet.473" rimTarget="Entity" rimName="scopedRole" source="E_OrganizationContact" cardinality="" required="0" mandatory="0" blocked="-1" businessName=""><annotations/></association><association name="employee" endX="2.59989562481493" endY="4.54131322482639" beginX="4.41934162412023" beginY="4.64889363457574" target="Employee" targetShapeId="Sheet.129" rimTarget="Entity" rimName="scopedRole" source="E_OrganizationContact" cardinality="" required="0" mandatory="0" blocked="-1" businessName=""><annotations/></association></associations></class><class name="Student" type="Role" rimName="RoleHeir"><graphics shapeId="Sheet.473" width="2.21090484922591" height="0.781809101019965" x="1.20495985293055" y="3.93472222222222" flipX="TRUE" flipY="FALSE" autoWidth="1" autoHeight="1"/><annotations/><attributes><attribute name="classCode" rimClassName="Role" datatype="CS" cardinality="1..1" conformance="R" mandatory="true" strength="CNE" codeSystem="RoleClass" domainCode="STD" maxLength="0" historyAllowed="false"><annotations/></attribute><attribute name="id" rimClassName="Role" datatype="DSET&lt;II&gt;" cardinality="0..*" conformance="" mandatory="false" maxLength="0" historyAllowed="false"><annotations/></attribute><attribute name="statusCode" rimClassName="Role" datatype="CS" cardinality="0..1" conformance="" mandatory="false" strength="CNE" valueSet="RoleStatus" maxLength="0" historyAllowed="false"><annotations/></attribute><attribute name="effectiveTime" rimClassName="Role" datatype="IVL&lt;TS&gt;" cardinality="0..1" conformance="" mandatory="false" maxLength="0" historyAllowed="false"><annotations/></attribute></attributes><associations><association name="student" beginX="2.08932179262091" beginY="3.62199858181423" endX="5.7583468448215" endY="4.05" target="SubjectPerson" targetShapeId="Sheet.8" rimTarget="Role" rimName="player" source="Student" cardinality="0..1" required="0" mandatory="0" blocked="0" businessName=""><annotations/></association><association name="schoolOrganization" beginX="2.08932179262091" beginY="4.24744586263021" endX="4.41934162412023" endY="4.39776354071723" target="E_OrganizationContact" targetShapeId="Sheet.75" rimTarget="Role" rimName="scoper" source="Student" cardinality="1..1" required="-1" mandatory="0" blocked="0" businessName=""><annotations/></association></associations></class><class name="SubjectPerson" type="Entity" rimName="Person"><graphics shapeId="Sheet.8" width="1.7937142974681" height="2.3" x="6.65520399355555" y="4.05" flipX="FALSE" flipY="FALSE" autoWidth="1" autoHeight="0"/><annotations/><notes><Note name="Sheet.646" type="Note" noteType="Note"><graphics shapeId="Sheet.646" connectedShape="Sheet.8" x="6.92832031299999" y="6" width="2.08759560782509" height="0.5" beginX="1.04379780391254" beginY="0.25" endX="0.770681484468105" endY="-0.550000000000001"/><annotations/><notes><text>Same as the person associated with the 
conducted Subject or RecordTarget role.</text></notes></Note></notes><attributes><attribute name="classCode" rimClassName="Entity" datatype="CS" cardinality="1..1" conformance="R" mandatory="true" strength="CNE" codeSystem="EntityClass" domainCode="PSN" maxLength="0" historyAllowed="false"><annotations/></attribute><attribute name="determinerCode" rimClassName="Entity" datatype="CS" cardinality="1..1" conformance="R" mandatory="true" strength="CNE" codeSystem="EntityDeterminer" domainCode="INSTANCE" maxLength="0" historyAllowed="false"><annotations/></attribute><attribute name="id" rimClassName="Entity" datatype="II" cardinality="1..1" conformance="R" mandatory="false" maxLength="0" historyAllowed="false"><annotations/></attribute><attribute name="name" rimClassName="Entity" datatype="DSET&lt;PN&gt;" cardinality="0..*" conformance="" mandatory="false" maxLength="0" historyAllowed="false"><annotations/></attribute></attributes><associations><association name="careGiver" endX="2.08932179262091" endY="2.28868677517361" beginX="5.7583468448215" beginY="2.9" target="CareGiver" targetShapeId="Sheet.624" rimTarget="Entity" rimName="scopedRole" source="SubjectPerson" cardinality="" required="0" mandatory="0" blocked="-1" businessName=""><annotations/></association><association name="personalRelationship" endX="2.08932179262091" endY="3.32813121961805" beginX="5.7583468448215" beginY="3.475" target="PersonalRelationship" targetShapeId="Sheet.614" rimTarget="Entity" rimName="scopedRole" source="SubjectPerson" cardinality="" required="0" mandatory="0" blocked="-1" businessName=""><annotations/></association><association name="asStudent" endX="2.08932179262091" endY="3.62199858181423" beginX="5.7583468448215" beginY="4.05" target="Student" targetShapeId="Sheet.473" rimTarget="Entity" rimName="playedRole" source="SubjectPerson" cardinality="" required="0" mandatory="0" blocked="-1" businessName=""><annotations/></association><association name="asEmployee" endX="2.59989562481493" endY="5.27368677517361" beginX="5.7583468448215" beginY="5.2" target="Employee" targetShapeId="Sheet.129" rimTarget="Entity" rimName="playedRole" source="SubjectPerson" cardinality="" required="0" mandatory="0" blocked="-1" businessName=""><annotations/></association></associations></class><class name="CareGiver" type="Role" rimName="RoleHeir"><graphics shapeId="Sheet.624" width="2.21090484922591" height="0.915466937934028" x="1.20495985293055" y="1.9225" flipX="TRUE" flipY="FALSE" autoWidth="1" autoHeight="1"/><annotations/><attributes><attribute name="classCode" rimClassName="Role" datatype="CS" cardinality="1..1" conformance="R" mandatory="true" strength="CNE" codeSystem="RoleClass" domainCode="CAREGIVER" maxLength="0" historyAllowed="false"><annotations/></attribute><attribute name="id" rimClassName="Role" datatype="DSET&lt;II&gt;" cardinality="0..*" conformance="" mandatory="false" maxLength="0" historyAllowed="false"><annotations/></attribute><attribute name="code" rimClassName="Role" datatype="CD" cardinality="0..1" conformance="" mandatory="false" strength="CWE" conceptDomain="RoleCode" maxLength="0" historyAllowed="false"><annotations/></attribute><attribute name="statusCode" rimClassName="Role" datatype="CS" cardinality="0..1" conformance="" mandatory="false" strength="CNE" valueSet="RoleStatus" maxLength="0" historyAllowed="false"><annotations/></attribute><attribute name="effectiveTime" rimClassName="Role" datatype="IVL&lt;TS&gt;" cardinality="0..1" conformance="" mandatory="false" maxLength="0" historyAllowed="false"><annotations/></attribute></attributes><associations><association name="careGiverRelatedPerson" beginX="2.08932179262091" beginY="1.55631322482639" endX="4.63387443390755" endY="1.513911424764" target="RelatedPerson" targetShapeId="Sheet.211" rimTarget="Role" rimName="player" source="CareGiver" cardinality="1..1" required="-1" mandatory="0" blocked="0" businessName=""><annotations/></association><association name="careGiverScoper" beginX="2.08932179262091" beginY="2.28868677517361" endX="5.7583468448215" endY="2.9" target="SubjectPerson" targetShapeId="Sheet.8" rimTarget="Role" rimName="scoper" source="CareGiver" cardinality="0..1" required="0" mandatory="0" blocked="0" businessName=""><annotations/></association></associations></class><class name="RelatedPerson" type="Entity" rimName="Person"><graphics shapeId="Sheet.211" width="3.5322511321849" height="1.31546541205512" x="6.4" y="1.84277777777778" flipX="FALSE" flipY="FALSE" autoWidth="1" autoHeight="1"/><annotations/><attributes><attribute name="classCode" rimClassName="Entity" datatype="CS" cardinality="1..1" conformance="R" mandatory="true" strength="CNE" codeSystem="EntityClass" domainCode="PSN" maxLength="0" historyAllowed="false"><annotations/></attribute><attribute name="determinerCode" rimClassName="Entity" datatype="CS" cardinality="1..1" conformance="R" mandatory="true" strength="CNE" codeSystem="EntityDeterminer" domainCode="INSTANCE" maxLength="0" historyAllowed="false"><annotations/></attribute><attribute name="name" rimClassName="Entity" datatype="DSET&lt;PN&gt;" cardinality="0..*" conformance="" mandatory="false" maxLength="0" historyAllowed="false"><annotations/></attribute><attribute name="telecom" rimClassName="Entity" datatype="DSET&lt;TEL&gt;" cardinality="0..*" conformance="" mandatory="false" maxLength="0" historyAllowed="false"><annotations/></attribute><attribute name="administrativeGenderCode" rimClassName="LivingSubject" datatype="CD" cardinality="0..1" conformance="" mandatory="false" strength="CWE" conceptDomain="AdministrativeGender" maxLength="0" historyAllowed="false"><annotations/></attribute><attribute name="birthTime" rimClassName="LivingSubject" datatype="TS" cardinality="0..1" conformance="" mandatory="false" maxLength="0" historyAllowed="false"><annotations/></attribute><attribute name="deceasedTime" rimClassName="LivingSubject" datatype="TS" cardinality="0..1" conformance="" mandatory="false" maxLength="0" historyAllowed="false"><annotations/></attribute><attribute name="addr" rimClassName="Person" datatype="DSET&lt;AD&gt;" cardinality="0..*" conformance="" mandatory="false" maxLength="0" historyAllowed="false"><annotations/></attribute></attributes><associations><association name="asCareGiver" endX="2.08932179262091" endY="1.55631322482639" beginX="4.63387443390755" beginY="1.513911424764" target="CareGiver" targetShapeId="Sheet.624" rimTarget="Entity" rimName="playedRole" source="RelatedPerson" cardinality="" required="0" mandatory="0" blocked="-1" businessName=""><annotations/></association><association name="asOtherIDs" endX="5.58436193969037" endY="0.713279195963542" beginX="6.4" beginY="1.18504507175022" target="OtherIDs" targetShapeId="Sheet.12" rimTarget="Entity" rimName="playedRole" source="RelatedPerson" cardinality="0..*" required="0" mandatory="0" blocked="0" businessName=""><annotations/></association><association name="asPersonalRelationship" endX="2.08932179262091" endY="2.59575766927083" beginX="4.62341415322218" beginY="2.33774288959628" target="PersonalRelationship" targetShapeId="Sheet.614" rimTarget="Entity" rimName="playedRole" source="RelatedPerson" cardinality="" required="0" mandatory="0" blocked="-1" businessName=""><annotations/></association></associations></class><class name="OtherIDs" type="Role" rimName="RoleHeir"><graphics shapeId="Sheet.12" width="2.21090484922591" height="0.781809101019965" x="4.7" y="0.400555555555556" flipX="TRUE" flipY="TRUE" autoWidth="1" autoHeight="1"/><annotations/><attributes><attribute name="classCode" rimClassName="Role" datatype="CS" cardinality="1..1" conformance="R" mandatory="true" strength="CNE" codeSystem="RoleClass" domainCode="ROL" maxLength="0" historyAllowed="false"><annotations/></attribute><attribute name="id" rimClassName="Role" datatype="DSET&lt;II&gt;" cardinality="1..*" conformance="R" mandatory="false" maxLength="0" historyAllowed="false"><annotations/></attribute><attribute name="statusCode" rimClassName="Role" datatype="CS" cardinality="0..1" conformance="" mandatory="false" strength="CNE" valueSet="RoleStatus" maxLength="0" historyAllowed="false"><annotations/></attribute><attribute name="effectiveTime" rimClassName="Role" datatype="IVL&lt;TS&gt;" cardinality="0..1" conformance="" mandatory="false" maxLength="0" historyAllowed="false"><annotations/></attribute></attributes><associations><association name="playingRelatedPerson" beginX="5.58436193969037" beginY="0.713279195963542" endX="6.4" endY="1.18504507175022" target="RelatedPerson" targetShapeId="Sheet.211" rimTarget="Role" rimName="player" source="OtherIDs" cardinality="" required="0" mandatory="0" blocked="-1" businessName=""><annotations/></association><association name="scopingOrganization" beginX="5.58436193969037" beginY="8.78319151475695E-02" endX="7.08454221835666" endY="0.414444444444443" target="E_OrganizationIdentified/confirmable" targetShapeId="Sheet.23" rimTarget="Role" rimName="scoper" source="OtherIDs" cardinality="0..1" required="0" mandatory="0" blocked="0" businessName=""><annotations/></association></associations></class><class name="E_OrganizationIdentified/confirmable" cmetId="COCT_MT150002UV" cmetType="Entity" attLevel="identified/confirmable" domain="EntityClass" mnemonic="ORG" type="CMET" rimName="Organization" id="COCT_MT150002UV"><graphics shapeId="Sheet.23" width="1.37048804692556" height="0.627825234646268" x="7.76978624181944" y="0.414444444444443" flipX="FALSE" flipY="FALSE" autoWidth="1" autoHeight="1"/><annotations/><associations><association name="otherIDs" endX="5.58436193969037" endY="8.78319151475695E-02" beginX="7.08454221835666" beginY="0.414444444444443" target="OtherIDs" targetShapeId="Sheet.12" rimTarget="Entity" rimName="scopedRole" source="E_OrganizationIdentified/confirmable" cardinality="" required="0" mandatory="0" blocked="-1" businessName=""><annotations/></association></associations></class><class name="PersonalRelationship" type="Role" rimName="RoleHeir"><graphics shapeId="Sheet.614" width="2.21090484922591" height="0.915466937934028" x="1.20495985293055" y="2.96194444444444" flipX="TRUE" flipY="FALSE" autoWidth="1" autoHeight="1"/><annotations/><attributes><attribute name="classCode" rimClassName="Role" datatype="CS" cardinality="1..1" conformance="R" mandatory="true" strength="CNE" codeSystem="RoleClass" domainCode="PRS" maxLength="0" historyAllowed="false"><annotations/></attribute><attribute name="id" rimClassName="Role" datatype="DSET&lt;II&gt;" cardinality="0..*" conformance="" mandatory="false" maxLength="0" historyAllowed="false"><annotations/></attribute><attribute name="code" rimClassName="Role" datatype="CD" cardinality="1..1" conformance="R" mandatory="true" strength="CWE" conceptDomain="RoleCode" maxLength="0" historyAllowed="false"><annotations/></attribute><attribute name="statusCode" rimClassName="Role" datatype="CS" cardinality="0..1" conformance="" mandatory="false" strength="CNE" valueSet="RoleStatus" maxLength="0" historyAllowed="false"><annotations/></attribute><attribute name="effectiveTime" rimClassName="Role" datatype="IVL&lt;TS&gt;" cardinality="0..1" conformance="" mandatory="false" maxLength="0" historyAllowed="false"><annotations/></attribute></attributes><associations><association name="relationshipHolder" beginX="2.08932179262091" beginY="2.59575766927083" endX="4.62341415322218" endY="2.33774288959628" target="RelatedPerson" targetShapeId="Sheet.211" rimTarget="Role" rimName="player" source="PersonalRelationship" cardinality="1..1" required="-1" mandatory="0" blocked="0" businessName=""><annotations/></association><association name="personalRelationshipWith" beginX="2.08932179262091" beginY="3.32813121961805" endX="5.7583468448215" endY="3.475" target="SubjectPerson" targetShapeId="Sheet.8" rimTarget="Role" rimName="scoper" source="PersonalRelationship" cardinality="0..1" required="0" mandatory="0" blocked="0" businessName=""><annotations/></association></associations></class><class name="RelatedParty" type="Choice" rimName="Role"><graphics shapeId="Sheet.644" width="2.88688151141667" height="5.02722222222222" x="1.48588433209722" y="3.10111111111111" flipX="GUARD(FALSE)" flipY="GUARD(FALSE)" vertical="1" autoWidth="1" autoHeight="1"/><annotations/><children><childClass name="Employee" shapeId="Sheet.129"/><childClass name="Student" shapeId="Sheet.473"/><childClass name="PersonalRelationship" shapeId="Sheet.614"/><childClass name="CareGiver" shapeId="Sheet.624"/><childClass name="R_ResponsiblePartyUniversal" shapeId="Sheet.634"/></children></class><class name="Employee" type="Role" rimName="Employee"><graphics shapeId="Sheet.129" width="2.78502823179427" height="0.915466937934028" x="1.48588433209722" y="4.9075" flipX="TRUE" flipY="TRUE" autoWidth="1" autoHeight="1"/><annotations/><attributes><attribute name="classCode" rimClassName="Role" datatype="CS" cardinality="1..1" conformance="R" mandatory="true" strength="CNE" codeSystem="RoleClass" domainCode="EMP" maxLength="0" historyAllowed="false"><annotations/></attribute><attribute name="id" rimClassName="Role" datatype="DSET&lt;II&gt;" cardinality="0..*" conformance="" mandatory="false" maxLength="0" historyAllowed="false"><annotations/></attribute><attribute name="statusCode" rimClassName="Role" datatype="CS" cardinality="0..1" conformance="" mandatory="false" strength="CNE" valueSet="RoleStatus" maxLength="0" historyAllowed="false"><annotations/></attribute><attribute name="effectiveTime" rimClassName="Role" datatype="IVL&lt;TS&gt;" cardinality="0..1" conformance="" mandatory="false" maxLength="0" historyAllowed="false"><annotations/></attribute><attribute name="jobClassCode" rimClassName="Employee" datatype="CD" cardinality="0..1" conformance="" mandatory="false" strength="CWE" conceptDomain="EmployeeJobClass" maxLength="0" historyAllowed="false"><annotations/></attribute></attributes><associations><association name="employeeSubjectPerson" beginX="2.59989562481493" beginY="5.27368677517361" endX="5.7583468448215" endY="5.2" target="SubjectPerson" targetShapeId="Sheet.8" rimTarget="Role" rimName="player" source="Employee" cardinality="0..1" required="0" mandatory="0" blocked="0" businessName=""><annotations/></association><association name="employerOrganization" beginX="2.59989562481493" beginY="4.54131322482639" endX="4.41934162412023" endY="4.64889363457574" target="E_OrganizationContact" targetShapeId="Sheet.75" rimTarget="Role" rimName="scoper" source="Employee" cardinality="1..1" required="-1" mandatory="0" blocked="0" businessName=""><annotations/></association></associations></class><class name="R_ResponsiblePartyUniversal" cmetId="COCT_MT040200UV" cmetType="Role(Performed only)" attLevel="universal" domain="RoleClass" mnemonic="AGNT" type="CMET" rimName="RoleHeir" id="COCT_MT040200UV"><graphics shapeId="Sheet.634" width="1.28438270024588" height="0.627825234646268" x="0.809634926511823" y="1.02259969007704" flipX="FALSE" flipY="FALSE" autoWidth="1" autoHeight="1"/><annotations/></class><entryPoint entryClass="RelatedParty" name="R_RelatedParty" type="EntryPoint" id="COCT_RM910000UV"><graphics shapeId="Sheet.1" connectedShape="Sheet.644" width="2.1306160681658" height="1.16681310628255" beginX="1.47380208333333" beginY="6.20111111111111" endX="1.19719618095555" endY="5.61472222222222"/><annotations/><notes><text>A mutual relationship between a person who is the RecordTarget or Subject of an act and a related party (person or organization). Property-contextConductionStyle: I </text></notes></entryPoint></page></pages></hl7model>
