<?xml version="1.0"?>
<hl7model rendered="7/1/2012 8:58:34 AM" datatypesRelease="R2"><pages><page name="Supporting Clinical Statement" width="25.9249621503607" height="19.667484272869"><class name="Observation" type="Act" rimName="Observation"><graphics shapeId="Sheet.112" width="3.18654037779037" height="2.65106874457465" x="12.5615288633472" y="16.5530398284245" flipX="FALSE" flipY="FALSE" autoWidth="1" autoHeight="1"/><annotations/><notes><Note name="Sheet.617" type="Note" noteType="Note"><graphics shapeId="Sheet.617" connectedShape="Sheet.112" x="13.9366156689028" y="18.8102620506467" width="2.70410790640907" height="0.5" beginX="1.35205395320454" beginY="0.25" endX="0.93292926098608" endY="-0.681687849934907"/><annotations/><notes><text>x_ClinicalStatementObservationMood:
DEF, GOL, EVN, INT, PRMS, RQO, PRP, ARQ, APT</text></notes></Note></notes><attributes><attribute name="classCode" rimClassName="Act" datatype="CS" cardinality="1..1" conformance="R" mandatory="true" strength="CNE" codeSystem="ActClass" domainCode="OBS" maxLength="0" historyAllowed="false"><annotations/></attribute><attribute name="moodCode" rimClassName="Act" datatype="CS" cardinality="1..1" conformance="R" mandatory="true" strength="CNE" valueSet="x_ClinicalStatementObservationMood" maxLength="0" historyAllowed="false"><annotations/></attribute><attribute name="id" rimClassName="Act" datatype="DSET&lt;II&gt;" cardinality="0..*" conformance="" mandatory="false" maxLength="0" historyAllowed="false"><annotations/></attribute><attribute name="code" rimClassName="Act" datatype="CD" cardinality="1..1" conformance="R" mandatory="false" strength="CWE" conceptDomain="ObservationType" maxLength="0" historyAllowed="false"><annotations/></attribute><attribute name="negationInd" rimClassName="Act" datatype="BL" cardinality="0..1" conformance="" mandatory="false" maxLength="0" historyAllowed="false"><annotations/></attribute><attribute name="derivationExpr" rimClassName="Act" datatype="ST.SIMPLE" cardinality="0..1" conformance="" mandatory="false" maxLength="0" historyAllowed="false"><annotations/></attribute><attribute name="text" rimClassName="Act" datatype="ED" cardinality="0..1" conformance="" mandatory="false" maxLength="0" historyAllowed="false"><annotations/></attribute><attribute name="statusCode" rimClassName="Act" datatype="CS" cardinality="0..1" conformance="R" mandatory="false" strength="CNE" valueSet="ActStatus" maxLength="0" historyAllowed="false"><annotations/></attribute><attribute name="effectiveTime" rimClassName="Act" datatype="QSET&lt;TS&gt;" cardinality="0..1" conformance="" mandatory="false" maxLength="0" historyAllowed="false"><annotations/></attribute><attribute name="priorityCode" rimClassName="Act" datatype="CD" cardinality="0..1" conformance="" mandatory="false" strength="CWE" conceptDomain="ActPriority" maxLength="0" historyAllowed="false"><annotations/></attribute><attribute name="confidentialityCode" rimClassName="Act" datatype="DSET&lt;CD&gt;" cardinality="0..*" conformance="" mandatory="false" strength="CWE" conceptDomain="Confidentiality" maxLength="0" historyAllowed="false"><annotations/></attribute><attribute name="repeatNumber" rimClassName="Act" datatype="IVL&lt;INT.NONNEG&gt;" cardinality="0..1" conformance="" mandatory="false" maxLength="0" historyAllowed="false"><annotations/></attribute><attribute name="uncertaintyCode" rimClassName="Act" datatype="CD" cardinality="0..1" conformance="" mandatory="false" strength="CNE" conceptDomain="ActUncertainty" maxLength="0" historyAllowed="false"><annotations/></attribute><attribute name="value" rimClassName="Observation" datatype="ANY" cardinality="0..1" conformance="" mandatory="false" strength="CWE" conceptDomain="ObservationValue" maxLength="0" historyAllowed="false"><annotations/></attribute><attribute name="interpretationCode" rimClassName="Observation" datatype="DSET&lt;CD&gt;" cardinality="0..*" conformance="" mandatory="false" strength="CWE" conceptDomain="ObservationInterpretation" maxLength="0" historyAllowed="false"><annotations/></attribute><attribute name="methodCode" rimClassName="Observation" datatype="DSET&lt;CD&gt;" cardinality="0..*" conformance="" mandatory="false" strength="CWE" conceptDomain="ObservationMethod" maxLength="0" historyAllowed="false"><annotations/></attribute><attribute name="targetSiteCode" rimClassName="Observation" datatype="DSET&lt;CD&gt;" cardinality="0..*" conformance="" mandatory="false" strength="CWE" conceptDomain="ActSite" maxLength="0" historyAllowed="false"><annotations/></attribute></attributes><associations><association name="referenceRange" beginX="10.968258674452" beginY="16.287932953967" endX="10.968258674452" endY="16.287932953967" target="ReferenceRange" targetShapeId="Sheet.175" rimTarget="Act" rimName="outboundRelationship" source="Observation" cardinality="0..*" required="0" mandatory="0" blocked="0" businessName=""><annotations/></association></associations></class><class name="ReferenceRange" type="ActRelationship" rimName="ActRelationship"><graphics shapeId="Sheet.175" width="3.74825867445202" height="0.703150755479601" x="9.09412933722601" y="16.7472705650123" beginX="10.968258674452" beginY="16.287932953967" endX="7.22" endY="17.2066081760576" arrowWidth="45 in."/><annotations/><attributes><attribute name="typeCode" rimClassName="ActRelationship" datatype="CS" cardinality="1..1" conformance="R" mandatory="true" strength="CNE" codeSystem="ActRelationshipType" domainCode="REFV" maxLength="0" historyAllowed="false"><annotations/></attribute><attribute name="contextControlCode" rimClassName="ActRelationship" datatype="CS" cardinality="0..1" conformance="R" mandatory="false" strength="CNE" codeSystem="C:ContextControl" default="ON" maxLength="0" historyAllowed="false"><annotations/></attribute><attribute name="contextConductionInd" rimClassName="ActRelationship" datatype="BL" cardinality="1..1" conformance="R" mandatory="true" default="false" maxLength="0" historyAllowed="false"><annotations/></attribute><attribute name="seperatableInd" rimClassName="ActRelationship" datatype="BL" cardinality="0..1" conformance="R" mandatory="false" maxLength="0" historyAllowed="false"><annotations/></attribute></attributes><associations><association name="subjectObservation" beginX="10.968258674452" beginY="16.287932953967" endX="10.968258674452" endY="16.287932953967" target="Observation" targetShapeId="Sheet.112" rimTarget="ActRelationship" rimName="source" source="ReferenceRange" cardinality="" required="0" mandatory="0" blocked="-1" businessName=""><annotations/></association><association name="referenceObservationRange" beginX="7.22" beginY="17.2066081760576" endX="7.22" endY="17.2066081760576" target="ObservationRange" targetShapeId="Sheet.171" rimTarget="ActRelationship" rimName="target" source="ReferenceRange" cardinality="1..1" required="0" mandatory="0" blocked="0" businessName=""><annotations/></association></associations></class><class name="ObservationRange" type="Act" rimName="Observation"><graphics shapeId="Sheet.171" width="2.4" height="1.18213258734809" x="6.02" y="16.8519683998532" flipX="FALSE" flipY="FALSE" autoWidth="0" autoHeight="1"/><annotations/><attributes><attribute name="classCode" rimClassName="Act" datatype="CS" cardinality="1..1" conformance="R" mandatory="true" strength="CNE" codeSystem="ActClass" domainCode="OBS" maxLength="0" historyAllowed="false"><annotations/></attribute><attribute name="moodCode" rimClassName="Act" datatype="CS" cardinality="1..1" conformance="R" mandatory="true" strength="CNE" codeSystem="ActMood" domainCode="EVN.CRT" maxLength="0" historyAllowed="false"><annotations/></attribute><attribute name="negationInd" rimClassName="Act" datatype="BL" cardinality="1..1" conformance="" mandatory="false" default="false" maxLength="0" historyAllowed="false"><annotations/></attribute><attribute name="text" rimClassName="Act" datatype="ED" cardinality="0..1" conformance="" mandatory="false" maxLength="0" historyAllowed="false"><annotations/></attribute><attribute name="value" rimClassName="Observation" datatype="ANY" cardinality="1..1" conformance="R" mandatory="false" strength="CWE" conceptDomain="ObservationValue" maxLength="0" historyAllowed="false"><annotations/></attribute><attribute name="interpretationCode" rimClassName="Observation" datatype="CD" cardinality="1..1" conformance="R" mandatory="true" strength="CWE" codeSystem="C:ObservationInterpretation" default="N" maxLength="0" historyAllowed="false"><annotations/></attribute></attributes><associations><association name="referenceRangeFor" beginX="7.22" beginY="17.2066081760576" endX="7.22" endY="17.2066081760576" target="ReferenceRange" targetShapeId="Sheet.175" rimTarget="Act" rimName="inboundRelationship" source="ObservationRange" cardinality="" required="0" mandatory="0" blocked="-1" businessName=""><annotations/></association><association name="precondition" beginX="6.02" beginY="16.2609021061792" endX="6.02" endY="16.2609021061792" target="Precondition1" targetShapeId="Sheet.518" rimTarget="Act" rimName="outboundRelationship" source="ObservationRange" cardinality="0..*" required="0" mandatory="0" blocked="0" businessName=""><annotations/></association></associations></class><class name="Precondition1" type="ActRelationship" rimName="ActRelationship"><graphics shapeId="Sheet.518" width="1.33552262117914" height="2.24970794981185" x="6.03475314720139" y="15.5931407955896" beginX="6.02" beginY="16.2609021061792" endX="6.04950629440277" endY="14.925379485" arrowWidth="55 in."/><annotations/><attributes><attribute name="typeCode" rimClassName="ActRelationship" datatype="CS" cardinality="1..1" conformance="R" mandatory="true" strength="CNE" codeSystem="ActRelationshipType" domainCode="PRCN" maxLength="0" historyAllowed="false"><annotations/></attribute><attribute name="contextControlCode" rimClassName="ActRelationship" datatype="CS" cardinality="0..1" conformance="R" mandatory="false" strength="CNE" codeSystem="C:ContextControl" default="OP" maxLength="0" historyAllowed="false"><annotations/></attribute><attribute name="contextConductionInd" rimClassName="ActRelationship" datatype="BL" cardinality="1..1" conformance="R" mandatory="true" default="true" maxLength="0" historyAllowed="false"><annotations/></attribute><attribute name="conjunctionCode" rimClassName="ActRelationship" datatype="CS" cardinality="0..1" conformance="R" mandatory="false" strength="CNE" codeSystem="C:RelationshipConjunction" default="AND" maxLength="0" historyAllowed="false"><annotations/></attribute><attribute name="seperatableInd" rimClassName="ActRelationship" datatype="BL" cardinality="0..1" conformance="R" mandatory="false" maxLength="0" historyAllowed="false"><annotations/></attribute></attributes><associations><association name="observationRange" beginX="6.02" beginY="16.2609021061792" endX="6.02" endY="16.2609021061792" target="ObservationRange" targetShapeId="Sheet.171" rimTarget="ActRelationship" rimName="source" source="Precondition1" cardinality="" required="0" mandatory="0" blocked="-1" businessName=""><annotations/></association><association name="criterion" beginX="6.04950629440277" beginY="14.925379485" endX="6.04950629440277" endY="14.925379485" target="Criterion" targetShapeId="Sheet.514" rimTarget="ActRelationship" rimName="target" source="Precondition1" cardinality="1..1" required="0" mandatory="0" blocked="0" businessName=""><annotations/></association></associations></class><class name="Criterion" type="Act" rimName="Observation"><graphics shapeId="Sheet.514" width="2.43715277777778" height="1.31579042426215" x="6.04950629440277" y="14.267484272869" flipX="FALSE" flipY="FALSE" autoWidth="1" autoHeight="1"/><annotations/><notes><Note name="Sheet.601" type="Note" noteType="Note"><graphics shapeId="Sheet.601" connectedShape="Sheet.514" x="3.07265547545039" y="15.860619193504" width="2.20477929312782" height="0.855652503797744" beginX="1.10238964656391" beginY="0.427826251898872" endX="2.86066407662741" endY="-0.770571541457533"/><annotations/><notes><text>This Observation criterion is for both
(1) criteria to select a specific population
for the normal range, and (2) conditions for
 the medication (e.g. PRN) It can also have
subordinate conditions.</text></notes></Note></notes><attributes><attribute name="classCode" rimClassName="Act" datatype="CS" cardinality="1..1" conformance="R" mandatory="true" strength="CNE" codeSystem="ActClass" domainCode="OBS" maxLength="0" historyAllowed="false"><annotations/></attribute><attribute name="moodCode" rimClassName="Act" datatype="CS" cardinality="1..1" conformance="R" mandatory="true" strength="CNE" codeSystem="ActMood" domainCode="EVN.CRT" maxLength="0" historyAllowed="false"><annotations/></attribute><attribute name="code" rimClassName="Act" datatype="CD" cardinality="0..1" conformance="" mandatory="false" strength="CWE" conceptDomain="ObservationType" maxLength="0" historyAllowed="false"><annotations/></attribute><attribute name="negationInd" rimClassName="Act" datatype="BL" cardinality="1..1" conformance="" mandatory="false" default="false" maxLength="0" historyAllowed="false"><annotations/></attribute><attribute name="text" rimClassName="Act" datatype="ED" cardinality="0..1" conformance="" mandatory="false" maxLength="0" historyAllowed="false"><annotations/></attribute><attribute name="value" rimClassName="Observation" datatype="ANY" cardinality="1..1" conformance="R" mandatory="false" strength="CWE" conceptDomain="ObservationValue" maxLength="0" historyAllowed="false"><annotations/></attribute><attribute name="interpretationCode" rimClassName="Observation" datatype="CD" cardinality="1..1" conformance="R" mandatory="false" strength="CWE" conceptDomain="ObservationInterpretation" maxLength="0" historyAllowed="false"><annotations/></attribute></attributes><associations><association name="preconditionFor" beginX="4.83092990551388" beginY="13.8727471455903" endX="4.83092990551388" endY="13.8727471455903" target="Precondition2" targetShapeId="Sheet.530" rimTarget="Act" rimName="inboundRelationship" source="Criterion" cardinality="" required="0" mandatory="0" blocked="-1" businessName=""><annotations/></association><association name="conditionedBy" beginX="7.26808268329166" beginY="13.6095890607379" endX="7.26808268329166" endY="13.6095890607379" target="Conditions" targetShapeId="Sheet.524" rimTarget="Act" rimName="inboundRelationship" source="Criterion" cardinality="" required="0" mandatory="0" blocked="-1" businessName=""><annotations/></association><association name="precondition" beginX="6.04950629440277" beginY="13.6095890607379" endX="6.04950629440277" endY="13.6095890607379" target="Precondition2" targetShapeId="Sheet.530" rimTarget="Act" rimName="outboundRelationship" source="Criterion" cardinality="0..*" required="0" mandatory="0" blocked="0" businessName=""><annotations/></association><association name="preconditionFor" beginX="6.04950629440277" beginY="14.925379485" endX="6.04950629440277" endY="14.925379485" target="Precondition1" targetShapeId="Sheet.518" rimTarget="Act" rimName="inboundRelationship" source="Criterion" cardinality="" required="0" mandatory="0" blocked="-1" businessName=""><annotations/></association></associations></class><class name="Precondition2" type="ActRelationshipR" rimName="ActRelationship"><graphics shapeId="Sheet.530" width="2.24970794981185" height="1.22191439588759" x="6.04950629440277" y="13.8727471455903" beginX="6.04950629440277" beginY="13.6095890607379" endX="4.83092990551388" endY="13.8727471455903" arrowWidth="66 in."/><annotations/><attributes><attribute name="typeCode" rimClassName="ActRelationship" datatype="CS" cardinality="1..1" conformance="R" mandatory="true" strength="CNE" codeSystem="ActRelationshipType" domainCode="PRCN" maxLength="0" historyAllowed="false"><annotations/></attribute><attribute name="contextControlCode" rimClassName="ActRelationship" datatype="CS" cardinality="0..1" conformance="R" mandatory="false" strength="CNE" codeSystem="C:ContextControl" default="ON" maxLength="0" historyAllowed="false"><annotations/></attribute><attribute name="contextConductionInd" rimClassName="ActRelationship" datatype="BL" cardinality="1..1" conformance="R" mandatory="true" default="false" maxLength="0" historyAllowed="false"><annotations/></attribute><attribute name="conjunctionCode" rimClassName="ActRelationship" datatype="CS" cardinality="0..1" conformance="R" mandatory="false" strength="CNE" codeSystem="C:RelationshipConjunction" default="AND" maxLength="0" historyAllowed="false"><annotations/></attribute><attribute name="seperatableInd" rimClassName="ActRelationship" datatype="BL" cardinality="0..1" conformance="R" mandatory="false" maxLength="0" historyAllowed="false"><annotations/></attribute></attributes><associations><association name="criterion" beginX="6.04950629440277" beginY="13.6095890607379" endX="6.04950629440277" endY="13.6095890607379" target="Criterion" targetShapeId="Sheet.514" rimTarget="ActRelationship" rimName="source" source="Precondition2" cardinality="" required="0" mandatory="0" blocked="-1" businessName=""><annotations/></association><association name="criterion" beginX="4.83092990551388" beginY="13.8727471455903" endX="4.83092990551388" endY="13.8727471455903" target="Criterion" targetShapeId="Sheet.514" rimTarget="ActRelationship" rimName="target" source="Precondition2" cardinality="1..1" required="0" mandatory="0" blocked="0" businessName=""><annotations/></association></associations></class><class name="Conditions" type="ActRelationship" rimName="ActRelationship"><graphics shapeId="Sheet.524" width="3.65691731670834" height="0.836483580186633" x="9.09654134164583" y="14.2423144445812" beginX="10.925" beginY="14.8750398284245" endX="7.26808268329166" endY="13.6095890607379" arrowWidth="44 in."/><annotations/><attributes><attribute name="typeCode" rimClassName="ActRelationship" datatype="CS" cardinality="1..1" conformance="R" mandatory="true" strength="CNE" valueSet="ActRelationshipConditional" maxLength="0" historyAllowed="false"><annotations/></attribute><attribute name="contextControlCode" rimClassName="ActRelationship" datatype="CS" cardinality="0..1" conformance="R" mandatory="false" strength="CNE" codeSystem="C:ContextControl" default="ON" maxLength="0" historyAllowed="false"><annotations/></attribute><attribute name="contextConductionInd" rimClassName="ActRelationship" datatype="BL" cardinality="1..1" conformance="R" mandatory="true" default="false" maxLength="0" historyAllowed="false"><annotations/></attribute><attribute name="conjunctionCode" rimClassName="ActRelationship" datatype="CS" cardinality="0..1" conformance="R" mandatory="false" strength="CNE" codeSystem="C:RelationshipConjunction" default="AND" maxLength="0" historyAllowed="false"><annotations/></attribute><attribute name="seperatableInd" rimClassName="ActRelationship" datatype="BL" cardinality="0..1" conformance="R" mandatory="false" maxLength="0" historyAllowed="false"><annotations/></attribute></attributes><associations><association name="actChoice" beginX="10.925" beginY="14.8750398284245" endX="10.925" endY="14.8750398284245" target="ActChoice" targetShapeId="Sheet.169" rimTarget="ActRelationship" rimName="source" source="Conditions" cardinality="" required="0" mandatory="0" blocked="-1" businessName=""><annotations/></association><association name="criterion" beginX="7.26808268329166" beginY="13.6095890607379" endX="7.26808268329166" endY="13.6095890607379" target="Criterion" targetShapeId="Sheet.514" rimTarget="ActRelationship" rimName="target" source="Conditions" cardinality="1..1" required="0" mandatory="0" blocked="0" businessName=""><annotations/></association></associations></class><class name="ActChoice" type="Choice" rimName="Act"><graphics shapeId="Sheet.169" width="3.63704427183333" height="15.9261111111111" x="12.7435221359167" y="10.0972064950912" flipX="GUARD(FALSE)" flipY="GUARD(FALSE)" vertical="1" autoWidth="1" autoHeight="1"/><annotations/><children><childClass name="Observation" shapeId="Sheet.112"/><childClass name="SubstanceAdministration" shapeId="Sheet.119"/><childClass name="Supply" shapeId="Sheet.274"/><childClass name="Procedure" shapeId="Sheet.127"/><childClass name="Encounter" shapeId="Sheet.131"/><childClass name="Act" shapeId="Sheet.123"/><childClass name="Organizer" shapeId="Sheet.1276"/></children><associations><association name="conditions" beginX="10.925" beginY="14.8750398284245" endX="10.925" endY="14.8750398284245" target="Conditions" targetShapeId="Sheet.524" rimTarget="Act" rimName="outboundRelationship" source="ActChoice" cardinality="0..*" required="0" mandatory="0" blocked="0" businessName=""><annotations/></association><association name="location" beginX="14.5620442718333" beginY="5.31937316175785" endX="14.5620442718333" endY="5.31937316175785" target="Location" targetShapeId="Sheet.595" rimTarget="Act" rimName="participation" source="ActChoice" cardinality="0..*" required="0" mandatory="0" blocked="0" businessName=""><annotations/></association><association name="subject" beginX="14.5620442718333" beginY="6.91198427286896" endX="14.5620442718333" endY="6.91198427286896" target="Subject" targetShapeId="Sheet.332" rimTarget="Act" rimName="participation" source="ActChoice" cardinality="0..*" required="0" mandatory="0" blocked="0" businessName=""><annotations/></association><association name="author" beginX="14.5620442718333" beginY="14.8750398284245" endX="14.5620442718333" endY="14.8750398284245" target="Author" targetShapeId="Sheet.482" rimTarget="Act" rimName="participation" source="ActChoice" cardinality="0..*" required="0" mandatory="0" blocked="0" businessName=""><annotations/></association><association name="performer" beginX="14.5620442718333" beginY="16.4676509395356" endX="14.5620442718333" endY="16.4676509395356" target="Performer" targetShapeId="Sheet.570" rimTarget="Act" rimName="participation" source="ActChoice" cardinality="0..*" required="0" mandatory="0" blocked="0" businessName=""><annotations/></association><association name="sourceOf2" beginX="11.2887044271833" beginY="2.13415093953563" endX="11.2887044271833" endY="2.13415093953563" target="SourceOf2" targetShapeId="Sheet.1280" rimTarget="Act" rimName="outboundRelationship" source="ActChoice" cardinality="" required="0" mandatory="0" blocked="-1" businessName=""><annotations/></association><association name="sourceOf1" beginX="14.19833984465" beginY="2.13415093953563" endX="14.19833984465" endY="2.13415093953563" target="SourceOf1" targetShapeId="Sheet.1295" rimTarget="Act" rimName="outboundRelationship" source="ActChoice" cardinality="0..*" required="-1" mandatory="0" blocked="0" businessName=""><annotations/></association><association name="sourceOf3" beginX="11.2887044271833" beginY="18.0602620506467" endX="11.2887044271833" endY="18.0602620506467" target="SourceOf3" targetShapeId="Sheet.102" rimTarget="Act" rimName="outboundRelationship" source="ActChoice" cardinality="0..*" required="0" mandatory="0" blocked="0" businessName=""><annotations/></association><association name="targetOf3" beginX="10.9288705653146" beginY="17.8172564153569" endX="10.9288705653146" endY="17.8172564153569" target="SourceOf3" targetShapeId="Sheet.102" rimTarget="Act" rimName="inboundRelationship" source="ActChoice" cardinality="" required="0" mandatory="0" blocked="-1" businessName=""><annotations/></association><association name="targetOf" beginX="10.9272406669028" beginY="2.5244785028441" endX="10.9272406669028" endY="2.5244785028441" target="SourceOf2" targetShapeId="Sheet.1280" rimTarget="Act" rimName="inboundRelationship" source="ActChoice" cardinality="0..*" required="-1" mandatory="0" blocked="0" businessName=""><annotations/></association></associations></class><class name="SubstanceAdministration" type="Act" rimName="SubstanceAdministration"><graphics shapeId="Sheet.119" width="3.47029281919662" height="2.65074373236762" x="12.7435221359167" y="13.8469287173134" flipX="FALSE" flipY="FALSE" autoWidth="1" autoHeight="1"/><annotations/><notes><Note name="Sheet.1185" type="Note" noteType="Note"><graphics shapeId="Sheet.1185" connectedShape="Sheet.119" x="9.74181749081945" y="15.2741509395357" width="1.90226998526649" height="0.5" beginX="0.951134992633247" beginY="0.25" endX="2.21769322813219" endY="-0.381999102512049"/><annotations/><notes><text>x_ClinicalStatementSubstanceMood:
EVN, INT, PRMS, RQO, PRP</text></notes></Note></notes><attributes><attribute name="classCode" rimClassName="Act" datatype="CS" cardinality="1..1" conformance="R" mandatory="true" strength="CNE" codeSystem="ActClass" domainCode="SBADM" maxLength="0" historyAllowed="false"><annotations/></attribute><attribute name="moodCode" rimClassName="Act" datatype="CS" cardinality="1..1" conformance="R" mandatory="true" strength="CNE" valueSet="x_ClinicalStatementSubstanceMood" maxLength="0" historyAllowed="false"><annotations/></attribute><attribute name="id" rimClassName="Act" datatype="DSET&lt;II&gt;" cardinality="0..*" conformance="" mandatory="false" maxLength="0" historyAllowed="false"><annotations/></attribute><attribute name="code" rimClassName="Act" datatype="CD" cardinality="0..1" conformance="" mandatory="false" strength="CWE" conceptDomain="ActCode" maxLength="0" historyAllowed="false"><annotations/></attribute><attribute name="negationInd" rimClassName="Act" datatype="BL" cardinality="0..1" conformance="" mandatory="false" maxLength="0" historyAllowed="false"><annotations/></attribute><attribute name="text" rimClassName="Act" datatype="ED" cardinality="0..1" conformance="" mandatory="false" maxLength="0" historyAllowed="false"><annotations/></attribute><attribute name="statusCode" rimClassName="Act" datatype="CS" cardinality="0..1" conformance="R" mandatory="false" strength="CNE" valueSet="ActStatus" maxLength="0" historyAllowed="false"><annotations/></attribute><attribute name="effectiveTime" rimClassName="Act" datatype="QSET&lt;TS&gt;" cardinality="0..1" conformance="R" mandatory="false" maxLength="0" historyAllowed="false"><annotations/></attribute><attribute name="priorityCode" rimClassName="Act" datatype="CD" cardinality="0..1" conformance="" mandatory="false" strength="CWE" conceptDomain="ActPriority" maxLength="0" historyAllowed="false"><annotations/></attribute><attribute name="confidentialityCode" rimClassName="Act" datatype="DSET&lt;CD&gt;" cardinality="0..*" conformance="" mandatory="false" strength="CWE" conceptDomain="Confidentiality" maxLength="0" historyAllowed="false"><annotations/></attribute><attribute name="repeatNumber" rimClassName="Act" datatype="IVL&lt;INT.NONNEG&gt;" cardinality="0..1" conformance="" mandatory="false" maxLength="0" historyAllowed="false"><annotations/></attribute><attribute name="approachSiteCode" rimClassName="Procedure" datatype="DSET&lt;CD&gt;" cardinality="0..*" conformance="" mandatory="false" strength="CWE" conceptDomain="ActSite" maxLength="0" historyAllowed="false"><annotations/></attribute><attribute name="routeCode" rimClassName="SubstanceAdministration" datatype="CD" cardinality="0..1" conformance="" mandatory="false" strength="CWE" conceptDomain="RouteOfAdministration" maxLength="0" historyAllowed="false"><annotations/></attribute><attribute name="doseQuantity" rimClassName="SubstanceAdministration" datatype="URG&lt;PQ&gt;" cardinality="0..1" conformance="" mandatory="false" maxLength="0" historyAllowed="false"><annotations/></attribute><attribute name="rateQuantity" rimClassName="SubstanceAdministration" datatype="URG&lt;PQ&gt;" cardinality="0..1" conformance="" mandatory="false" maxLength="0" historyAllowed="false"><annotations/></attribute><attribute name="doseCheckQuantity" rimClassName="SubstanceAdministration" datatype="DSET&lt;RTO&lt;PQ,PQ.TIME&gt;&gt;" cardinality="0..*" conformance="" mandatory="false" maxLength="0" historyAllowed="false"><annotations/></attribute><attribute name="maxDoseQuantity" rimClassName="SubstanceAdministration" datatype="RTO&lt;PQ,PQ.TIME&gt;" cardinality="0..1" conformance="" mandatory="false" maxLength="0" historyAllowed="false"><annotations/></attribute><attribute name="administrationUnitCode" rimClassName="SubstanceAdministration" datatype="CD" cardinality="0..1" conformance="" mandatory="false" strength="CWE" conceptDomain="AdministrableDrugForm" maxLength="0" historyAllowed="false"><annotations/></attribute></attributes><associations><association name="consumable" beginX="14.478668545515" beginY="14.1120030905502" endX="14.478668545515" endY="14.1120030905502" target="Consumable" targetShapeId="Sheet.493" rimTarget="Act" rimName="participation" source="SubstanceAdministration" cardinality="0..1" required="0" mandatory="0" blocked="0" businessName=""><annotations/></association></associations></class><class name="Consumable" type="Participation" rimName="Participation"><graphics shapeId="Sheet.493" width="4.05915118201631" height="0.43681011827257" x="16.5082441365232" y="13.9759936817096" beginX="14.478668545515" beginY="14.1120030905502" endX="18.5378197275313" endY="13.8399842728691" arrowWidth="66 in."/><annotations/><attributes><attribute name="typeCode" rimClassName="Participation" datatype="CS" cardinality="1..1" conformance="R" mandatory="true" strength="CNE" codeSystem="ParticipationType" domainCode="CSM" maxLength="0" historyAllowed="false"><annotations/></attribute><attribute name="contextControlCode" rimClassName="Participation" datatype="CS" cardinality="1..1" conformance="R" mandatory="false" strength="CNE" codeSystem="ContextControl" domainCode="AN" maxLength="0" historyAllowed="false"><annotations/></attribute></attributes><associations><association name="substanceAdministration" beginX="14.478668545515" beginY="14.1120030905502" endX="14.478668545515" endY="14.1120030905502" target="SubstanceAdministration" targetShapeId="Sheet.119" rimTarget="Participation" rimName="act" source="Consumable" cardinality="" required="0" mandatory="0" blocked="-1" businessName=""><annotations/></association><association name="administerableMaterial" beginX="18.5378197275313" beginY="13.8399842728691" endX="18.5378197275313" endY="13.8399842728691" target="AdministerableMaterial" targetShapeId="Sheet.1158" rimTarget="Participation" rimName="role" source="Consumable" cardinality="1..1" required="0" mandatory="0" blocked="0" businessName=""><annotations/></association></associations></class><class name="AdministerableMaterial" type="Role" rimName="RoleHeir"><graphics shapeId="Sheet.1158" width="1.65023208921615" height="0.5" x="19.3629357721394" y="14.0399842728691" flipX="TRUE" flipY="FALSE" autoWidth="1" autoHeight="1"/><annotations/><attributes><attribute name="classCode" rimClassName="Role" datatype="CS" cardinality="1..1" conformance="R" mandatory="true" strength="CNE" codeSystem="RoleClass" domainCode="ADMM" maxLength="0" historyAllowed="false"><annotations/></attribute></attributes><associations><association name="player" beginX="20.0230286078258" beginY="13.8399842728691" endX="22.7726639837356" endY="15.2475018010034" target="MaterialKind" targetShapeId="Sheet.1249" rimTarget="Role" rimName="player" source="AdministerableMaterial" cardinality="1..1" required="-1" mandatory="-1" blocked="0" businessName=""><annotations/></association><association name="consumedIn" beginX="18.5378197275313" beginY="13.8399842728691" endX="18.5378197275313" endY="13.8399842728691" target="Consumable" targetShapeId="Sheet.493" rimTarget="Role" rimName="participation" source="AdministerableMaterial" cardinality="" required="0" mandatory="0" blocked="-1" businessName=""><annotations/></association></associations></class><class name="MaterialKind" type="Entity" rimName="Material"><graphics shapeId="Sheet.1249" width="2.68643356626693" height="0.915466937934028" x="24.115880766869" y="15.0186350665199" flipX="FALSE" flipY="FALSE" autoWidth="1" autoHeight="1"/><annotations/><attributes><attribute name="classCode" rimClassName="Entity" datatype="CS" cardinality="1..1" conformance="R" mandatory="true" strength="CNE" codeSystem="EntityClass" domainCode="MAT" maxLength="0" historyAllowed="false"><annotations/></attribute><attribute name="determinerCode" rimClassName="Entity" datatype="CS" cardinality="1..1" conformance="R" mandatory="true" strength="CNE" codeSystem="EntityDeterminer" domainCode="KIND" maxLength="0" historyAllowed="false"><annotations/></attribute><attribute name="code" rimClassName="Entity" datatype="CD" cardinality="0..1" conformance="R" mandatory="false" strength="CWE" conceptDomain="ExposureAgentEntityKind" maxLength="0" historyAllowed="false" businessName="Drug,food,dust,etc."><annotations/></attribute><attribute name="desc" rimClassName="Entity" datatype="ST" cardinality="0..1" conformance="" mandatory="false" maxLength="0" historyAllowed="false"><annotations/></attribute></attributes><associations><association name="playedAdministerableMaterial" endX="20.0230286078258" endY="13.8399842728691" beginX="22.7726639837356" beginY="15.2475018010034" target="AdministerableMaterial" targetShapeId="Sheet.1158" rimTarget="Entity" rimName="playedRole" source="MaterialKind" cardinality="" required="0" mandatory="0" blocked="-1" businessName=""><annotations/></association><association name="scopedMaterialPart" endX="24.1671503313036" endY="15.9399842728691" beginX="24.7874891584358" beginY="15.4763685354869" target="MaterialPart" targetShapeId="Sheet.1257" rimTarget="Entity" rimName="scopedRole" source="MaterialKind" cardinality="0..*" required="-1" mandatory="0" blocked="0" businessName=""><annotations/></association></associations></class><class name="MaterialPart" type="Role" rimName="Role"><graphics shapeId="Sheet.1257" width="1.88350082700911" height="0.5" x="23.4137500005" y="16.1399842728691" flipX="TRUE" flipY="TRUE" autoWidth="1" autoHeight="1"/><annotations/><notes><Note name="Sheet.1267" type="Note" noteType="Note"><graphics shapeId="Sheet.1267" connectedShape="Sheet.1257" x="21.4075" y="16.1899842728691" width="1" height="0.5" beginX="0.5" beginY="0.25" endX="1.56449958699544" endY="0.25"/><annotations/><notes><text>Need x_Domain</text></notes></Note></notes><attributes><attribute name="classCode" rimClassName="Role" datatype="CS" cardinality="1..1" conformance="R" mandatory="true" strength="CNE" valueSet="RoleClassPartitive" maxLength="0" historyAllowed="false"><annotations/><constraints><Constraint name="Sheet.1272" type="Constraint"><graphics shapeId="Sheet.1272" connectedShape="Sheet.1257" x="25.0045798063576" y="17.3705398284246" width="1.86420693595009" height="0.562659524197049" beginX="0.932103467975044" beginY="0.281329762098525" endX="0.283024075621956" endY="-0.749225793457029"/><annotations/><constraints><text>invariant( x) {
  x.classCode is {PART, INGR};
}</text></constraints></Constraint></constraints></attribute></attributes><associations><association name="partMaterialKind2" beginX="24.1671503313036" beginY="16.3399842728691" endX="22.9806322778533" endY="16.8750285816799" target="MaterialKind2" targetShapeId="Sheet.1253" rimTarget="Role" rimName="player" source="MaterialPart" cardinality="1..1" required="-1" mandatory="-1" blocked="0" businessName=""><annotations/></association><association name="wholeMaterialKind" beginX="24.1671503313036" beginY="15.9399842728691" endX="24.7874891584358" endY="15.4763685354869" target="MaterialKind" targetShapeId="Sheet.1249" rimTarget="Role" rimName="scoper" source="MaterialPart" cardinality="" required="0" mandatory="0" blocked="-1" businessName=""><annotations/></association></associations></class><class name="MaterialKind2" type="Entity" rimName="Material"><graphics shapeId="Sheet.1253" width="2.66169143980208" height="0.915466937934028" x="22.3152094179028" y="17.3327620506469" flipX="FALSE" flipY="FALSE" autoWidth="1" autoHeight="1"/><annotations/><attributes><attribute name="classCode" rimClassName="Entity" datatype="CS" cardinality="1..1" conformance="R" mandatory="true" strength="CNE" codeSystem="EntityClass" domainCode="MAT" maxLength="0" historyAllowed="false"><annotations/></attribute><attribute name="determinerCode" rimClassName="Entity" datatype="CS" cardinality="1..1" conformance="R" mandatory="true" strength="CNE" codeSystem="EntityDeterminer" domainCode="KIND" maxLength="0" historyAllowed="false"><annotations/></attribute><attribute name="code" rimClassName="Entity" datatype="CV" cardinality="0..1" conformance="R" mandatory="false" strength="CWE" conceptDomain="ExposureAgentPartEntity" maxLength="0" historyAllowed="false" businessName="Agent components"><annotations/></attribute><attribute name="desc" rimClassName="Entity" datatype="ST" cardinality="0..1" conformance="" mandatory="false" maxLength="0" historyAllowed="false"><annotations/></attribute></attributes><associations><association name="playedMaterialPart" endX="24.1671503313036" endY="16.3399842728691" beginX="22.9806322778533" beginY="16.8750285816799" target="MaterialPart" targetShapeId="Sheet.1257" rimTarget="Entity" rimName="playedRole" source="MaterialKind2" cardinality="" required="0" mandatory="0" blocked="-1" businessName=""><annotations/></association></associations></class><class name="Supply" type="Act" rimName="Supply"><graphics shapeId="Sheet.274" width="3.18654037779037" height="1.98310457221137" x="12.5615288633472" y="11.407484272869" flipX="FALSE" flipY="FALSE" autoWidth="1" autoHeight="1"/><annotations/><notes><Note name="Sheet.1180" type="Note" noteType="Note"><graphics shapeId="Sheet.1180" connectedShape="Sheet.274" x="9.33448242137501" y="12.3741509395357" width="1.71694054801063" height="0.5" beginX="0.858470274005317" beginY="0.25" endX="2.49224652708233" endY="-0.121735295003328"/><annotations/><notes><text>x_ClinicalStatementSupplyMood:
EVN, INT</text></notes></Note></notes><attributes><attribute name="classCode" rimClassName="Act" datatype="CS" cardinality="1..1" conformance="R" mandatory="true" strength="CNE" codeSystem="ActClass" domainCode="SPLY" maxLength="0" historyAllowed="false"><annotations/></attribute><attribute name="moodCode" rimClassName="Act" datatype="CS" cardinality="1..1" conformance="R" mandatory="true" strength="CNE" valueSet="x_ClinicalStatementSupplyMood" maxLength="0" historyAllowed="false"><annotations/></attribute><attribute name="id" rimClassName="Act" datatype="DSET&lt;II&gt;" cardinality="0..*" conformance="" mandatory="false" maxLength="0" historyAllowed="false"><annotations/></attribute><attribute name="code" rimClassName="Act" datatype="CD" cardinality="0..1" conformance="" mandatory="false" strength="CWE" conceptDomain="ActCode" maxLength="0" historyAllowed="false"><annotations/></attribute><attribute name="text" rimClassName="Act" datatype="ED" cardinality="0..1" conformance="" mandatory="false" maxLength="0" historyAllowed="false"><annotations/></attribute><attribute name="statusCode" rimClassName="Act" datatype="CS" cardinality="0..1" conformance="R" mandatory="false" strength="CNE" valueSet="ActStatus" maxLength="0" historyAllowed="false"><annotations/></attribute><attribute name="effectiveTime" rimClassName="Act" datatype="QSET&lt;TS&gt;" cardinality="0..1" conformance="" mandatory="false" maxLength="0" historyAllowed="false"><annotations/></attribute><attribute name="priorityCode" rimClassName="Act" datatype="DSET&lt;CD&gt;" cardinality="0..*" conformance="" mandatory="false" strength="CNE" conceptDomain="ActPriority" maxLength="0" historyAllowed="false"><annotations/></attribute><attribute name="confidentialityCode" rimClassName="Act" datatype="DSET&lt;CD&gt;" cardinality="0..*" conformance="" mandatory="false" strength="CWE" conceptDomain="Confidentiality" maxLength="0" historyAllowed="false"><annotations/></attribute><attribute name="repeatNumber" rimClassName="Act" datatype="IVL&lt;INT.NONNEG&gt;" cardinality="0..1" conformance="" mandatory="false" maxLength="0" historyAllowed="false"><annotations/></attribute><attribute name="independentInd" rimClassName="Act" datatype="BL" cardinality="0..1" conformance="" mandatory="false" maxLength="0" historyAllowed="false"><annotations/></attribute><attribute name="quantity" rimClassName="Supply" datatype="PQ" cardinality="0..1" conformance="" mandatory="false" maxLength="0" historyAllowed="false"><annotations/></attribute><attribute name="expectedUseTime" rimClassName="Supply" datatype="IVL&lt;TS&gt;" cardinality="0..1" conformance="" mandatory="false" maxLength="0" historyAllowed="false"><annotations/></attribute></attributes><associations><association name="product" beginX="14.1547990522424" beginY="11.2091738156479" endX="14.1547990522424" endY="11.2091738156479" target="Product1" targetShapeId="Sheet.499" rimTarget="Act" rimName="participation" source="Supply" cardinality="1..*" required="-1" mandatory="-1" blocked="0" businessName=""><annotations/></association></associations></class><class name="Product1" type="Participation" rimName="Participation"><graphics shapeId="Sheet.499" width="3.28302385420332" height="0.43681011827257" x="15.796310979344" y="11.2261504728298" beginX="14.1547990522424" beginY="11.2091738156479" endX="17.4378229064457" endY="11.2431271300118" arrowWidth="66 in."/><annotations/><attributes><attribute name="typeCode" rimClassName="Participation" datatype="CS" cardinality="1..1" conformance="R" mandatory="true" strength="CNE" codeSystem="ParticipationType" domainCode="PRD" maxLength="0" historyAllowed="false"><annotations/></attribute><attribute name="contextControlCode" rimClassName="Participation" datatype="CS" cardinality="1..1" conformance="R" mandatory="false" strength="CNE" valueSet="ContextControl" maxLength="0" historyAllowed="false"><annotations/></attribute></attributes><associations><association name="supply" beginX="14.1547990522424" beginY="11.2091738156479" endX="14.1547990522424" endY="11.2091738156479" target="Supply" targetShapeId="Sheet.274" rimTarget="Participation" rimName="act" source="Product1" cardinality="" required="0" mandatory="0" blocked="-1" businessName=""><annotations/></association><association name="manufacturedProduct" beginX="17.4378229064457" beginY="11.2431271300118" endX="17.4378229064457" endY="11.2431271300118" target="ManufacturedProduct" targetShapeId="Sheet.1165" rimTarget="Participation" rimName="role" source="Product1" cardinality="1..1" required="-1" mandatory="-1" blocked="0" businessName=""><annotations/></association></associations></class><class name="ManufacturedProduct" type="Role" rimName="RoleHeir"><graphics shapeId="Sheet.1165" width="1.52947106558876" height="2.29142857142858" x="18.2025584392401" y="10.5556985585832" flipX="FALSE" flipY="FALSE" autoWidth="1" autoHeight="0"/><annotations/><attributes><attribute name="classCode" rimClassName="Role" datatype="CS" cardinality="1..1" conformance="R" mandatory="true" strength="CNE" codeSystem="RoleClass" domainCode="MANU" maxLength="0" historyAllowed="false"><annotations/></attribute><attribute name="id" rimClassName="Role" datatype="II" cardinality="0..1" conformance="" mandatory="false" maxLength="0" historyAllowed="false"><annotations/></attribute></attributes><associations><association name="manufacturedDrugOrOtherMaterial" beginX="17.5907700130046" beginY="9.6391271300118" endX="21.0730490446389" endY="10.6374842728691" target="DrugOrOtherMaterial" targetShapeId="Sheet.1154" rimTarget="Role" rimName="player" source="ManufacturedProduct" cardinality="1..1" required="0" mandatory="0" blocked="0" businessName=""><annotations/></association><association name="manufacturerOrganization" beginX="17.5907700130046" beginY="11.4722699871547" endX="16.9214285714286" endY="12.5156191935039" target="Organization" targetShapeId="Sheet.591" rimTarget="Role" rimName="scoper" source="ManufacturedProduct" cardinality="0..1" required="0" mandatory="0" blocked="0" businessName=""><annotations/></association><association name="deviceOf" beginX="17.4378229064457" beginY="9.6391271300118" endX="17.4378229064457" endY="9.6391271300118" target="Device" targetShapeId="Sheet.640" rimTarget="Role" rimName="participation" source="ManufacturedProduct" cardinality="" required="0" mandatory="0" blocked="-1" businessName=""><annotations/></association><association name="productOf" beginX="17.4378229064457" beginY="11.2431271300118" endX="17.4378229064457" endY="11.2431271300118" target="Product1" targetShapeId="Sheet.499" rimTarget="Role" rimName="participation" source="ManufacturedProduct" cardinality="" required="0" mandatory="0" blocked="-1" businessName=""><annotations/></association></associations></class><class name="DrugOrOtherMaterial" type="Choice" rimName="Entity"><graphics shapeId="Sheet.1154" width="3.06890191072222" height="2.47500000000006" x="22.6075" y="11.6274842728691" flipX="GUARD(FALSE)" flipY="GUARD(FALSE)" vertical="1" autoWidth="1" autoHeight="1"/><annotations/><children><childClass name="LabeledDrug" shapeId="Sheet.1150"/><childClass name="Material" shapeId="Sheet.1146"/></children><associations><association name="manufacturer" endX="17.5907700130046" endY="9.6391271300118" beginX="21.0730490446389" beginY="10.6374842728691" target="ManufacturedProduct" targetShapeId="Sheet.1165" rimTarget="Entity" rimName="playedRole" source="DrugOrOtherMaterial" cardinality="" required="0" mandatory="0" blocked="-1" businessName=""><annotations/></association></associations></class><class name="LabeledDrug" type="Entity" rimName="ManufacturedMaterial"><graphics shapeId="Sheet.1150" width="2.90215469663802" height="0.915555555555578" x="22.6075" y="12.1572064950914" flipX="FALSE" flipY="FALSE" autoWidth="1" autoHeight="0"/><annotations/><attributes><attribute name="classCode" rimClassName="Entity" datatype="CS" cardinality="1..1" conformance="R" mandatory="true" strength="CNE" codeSystem="EntityClass" domainCode="MMAT" maxLength="0" historyAllowed="false"><annotations/></attribute><attribute name="determinerCode" rimClassName="Entity" datatype="CS" cardinality="1..1" conformance="R" mandatory="true" strength="CNE" valueSet="EntityDeterminer" maxLength="0" historyAllowed="false"><annotations/></attribute><attribute name="code" rimClassName="Entity" datatype="CD" cardinality="0..1" conformance="" mandatory="false" strength="CWE" conceptDomain="DrugEntity" maxLength="0" historyAllowed="false" businessName="e.g. RxNorm code"><annotations/></attribute><attribute name="name" rimClassName="Entity" datatype="EN" cardinality="0..1" conformance="" mandatory="false" maxLength="0" historyAllowed="false"><annotations/></attribute><attribute name="expirationTime" rimClassName="ManufacturedMaterial" datatype="IVL&lt;TS&gt;" cardinality="0..1" conformance="" mandatory="false" maxLength="0" historyAllowed="false"><annotations/></attribute></attributes></class><class name="Material" type="Entity" rimName="ManufacturedMaterial"><graphics shapeId="Sheet.1146" width="2.58108307188216" height="1.05944444444448" x="22.4469639756944" y="11.0447064950913" flipX="FALSE" flipY="FALSE" autoWidth="1" autoHeight="0"/><annotations/><attributes><attribute name="classCode" rimClassName="Entity" datatype="CS" cardinality="1..1" conformance="R" mandatory="true" strength="CNE" codeSystem="EntityClass" domainCode="MMAT" maxLength="0" historyAllowed="false"><annotations/></attribute><attribute name="determinerCode" rimClassName="Entity" datatype="CS" cardinality="1..1" conformance="R" mandatory="true" strength="CNE" valueSet="EntityDeterminer" maxLength="0" historyAllowed="false"><annotations/></attribute><attribute name="code" rimClassName="Entity" datatype="CD" cardinality="0..1" conformance="" mandatory="false" strength="CWE" conceptDomain="MaterialEntityClassType" maxLength="0" historyAllowed="false"><annotations/></attribute><attribute name="name" rimClassName="Entity" datatype="EN" cardinality="0..1" conformance="" mandatory="false" maxLength="0" historyAllowed="false"><annotations/></attribute><attribute name="lotNumberText" rimClassName="ManufacturedMaterial" datatype="ST.SIMPLE" cardinality="0..1" conformance="" mandatory="false" maxLength="0" historyAllowed="false"><annotations/></attribute><attribute name="expirationTime" rimClassName="ManufacturedMaterial" datatype="IVL&lt;TS&gt;" cardinality="0..1" conformance="" mandatory="false" maxLength="0" historyAllowed="false"><annotations/></attribute></attributes></class><class name="HealthCareFacility" type="Role" rimName="RoleHeir"><graphics shapeId="Sheet.581" width="3.01" height="0.875028242677888" x="20.395" y="4.74777617198568" flipX="TRUE" flipY="TRUE" autoWidth="0" autoHeight="0"/><annotations/><attributes><attribute name="classCode" rimClassName="Role" datatype="CS" cardinality="1..1" conformance="R" mandatory="true" strength="CNE" codeSystem="RoleClass" domainCode="SDLOC" maxLength="0" historyAllowed="false"><annotations/></attribute><attribute name="id" rimClassName="Role" datatype="II" cardinality="0..1" conformance="" mandatory="false" maxLength="0" historyAllowed="false"><annotations/></attribute><attribute name="code" rimClassName="Role" datatype="CD" cardinality="0..1" conformance="" mandatory="false" strength="CWE" conceptDomain="ServiceDeliveryLocationRoleType" maxLength="0" historyAllowed="false"><annotations/></attribute></attributes><associations><association name="location" beginX="21.599" beginY="5.09778746905683" endX="22.8845447614882" endY="5.42880194458119" target="Place" targetShapeId="Sheet.412" rimTarget="Role" rimName="player" source="HealthCareFacility" cardinality="0..1" required="0" mandatory="0" blocked="0" businessName=""><annotations/></association><association name="serviceProviderOrganization" beginX="21.599" beginY="4.39776487491452" endX="22.9217409410437" endY="4.03449942586375" target="Organization" targetShapeId="Sheet.135" rimTarget="Role" rimName="scoper" source="HealthCareFacility" cardinality="0..1" required="0" mandatory="0" blocked="0" businessName=""><annotations/></association><association name="locationOf" beginX="18.89" beginY="4.31026205064673" endX="18.89" endY="4.31026205064673" target="Location" targetShapeId="Sheet.595" rimTarget="Role" rimName="participation" source="HealthCareFacility" cardinality="" required="0" mandatory="0" blocked="-1" businessName=""><annotations/></association></associations></class><class name="Place" type="Entity" rimName="Place"><graphics shapeId="Sheet.412" width="1.7937142974681" height="0.781809101019965" x="23.7814019102222" y="5.81970649509118" flipX="FALSE" flipY="FALSE" autoWidth="1" autoHeight="1"/><annotations/><attributes><attribute name="classCode" rimClassName="Entity" datatype="CS" cardinality="1..1" conformance="R" mandatory="true" strength="CNE" codeSystem="EntityClass" domainCode="PLC" maxLength="0" historyAllowed="false"><annotations/></attribute><attribute name="determinerCode" rimClassName="Entity" datatype="CS" cardinality="1..1" conformance="R" mandatory="true" strength="CNE" codeSystem="EntityDeterminer" domainCode="INSTANCE" maxLength="0" historyAllowed="false"><annotations/></attribute><attribute name="name" rimClassName="Entity" datatype="EN" cardinality="0..1" conformance="" mandatory="false" maxLength="0" historyAllowed="false"><annotations/></attribute><attribute name="addr" rimClassName="Place" datatype="AD" cardinality="0..1" conformance="" mandatory="false" maxLength="0" historyAllowed="false"><annotations/></attribute></attributes><associations><association name="playedHealthCareFacility" endX="21.599" endY="5.09778746905683" beginX="22.8845447614882" beginY="5.42880194458119" target="HealthCareFacility" targetShapeId="Sheet.581" rimTarget="Entity" rimName="playedRole" source="Place" cardinality="" required="0" mandatory="0" blocked="-1" businessName=""><annotations/></association></associations></class><class name="Organization" type="Entity" rimName="Organization"><graphics shapeId="Sheet.135" width="1.7937142974681" height="1.04847475043403" x="23.8185980897778" y="3.51026205064673" flipX="FALSE" flipY="FALSE" autoWidth="1" autoHeight="1"/><shadow shapeId="Sheet.591" width="1.25" height="0.75" x="16.2964285714286" y="12.3281191935039" flipX="FALSE" flipY="FALSE" autoWidth="1" autoHeight="1"/><annotations/><attributes><attribute name="classCode" rimClassName="Entity" datatype="CS" cardinality="1..1" conformance="R" mandatory="true" strength="CNE" codeSystem="EntityClass" domainCode="ORG" maxLength="0" historyAllowed="false"><annotations/></attribute><attribute name="determinerCode" rimClassName="Entity" datatype="CS" cardinality="1..1" conformance="R" mandatory="true" strength="CNE" codeSystem="EntityDeterminer" domainCode="INSTANCE" maxLength="0" historyAllowed="false"><annotations/></attribute><attribute name="id" rimClassName="Entity" datatype="II" cardinality="0..1" conformance="" mandatory="false" maxLength="0" historyAllowed="false"><annotations/></attribute><attribute name="name" rimClassName="Entity" datatype="ON" cardinality="0..1" conformance="" mandatory="false" maxLength="0" historyAllowed="false"><annotations/></attribute><attribute name="telecom" rimClassName="Entity" datatype="TEL" cardinality="0..1" conformance="" mandatory="false" maxLength="0" historyAllowed="false"><annotations/></attribute><attribute name="addr" rimClassName="Organization" datatype="AD" cardinality="0..1" conformance="" mandatory="false" maxLength="0" historyAllowed="false"><annotations/></attribute></attributes><associations><association name="scopedHealthCareFacility" endX="21.599" endY="4.39776487491452" beginX="22.9217409410437" beginY="4.03449942586375" target="HealthCareFacility" targetShapeId="Sheet.581" rimTarget="Entity" rimName="scopedRole" source="Organization" cardinality="" required="0" mandatory="0" blocked="-1" businessName=""><annotations/></association><association name="manufacturedProduct" endX="17.5907700130046" endY="11.4722699871547" beginX="16.9214285714286" beginY="12.5156191935039" target="ManufacturedProduct" targetShapeId="Sheet.1165" rimTarget="Entity" rimName="scopedRole" source="Organization" cardinality="" required="0" mandatory="0" blocked="-1" businessName=""><annotations/></association></associations></class><class name="Location" type="Participation" rimName="Participation"><graphics shapeId="Sheet.595" width="4.32795572816667" height="0.43681011827257" x="16.7260221359167" y="4.81481760620229" beginX="14.5620442718333" beginY="5.31937316175785" endX="18.89" endY="4.31026205064673" arrowWidth="66 in."/><annotations/><attributes><attribute name="typeCode" rimClassName="Participation" datatype="CS" cardinality="1..1" conformance="R" mandatory="true" strength="CNE" codeSystem="ParticipationType" domainCode="LOC" maxLength="0" historyAllowed="false"><annotations/></attribute><attribute name="contextControlCode" rimClassName="Participation" datatype="CS" cardinality="1..1" conformance="R" mandatory="false" strength="CNE" valueSet="ContextControl" maxLength="0" historyAllowed="false"><annotations/></attribute></attributes><associations><association name="actChoice" beginX="14.5620442718333" beginY="5.31937316175785" endX="14.5620442718333" endY="5.31937316175785" target="ActChoice" targetShapeId="Sheet.169" rimTarget="Participation" rimName="act" source="Location" cardinality="" required="0" mandatory="0" blocked="-1" businessName=""><annotations/></association><association name="healthCareFacility" beginX="18.89" beginY="4.31026205064673" endX="18.89" endY="4.31026205064673" target="HealthCareFacility" targetShapeId="Sheet.581" rimTarget="Participation" rimName="role" source="Location" cardinality="1..1" required="0" mandatory="0" blocked="0" businessName=""><annotations/></association></associations></class><class name="Device" type="Participation" rimName="Participation"><graphics shapeId="Sheet.640" width="3.28302385420332" height="0.43681011827257" x="15.796310979344" y="9.85379753330887" beginX="14.1547990522424" beginY="10.0684679366059" endX="17.4378229064457" endY="9.6391271300118" arrowWidth="66 in."/><annotations/><attributes><attribute name="typeCode" rimClassName="Participation" datatype="CS" cardinality="1..1" conformance="R" mandatory="true" strength="CNE" codeSystem="ParticipationType" domainCode="DEV" maxLength="0" historyAllowed="false"><annotations/></attribute><attribute name="contextControlCode" rimClassName="Participation" datatype="CS" cardinality="1..1" conformance="" mandatory="false" strength="CNE" valueSet="ContextControl" maxLength="0" historyAllowed="false"><annotations/></attribute></attributes><associations><association name="procedure" beginX="14.1547990522424" beginY="10.0684679366059" endX="14.1547990522424" endY="10.0684679366059" target="Procedure" targetShapeId="Sheet.127" rimTarget="Participation" rimName="act" source="Device" cardinality="" required="0" mandatory="0" blocked="-1" businessName=""><annotations/></association><association name="manufacturedProduct" beginX="17.4378229064457" beginY="9.6391271300118" endX="17.4378229064457" endY="9.6391271300118" target="ManufacturedProduct" targetShapeId="Sheet.1165" rimTarget="Participation" rimName="role" source="Device" cardinality="1..1" required="0" mandatory="0" blocked="0" businessName=""><annotations/></association></associations></class><class name="Procedure" type="Act" rimName="Procedure"><graphics shapeId="Sheet.127" width="3.18654037779037" height="2.25107027045356" x="12.5615288633472" y="9.16803982842451" flipX="FALSE" flipY="FALSE" autoWidth="1" autoHeight="1"/><annotations/><notes><Note name="Sheet.1175" type="Note" noteType="Note"><graphics shapeId="Sheet.1175" connectedShape="Sheet.127" x="9.46592230952777" y="10.1741509395357" width="2.40772500235634" height="0.5" beginX="1.20386250117817" beginY="0.25" endX="2.70619886610242" endY="-0.080790029975164"/><annotations/><notes><text>x_ClinicalStatementProcedureMood: 
DEF, EVN, INT, PRMS, RQO, PRP, APT, ARQ</text></notes></Note></notes><attributes><attribute name="classCode" rimClassName="Act" datatype="CS" cardinality="1..1" conformance="R" mandatory="true" strength="CNE" codeSystem="ActClass" domainCode="PROC" maxLength="0" historyAllowed="false"><annotations/></attribute><attribute name="moodCode" rimClassName="Act" datatype="CS" cardinality="1..1" conformance="R" mandatory="true" strength="CNE" valueSet="x_ClinicalStatementProcedureMood" maxLength="0" historyAllowed="false"><annotations/></attribute><attribute name="id" rimClassName="Act" datatype="DSET&lt;II&gt;" cardinality="0..*" conformance="R" mandatory="false" maxLength="0" historyAllowed="false"><annotations/></attribute><attribute name="code" rimClassName="Act" datatype="CD" cardinality="0..1" conformance="" mandatory="false" strength="CWE" conceptDomain="ActCode" maxLength="0" historyAllowed="false"><annotations/></attribute><attribute name="negationInd" rimClassName="Act" datatype="BL" cardinality="0..1" conformance="" mandatory="false" maxLength="0" historyAllowed="false"><annotations/></attribute><attribute name="text" rimClassName="Act" datatype="ED" cardinality="0..1" conformance="" mandatory="false" maxLength="0" historyAllowed="false"><annotations/></attribute><attribute name="statusCode" rimClassName="Act" datatype="CS" cardinality="0..1" conformance="R" mandatory="false" strength="CNE" valueSet="ActStatus" maxLength="0" historyAllowed="false"><annotations/></attribute><attribute name="effectiveTime" rimClassName="Act" datatype="QSET&lt;TS&gt;" cardinality="0..1" conformance="R" mandatory="false" maxLength="0" historyAllowed="false"><annotations/></attribute><attribute name="availabilityTime" rimClassName="Act" datatype="TS" cardinality="0..1" conformance="" mandatory="false" maxLength="0" historyAllowed="false"><annotations/></attribute><attribute name="priorityCode" rimClassName="Act" datatype="CD" cardinality="0..1" conformance="" mandatory="false" strength="CWE" conceptDomain="ActPriority" maxLength="0" historyAllowed="false"><annotations/></attribute><attribute name="confidentialityCode" rimClassName="Act" datatype="DSET&lt;CD&gt;" cardinality="0..*" conformance="" mandatory="false" strength="CWE" conceptDomain="Confidentiality" maxLength="0" historyAllowed="false"><annotations/></attribute><attribute name="uncertaintyCode" rimClassName="Act" datatype="CD" cardinality="0..1" conformance="" mandatory="false" strength="CNE" conceptDomain="ActUncertainty" maxLength="0" historyAllowed="false"><annotations/></attribute><attribute name="methodCode" rimClassName="Procedure" datatype="DSET&lt;CD&gt;" cardinality="0..*" conformance="" mandatory="false" strength="CWE" conceptDomain="ProcedureMethod" maxLength="0" historyAllowed="false"><annotations/></attribute><attribute name="approachSiteCode" rimClassName="Procedure" datatype="DSET&lt;CD&gt;" cardinality="0..*" conformance="" mandatory="false" strength="CWE" conceptDomain="ActSite" maxLength="0" historyAllowed="false"><annotations/></attribute><attribute name="targetSiteCode" rimClassName="Procedure" datatype="DSET&lt;CD&gt;" cardinality="0..*" conformance="" mandatory="false" strength="CWE" conceptDomain="ActSite" maxLength="0" historyAllowed="false"><annotations/></attribute></attributes><associations><association name="product" beginX="14.1547990522424" beginY="8.7178257743338" endX="14.1547990522424" endY="8.7178257743338" target="Product2" targetShapeId="Sheet.269" rimTarget="Act" rimName="participation" source="Procedure" cardinality="0..*" required="0" mandatory="0" blocked="0" businessName=""><annotations/></association><association name="device" beginX="14.1547990522424" beginY="10.0684679366059" endX="14.1547990522424" endY="10.0684679366059" target="Device" targetShapeId="Sheet.640" rimTarget="Act" rimName="participation" source="Procedure" cardinality="0..*" required="0" mandatory="0" blocked="0" businessName=""><annotations/></association></associations></class><class name="Product2" type="Participation" rimName="Participation"><graphics shapeId="Sheet.269" width="3.30739971473498" height="0.570142942979601" x="15.8084989096099" y="8.49381853999173" beginX="14.1547990522424" beginY="8.7178257743338" endX="17.4621987669774" endY="8.26981130564966" arrowWidth="66 in."/><annotations/><attributes><attribute name="typeCode" rimClassName="Participation" datatype="CS" cardinality="1..1" conformance="R" mandatory="true" strength="CNE" codeSystem="ParticipationType" domainCode="PRD" maxLength="0" historyAllowed="false"><annotations/></attribute><attribute name="contextControlCode" rimClassName="Participation" datatype="CS" cardinality="1..1" conformance="R" mandatory="false" strength="CNE" valueSet="ContextControl" maxLength="0" historyAllowed="false"><annotations/></attribute><attribute name="sequenceNumber" rimClassName="Participation" datatype="INT.NONNEG" cardinality="0..1" conformance="" mandatory="false" maxLength="0" historyAllowed="false"><annotations/></attribute></attributes><associations><association name="procedure" beginX="14.1547990522424" beginY="8.7178257743338" endX="14.1547990522424" endY="8.7178257743338" target="Procedure" targetShapeId="Sheet.127" rimTarget="Participation" rimName="act" source="Product2" cardinality="" required="0" mandatory="0" blocked="-1" businessName=""><annotations/></association><association name="specimen" beginX="17.4621987669774" beginY="8.26981130564966" endX="17.4621987669774" endY="8.26981130564966" target="R_SpecimenLite" targetShapeId="Sheet.283" rimTarget="Participation" rimName="role" source="Product2" cardinality="1..1" required="0" mandatory="0" blocked="0" businessName=""><annotations/></association></associations></class><class name="R_SpecimenLite" cmetId="COCT_MT080200UV" cmetType="Role(Performed only)" attLevel="lite" domain="RoleClass" mnemonic="SPEC" type="CMET" rimName="RoleHeir" id="COCT_MT080200UV"><graphics shapeId="Sheet.283" width="1.16131675175955" height="0.627825234646268" x="18.0428571428571" y="8.45815887604354" flipX="FALSE" flipY="FALSE" autoWidth="1" autoHeight="1"/><annotations/><associations><association name="productOf" beginX="17.4621987669774" beginY="8.26981130564966" endX="17.4621987669774" endY="8.26981130564966" target="Product2" targetShapeId="Sheet.269" rimTarget="Role" rimName="participation" source="R_SpecimenLite" cardinality="" required="0" mandatory="0" blocked="-1" businessName=""><annotations/></association></associations></class><class name="PatientOrSpecimen" type="Choice" rimName="Role"><graphics shapeId="Sheet.202" width="1.64237467547918" height="1.75555555555555" x="19.0788126622604" y="6.68803982842451" flipX="GUARD(FALSE)" flipY="GUARD(FALSE)" vertical="1" autoWidth="1" autoHeight="1"/><annotations/><children><childClass name="R_SpecimenLite" shapeId="Sheet.149"/><childClass name="R_PatientPersonInformational" shapeId="Sheet.139"/></children><associations><association name="subjectOf" beginX="18.2576253245208" beginY="6.51248427286895" endX="18.2576253245208" endY="6.51248427286895" target="Subject" targetShapeId="Sheet.332" rimTarget="Role" rimName="participation" source="PatientOrSpecimen" cardinality="" required="0" mandatory="0" blocked="-1" businessName=""><annotations/></association></associations></class><class name="R_SpecimenLite" cmetId="COCT_MT080200UV" cmetType="Role(Performed only)" attLevel="lite" domain="RoleClass" mnemonic="SPEC" type="CMET" rimName="RoleHeir" id="COCT_MT080200UV"><graphics shapeId="Sheet.149" width="1.16131675175955" height="0.627825234646268" x="18.9632837004006" y="7.00190498887915" flipX="FALSE" flipY="FALSE" autoWidth="1" autoHeight="1"/><annotations/><associations><association name="productOf" beginX="17.4621987669774" beginY="8.26981130564966" endX="17.4621987669774" endY="8.26981130564966" target="Product2" targetShapeId="Sheet.269" rimTarget="Role" rimName="participation" source="R_SpecimenLite" cardinality="" required="0" mandatory="0" blocked="-1" businessName=""><annotations/></association></associations></class><class name="R_PatientPersonInformational" cmetId="COCT_MT050207UV" cmetType="Role(Performed only)" attLevel="informational" domain="RoleClass" mnemonic="PAT" type="CMET" rimName="Patient" id="COCT_MT050207UV"><graphics shapeId="Sheet.139" width="1.16131675175955" height="0.627825234646268" x="18.9632837004006" y="6.24907975423288" flipX="FALSE" flipY="FALSE" autoWidth="1" autoHeight="1"/><annotations/></class><class name="ProviderOrPatient" type="Choice" rimName="Role"><graphics shapeId="Sheet.204" width="1.54973687165973" height="4.36123244126568" x="19.2496211950065" y="17.1420290649305" flipX="GUARD(FALSE)" flipY="GUARD(FALSE)" vertical="1" autoWidth="1" autoHeight="1"/><annotations/><children><childClass name="R_PatientPersonInformational" shapeId="Sheet.145"/><childClass name="R_AssignedEntityUniversal" shapeId="Sheet.181"/></children><associations><association name="origination" beginX="18.4747527591766" beginY="16.7059058208039" endX="18.4747527591766" endY="16.7059058208039" target="Author" targetShapeId="Sheet.482" rimTarget="Role" rimName="participation" source="ProviderOrPatient" cardinality="" required="0" mandatory="0" blocked="-1" businessName=""><annotations/></association><association name="performance" beginX="18.4753557552025" beginY="19.1117075289289" endX="18.4753557552025" endY="19.1117075289289" target="Performer" targetShapeId="Sheet.570" rimTarget="Role" rimName="participation" source="ProviderOrPatient" cardinality="" required="0" mandatory="0" blocked="-1" businessName=""><annotations/></association></associations></class><class name="R_PatientPersonInformational" cmetId="COCT_MT050207UV" cmetType="Role(Performed only)" attLevel="informational" domain="RoleClass" mnemonic="PAT" type="CMET" rimName="Patient" id="COCT_MT050207UV"><graphics shapeId="Sheet.145" width="1.16131675175955" height="1.24696084028362" x="19.1804111350564" y="18.4491648654215" flipX="FALSE" flipY="FALSE" autoWidth="1" autoHeight="0"/><annotations/></class><class name="R_AssignedEntityUniversal" cmetId="COCT_MT090000UV01" cmetType="Role(Performed only)" attLevel="universal" domain="RoleClass" mnemonic="ASSIGNED" type="CMET" rimName="RoleHeir" id="COCT_MT090000UV01"><graphics shapeId="Sheet.181" width="1.27800071172049" height="2.61427160098206" x="19.2387531150368" y="16.3935486447887" flipX="FALSE" flipY="FALSE" autoWidth="1" autoHeight="0"/><annotations/></class><class name="Author" type="Participation" rimName="Participation"><graphics shapeId="Sheet.482" width="3.91270848734326" height="1.10379925401476" x="16.518398515505" y="15.7904728246142" beginX="14.5620442718333" beginY="14.8750398284245" endX="18.4747527591766" endY="16.7059058208039" arrowWidth="66 in."/><annotations/><notes><Note name="Sheet.488" type="Note" noteType="Note"><graphics shapeId="Sheet.488" connectedShape="Sheet.482" x="15.8715983067917" y="16.8701430030278" width="2.1185671349247" height="0.588986854383681" beginX="1.05928356746235" beginY="0.294493427191841" endX="1.64358377617563" endY="-0.233277124214371"/><annotations/><notes><text>Author is often an assigned entity, but
may be the patient or related person too, 
as in filling out a patient history form.</text></notes></Note></notes><attributes><attribute name="typeCode" rimClassName="Participation" datatype="CS" cardinality="1..1" conformance="R" mandatory="true" strength="CNE" codeSystem="ParticipationType" domainCode="AUT" maxLength="0" historyAllowed="false"><annotations/></attribute><attribute name="contextControlCode" rimClassName="Participation" datatype="CS" cardinality="1..1" conformance="R" mandatory="false" strength="CNE" codeSystem="C:ContextControl" default="OP" maxLength="0" historyAllowed="false"><annotations/></attribute><attribute name="noteText" rimClassName="Participation" datatype="ED" cardinality="0..1" conformance="" mandatory="false" maxLength="0" historyAllowed="false"><annotations/></attribute><attribute name="time" rimClassName="Participation" datatype="TS" cardinality="0..1" conformance="" mandatory="false" maxLength="0" historyAllowed="false"><annotations/></attribute><attribute name="modeCode" rimClassName="Participation" datatype="CD" cardinality="0..1" conformance="" mandatory="false" strength="CWE" conceptDomain="ParticipationMode" maxLength="0" historyAllowed="false"><annotations/></attribute><attribute name="signatureCode" rimClassName="Participation" datatype="CD" cardinality="0..1" conformance="" mandatory="false" strength="CNE" conceptDomain="ParticipationSignature" maxLength="0" historyAllowed="false"><annotations/></attribute><attribute name="signatureText" rimClassName="Participation" datatype="ED" cardinality="0..1" conformance="" mandatory="false" maxLength="0" historyAllowed="false"><annotations/></attribute></attributes><associations><association name="actChoice" beginX="14.5620442718333" beginY="14.8750398284245" endX="14.5620442718333" endY="14.8750398284245" target="ActChoice" targetShapeId="Sheet.169" rimTarget="Participation" rimName="act" source="Author" cardinality="" required="0" mandatory="0" blocked="-1" businessName=""><annotations/></association><association name="participant" beginX="18.4747527591766" beginY="16.7059058208039" endX="18.4747527591766" endY="16.7059058208039" target="ProviderOrPatient" targetShapeId="Sheet.204" rimTarget="Participation" rimName="role" source="Author" cardinality="1..1" required="0" mandatory="0" blocked="0" businessName=""><annotations/></association></associations></class><class name="Performer" type="Participation" rimName="Participation"><graphics shapeId="Sheet.570" width="3.9133114833692" height="0.837133604600695" x="16.5187000135179" y="17.7896792342323" beginX="14.5620442718333" beginY="16.4676509395356" endX="18.4753557552025" endY="19.1117075289289" arrowWidth="66 in."/><annotations/><attributes><attribute name="typeCode" rimClassName="Participation" datatype="CS" cardinality="1..1" conformance="R" mandatory="true" strength="CNE" codeSystem="ParticipationType" domainCode="PRF" maxLength="0" historyAllowed="false"><annotations/></attribute><attribute name="functionCode" rimClassName="Participation" datatype="CD" cardinality="0..1" conformance="" mandatory="false" strength="CWE" conceptDomain="ParticipationFunction" maxLength="0" historyAllowed="false"><annotations/></attribute><attribute name="contextControlCode" rimClassName="Participation" datatype="CS" cardinality="1..1" conformance="R" mandatory="false" strength="CNE" codeSystem="C:ContextControl" default="OP" maxLength="0" historyAllowed="false"><annotations/></attribute><attribute name="time" rimClassName="Participation" datatype="IVL&lt;TS&gt;" cardinality="0..1" conformance="" mandatory="false" maxLength="0" historyAllowed="false"><annotations/></attribute><attribute name="modeCode" rimClassName="Participation" datatype="CD" cardinality="0..1" conformance="" mandatory="false" strength="CWE" conceptDomain="ParticipationMode" maxLength="0" historyAllowed="false"><annotations/></attribute></attributes><associations><association name="actChoice" beginX="14.5620442718333" beginY="16.4676509395356" endX="14.5620442718333" endY="16.4676509395356" target="ActChoice" targetShapeId="Sheet.169" rimTarget="Participation" rimName="act" source="Performer" cardinality="" required="0" mandatory="0" blocked="-1" businessName=""><annotations/></association><association name="participant" beginX="18.4753557552025" beginY="19.1117075289289" endX="18.4753557552025" endY="19.1117075289289" target="ProviderOrPatient" targetShapeId="Sheet.204" rimTarget="Participation" rimName="role" source="Performer" cardinality="1..1" required="0" mandatory="0" blocked="0" businessName=""><annotations/></association></associations></class><class name="Subject" type="Participation" rimName="Participation"><graphics shapeId="Sheet.332" width="3.69558105268749" height="0.703475767686633" x="16.4098347981771" y="6.71223427286896" beginX="14.5620442718333" beginY="6.91198427286896" endX="18.2576253245208" endY="6.51248427286895" arrowWidth="55 in."/><annotations/><attributes><attribute name="typeCode" rimClassName="Participation" datatype="CS" cardinality="1..1" conformance="R" mandatory="true" strength="CNE" codeSystem="ParticipationType" domainCode="SBJ" maxLength="0" historyAllowed="false"><annotations/></attribute><attribute name="contextControlCode" rimClassName="Participation" datatype="CS" cardinality="1..1" conformance="R" mandatory="false" strength="CNE" codeSystem="C:ContextControl" default="OP" maxLength="0" historyAllowed="false"><annotations/></attribute><attribute name="sequenceNumber" rimClassName="Participation" datatype="INT.NONNEG" cardinality="0..1" conformance="" mandatory="false" maxLength="0" historyAllowed="false"><annotations/></attribute><attribute name="awarenessCode" rimClassName="Participation" datatype="CD" cardinality="0..1" conformance="" mandatory="false" strength="CWE" conceptDomain="TargetAwareness" maxLength="0" historyAllowed="false"><annotations/></attribute></attributes><associations><association name="actChoice" beginX="14.5620442718333" beginY="6.91198427286896" endX="14.5620442718333" endY="6.91198427286896" target="ActChoice" targetShapeId="Sheet.169" rimTarget="Participation" rimName="act" source="Subject" cardinality="" required="0" mandatory="0" blocked="-1" businessName=""><annotations/></association><association name="patientOrSpecimen" beginX="18.2576253245208" beginY="6.51248427286895" endX="18.2576253245208" endY="6.51248427286895" target="PatientOrSpecimen" targetShapeId="Sheet.202" rimTarget="Participation" rimName="role" source="Subject" cardinality="1..1" required="0" mandatory="0" blocked="0" businessName=""><annotations/></association></associations></class><class name="Encounter" type="Act" rimName="PatientEncounter"><graphics shapeId="Sheet.131" width="3.18654037779037" height="2.2504202460395" x="12.5615288633472" y="6.79526205064673" flipX="FALSE" flipY="FALSE" autoWidth="1" autoHeight="1"/><annotations/><notes><Note name="Sheet.1141" type="Note" noteType="Note"><graphics shapeId="Sheet.1141" connectedShape="Sheet.131" x="9.14644097272221" y="6.83998427286909" width="2.12376656729774" height="0.5" beginX="1.06188328364887" beginY="0.25" endX="2.88370098537868" endY="0.205277777777639"/><annotations/><notes><text>x_ClinicalStatementEncounterMood: 
EVN, INT, PRMS, RQO, PRP, APT, ARQ</text></notes></Note></notes><attributes><attribute name="classCode" rimClassName="Act" datatype="CS" cardinality="1..1" conformance="R" mandatory="true" strength="CNE" codeSystem="ActClass" domainCode="ENC" maxLength="0" historyAllowed="false"><annotations/></attribute><attribute name="moodCode" rimClassName="Act" datatype="CS" cardinality="1..1" conformance="R" mandatory="true" strength="CNE" valueSet="x_ClinicalStatementEncounterMood" maxLength="0" historyAllowed="false"><annotations/></attribute><attribute name="id" rimClassName="Act" datatype="DSET&lt;II&gt;" cardinality="0..*" conformance="" mandatory="false" maxLength="0" historyAllowed="false"><annotations/></attribute><attribute name="code" rimClassName="Act" datatype="CD" cardinality="0..1" conformance="" mandatory="false" strength="CWE" conceptDomain="ActEncounterCode" maxLength="0" historyAllowed="false"><annotations/></attribute><attribute name="text" rimClassName="Act" datatype="ED" cardinality="0..1" conformance="" mandatory="false" maxLength="0" historyAllowed="false"><annotations/></attribute><attribute name="statusCode" rimClassName="Act" datatype="CS" cardinality="0..1" conformance="R" mandatory="false" strength="CNE" valueSet="ActStatus" maxLength="0" historyAllowed="false"><annotations/></attribute><attribute name="effectiveTime" rimClassName="Act" datatype="QSET&lt;TS&gt;" cardinality="0..1" conformance="" mandatory="false" maxLength="0" historyAllowed="false"><annotations/></attribute><attribute name="availabilityTime" rimClassName="Act" datatype="TS" cardinality="0..1" conformance="" mandatory="false" maxLength="0" historyAllowed="false"><annotations/></attribute><attribute name="priorityCode" rimClassName="Act" datatype="CD" cardinality="0..1" conformance="" mandatory="false" strength="CWE" conceptDomain="ActPriority" maxLength="0" historyAllowed="false"><annotations/></attribute><attribute name="confidentialityCode" rimClassName="Act" datatype="DSET&lt;CD&gt;" cardinality="0..*" conformance="" mandatory="false" strength="CWE" conceptDomain="Confidentiality" maxLength="0" historyAllowed="false"><annotations/></attribute><attribute name="admissionReferralSourceCode" rimClassName="PatientEncounter" datatype="CD" cardinality="0..1" conformance="" mandatory="false" strength="CWE" conceptDomain="EncounterReferralSource" maxLength="0" historyAllowed="false"><annotations/></attribute><attribute name="lengthOfStayQuantity" rimClassName="PatientEncounter" datatype="PQ.TIME" cardinality="0..1" conformance="" mandatory="false" maxLength="0" historyAllowed="false"><annotations/></attribute><attribute name="dischargeDispositionCode" rimClassName="PatientEncounter" datatype="CD" cardinality="0..1" conformance="" mandatory="false" strength="CWE" conceptDomain="EncounterDischargeDisposition" maxLength="0" historyAllowed="false"><annotations/></attribute></attributes></class><class name="Act" type="Act" rimName="ActHeir"><graphics shapeId="Sheet.123" width="3.18654037779037" height="1.71676393500434" x="12.5290852869583" y="4.68915093953562" flipX="FALSE" flipY="FALSE" autoWidth="0" autoHeight="1"/><annotations/><notes><Note name="Sheet.1190" type="Note" noteType="Note"><graphics shapeId="Sheet.1190" connectedShape="Sheet.123" x="9.18907769047224" y="4.82415093953574" width="2.40772500235634" height="0.5" beginX="1.20386250117817" beginY="0.25" endX="2.95059990876905" endY="0.630029180501181"/><annotations/><notes><text>x_ClinicalStatementActMood: 
DEF, EVN, INT, PRMS, RQO, PRP, APT, ARQ</text></notes></Note></notes><attributes><attribute name="classCode" rimClassName="Act" datatype="CS" cardinality="1..1" conformance="R" mandatory="true" strength="CNE" codeSystem="ActClass" domainCode="ACT" maxLength="0" historyAllowed="false"><annotations/></attribute><attribute name="moodCode" rimClassName="Act" datatype="CS" cardinality="1..1" conformance="R" mandatory="true" strength="CNE" valueSet="x_ClinicalStatementActMood" maxLength="0" historyAllowed="false"><annotations/></attribute><attribute name="id" rimClassName="Act" datatype="DSET&lt;II&gt;" cardinality="0..*" conformance="R" mandatory="false" maxLength="0" historyAllowed="false"><annotations/></attribute><attribute name="code" rimClassName="Act" datatype="CD" cardinality="1..1" conformance="R" mandatory="false" strength="CWE" conceptDomain="ActCode" maxLength="0" historyAllowed="false"><annotations/></attribute><attribute name="negationInd" rimClassName="Act" datatype="BL" cardinality="0..1" conformance="" mandatory="false" maxLength="0" historyAllowed="false"><annotations/></attribute><attribute name="text" rimClassName="Act" datatype="ED" cardinality="0..1" conformance="R" mandatory="false" maxLength="0" historyAllowed="false"><annotations/></attribute><attribute name="statusCode" rimClassName="Act" datatype="CS" cardinality="0..1" conformance="R" mandatory="false" strength="CNE" valueSet="ActStatus" maxLength="0" historyAllowed="false"><annotations/></attribute><attribute name="effectiveTime" rimClassName="Act" datatype="IVL&lt;TS&gt;" cardinality="0..1" conformance="R" mandatory="false" maxLength="0" historyAllowed="false"><annotations/></attribute><attribute name="priorityCode" rimClassName="Act" datatype="CD" cardinality="0..1" conformance="" mandatory="false" strength="CWE" conceptDomain="ActPriority" maxLength="0" historyAllowed="false"><annotations/></attribute><attribute name="confidentialityCode" rimClassName="Act" datatype="DSET&lt;CD&gt;" cardinality="0..*" conformance="" mandatory="false" strength="CWE" conceptDomain="Confidentiality" maxLength="0" historyAllowed="false"><annotations/></attribute><attribute name="uncertaintyCode" rimClassName="Act" datatype="CD" cardinality="0..1" conformance="" mandatory="false" strength="CNE" conceptDomain="ActUncertainty" maxLength="0" historyAllowed="false"><annotations/></attribute></attributes></class><class name="Organizer" type="Act" rimName="Act"><graphics shapeId="Sheet.1276" width="3.02212347940278" height="1.44944826117622" x="12.5610617397014" y="2.98303982842451" flipX="FALSE" flipY="FALSE" autoWidth="0" autoHeight="1"/><annotations/><attributes><attribute name="classCode" rimClassName="Act" datatype="CS" cardinality="1..1" conformance="R" mandatory="true" strength="CNE" valueSet="ActClassContainer" maxLength="0" historyAllowed="false"><annotations/></attribute><attribute name="moodCode" rimClassName="Act" datatype="CS" cardinality="1..1" conformance="R" mandatory="true" strength="CNE" codeSystem="ActMood" domainCode="C:ActMood" fixed="EVN" maxLength="0" historyAllowed="false"><annotations/></attribute><attribute name="id" rimClassName="Act" datatype="DSET&lt;II&gt;" cardinality="0..*" conformance="" mandatory="false" maxLength="0" historyAllowed="false"><annotations/></attribute><attribute name="code" rimClassName="Act" datatype="CD" cardinality="0..1" conformance="" mandatory="false" strength="CWE" conceptDomain="ActCode" maxLength="0" historyAllowed="false"><annotations/></attribute><attribute name="statusCode" rimClassName="Act" datatype="CS" cardinality="0..1" conformance="R" mandatory="false" strength="CNE" valueSet="ActStatus" maxLength="0" historyAllowed="false"><annotations/></attribute><attribute name="effectiveTime" rimClassName="Act" datatype="IVL&lt;TS&gt;" cardinality="0..1" conformance="" mandatory="false" maxLength="0" historyAllowed="false"><annotations/></attribute><attribute name="priorityCode" rimClassName="Act" datatype="DSET&lt;CD&gt;" cardinality="0..*" conformance="" mandatory="false" strength="CWE" conceptDomain="ActPriority" maxLength="0" historyAllowed="false"><annotations/></attribute><attribute name="confidentialityCode" rimClassName="Act" datatype="DSET&lt;CD&gt;" cardinality="0..*" conformance="" mandatory="false" strength="CWE" conceptDomain="Confidentiality" maxLength="0" historyAllowed="false"><annotations/></attribute></attributes></class><class name="ClinicalStatement" type="Choice" rimName="Act"><graphics shapeId="Sheet.1293" width="3.88704427183333" height="17.3094444444444" x="12.7435221359167" y="9.65553982842453" flipX="GUARD(FALSE)" flipY="GUARD(FALSE)" vertical="1" autoWidth="1" autoHeight="1"/><annotations/><children><childClass name="ActChoice" shapeId="Sheet.169"/><childClass name="ActReference" shapeId="Sheet.1289"/></children></class><class name="ActReference" type="Act" rimName="ActHeir"><graphics shapeId="Sheet.1289" width="3.475" height="0.75" x="12.6625" y="1.63415093953563" flipX="FALSE" flipY="FALSE" autoWidth="0" autoHeight="1"/><annotations/><attributes><attribute name="classCode" rimClassName="Act" datatype="CS" cardinality="1..1" conformance="R" mandatory="true" strength="CNE" codeSystem="ActClass" domainCode="ACT" maxLength="0" historyAllowed="false"><annotations/></attribute><attribute name="moodCode" rimClassName="Act" datatype="CS" cardinality="1..1" conformance="R" mandatory="true" strength="CNE" valueSet="ActMood" maxLength="0" historyAllowed="false"><annotations/></attribute><attribute name="id" rimClassName="Act" datatype="II" cardinality="1..1" conformance="R" mandatory="true" maxLength="0" historyAllowed="false" businessName="Referenced Act Instance Id"><annotations/></attribute></attributes><associations><association name="targetOf" beginX="14.4" beginY="1.78415093953563" endX="14.4" endY="1.78415093953563" target="SourceOf1" targetShapeId="Sheet.1295" rimTarget="Act" rimName="inboundRelationship" source="ActReference" cardinality="" required="0" mandatory="0" blocked="-1" businessName=""><annotations/></association></associations></class><class name="SourceOf1" type="ActRelationshipR" rimName="ActRelationship"><graphics shapeId="Sheet.1295" width="3.13136841123763" height="1.97574544677735" x="14.19833984465" y="1.78415093953563" beginX="14.19833984465" beginY="2.13415093953563" endX="14.4" endY="1.78415093953563" arrowWidth="66 in."/><annotations/><attributes><attribute name="typeCode" rimClassName="ActRelationship" datatype="CS" cardinality="1..1" conformance="R" mandatory="true" strength="CNE" valueSet="ActRelationshipType" maxLength="0" historyAllowed="false"><annotations/></attribute><attribute name="inversionInd" rimClassName="ActRelationship" datatype="BL" cardinality="0..1" conformance="R" mandatory="false" maxLength="0" historyAllowed="false"><annotations/></attribute><attribute name="contextControlCode" rimClassName="ActRelationship" datatype="CS" cardinality="0..1" conformance="R" mandatory="false" strength="CNE" codeSystem="C:ContextControl" default="AN" maxLength="0" historyAllowed="false"><annotations/></attribute><attribute name="contextConductionInd" rimClassName="ActRelationship" datatype="BL" cardinality="1..1" conformance="R" mandatory="true" default="false" maxLength="0" historyAllowed="false"><annotations/></attribute><attribute name="sequenceNumber" rimClassName="ActRelationship" datatype="INT.NONNEG" cardinality="0..1" conformance="" mandatory="false" maxLength="0" historyAllowed="false"><annotations/></attribute><attribute name="priorityNumber" rimClassName="ActRelationship" datatype="REAL" cardinality="0..1" conformance="" mandatory="false" maxLength="0" historyAllowed="false"><annotations/></attribute><attribute name="pauseQuantity" rimClassName="ActRelationship" datatype="PQ.TIME" cardinality="0..1" conformance="" mandatory="false" maxLength="0" historyAllowed="false"><annotations/></attribute><attribute name="negationInd" rimClassName="ActRelationship" datatype="BL" cardinality="0..1" conformance="R" mandatory="false" maxLength="0" historyAllowed="false"><annotations/></attribute><attribute name="conjunctionCode" rimClassName="ActRelationship" datatype="CS" cardinality="0..1" conformance="" mandatory="false" strength="CNE" valueSet="RelationshipConjunction" maxLength="0" historyAllowed="false"><annotations/></attribute><attribute name="seperatableInd" rimClassName="ActRelationship" datatype="BL" cardinality="0..1" conformance="R" mandatory="false" maxLength="0" historyAllowed="false"><annotations/></attribute></attributes><associations><association name="sourceActChoice" beginX="14.19833984465" beginY="2.13415093953563" endX="14.19833984465" endY="2.13415093953563" target="ActChoice" targetShapeId="Sheet.169" rimTarget="ActRelationship" rimName="source" source="SourceOf1" cardinality="" required="0" mandatory="0" blocked="-1" businessName=""><annotations/></association><association name="targetActReference" beginX="14.4" beginY="1.78415093953563" endX="14.4" endY="1.78415093953563" target="ActReference" targetShapeId="Sheet.1289" rimTarget="ActRelationship" rimName="target" source="SourceOf1" cardinality="1..1" required="-1" mandatory="0" blocked="0" businessName=""><annotations/></association></associations></class><entryPoint entryClass="ClinicalStatement" name="A_SupportingClinicalStatement CMET minimal" type="EntryPoint" id="COCT_RM530004UV"><graphics shapeId="Sheet.2" connectedShape="Sheet.1293" width="3.20100570982162" height="1.70014440511068" beginX="8.1775" beginY="11.4241509395357" endX="10.8" endY="11.386484272869"/><annotations/><notes><text>Supporting Clinical Information This CMET is used to supply clinical information in support of clinical services (ordering, scheduling, reporting, etc.). This CMET is based on the Clinical Statement Pattern but constrained to limit the complexity of supporting information. Property-contextConductionStyle: C </text></notes></entryPoint><class name="SourceOf2" type="ActRelationshipR" rimName="ActRelationship"><graphics shapeId="Sheet.1280" width="3.13136841123763" height="1.88274018537878" x="11.2887044271833" y="2.5244785028441" beginX="11.2887044271833" beginY="2.13415093953563" endX="10.9272406669028" endY="2.5244785028441" arrowWidth="66 in."/><annotations/><attributes><attribute name="typeCode" rimClassName="ActRelationship" datatype="CS" cardinality="1..1" conformance="R" mandatory="true" strength="CNE" valueSet="ActRelationshipType" maxLength="0" historyAllowed="false"><annotations/></attribute><attribute name="contextControlCode" rimClassName="ActRelationship" datatype="CS" cardinality="0..1" conformance="R" mandatory="false" strength="CNE" codeSystem="C:ContextControl" default="AN" maxLength="0" historyAllowed="false"><annotations/></attribute><attribute name="contextConductionInd" rimClassName="ActRelationship" datatype="BL" cardinality="1..1" conformance="R" mandatory="true" default="true" maxLength="0" historyAllowed="false"><annotations/></attribute><attribute name="sequenceNumber" rimClassName="ActRelationship" datatype="INT.NONNEG" cardinality="0..1" conformance="" mandatory="false" maxLength="0" historyAllowed="false"><annotations/></attribute><attribute name="priorityNumber" rimClassName="ActRelationship" datatype="REAL" cardinality="0..1" conformance="" mandatory="false" maxLength="0" historyAllowed="false"><annotations/></attribute><attribute name="pauseQuantity" rimClassName="ActRelationship" datatype="PQ.TIME" cardinality="0..1" conformance="" mandatory="false" maxLength="0" historyAllowed="false"><annotations/></attribute><attribute name="negationInd" rimClassName="ActRelationship" datatype="BL" cardinality="0..1" conformance="R" mandatory="false" maxLength="0" historyAllowed="false"><annotations/></attribute><attribute name="conjunctionCode" rimClassName="ActRelationship" datatype="CS" cardinality="0..1" conformance="" mandatory="false" strength="CNE" valueSet="RelationshipConjunction" maxLength="0" historyAllowed="false"><annotations/></attribute><attribute name="seperatableInd" rimClassName="ActRelationship" datatype="BL" cardinality="0..1" conformance="R" mandatory="false" maxLength="0" historyAllowed="false"><annotations/></attribute></attributes><associations><association name="actChoice" beginX="11.2887044271833" beginY="2.13415093953563" endX="11.2887044271833" endY="2.13415093953563" target="ActChoice" targetShapeId="Sheet.169" rimTarget="ActRelationship" rimName="source" source="SourceOf2" cardinality="1..1" required="-1" mandatory="0" blocked="0" businessName=""><annotations/></association><association name="actChoice" beginX="10.9272406669028" beginY="2.5244785028441" endX="10.9272406669028" endY="2.5244785028441" target="ActChoice" targetShapeId="Sheet.169" rimTarget="ActRelationship" rimName="target" source="SourceOf2" cardinality="" required="0" mandatory="0" blocked="-1" businessName=""><annotations/></association></associations></class><class name="SourceOf3" type="ActRelationshipR" rimName="ActRelationship"><graphics shapeId="Sheet.102" width="3.13136841123763" height="1.73541825736013" x="11.2887044271833" y="17.8172564153569" beginX="11.2887044271833" beginY="18.0602620506467" endX="10.9288705653146" endY="17.8172564153569" arrowWidth="66 in."/><annotations/><attributes><attribute name="typeCode" rimClassName="ActRelationship" datatype="CS" cardinality="1..1" conformance="R" mandatory="true" strength="CNE" valueSet="ActRelationshipType" maxLength="0" historyAllowed="false"><annotations/></attribute><attribute name="contextControlCode" rimClassName="ActRelationship" datatype="CS" cardinality="0..1" conformance="R" mandatory="false" strength="CNE" codeSystem="C:ContextControl" default="AN" maxLength="0" historyAllowed="false"><annotations/></attribute><attribute name="contextConductionInd" rimClassName="ActRelationship" datatype="BL" cardinality="1..1" conformance="R" mandatory="true" default="true" maxLength="0" historyAllowed="false"><annotations/></attribute><attribute name="sequenceNumber" rimClassName="ActRelationship" datatype="INT.NONNEG" cardinality="0..1" conformance="" mandatory="false" maxLength="0" historyAllowed="false"><annotations/></attribute><attribute name="priorityNumber" rimClassName="ActRelationship" datatype="REAL" cardinality="0..1" conformance="" mandatory="false" maxLength="0" historyAllowed="false"><annotations/></attribute><attribute name="pauseQuantity" rimClassName="ActRelationship" datatype="PQ.TIME" cardinality="0..1" conformance="" mandatory="false" maxLength="0" historyAllowed="false"><annotations/></attribute><attribute name="negationInd" rimClassName="ActRelationship" datatype="BL" cardinality="0..1" conformance="R" mandatory="false" maxLength="0" historyAllowed="false"><annotations/></attribute><attribute name="conjunctionCode" rimClassName="ActRelationship" datatype="CS" cardinality="0..1" conformance="" mandatory="false" strength="CNE" valueSet="RelationshipConjunction" maxLength="0" historyAllowed="false"><annotations/></attribute><attribute name="seperatableInd" rimClassName="ActRelationship" datatype="BL" cardinality="0..1" conformance="R" mandatory="false" maxLength="0" historyAllowed="false"><annotations/></attribute></attributes><associations><association name="actChoice" beginX="11.2887044271833" beginY="18.0602620506467" endX="11.2887044271833" endY="18.0602620506467" target="ActChoice" targetShapeId="Sheet.169" rimTarget="ActRelationship" rimName="source" source="SourceOf3" cardinality="" required="0" mandatory="0" blocked="-1" businessName=""><annotations/></association><association name="actChoice" beginX="10.9288705653146" beginY="17.8172564153569" endX="10.9288705653146" endY="17.8172564153569" target="ActChoice" targetShapeId="Sheet.169" rimTarget="ActRelationship" rimName="target" source="SourceOf3" cardinality="1..1" required="0" mandatory="0" blocked="0" businessName=""><annotations/></association></associations></class></page></pages></hl7model>
