<?xml version="1.0"?>
<hl7model rendered="7/1/2012 8:59:43 AM" datatypesRelease="R2"><pages><page name="Pg-1" width="7" height="4"><entryPoint entryClass="Annotation" name="Annotation universal" type="EntryPoint" id="COCT_RM590000UV"><graphics shapeId="Sheet.41" connectedShape="Sheet.889" width="1.88979422978689" height="0.766814632161459" beginX="1.66379367342014" beginY="2.93577582415278" endX="1.73456624361459" endY="2.68777777777778"/><annotations/><notes><text> Property-contextConductionStyle: I </text></notes></entryPoint><class name="Annotation" type="Act" rimName="ActHeir"><graphics shapeId="Sheet.889" width="2.29110122984115" height="1.78777777777778" x="1.73456624361459" y="1.79388888888889" flipX="FALSE" flipY="FALSE" autoWidth="1" autoHeight="0"/><annotations/><attributes><attribute name="classCode" rimClassName="Act" datatype="CS" cardinality="1..1" conformance="R" mandatory="true" strength="CNE" codeSystem="ActClass" domainCode="C:ActClass" fixed="ACT" maxLength="0" historyAllowed="false"><annotations/></attribute><attribute name="moodCode" rimClassName="Act" datatype="CS" cardinality="1..1" conformance="R" mandatory="true" strength="CNE" codeSystem="ActMood" domainCode="C:ActMood" fixed="EVN" maxLength="0" historyAllowed="false"><annotations/></attribute><attribute name="code" rimClassName="Act" datatype="CD" cardinality="0..1" conformance="" mandatory="false" strength="CWE" conceptDomain="AnnotationType" maxLength="0" historyAllowed="false"><annotations/></attribute><attribute name="text" rimClassName="Act" datatype="ST" cardinality="1..1" conformance="R" mandatory="true" maxLength="0" historyAllowed="false" businessName="B: Note Text"><annotations/></attribute><attribute name="statusCode" rimClassName="Act" datatype="CS" cardinality="1..1" conformance="R" mandatory="true" strength="CNE" codeSystem="ActStatus" domainCode="C:ActStatus" fixed="completed" maxLength="0" historyAllowed="false"><annotations/></attribute><attribute name="reasonCode" rimClassName="Act" datatype="CD" cardinality="0..1" conformance="" mandatory="false" strength="CWE" conceptDomain="ActReason" maxLength="0" historyAllowed="false"><annotations/></attribute></attributes><associations><association name="dataEnterer" beginX="2.88011685853516" beginY="1.61511111111111" endX="2.88011685853516" endY="1.61511111111111" target="DataEnterer" targetShapeId="Sheet.893" rimTarget="Act" rimName="participation" source="Annotation" cardinality="0..1" required="-1" mandatory="0" blocked="0" businessName=""><annotations/></association><association name="author" beginX="2.88011685853516" beginY="2.509" endX="2.88011685853516" endY="2.509" target="Author" targetShapeId="Sheet.917" rimTarget="Act" rimName="participation" source="Annotation" cardinality="1..1" required="-1" mandatory="-1" blocked="0" businessName=""><annotations/></association></associations></class><class name="DataEnterer" type="Participation" rimName="Participation"><graphics shapeId="Sheet.893" width="2.53250687164768" height="0.302827269151476" x="4.146370294359" y="1.62755555555556" beginX="2.88011685853516" beginY="1.61511111111111" endX="5.41262373018284" endY="1.64" arrowWidth="66 in."/><annotations/><attributes><attribute name="typeCode" rimClassName="Participation" datatype="CS" cardinality="1..1" conformance="R" mandatory="true" strength="CNE" codeSystem="ParticipationType" domainCode="C:ParticipationType" fixed="ENT" maxLength="0" historyAllowed="false"><annotations/></attribute></attributes><associations><association name="annotation" beginX="2.88011685853516" beginY="1.61511111111111" endX="2.88011685853516" endY="1.61511111111111" target="Annotation" targetShapeId="Sheet.889" rimTarget="Participation" rimName="act" source="DataEnterer" cardinality="" required="0" mandatory="0" blocked="-1" businessName=""><annotations/></association><association name="assignedEntity" beginX="5.41262373018284" beginY="1.64" endX="5.41262373018284" endY="1.64" target="R_AssignedEntityUniversal" targetShapeId="Sheet.925" rimTarget="Participation" rimName="role" source="DataEnterer" cardinality="1..1" required="-1" mandatory="0" blocked="0" businessName=""><annotations/></association></associations></class><class name="R_AssignedEntityUniversal" cmetId="COCT_MT090000UV" cmetType="Role(Performed only)" attLevel="universal" domain="RoleClass" mnemonic="ASSIGNED" type="CMET" rimName="RoleHeir" id="COCT_MT090000UV"><graphics shapeId="Sheet.925" width="1.17289435796072" height="1.2" x="5.9990709091632" y="2" flipX="FALSE" flipY="FALSE" autoWidth="1" autoHeight="0"/><annotations/><associations><association name="dataEntry" beginX="5.41262373018284" beginY="1.64" endX="5.41262373018284" endY="1.64" target="DataEnterer" targetShapeId="Sheet.893" rimTarget="Role" rimName="participation" source="R_AssignedEntityUniversal" cardinality="" required="0" mandatory="0" blocked="-1" businessName=""><annotations/></association><association name="origination" beginX="5.41262373018284" beginY="2.12" endX="5.41262373018284" endY="2.12" target="Author" targetShapeId="Sheet.917" rimTarget="Role" rimName="participation" source="R_AssignedEntityUniversal" cardinality="" required="0" mandatory="0" blocked="-1" businessName=""><annotations/></association></associations></class><class name="Author" type="Participation" rimName="Participation"><graphics shapeId="Sheet.917" width="2.53250687164768" height="0.436160093858507" x="4.146370294359" y="2.3145" beginX="2.88011685853516" beginY="2.509" endX="5.41262373018284" endY="2.12" arrowWidth="66 in."/><annotations/><attributes><attribute name="typeCode" rimClassName="Participation" datatype="CS" cardinality="1..1" conformance="R" mandatory="true" strength="CNE" codeSystem="ParticipationType" domainCode="C:ParticipationType" fixed="AUT" maxLength="0" historyAllowed="false"><annotations/></attribute><attribute name="time" rimClassName="Participation" datatype="TS" cardinality="0..1" conformance="R" mandatory="false" maxLength="0" historyAllowed="false" businessName="A: Note Timestamp"><annotations/></attribute></attributes><associations><association name="annotation" beginX="2.88011685853516" beginY="2.509" endX="2.88011685853516" endY="2.509" target="Annotation" targetShapeId="Sheet.889" rimTarget="Participation" rimName="act" source="Author" cardinality="" required="0" mandatory="0" blocked="-1" businessName=""><annotations/></association><association name="assignedEntity" beginX="5.41262373018284" beginY="2.12" endX="5.41262373018284" endY="2.12" target="R_AssignedEntityUniversal" targetShapeId="Sheet.925" rimTarget="Participation" rimName="role" source="Author" cardinality="1..1" required="-1" mandatory="-1" blocked="0" businessName=""><annotations/></association></associations></class></page></pages></hl7model>
