<?xml version="1.0"?>
<hl7model rendered="7/1/2012 9:01:29 AM" datatypesRelease="R2"><pages><page name="A_Pricing universal RMXXXXXX" width="13.3805910437517" height="3.5136183620877"><entryPoint entryClass="Benefit" name="A_Benefit basic" type="EntryPoint" id="COCT_RM770005UV"><graphics shapeId="Sheet.482" connectedShape="Sheet.151" width="2.00714194707205" height="0.766814632161459" beginX="6.61" beginY="2.90361836208768" endX="6.5684027777779" endY="2.50361836208773"/><annotations/><notes><text>Description: Used to specify a benefit Property-contextConductionStyle: I </text></notes></entryPoint><class name="Benefit" type="Act" rimName="ActHeir"><graphics shapeId="Sheet.151" width="3.2831944444442" height="1.6716666666667" x="6.5684027777779" y="1.66778502875438" flipX="FALSE" flipY="FALSE" autoWidth="0" autoHeight="0"/><annotations/><attributes><attribute name="classCode" rimClassName="Act" datatype="CS" cardinality="1..1" conformance="R" mandatory="true" strength="CNE" codeSystem="ActClass" domainCode="PCPR" maxLength="0" historyAllowed="false"><description>The Benefit classCode PCPR:  This class indicates a service provision benefit, which may be further specified by associated acts, e.g., the Benefit may have a supporting clinical statement about care provided or the condition of the subject of care as a precondition; may refer to coverage policies related to the provision of the benefit; or may be limited by the charges covered under a P/P or financial participations required of the covered party.</description><annotations><description>The Benefit classCode PCPR:  This class indicates a service provision benefit, which may be further specified by associated acts, e.g., the Benefit may have a supporting clinical statement about care provided or the condition of the subject of care as a precondition; may refer to coverage policies related to the provision of the benefit; or may be limited by the charges covered under a P/P or financial participations required of the covered party.</description></annotations></attribute><attribute name="moodCode" rimClassName="Act" datatype="CS" cardinality="1..1" conformance="R" mandatory="true" strength="CNE" codeSystem="ActMood" domainCode="DEF" maxLength="0" historyAllowed="false"><description>The Benefit moodCode:  The mood of this act is ActMoodCompletionTrack, that is, a P/P Benefit is either something that is being provided, has been provided, can be provided, or is intended or requested to be provided.</description><annotations><description>The Benefit moodCode:  The mood of this act is ActMoodCompletionTrack, that is, a P/P Benefit is either something that is being provided, has been provided, can be provided, or is intended or requested to be provided.</description></annotations></attribute><attribute name="id" rimClassName="Act" datatype="DSET&lt;II&gt;" cardinality="0..*" conformance="" mandatory="false" maxLength="0" historyAllowed="false"><description>The Benefit id:  Optionally identifies a benefit.</description><annotations><description>The Benefit id:  Optionally identifies a benefit.</description></annotations></attribute><attribute name="code" rimClassName="Act" datatype="CD" cardinality="0..1" conformance="R" mandatory="false" strength="CWE" conceptDomain="x_ActBillableCode" maxLength="0" historyAllowed="false"><description>The Benefit code:  The type of benefit is required be specified by a code from the    x_ActBillableCode value set if known.  For example, medical, chiropractic, dental care, social work, hospice, long term care, ambulance, acupuncture, pharmacy, psychiatry, naturopathy, physical therapy, etc.</description><annotations><description>The Benefit code:  The type of benefit is required be specified by a code from the    x_ActBillableCode value set if known.  For example, medical, chiropractic, dental care, social work, hospice, long term care, ambulance, acupuncture, pharmacy, psychiatry, naturopathy, physical therapy, etc.</description></annotations></attribute><attribute name="effectiveTime" rimClassName="Act" datatype="IVL&lt;TS&gt;" cardinality="0..1" conformance="" mandatory="false" maxLength="0" historyAllowed="false"><description>The Benefit effectiveTime:  The effective date range for a benefit may be sent.</description><annotations><description>The Benefit effectiveTime:  The effective date range for a benefit may be sent.</description></annotations></attribute><attribute name="reasonCode" rimClassName="Act" datatype="DSET&lt;CD&gt;" cardinality="0..*" conformance="" mandatory="false" strength="CWE" conceptDomain="ActCoverageReason" maxLength="0" historyAllowed="false"><description>The Benefit reasonCode:  These are the reasons or criteria specified by codes from the    ActCoverageReason    value set, relating to coverage of a benefit provided under a policy or program.  May be used to convey reasons pertaining to coverage contractual provisions, e.g., relating to who may provide the benefit in order to effect coverage.</description><annotations><description>The Benefit reasonCode:  These are the reasons or criteria specified by codes from the    ActCoverageReason    value set, relating to coverage of a benefit provided under a policy or program.  May be used to convey reasons pertaining to coverage contractual provisions, e.g., relating to who may provide the benefit in order to effect coverage.</description></annotations></attribute></attributes><associations><association name="coverage" beginX="4.9268055555558" beginY="2.00211836208772" endX="4.9268055555558" endY="2.00211836208772" target="Coverage2" targetShapeId="Sheet.144" rimTarget="Act" rimName="outboundRelationship" source="Benefit" cardinality="0..*" required="-1" mandatory="0" blocked="0" businessName=""><annotations/></association><association name="reference" beginX="8.21" beginY="1.33345169542104" endX="8.21" endY="1.33345169542104" target="Reference" targetShapeId="Sheet.138" rimTarget="Act" rimName="outboundRelationship" source="Benefit" cardinality="0..*" required="0" mandatory="0" blocked="0" businessName=""><annotations/></association><association name="precondition" beginX="8.21" beginY="1.83495169542105" endX="8.21" endY="1.83495169542105" target="Precondition" targetShapeId="Sheet.132" rimTarget="Act" rimName="outboundRelationship" source="Benefit" cardinality="0..*" required="0" mandatory="0" blocked="0" businessName=""><annotations/></association></associations></class><class name="Coverage2" type="ActRelationship" rimName="ActRelationship"><graphics shapeId="Sheet.144" width="1.50470667419454" height="0.303152281358507" x="4.17445221845853" y="1.70802103963218" beginX="4.9268055555558" beginY="2.00211836208772" endX="3.42209888136126" endY="1.41392371717665" arrowWidth="66 in."/><annotations/><attributes><attribute name="typeCode" rimClassName="ActRelationship" datatype="CS" cardinality="1..1" conformance="R" mandatory="true" strength="CNE" codeSystem="ActRelationshipType" domainCode="COVBY" maxLength="0" historyAllowed="false"><description>The Benefit may be linked by the definition ActRelationship typeCode COVBY to zero to many CoverageDefinition.  This is the Policy or Program (P/P) master document that provides coverage for the benefit.</description><annotations><description>The Benefit may be linked by the definition ActRelationship typeCode COVBY to zero to many CoverageDefinition.  This is the Policy or Program (P/P) master document that provides coverage for the benefit.</description></annotations></attribute></attributes><associations><association name="benefit" beginX="4.9268055555558" beginY="2.00211836208772" endX="4.9268055555558" endY="2.00211836208772" target="Benefit" targetShapeId="Sheet.151" rimTarget="ActRelationship" rimName="source" source="Coverage2" cardinality="" required="0" mandatory="0" blocked="-1" businessName=""><annotations/></association><association name="coverageDefinition" beginX="3.42209888136126" beginY="1.41392371717665" endX="3.42209888136126" endY="1.41392371717665" target="CoverageDefinition" targetShapeId="Sheet.89" rimTarget="ActRelationship" rimName="target" source="Coverage2" cardinality="1..1" required="-1" mandatory="0" blocked="0" businessName=""><annotations/></association></associations></class><class name="CoverageDefinition" type="Act" rimName="FinancialContract"><graphics shapeId="Sheet.89" width="3.40595032041732" height="1.44847322455512" x="1.7191237211526" y="1.70361836208768" flipX="FALSE" flipY="FALSE" autoWidth="1" autoHeight="1"/><annotations/><attributes><attribute name="classCode" rimClassName="Act" datatype="CS" cardinality="1..1" conformance="R" mandatory="true" strength="CNE" codeSystem="ActClass" domainCode="COV" maxLength="0" historyAllowed="false"><description>This is the Policy or Program (P/P) master document that provides coverage for the benefit.</description><annotations><description>This is the Policy or Program (P/P) master document that provides coverage for the benefit.</description></annotations></attribute><attribute name="moodCode" rimClassName="Act" datatype="CS" cardinality="1..1" conformance="R" mandatory="true" strength="CNE" codeSystem="ActMood" domainCode="DEF" maxLength="0" historyAllowed="false"><description>The CoverageDefinition moodCode DEF:  The mood of this act is Definition, that is, this is a definition of the coverage.</description><annotations><description>The CoverageDefinition moodCode DEF:  The mood of this act is Definition, that is, this is a definition of the coverage.</description></annotations></attribute><attribute name="id" rimClassName="Act" datatype="DSET&lt;II&gt;" cardinality="0..*" conformance="R" mandatory="false" maxLength="0" historyAllowed="false" businessName=" (identifier assigned to the policy or program master document by&#xA;   a jurisdictional regulator of insurance products, e.g., plan&#xA;   identifer"><description>The CoverageDefinition id:  One or more unique identifiers for the P/P master document, which may be assigned by a jurisdictional regulator of insurance products, e.g., plan identifier, is required to be sent if available.</description><annotations><description>The CoverageDefinition id:  One or more unique identifiers for the P/P master document, which may be assigned by a jurisdictional regulator of insurance products, e.g., plan identifier, is required to be sent if available.</description></annotations></attribute><attribute name="title" rimClassName="Act" datatype="ST" cardinality="0..1" conformance="" mandatory="false" maxLength="0" historyAllowed="false"><description>The CoverageDefinition title:  The name by which a specific this coverage master document is generally known, e.g., Medicare Part D plan, may be sent.</description><annotations><description>The CoverageDefinition title:  The name by which a specific this coverage master document is generally known, e.g., Medicare Part D plan, may be sent.</description></annotations></attribute><attribute name="text" rimClassName="Act" datatype="ED" cardinality="0..1" conformance="" mandatory="false" maxLength="0" historyAllowed="false"><description>The CoverageDefinition text:  A textual or multimedia description (or reference to a description) of the coverage master document may be sent.</description><annotations><description>The CoverageDefinition text:  A textual or multimedia description (or reference to a description) of the coverage master document may be sent.</description></annotations></attribute><attribute name="effectiveTime" rimClassName="Act" datatype="IVL&lt;TS&gt;" cardinality="0..1" conformance="" mandatory="false" maxLength="0" historyAllowed="false"><annotations/></attribute></attributes><associations><association name="coverageOf" beginX="3.42209888136126" beginY="1.41392371717665" endX="3.42209888136126" endY="1.41392371717665" target="Coverage2" targetShapeId="Sheet.144" rimTarget="Act" rimName="inboundRelationship" source="CoverageDefinition" cardinality="" required="0" mandatory="0" blocked="-1" businessName=""><annotations/></association></associations></class><class name="Reference" type="ActRelationship" rimName="ActRelationship"><graphics shapeId="Sheet.138" width="1.51415237123322" height="0.303152281358507" x="8.96707618561661" y="0.967421500651056" beginX="8.21" beginY="1.33345169542104" endX="9.72415237123322" endY="0.601391305881076" arrowWidth="66 in."/><annotations/><attributes><attribute name="typeCode" rimClassName="ActRelationship" datatype="CS" cardinality="1..1" conformance="R" mandatory="true" strength="CNE" codeSystem="ActRelationshipType" domainCode="REFR" maxLength="0" historyAllowed="false"><description>The Benefit reference ActRelationship typeCode REFR:  The Benefit may reference zero or more CoverageChargePolicy, which conveys the coverage policy or policies that sets rules for the coverage of the Benefit charges and financial participations.</description><annotations><description>The Benefit reference ActRelationship typeCode REFR:  The Benefit may reference zero or more CoverageChargePolicy, which conveys the coverage policy or policies that sets rules for the coverage of the Benefit charges and financial participations.</description></annotations></attribute></attributes><associations><association name="benefit" beginX="8.21" beginY="1.33345169542104" endX="8.21" endY="1.33345169542104" target="Benefit" targetShapeId="Sheet.151" rimTarget="ActRelationship" rimName="source" source="Reference" cardinality="" required="0" mandatory="0" blocked="-1" businessName=""><annotations/></association><association name="coveragePolicy" beginX="9.72415237123322" beginY="0.601391305881076" endX="9.72415237123322" endY="0.601391305881076" target="CoveragePolicy" targetShapeId="Sheet.105" rimTarget="ActRelationship" rimName="target" source="Reference" cardinality="1..1" required="0" mandatory="0" blocked="0" businessName=""><annotations/></association></associations></class><class name="CoveragePolicy" type="Act" rimName="ActHeir"><graphics shapeId="Sheet.105" width="3.18042541807357" height="1.18278261176215" x="11.31436508027" y="0.601391305881076" flipX="FALSE" flipY="FALSE" autoWidth="1" autoHeight="1"/><annotations/><attributes><attribute name="classCode" rimClassName="Act" datatype="CS" cardinality="1..1" conformance="R" mandatory="true" strength="CNE" codeSystem="ActClass" domainCode="POLICY" maxLength="0" historyAllowed="false"><description>Conveys the coverage policy or policies that sets rules for the coverage of the Benefit charges and financial participations.</description><annotations><description>Conveys the coverage policy or policies that sets rules for the coverage of the Benefit charges and financial participations.</description></annotations></attribute><attribute name="moodCode" rimClassName="Act" datatype="CS" cardinality="1..1" conformance="R" mandatory="true" strength="CNE" codeSystem="ActMood" domainCode="DEF" maxLength="0" historyAllowed="false"><description>The CoveragePolicy moodCode DEF:  The mood of this act is Definition, that is, coverage for a Benefit is defined by the CoveragePolicy.</description><annotations><description>The CoveragePolicy moodCode DEF:  The mood of this act is Definition, that is, coverage for a Benefit is defined by the CoveragePolicy.</description></annotations></attribute><attribute name="id" rimClassName="Act" datatype="DSET&lt;II&gt;" cardinality="0..*" conformance="" mandatory="false" maxLength="0" historyAllowed="false"><description>The CoveragePolicy id:  One or more unique identifiers for the CoveragePolicy may be sent.</description><annotations><description>The CoveragePolicy id:  One or more unique identifiers for the CoveragePolicy may be sent.</description></annotations></attribute><attribute name="code" rimClassName="Act" datatype="CD" cardinality="0..1" conformance="R" mandatory="false" strength="CWE" conceptDomain="ActPolicyType" maxLength="0" historyAllowed="false"><description>The CoveragePolicy code:  The type of policy is required to be specified if known by codes from the ActPolicyType value set.</description><annotations><description>The CoveragePolicy code:  The type of policy is required to be specified if known by codes from the ActPolicyType value set.</description></annotations></attribute><attribute name="statusCode" rimClassName="Act" datatype="CS" cardinality="0..1" conformance="" mandatory="false" strength="CNE" valueSet="ActStatus" maxLength="0" historyAllowed="false"><description>The CoveragePolicy statusCode:  The status of this CoveragePolicy, e.g., obsolete if this CoveragePolicy has been replaced but applied to a Benefit during the P/P effective time so as to be applicable to the coverage of a Benefit during that time span.</description><annotations><description>The CoveragePolicy statusCode:  The status of this CoveragePolicy, e.g., obsolete if this CoveragePolicy has been replaced but applied to a Benefit during the P/P effective time so as to be applicable to the coverage of a Benefit during that time span.</description></annotations></attribute><attribute name="effectiveTime" rimClassName="Act" datatype="IVL&lt;TS&gt;" cardinality="0..1" conformance="" mandatory="false" maxLength="0" historyAllowed="false"><description>The CoveragePolicy effectiveTime:  The effective date range for a coverage policy may be sent.</description><annotations><description>The CoveragePolicy effectiveTime:  The effective date range for a coverage policy may be sent.</description></annotations></attribute><attribute name="reasonCode" rimClassName="Act" datatype="DSET&lt;CD&gt;" cardinality="0..*" conformance="" mandatory="false" strength="CWE" conceptDomain="ActCoverageReason" maxLength="0" historyAllowed="false"><description>The CoveragePolicy reasonCode:  These are the reasons or criteria for the CoveragePolicy specified by codes from the ActCoverageReason value set, e.g., coverage policy for a Benefit may be related to medical necessity or evidence that a drug is not being used “off-label” or a service is not an “experimental treatment”.</description><annotations><description>The CoveragePolicy reasonCode:  These are the reasons or criteria for the CoveragePolicy specified by codes from the ActCoverageReason value set, e.g., coverage policy for a Benefit may be related to medical necessity or evidence that a drug is not being used “off-label” or a service is not an “experimental treatment”.</description></annotations></attribute></attributes><associations><association name="referencedBy" beginX="9.72415237123322" beginY="0.601391305881076" endX="9.72415237123322" endY="0.601391305881076" target="Reference" targetShapeId="Sheet.138" rimTarget="Act" rimName="inboundRelationship" source="CoveragePolicy" cardinality="" required="0" mandatory="0" blocked="-1" businessName=""><annotations/></association></associations></class><class name="Precondition" type="ActRelationship" rimName="ActRelationship"><graphics shapeId="Sheet.132" width="3.29" height="0.43681011827257" x="9.855" y="1.88360598571781" beginX="8.21" beginY="1.83495169542105" endX="11.5" endY="1.93226027601456" arrowWidth="66 in."/><annotations/><attributes><attribute name="typeCode" rimClassName="ActRelationship" datatype="CS" cardinality="1..1" conformance="R" mandatory="true" strength="CNE" codeSystem="ActRelationshipType" domainCode="PRCN" maxLength="0" historyAllowed="false"><description>The Benefit precondition ActRelationship typeCode PRCN:  The Benefit may be associated to one or more A_SupportingClinicalStatement CMET, which convey the services that must be received as a precondition of coverage of the Benefit, e.g., a diagnostic test is required to validate the medical necessity of a procedure in order for that procedure to be a covered benefit under a P/P.</description><annotations><description>The Benefit precondition ActRelationship typeCode PRCN:  The Benefit may be associated to one or more A_SupportingClinicalStatement CMET, which convey the services that must be received as a precondition of coverage of the Benefit, e.g., a diagnostic test is required to validate the medical necessity of a procedure in order for that procedure to be a covered benefit under a P/P.</description></annotations></attribute><attribute name="conjunctionCode" rimClassName="ActRelationship" datatype="CS" cardinality="0..1" conformance="" mandatory="false" strength="CNE" valueSet="RelationshipConjunction" maxLength="0" historyAllowed="false"><description>Enables multiple clinical  preconditions to be considered.</description><annotations><description>Enables multiple clinical  preconditions to be considered.</description></annotations></attribute></attributes><associations><association name="benefit" beginX="8.21" beginY="1.83495169542105" endX="8.21" endY="1.83495169542105" target="Benefit" targetShapeId="Sheet.151" rimTarget="ActRelationship" rimName="source" source="Precondition" cardinality="" required="0" mandatory="0" blocked="-1" businessName=""><annotations/></association><association name="supportingClinicalStatement" beginX="11.5" beginY="1.93226027601456" endX="11.5" endY="1.93226027601456" target="A_SupportingClinicalStatementUniversal" targetShapeId="Sheet.79" rimTarget="ActRelationship" rimName="target" source="Precondition" cardinality="1..1" required="0" mandatory="0" blocked="0" businessName=""><annotations/></association></associations></class><class name="A_SupportingClinicalStatementUniversal" cmetId="COCT_MT530000UV" cmetType="Act" attLevel="universal" domain="ActClass" mnemonic="ACT" type="CMET" rimName="ActHeir" id="COCT_MT530000UV"><graphics shapeId="Sheet.79" width="1.87059104375174" height="0.627825234646268" x="12.4352955218759" y="1.80669522908531" flipX="FALSE" flipY="FALSE" autoWidth="1" autoHeight="1"/><annotations/><associations><association name="preconditionFor" beginX="11.5" beginY="1.93226027601456" endX="11.5" endY="1.93226027601456" target="Precondition" targetShapeId="Sheet.132" rimTarget="Act" rimName="inboundRelationship" source="A_SupportingClinicalStatementUniversal" cardinality="" required="0" mandatory="0" blocked="-1" businessName=""><annotations/></association></associations></class></page></pages></hl7model>
