<?xml version="1.0"?>
<hl7model rendered="7/1/2012 8:59:50 AM" datatypesRelease="R2"><pages><page name="Pg-1" width="17" height="11"><class name="SupplyEvent" type="Act" rimName="Supply"><graphics shapeId="Sheet.75" width="2.55" height="5.8322222222222" x="8.325" y="6.1" flipX="FALSE" flipY="FALSE" autoWidth="0" autoHeight="0"/><annotations/><notes><Note name="Sheet.32" type="Note" noteType="Note"><graphics shapeId="Sheet.32" connectedShape="Sheet.75" x="11.2011393224167" y="9" width="2.02862801749306" height="0.5" beginX="1.01431400874653" beginY="0.25" endX="-0.586825313670147" endY="0.266111111111101"/><annotations/><notes><text>moodCode = EVN for Invoices
moodCode = INT for Pre-Determination</text></notes></Note><Note name="Sheet.119" type="Note" noteType="Note"><graphics shapeId="Sheet.119" connectedShape="Sheet.75" x="11.697460937" y="9.83888888888889" width="2.23597207266884" height="0.722319679090712" beginX="1.11798603633442" beginY="0.361159839545356" endX="-1.23447490066559" endY="-0.461617938232433"/><annotations/><notes><text>Patient classes are not referenced in the 
billable acts, as they are noted in the parent
model (e.g. Invoice message) as the
CoveredPartyAsPatient</text></notes></Note><text>
</text></notes><attributes><attribute name="classCode" rimClassName="Act" datatype="CS" cardinality="1..1" conformance="R" mandatory="true" strength="CNE" codeSystem="ActClass" domainCode="SPLY" maxLength="0" historyAllowed="false"><annotations/></attribute><attribute name="moodCode" rimClassName="Act" datatype="CS" cardinality="1..1" conformance="R" mandatory="true" strength="CNE" codeSystem="ActMood" domainCode="EVN" maxLength="0" historyAllowed="false"><annotations/></attribute><attribute name="code" rimClassName="Act" datatype="CD" cardinality="1..1" conformance="R" mandatory="true" strength="CWE" conceptDomain="ActVisionSupplyCode" maxLength="0" historyAllowed="false" businessName="Type of supply such as first Rx, repeat Rx, replacement"><annotations/></attribute><attribute name="effectiveTime" rimClassName="Act" datatype="IVL&lt;TS&gt;" cardinality="0..1" conformance="R" mandatory="false" maxLength="0" historyAllowed="false" businessName="date product was supplied, also known as service date"><annotations/></attribute><attribute name="priorityCode" rimClassName="Act" datatype="DSET&lt;CD&gt;" cardinality="0..*" conformance="" mandatory="false" strength="CWE" conceptDomain="ActPriority" maxLength="0" historyAllowed="false"><description>A code or set of codes (e.g., for routine, emergency), specifying the urgency under which the Act happened, can happen, is happening, is intended to happen, or is requested/demanded to happen. 
Discussion: This attribute is used in orders to indicate the ordered priority, and in event documentation it indicates the actual priority used to perform the act. In definition mood it indicates the available priorities.</description><annotations><description>A code or set of codes (e.g., for routine, emergency), specifying the urgency under which the Act happened, can happen, is happening, is intended to happen, or is requested/demanded to happen. 
Discussion: This attribute is used in orders to indicate the ordered priority, and in event documentation it indicates the actual priority used to perform the act. In definition mood it indicates the available priorities.</description></annotations></attribute></attributes><associations><association name="pertinentInformation1" beginX="7.05" beginY="3.1838888888889" endX="7.05" endY="3.1838888888889" target="PertinentInformation1" targetShapeId="Sheet.167" rimTarget="Act" rimName="outboundRelationship" source="SupplyEvent" cardinality="0..*" required="-1" mandatory="0" blocked="0" businessName=""><annotations/></association><association name="performer" beginX="7.05" beginY="5.51677777777778" endX="7.05" endY="5.51677777777778" target="Performer" targetShapeId="Sheet.57" rimTarget="Act" rimName="participation" source="SupplyEvent" cardinality="0..1" required="-1" mandatory="0" blocked="0" businessName=""><annotations/></association><association name="pertinentInformation2" beginX="7.05" beginY="8.43288888888888" endX="7.05" endY="8.43288888888888" target="PertinentInformation2" targetShapeId="Sheet.124" rimTarget="Act" rimName="outboundRelationship" source="SupplyEvent" cardinality="1..1" required="-1" mandatory="0" blocked="0" businessName=""><annotations/></association><association name="pertinentInformation3" beginX="9.6" beginY="3.76711111111112" endX="9.6" endY="3.76711111111112" target="PertinentInformation" targetShapeId="Sheet.89" rimTarget="Act" rimName="outboundRelationship" source="SupplyEvent" cardinality="0..*" required="-1" mandatory="0" blocked="0" businessName=""><annotations/></association><association name="destination" beginX="9.6" beginY="5.51677777777778" endX="9.6" endY="5.51677777777778" target="Destination" targetShapeId="Sheet.191" rimTarget="Act" rimName="participation" source="SupplyEvent" cardinality="0..1" required="0" mandatory="0" blocked="0" businessName=""><annotations/></association><association name="origin" beginX="9.6" beginY="6.68322222222222" endX="9.6" endY="6.68322222222222" target="Origin" targetShapeId="Sheet.179" rimTarget="Act" rimName="participation" source="SupplyEvent" cardinality="0..1" required="0" mandatory="0" blocked="0" businessName=""><annotations/></association><association name="product" beginX="9.6" beginY="8.43288888888888" endX="9.6" endY="8.43288888888888" target="Product" targetShapeId="Sheet.46" rimTarget="Act" rimName="participation" source="SupplyEvent" cardinality="1..2" required="-1" mandatory="-1" blocked="0" businessName=""><annotations/></association><association name="location" beginX="8.325" beginY="3.1838888888889" endX="8.325" endY="3.1838888888889" target="Location" targetShapeId="Sheet.18" rimTarget="Act" rimName="participation" source="SupplyEvent" cardinality="1..1" required="-1" mandatory="-1" blocked="0" businessName=""><annotations/></association></associations></class><class name="PertinentInformation1" type="ActRelationship" rimName="ActRelationship"><graphics shapeId="Sheet.167" width="2.15062057343392" height="0.303152281358507" x="5.97468971328304" y="3.35546798217774" beginX="7.05" beginY="3.1838888888889" endX="4.89937942656608" endY="3.52704707546658" arrowWidth="66 in."/><annotations/><attributes><attribute name="typeCode" rimClassName="ActRelationship" datatype="CS" cardinality="1..1" conformance="R" mandatory="true" strength="CNE" codeSystem="ActRelationshipType" domainCode="PERT" maxLength="0" historyAllowed="false"><annotations/></attribute></attributes><associations><association name="supplyEvent" beginX="7.05" beginY="3.1838888888889" endX="7.05" endY="3.1838888888889" target="SupplyEvent" targetShapeId="Sheet.75" rimTarget="ActRelationship" rimName="source" source="PertinentInformation1" cardinality="" required="0" mandatory="0" blocked="-1" businessName=""><annotations/></association><association name="visionPrescriptionObservationEvent" beginX="4.89937942656608" beginY="3.52704707546658" endX="4.89937942656608" endY="3.52704707546658" target="VisionPrescriptionObservationEvent" targetShapeId="Sheet.154" rimTarget="ActRelationship" rimName="target" source="PertinentInformation1" cardinality="1..1" required="-1" mandatory="0" blocked="0" businessName=""><annotations/></association></associations></class><class name="VisionPrescriptionObservationEvent" type="Act" rimName="Observation"><graphics shapeId="Sheet.154" width="3.19875885313216" height="1.18245759955512" x="3.3" y="3.29055555555556" flipX="FALSE" flipY="FALSE" autoWidth="1" autoHeight="1"/><annotations/><notes><Note name="Sheet.158" type="Note" noteType="Note"><graphics shapeId="Sheet.158" connectedShape="Sheet.154" x="3.66679687450003" y="1.975" width="5.10363259512978" height="0.722319679090712" beginX="2.55181629756489" beginY="0.361159839545356" endX="2.82477119369129" endY="1.08548659532335"/><annotations/><notes><text>The data type for the value will vary depending on the VisionPrescriptionObservationType chosen.
For example, for Type = ‘Sphere’, ‘Cylinder’. ‘Axis’, ‘Prism’, the values must be real numbers (REAL).  
For Type = ‘Prism Base’, the values would be text used to represent UP, DOWN, IN or OUT (ST).  For
Type = ‘Add’, the values would be integers (INT).</text></notes></Note></notes><attributes><attribute name="classCode" rimClassName="Act" datatype="CS" cardinality="1..1" conformance="R" mandatory="true" strength="CNE" codeSystem="ActClass" domainCode="OBS" maxLength="0" historyAllowed="false"><annotations/></attribute><attribute name="moodCode" rimClassName="Act" datatype="CS" cardinality="1..1" conformance="R" mandatory="true" strength="CNE" codeSystem="ActMood" domainCode="EVN" maxLength="0" historyAllowed="false"><annotations/></attribute><attribute name="code" rimClassName="Act" datatype="CD" cardinality="1..1" conformance="R" mandatory="true" strength="CWE" conceptDomain="VisionPrescriptionObservationCode" maxLength="0" historyAllowed="false" businessName="VisionPrescriptionObservationType"><annotations/></attribute><attribute name="value" rimClassName="Observation" datatype="ANY" cardinality="1..1" conformance="R" mandatory="true" strength="CWE" conceptDomain="ObservationValue" maxLength="0" historyAllowed="false" businessName="VisionPrescriptionObservationValue"><annotations/></attribute><attribute name="targetSiteCode" rimClassName="Observation" datatype="CD" cardinality="1..1" conformance="R" mandatory="true" strength="CWE" conceptDomain="HumanActSite" maxLength="0" historyAllowed="false" businessName="Left or Right Eye"><annotations/></attribute></attributes><associations><association name="pertainsTo" beginX="4.89937942656608" beginY="3.52704707546658" endX="4.89937942656608" endY="3.52704707546658" target="PertinentInformation1" targetShapeId="Sheet.167" rimTarget="Act" rimName="inboundRelationship" source="VisionPrescriptionObservationEvent" cardinality="" required="0" mandatory="0" blocked="-1" businessName=""><annotations/></association></associations></class><class name="Performer" type="Participation" rimName="Participation"><graphics shapeId="Sheet.57" width="1.65" height="0.303152281358507" x="6.225" y="5.54588888888889" beginX="7.05" beginY="5.51677777777778" endX="5.4" endY="5.575" arrowWidth="66 in."/><annotations/><notes><Note name="Sheet.95" type="Note" noteType="Note"><graphics shapeId="Sheet.95" connectedShape="Sheet.57" x="6.3" y="4.8944444444444" width="1.37709298331337" height="0.588986854383681" beginX="0.688546491656684" beginY="0.294493427191841" endX="0.676046491656687" endY="0.794361730957078"/><annotations/><notes><text>Provider that dispenses
e.g. Optician, Optometrist,
Physician</text></notes></Note></notes><attributes><attribute name="typeCode" rimClassName="Participation" datatype="CS" cardinality="1..1" conformance="R" mandatory="true" strength="CNE" codeSystem="ParticipationType" domainCode="PRF" maxLength="0" historyAllowed="false"><annotations/></attribute></attributes><associations><association name="supplyEvent" beginX="7.05" beginY="5.51677777777778" endX="7.05" endY="5.51677777777778" target="SupplyEvent" targetShapeId="Sheet.75" rimTarget="Participation" rimName="act" source="Performer" cardinality="" required="0" mandatory="0" blocked="-1" businessName=""><annotations/></association><association name="healthCareProvider" beginX="5.4" beginY="5.575" endX="5.4" endY="5.575" target="HealthCareProvider" targetShapeId="Sheet.36" rimTarget="Participation" rimName="role" source="Performer" cardinality="1..1" required="-1" mandatory="0" blocked="0" businessName=""><annotations/></association></associations></class><class name="HealthCareProvider" type="Role" rimName="LicensedEntity"><graphics shapeId="Sheet.36" width="3" height="0.75" x="3.9" y="5.575" flipX="FALSE" flipY="FALSE" autoWidth="0" autoHeight="0"/><annotations/><attributes><attribute name="classCode" rimClassName="Role" datatype="CS" cardinality="1..1" conformance="R" mandatory="true" strength="CNE" codeSystem="RoleClass" domainCode="PROV" maxLength="0" historyAllowed="false"><annotations/></attribute><attribute name="id" rimClassName="Role" datatype="DSET&lt;II&gt;" cardinality="1..*" conformance="R" mandatory="false" maxLength="0" historyAllowed="false" businessName="Identifier(s"><annotations/></attribute><attribute name="code" rimClassName="Role" datatype="CD" cardinality="0..1" conformance="R" mandatory="false" strength="CWE" conceptDomain="HealthcareProviderRoleType" maxLength="0" historyAllowed="false" businessName="Allows for crosswalks between speciality code sets"><annotations/></attribute></attributes><associations><association name="healthCareProviderPerson" beginX="2.7" beginY="5.275" endX="2.01776608659128" endY="4.775" target="ProviderPerson" targetShapeId="Sheet.22" rimTarget="Role" rimName="player" source="HealthCareProvider" cardinality="0..1" required="-1" mandatory="0" blocked="0" businessName=""><annotations/></association><association name="performance" beginX="5.4" beginY="5.575" endX="5.4" endY="5.575" target="Performer" targetShapeId="Sheet.57" rimTarget="Role" rimName="participation" source="HealthCareProvider" cardinality="" required="0" mandatory="0" blocked="-1" businessName=""><annotations/></association><association name="origination" beginX="3.9" beginY="5.95" endX="3.9" endY="5.95" target="Author" targetShapeId="Sheet.83" rimTarget="Role" rimName="participation" source="HealthCareProvider" cardinality="" required="0" mandatory="0" blocked="-1" businessName=""><annotations/></association></associations></class><class name="ProviderPerson" type="Entity" rimName="Person"><graphics shapeId="Sheet.22" width="1.7937142974681" height="0.75" x="2.4661946609583" y="4.4" flipX="FALSE" flipY="FALSE" autoWidth="1" autoHeight="1"/><annotations/><attributes><attribute name="classCode" rimClassName="Entity" datatype="CS" cardinality="1..1" conformance="R" mandatory="true" strength="CNE" codeSystem="EntityClass" domainCode="PSN" maxLength="0" historyAllowed="false"><annotations/></attribute><attribute name="determinerCode" rimClassName="Entity" datatype="CS" cardinality="1..1" conformance="R" mandatory="true" strength="CNE" codeSystem="EntityDeterminer" domainCode="INSTANCE" maxLength="0" historyAllowed="false"><annotations/></attribute><attribute name="name" rimClassName="Entity" datatype="PN" cardinality="0..1" conformance="R" mandatory="false" maxLength="0" historyAllowed="false"><annotations/></attribute></attributes><associations><association name="asHealthCareProvider" endX="2.7" endY="5.275" beginX="2.01776608659128" beginY="4.775" target="HealthCareProvider" targetShapeId="Sheet.36" rimTarget="Entity" rimName="playedRole" source="ProviderPerson" cardinality="" required="0" mandatory="0" blocked="-1" businessName=""><annotations/></association></associations></class><class name="Author" type="Participation" rimName="Participation"><graphics shapeId="Sheet.83" width="0.659095449490017" height="1.10833526914779" x="3.92083333333335" y="6.27954772474501" beginX="3.9416666666667" beginY="6.60909544949002" endX="3.9" endY="5.95" arrowWidth="66 in."/><annotations/><attributes><attribute name="typeCode" rimClassName="Participation" datatype="CS" cardinality="1..1" conformance="R" mandatory="true" strength="CNE" codeSystem="ParticipationType" domainCode="AUT" maxLength="0" historyAllowed="false"><annotations/></attribute></attributes><associations><association name="prescriptionOrder" beginX="3.9416666666667" beginY="6.60909544949002" endX="3.9416666666667" endY="6.60909544949002" target="PrescriptionOrder" targetShapeId="Sheet.79" rimTarget="Participation" rimName="act" source="Author" cardinality="" required="0" mandatory="0" blocked="-1" businessName=""><annotations/></association><association name="healthCareProvider" beginX="3.9" beginY="5.95" endX="3.9" endY="5.95" target="HealthCareProvider" targetShapeId="Sheet.36" rimTarget="Participation" rimName="role" source="Author" cardinality="1..1" required="-1" mandatory="0" blocked="0" businessName=""><annotations/></association></associations></class><class name="PrescriptionOrder" type="Act" rimName="SubstanceAdministration"><graphics shapeId="Sheet.79" width="2.18296982114974" height="0.781809101019965" x="3.9416666666667" y="7" flipX="FALSE" flipY="FALSE" autoWidth="1" autoHeight="1"/><annotations/><attributes><attribute name="classCode" rimClassName="Act" datatype="CS" cardinality="1..1" conformance="R" mandatory="true" strength="CNE" codeSystem="ActClass" domainCode="SBADM" maxLength="0" historyAllowed="false"><annotations/></attribute><attribute name="moodCode" rimClassName="Act" datatype="CS" cardinality="1..1" conformance="R" mandatory="true" strength="CNE" codeSystem="ActMood" domainCode="RQO" maxLength="0" historyAllowed="false"><annotations/></attribute><attribute name="id" rimClassName="Act" datatype="DSET&lt;II&gt;" cardinality="0..*" conformance="R" mandatory="false" maxLength="0" historyAllowed="false" businessName="prescription identifier"><annotations/></attribute><attribute name="effectiveTime" rimClassName="Act" datatype="TS" cardinality="0..1" conformance="R" mandatory="false" maxLength="0" historyAllowed="false" businessName="Order date"><annotations/></attribute></attributes><associations><association name="author" beginX="3.9416666666667" beginY="6.60909544949002" endX="3.9416666666667" endY="6.60909544949002" target="Author" targetShapeId="Sheet.83" rimTarget="Act" rimName="participation" source="PrescriptionOrder" cardinality="0..1" required="-1" mandatory="0" blocked="0" businessName=""><annotations/></association><association name="fulfillment" beginX="3.9416666666667" beginY="7.39090455050998" endX="3.9416666666667" endY="7.39090455050998" target="InFulfillmentOf" targetShapeId="Sheet.69" rimTarget="Act" rimName="inboundRelationship" source="PrescriptionOrder" cardinality="" required="0" mandatory="0" blocked="-1" businessName=""><annotations/></association></associations></class><class name="InFulfillmentOf" type="ActRelationship" rimName="ActRelationship"><graphics shapeId="Sheet.69" width="0.659095449490017" height="1.15775848692122" x="3.91668836780555" y="7.72045227525499" beginX="3.8917100689444" beginY="8.05" endX="3.9416666666667" endY="7.39090455050998" arrowWidth="66 in."/><annotations/><attributes><attribute name="typeCode" rimClassName="ActRelationship" datatype="CS" cardinality="1..1" conformance="R" mandatory="true" strength="CNE" codeSystem="ActRelationshipType" domainCode="FLFS" maxLength="0" historyAllowed="false"><annotations/></attribute></attributes><associations><association name="prescriptionIntent" beginX="3.8917100689444" beginY="8.05" endX="3.8917100689444" endY="8.05" target="PrescriptionIntent" targetShapeId="Sheet.9" rimTarget="ActRelationship" rimName="source" source="InFulfillmentOf" cardinality="" required="0" mandatory="0" blocked="-1" businessName=""><annotations/></association><association name="prescriptionOrder" beginX="3.9416666666667" beginY="7.39090455050998" endX="3.9416666666667" endY="7.39090455050998" target="PrescriptionOrder" targetShapeId="Sheet.79" rimTarget="ActRelationship" rimName="target" source="InFulfillmentOf" cardinality="1..1" required="-1" mandatory="-1" blocked="0" businessName=""><annotations/></association></associations></class><class name="PrescriptionIntent" type="Act" rimName="SubstanceAdministration"><graphics shapeId="Sheet.9" width="1.33081985777083" height="0.75" x="3.8917100689444" y="8.425" flipX="FALSE" flipY="FALSE" autoWidth="1" autoHeight="1"/><annotations/><attributes><attribute name="classCode" rimClassName="Act" datatype="CS" cardinality="1..1" conformance="R" mandatory="true" strength="CNE" codeSystem="ActClass" domainCode="SBADM" maxLength="0" historyAllowed="false"><annotations/></attribute><attribute name="moodCode" rimClassName="Act" datatype="CS" cardinality="1..1" conformance="R" mandatory="true" strength="CNE" codeSystem="ActMood" domainCode="INT" maxLength="0" historyAllowed="false"><annotations/></attribute></attributes><associations><association name="pertainsTo" beginX="4.55711999782982" beginY="8.425" endX="4.55711999782982" endY="8.425" target="PertinentInformation2" targetShapeId="Sheet.124" rimTarget="Act" rimName="inboundRelationship" source="PrescriptionIntent" cardinality="" required="0" mandatory="0" blocked="-1" businessName=""><annotations/></association><association name="inFulfillmentOf" beginX="3.8917100689444" beginY="8.05" endX="3.8917100689444" endY="8.05" target="InFulfillmentOf" targetShapeId="Sheet.69" rimTarget="Act" rimName="outboundRelationship" source="PrescriptionIntent" cardinality="1..1" required="-1" mandatory="-1" blocked="0" businessName=""><annotations/></association></associations></class><class name="PertinentInformation2" type="ActRelationship" rimName="ActRelationship"><graphics shapeId="Sheet.124" width="2.49288000217019" height="0.303152281358507" x="5.80355999891491" y="8.42894444444444" beginX="7.05" beginY="8.43288888888888" endX="4.55711999782982" endY="8.425" arrowWidth="66 in."/><annotations/><notes><Note name="Sheet.63" type="Note" noteType="Note"><graphics shapeId="Sheet.63" connectedShape="Sheet.124" x="5.8738878043194" y="9.1055555555556" width="1.77869286734657" height="0.588986854383681" beginX="0.889346433673286" beginY="0.294493427191841" endX="0.881518628268793" endY="-0.230541543240067"/><annotations/><notes><text>There may not be a prescription
when a provider dispenses frames
without lens</text></notes></Note></notes><attributes><attribute name="typeCode" rimClassName="ActRelationship" datatype="CS" cardinality="1..1" conformance="R" mandatory="true" strength="CNE" codeSystem="ActRelationshipType" domainCode="PERT" maxLength="0" historyAllowed="false"><annotations/></attribute></attributes><associations><association name="supplyEvent" beginX="7.05" beginY="8.43288888888888" endX="7.05" endY="8.43288888888888" target="SupplyEvent" targetShapeId="Sheet.75" rimTarget="ActRelationship" rimName="source" source="PertinentInformation2" cardinality="" required="0" mandatory="0" blocked="-1" businessName=""><annotations/></association><association name="prescriptionIntent" beginX="4.55711999782982" beginY="8.425" endX="4.55711999782982" endY="8.425" target="PrescriptionIntent" targetShapeId="Sheet.9" rimTarget="ActRelationship" rimName="target" source="PertinentInformation2" cardinality="1..1" required="-1" mandatory="0" blocked="0" businessName=""><annotations/></association></associations></class><class name="PertinentInformation" type="ActRelationship" rimName="ActRelationship"><graphics shapeId="Sheet.89" width="3.77146316831771" height="0.436485106065539" x="11.4857315841589" y="3.75772222222223" beginX="9.6" beginY="3.76711111111112" endX="13.1" endY="3.74833333333333" arrowWidth="66 in."/><annotations/><attributes><attribute name="typeCode" rimClassName="ActRelationship" datatype="CS" cardinality="1..1" conformance="R" mandatory="true" strength="CNE" codeSystem="ActRelationshipType" domainCode="PERT" maxLength="0" historyAllowed="false"><annotations/></attribute><attribute name="sequenceNumber" rimClassName="ActRelationship" datatype="INT.NONNEG" cardinality="0..1" conformance="R" mandatory="false" maxLength="0" historyAllowed="false" businessName="1=Primary, 2=Secondary, etc."><annotations/></attribute></attributes><associations><association name="supplyEvent" beginX="9.6" beginY="3.76711111111112" endX="9.6" endY="3.76711111111112" target="SupplyEvent" targetShapeId="Sheet.75" rimTarget="ActRelationship" rimName="source" source="PertinentInformation" cardinality="" required="0" mandatory="0" blocked="-1" businessName=""><annotations/></association><association name="diagnosis" beginX="13.1" beginY="3.74833333333333" endX="13.1" endY="3.74833333333333" target="Diagnosis" targetShapeId="Sheet.102" rimTarget="ActRelationship" rimName="target" source="PertinentInformation" cardinality="1..1" required="-1" mandatory="0" blocked="0" businessName=""><annotations/></association></associations></class><class name="Diagnosis" type="Act" rimName="Observation"><graphics shapeId="Sheet.102" width="3" height="1.22679353705512" x="14.6" y="3.74833333333333" flipX="FALSE" flipY="FALSE" autoWidth="0" autoHeight="1"/><annotations/><notes><Note name="Sheet.52" type="Note" noteType="Note"><graphics shapeId="Sheet.52" connectedShape="Sheet.102" x="14.8567816845278" y="5.03888888888889" width="2.54446664053993" height="0.722319679090712" beginX="1.27223332026997" beginY="0.361159839545356" endX="1.0154516357422" endY="-0.315998947482641"/><annotations/><notes><text>Answers the question:
“Are the contact lenses medically necessary
due to keratoconus, irregular astimatism, aphakia,
or irregular corneal curvature?</text></notes></Note></notes><attributes><attribute name="classCode" rimClassName="Act" datatype="CS" cardinality="1..1" conformance="R" mandatory="true" strength="CNE" codeSystem="ActClass" domainCode="OBS" maxLength="0" historyAllowed="false"><annotations/></attribute><attribute name="moodCode" rimClassName="Act" datatype="CS" cardinality="1..1" conformance="R" mandatory="true" strength="CNE" codeSystem="ActMood" domainCode="EVN" maxLength="0" historyAllowed="false"><annotations/></attribute><attribute name="code" rimClassName="Act" datatype="CD" cardinality="1..1" conformance="R" mandatory="true" strength="CWE" codeSystem="C:ActCode" maxLength="0" historyAllowed="false" businessName="admit, intermediate, discharge diagnosis"><annotations/></attribute><attribute name="text" rimClassName="Act" datatype="ST" cardinality="0..1" conformance="R" mandatory="false" maxLength="0" historyAllowed="false" businessName="Can be used to supplement a diagnostic code"><annotations/></attribute><attribute name="effectiveTime" rimClassName="Act" datatype="IVL&lt;TS&gt;" cardinality="0..1" conformance="" mandatory="false" maxLength="0" historyAllowed="false"><description>May be used to indicate the time or interval of time during which the administrative diagnosis was made.</description><annotations><description>May be used to indicate the time or interval of time during which the administrative diagnosis was made.</description></annotations></attribute><attribute name="value" rimClassName="Observation" datatype="CD" cardinality="1..1" conformance="R" mandatory="true" strength="CWE" conceptDomain="ObservationValue" maxLength="0" historyAllowed="false"><annotations/></attribute></attributes><associations><association name="pertainsTo" beginX="13.1" beginY="3.74833333333333" endX="13.1" endY="3.74833333333333" target="PertinentInformation" targetShapeId="Sheet.89" rimTarget="Act" rimName="inboundRelationship" source="Diagnosis" cardinality="" required="0" mandatory="0" blocked="-1" businessName=""><annotations/></association></associations></class><class name="Destination" type="Participation" rimName="Participation"><graphics shapeId="Sheet.191" width="1.77891600513064" height="0.303152281358507" x="10.4894580025653" y="5.44672459506565" beginX="9.6" beginY="5.51677777777778" endX="11.3789160051306" endY="5.37667141235351" arrowWidth="66 in."/><annotations/><constraints><Constraint name="Sheet.211" type="Constraint"><graphics shapeId="Sheet.211" connectedShape="Sheet.191" x="10.8" y="4.6" width="1.33912911612587" height="0.5611580593533" beginX="0.669564558062934" beginY="0.28057902967665" endX="0.29652256062826" endY="0.975727484063045"/><annotations/><constraints><text>If Origin specified, 
Destination mandatory
and vice versa.</text></constraints></Constraint></constraints><attributes><attribute name="typeCode" rimClassName="Participation" datatype="CS" cardinality="1..1" conformance="R" mandatory="true" strength="CNE" codeSystem="ParticipationType" domainCode="DST" maxLength="0" historyAllowed="false"><annotations/></attribute></attributes><associations><association name="supplyEvent" beginX="9.6" beginY="5.51677777777778" endX="9.6" endY="5.51677777777778" target="SupplyEvent" targetShapeId="Sheet.75" rimTarget="Participation" rimName="act" source="Destination" cardinality="" required="0" mandatory="0" blocked="-1" businessName=""><annotations/></association><association name="serviceDeliveryLocation" beginX="11.3789160051306" beginY="5.37667141235351" endX="11.3789160051306" endY="5.37667141235351" target="R_ServiceDeliveryLocationContact" targetShapeId="Sheet.185" rimTarget="Participation" rimName="role" source="Destination" cardinality="1..1" required="0" mandatory="0" blocked="0" businessName=""><annotations/></association></associations></class><class name="R_ServiceDeliveryLocationContact" cmetId="COCT_MT240003UV" cmetType="Role(Performed only)" attLevel="contact" domain="RoleClass" mnemonic="SDLOC" type="CMET" rimName="RoleHeir" id="COCT_MT240003UV"><graphics shapeId="Sheet.185" width="1.63653647832205" height="0.627825234646268" x="12.1971842442917" y="5.31388888888889" flipX="FALSE" flipY="FALSE" autoWidth="1" autoHeight="1"/><annotations/><notes><Note name="Sheet.202" type="Note" noteType="Note"><graphics shapeId="Sheet.202" connectedShape="Sheet.185" x="14" y="5.85" width="1.56866707999306" height="0.5" beginX="0.784333539996528" beginY="0.25" endX="-0.200213976550776" endY="-0.286111111111112"/><annotations/><notes><text>Only used for shipping from 1 
location to another.</text></notes></Note></notes><associations><association name="originOf" beginX="11.281731760839" beginY="6.23721747653537" endX="11.281731760839" endY="6.23721747653537" target="Origin" targetShapeId="Sheet.179" rimTarget="Role" rimName="participation" source="R_ServiceDeliveryLocationContact" cardinality="" required="0" mandatory="0" blocked="-1" businessName=""><annotations/></association><association name="destinationOf" beginX="11.3789160051306" beginY="5.37667141235351" endX="11.3789160051306" endY="5.37667141235351" target="Destination" targetShapeId="Sheet.191" rimTarget="Role" rimName="participation" source="R_ServiceDeliveryLocationContact" cardinality="" required="0" mandatory="0" blocked="-1" businessName=""><annotations/></association></associations></class><class name="Origin" type="Participation" rimName="Participation"><graphics shapeId="Sheet.179" width="1.68173176083897" height="0.303152281358507" x="10.4408658804195" y="6.4602198493788" beginX="9.6" beginY="6.68322222222222" endX="11.281731760839" endY="6.23721747653537" arrowWidth="66 in."/><annotations/><constraints><Constraint name="Sheet.207" type="Constraint"><graphics shapeId="Sheet.207" connectedShape="Sheet.179" x="10.9346510140399" y="7.2" width="1.33912911612587" height="0.5611580593533" beginX="0.669564558062934" beginY="0.28057902967665" endX="0.113279424442492" endY="-0.307624980265297"/><annotations/><constraints><text>If Origin specified, 
Desination mandatory 
and vice versa.</text></constraints></Constraint></constraints><attributes><attribute name="typeCode" rimClassName="Participation" datatype="CS" cardinality="1..1" conformance="R" mandatory="true" strength="CNE" codeSystem="ParticipationType" domainCode="ORG" maxLength="0" historyAllowed="false"><annotations/></attribute></attributes><associations><association name="supplyEvent" beginX="9.6" beginY="6.68322222222222" endX="9.6" endY="6.68322222222222" target="SupplyEvent" targetShapeId="Sheet.75" rimTarget="Participation" rimName="act" source="Origin" cardinality="" required="0" mandatory="0" blocked="-1" businessName=""><annotations/></association><association name="serviceDeliveryLocation" beginX="11.281731760839" beginY="6.23721747653537" endX="11.281731760839" endY="6.23721747653537" target="R_ServiceDeliveryLocationContact" targetShapeId="Sheet.173" rimTarget="Participation" rimName="role" source="Origin" cardinality="1..1" required="0" mandatory="0" blocked="0" businessName=""><annotations/></association></associations></class><class name="R_ServiceDeliveryLocationContact" cmetId="COCT_MT240003UV" cmetType="Role(Performed only)" attLevel="contact" domain="RoleClass" mnemonic="SDLOC" type="CMET" rimName="RoleHeir" id="COCT_MT240003UV"><graphics shapeId="Sheet.173" width="1.63653647832205" height="0.627825234646268" x="12.1" y="6.3" flipX="FALSE" flipY="FALSE" autoWidth="1" autoHeight="1"/><annotations/><notes><Note name="Sheet.197" type="Note" noteType="Note"><graphics shapeId="Sheet.197" connectedShape="Sheet.173" x="14" y="6.55" width="1.56866707999306" height="0.5" beginX="0.784333539996528" beginY="0.25" endX="-0.297398220842448" endY="0.125565046929254"/><annotations/><notes><text>Only used for shipping from 1 
location to another.</text></notes></Note></notes><associations><association name="originOf" beginX="11.281731760839" beginY="6.23721747653537" endX="11.281731760839" endY="6.23721747653537" target="Origin" targetShapeId="Sheet.179" rimTarget="Role" rimName="participation" source="R_ServiceDeliveryLocationContact" cardinality="" required="0" mandatory="0" blocked="-1" businessName=""><annotations/></association><association name="destinationOf" beginX="11.3789160051306" beginY="5.37667141235351" endX="11.3789160051306" endY="5.37667141235351" target="Destination" targetShapeId="Sheet.191" rimTarget="Role" rimName="participation" source="R_ServiceDeliveryLocationContact" cardinality="" required="0" mandatory="0" blocked="-1" businessName=""><annotations/></association></associations></class><class name="Product" type="Participation" rimName="Participation"><graphics shapeId="Sheet.46" width="2.56352538812538" height="0.303152281358507" x="10.8817626940627" y="8.18293661363389" beginX="9.6" beginY="8.43288888888888" endX="12.1635253881254" endY="7.93298433837891" arrowWidth="66 in."/><annotations/><attributes><attribute name="typeCode" rimClassName="Participation" datatype="CS" cardinality="1..1" conformance="R" mandatory="true" strength="CNE" codeSystem="ParticipationType" domainCode="PRD" maxLength="0" historyAllowed="false"><annotations/></attribute></attributes><associations><association name="supplyEvent" beginX="9.6" beginY="8.43288888888888" endX="9.6" endY="8.43288888888888" target="SupplyEvent" targetShapeId="Sheet.75" rimTarget="Participation" rimName="act" source="Product" cardinality="" required="0" mandatory="0" blocked="-1" businessName=""><annotations/></association><association name="manufacturedProduct" beginX="12.1635253881254" beginY="7.93298433837891" endX="12.1635253881254" endY="7.93298433837891" target="ManufacturedProduct" targetShapeId="Sheet.3" rimTarget="Participation" rimName="role" source="Product" cardinality="1..1" required="-1" mandatory="-1" blocked="0" businessName=""><annotations/></association></associations></class><class name="ManufacturedProduct" type="Role" rimName="RoleHeir"><graphics shapeId="Sheet.3" width="2.2550727016524" height="0.781809101019965" x="13.2910617389516" y="8.32388888888889" flipX="TRUE" flipY="FALSE" autoWidth="0" autoHeight="1"/><annotations/><attributes><attribute name="classCode" rimClassName="Role" datatype="CS" cardinality="1..1" conformance="R" mandatory="true" strength="CNE" codeSystem="RoleClass" domainCode="MANU" maxLength="0" historyAllowed="false"><annotations/></attribute><attribute name="code" rimClassName="Role" datatype="CD" cardinality="0..1" conformance="R" mandatory="false" strength="CNE" conceptDomain="VisionProductRoleType" maxLength="0" historyAllowed="false" businessName="Product Type, e.g., lens or frame"><description>Codes indicating the type of product the role represents</description><annotations><description>Codes indicating the type of product the role represents</description></annotations></attribute></attributes><associations><association name="manufacturedVisionProduct" beginX="14.1930908196125" beginY="8.0111652484809" endX="14.6701695154108" endY="7.775" target="VisionProduct" targetShapeId="Sheet.42" rimTarget="Role" rimName="player" source="ManufacturedProduct" cardinality="0..1" required="-1" mandatory="0" blocked="0" businessName=""><annotations/></association><association name="productOf" beginX="12.1635253881254" beginY="7.93298433837891" endX="12.1635253881254" endY="7.93298433837891" target="Product" targetShapeId="Sheet.46" rimTarget="Role" rimName="participation" source="ManufacturedProduct" cardinality="" required="0" mandatory="0" blocked="-1" businessName=""><annotations/></association><association name="productOf" beginX="13.9675835494473" beginY="8.71479343939887" endX="13.9675835494473" endY="8.71479343939887" target="Product2" targetShapeId="Sheet.219" rimTarget="Role" rimName="participation" source="ManufacturedProduct" cardinality="0..*" required="0" mandatory="0" blocked="0" businessName=""><annotations/></association></associations></class><class name="VisionProduct" type="Entity" rimName="Material"><graphics shapeId="Sheet.42" width="1.7937142974681" height="0.75" x="15.1185980897778" y="7.4" flipX="FALSE" flipY="FALSE" autoWidth="1" autoHeight="1"/><annotations/><attributes><attribute name="classCode" rimClassName="Entity" datatype="CS" cardinality="1..1" conformance="R" mandatory="true" strength="CNE" codeSystem="EntityClass" domainCode="MAT" maxLength="0" historyAllowed="false"><annotations/></attribute><attribute name="determinerCode" rimClassName="Entity" datatype="CS" cardinality="1..1" conformance="R" mandatory="true" strength="CNE" codeSystem="EntityDeterminer" domainCode="INSTANCE" maxLength="0" historyAllowed="false"><annotations/></attribute><attribute name="name" rimClassName="Entity" datatype="EN" cardinality="0..1" conformance="R" mandatory="false" maxLength="0" historyAllowed="false"><annotations/></attribute></attributes><associations><association name="asManufacturedProduct" endX="14.1930908196125" endY="8.0111652484809" beginX="14.6701695154108" beginY="7.775" target="ManufacturedProduct" targetShapeId="Sheet.3" rimTarget="Entity" rimName="playedRole" source="VisionProduct" cardinality="" required="0" mandatory="0" blocked="-1" businessName=""><annotations/></association></associations></class><class name="Product2" type="Participation" rimName="Participation"><graphics shapeId="Sheet.219" width="0.51020656060113" height="1.12070633238021" x="14.1030160268108" y="8.96989671969944" beginX="14.2384485041743" beginY="9.225" endX="13.9675835494473" endY="8.71479343939887" arrowWidth="66 in."/><annotations/><attributes><attribute name="typeCode" rimClassName="Participation" datatype="CS" cardinality="1..1" conformance="R" mandatory="true" strength="CNE" codeSystem="ParticipationType" domainCode="PRD" maxLength="0" historyAllowed="false"><annotations/></attribute></attributes><associations><association name="supplyObservationEvent" beginX="14.2384485041743" beginY="9.225" endX="14.2384485041743" endY="9.225" target="SupplyObservationEvent" targetShapeId="Sheet.215" rimTarget="Participation" rimName="act" source="Product2" cardinality="1..1" required="0" mandatory="0" blocked="0" businessName=""><annotations/></association><association name="manufacturedProduct" beginX="13.9675835494473" beginY="8.71479343939887" endX="13.9675835494473" endY="8.71479343939887" target="ManufacturedProduct" targetShapeId="Sheet.3" rimTarget="Participation" rimName="role" source="Product2" cardinality="" required="0" mandatory="0" blocked="-1" businessName=""><annotations/></association></associations></class><class name="SupplyObservationEvent" type="Act" rimName="Observation"><graphics shapeId="Sheet.215" width="3.30372024839583" height="0.75" x="14.5688205290139" y="9.6" flipX="FALSE" flipY="FALSE" autoWidth="1" autoHeight="1"/><annotations/><attributes><attribute name="classCode" rimClassName="Act" datatype="CS" cardinality="1..1" conformance="R" mandatory="true" strength="CNE" codeSystem="ActClass" domainCode="OBS" maxLength="0" historyAllowed="false"><annotations/></attribute><attribute name="moodCode" rimClassName="Act" datatype="CS" cardinality="1..1" conformance="R" mandatory="true" strength="CNE" codeSystem="ActMood" domainCode="EVN" maxLength="0" historyAllowed="false"><annotations/></attribute><attribute name="targetSiteCode" rimClassName="Observation" datatype="CD" cardinality="0..1" conformance="" mandatory="false" strength="CWE" conceptDomain="HumanActSite" maxLength="0" historyAllowed="false" businessName="Left or Right"><annotations/></attribute></attributes><associations><association name="product" beginX="14.2384485041743" beginY="9.225" endX="14.2384485041743" endY="9.225" target="Product2" targetShapeId="Sheet.219" rimTarget="Act" rimName="participation" source="SupplyObservationEvent" cardinality="" required="0" mandatory="0" blocked="-1" businessName=""><annotations/></association></associations></class><class name="Location" type="Participation" rimName="Participation"><graphics shapeId="Sheet.18" width="0.669976271565767" height="1.11457611387435" x="8.26109212214585" y="2.84890075310602" beginX="8.325" beginY="3.1838888888889" endX="8.1971842442917" endY="2.51391261732313" arrowWidth="66 in."/><annotations/><attributes><attribute name="typeCode" rimClassName="Participation" datatype="CS" cardinality="1..1" conformance="R" mandatory="true" strength="CNE" codeSystem="ParticipationType" domainCode="LOC" maxLength="0" historyAllowed="false"><annotations/></attribute></attributes><associations><association name="supplyEvent" beginX="8.325" beginY="3.1838888888889" endX="8.325" endY="3.1838888888889" target="SupplyEvent" targetShapeId="Sheet.75" rimTarget="Participation" rimName="act" source="Location" cardinality="" required="0" mandatory="0" blocked="-1" businessName=""><annotations/></association><association name="serviceDeliveryLocation" beginX="8.1971842442917" beginY="2.51391261732313" endX="8.1971842442917" endY="2.51391261732313" target="R_ServiceDeliveryLocationUniversal" targetShapeId="Sheet.144" rimTarget="Participation" rimName="role" source="Location" cardinality="1..1" required="-1" mandatory="-1" blocked="0" businessName=""><annotations/></association></associations></class><class name="R_ServiceDeliveryLocationUniversal" cmetId="COCT_MT240000UV" cmetType="Role(Performed only)" attLevel="universal" domain="RoleClass" mnemonic="SDLOC" type="CMET" rimName="RoleHeir" id="COCT_MT240000UV"><graphics shapeId="Sheet.144" width="1.63653647832205" height="0.627825234646268" x="8.1971842442917" y="2.2" flipX="FALSE" flipY="TRUE" autoWidth="1" autoHeight="1"/><annotations/><associations><association name="locationOf" beginX="8.1971842442917" beginY="2.51391261732313" endX="8.1971842442917" endY="2.51391261732313" target="Location" targetShapeId="Sheet.18" rimTarget="Role" rimName="participation" source="R_ServiceDeliveryLocationUniversal" cardinality="" required="0" mandatory="0" blocked="-1" businessName=""><annotations/></association></associations></class><entryPoint entryClass="SupplyEvent" name="A_BillableVisionDispense" type="EntryPoint" id="COCT_RM600000UV"><graphics shapeId="Sheet.12" connectedShape="Sheet.75" width="2.14917457036307" height="0.90014745686849" beginX="8.4" beginY="9.6" endX="8.325" endY="9.0161111111111"/><annotations/><notes><text>Entry point for the Vision Care Dispense Billable (Clinical) Act Property-contextConductionStyle: I </text></notes></entryPoint></page></pages></hl7model>
