<?xml version="1.0"?>
<hl7model rendered="7/1/2012 8:48:17 AM" datatypesRelease="R2"><pages><page name="Pg-1" width="6.50181749231947" height="2.88566493055555"><class name="LocatedEntity" type="Role" rimName="RoleHeir"><graphics shapeId="Sheet.109" width="1.25" height="0.648151264105903" x="1.11165364633333" y="2.44722222222222" flipX="TRUE" flipY="TRUE" autoWidth="1" autoHeight="1"/><annotations/><attributes><attribute name="classCode" rimClassName="Role" datatype="CS" cardinality="1..1" conformance="R" mandatory="true" strength="CNE" codeSystem="RoleClass" domainCode="LOCE" maxLength="0" historyAllowed="false"><annotations/></attribute><attribute name="id" rimClassName="Role" datatype="DSET&lt;II&gt;" cardinality="1..*" conformance="R" mandatory="true" maxLength="0" historyAllowed="false"><annotations/></attribute><attribute name="addr" rimClassName="Role" datatype="COLL&lt;AD&gt;" cardinality="0..*" conformance="" mandatory="false" maxLength="0" historyAllowed="false"><annotations/></attribute></attributes><associations><association name="location" beginX="1.61165364633333" beginY="2.18796171657986" endX="2.73079453210634" endY="0.323888888888887" target="E_PlaceUniversal" targetShapeId="Sheet.1" rimTarget="Role" rimName="scoper" source="LocatedEntity" cardinality="0..1" required="0" mandatory="0" blocked="0" businessName=""><annotations/></association></associations></class><class name="E_PlaceUniversal" cmetId="COCT_MT710000UV" cmetType="Entity" attLevel="universal" domain="EntityClass" mnemonic="PLC" type="CMET" rimName="Place" id="COCT_MT710000UV"><graphics shapeId="Sheet.1" width="1.16131675175955" height="0.627825234646268" x="3.31145290798611" y="0.323888888888887" flipX="FALSE" flipY="FALSE" autoWidth="1" autoHeight="1"/><annotations/><associations><association name="locatedEntity" endX="1.61165364633333" endY="2.18796171657986" beginX="2.73079453210634" beginY="0.323888888888887" target="LocatedEntity" targetShapeId="Sheet.109" rimTarget="Entity" rimName="scopedRole" source="E_PlaceUniversal" cardinality="" required="0" mandatory="0" blocked="-1" businessName=""><annotations/></association></associations></class><entryPoint entryClass="LocatedEntity" name="R_LocationLocatedEntity Identified/Confirmable" type="EntryPoint" id="COCT_RM070002UV"><graphics shapeId="Sheet.349" connectedShape="Sheet.109" width="3.30123306577865" height="1.30014593098958" beginX="3.21145290798611" beginY="2.43777777777777" endX="1.73665364633333" endY="2.31759196940104"/><annotations/><notes><text>15 Mar 2004 CMET used to identify the physical presence of an entity (e.g. location of a device). Allows for nested-definitions of locations (e.g. place within a place within a place). Property-contextConductionStyle: I </text></notes></entryPoint></page></pages></hl7model>
