<?xml version="1.0"?>
<hl7model rendered="7/1/2012 8:58:53 AM" datatypesRelease="R2"><pages><page name="Pg-1" width="2.61848958433331" height="4.98055555555554"><class name="R_PatientUniversal" cmetId="COCT_MT050000UV" cmetType="Role(Performed only)" attLevel="universal" domain="RoleClass" mnemonic="PAT" type="CMET" rimName="Patient" id="COCT_MT050000UV"><graphics shapeId="Sheet.1" width="1.16131675175955" height="0.627825234646268" x="1.14709816041502" y="1.95449190131293" flipX="FALSE" flipY="FALSE" autoWidth="1" autoHeight="1"/><annotations/></class><class name="SubjectChoice" type="Choice" rimName="Role"><graphics shapeId="Sheet.19" width="1.68064582280447" height="2.5084757039388" x="1.28176269593748" y="1.26416666666666" flipX="GUARD(FALSE)" flipY="GUARD(FALSE)" vertical="1" autoWidth="1" autoHeight="1"/><annotations/><children><childClass name="R_PatientUniversal" shapeId="Sheet.1"/><childClass name="R_PatientClinical" shapeId="Sheet.7"/><childClass name="R_InvestigativeSubjectUniversal" shapeId="Sheet.13"/></children></class><class name="R_PatientClinical" cmetId="COCT_MT050004UV" cmetType="Role(Performed only)" attLevel="clinical" domain="RoleClass" mnemonic="PAT" type="CMET" rimName="Patient" id="COCT_MT050004UV"><graphics shapeId="Sheet.7" width="1.16131675175955" height="0.627825234646268" x="1.14709816041502" y="1.20166666666666" flipX="FALSE" flipY="FALSE" autoWidth="1" autoHeight="1"/><annotations/></class><class name="R_InvestigativeSubjectUniversal" cmetId="COCT_MT550000UV" cmetType="Role(Performed only)" attLevel="universal" domain="RoleClass" mnemonic="INVSBJ" type="CMET" rimName="RoleHeir" id="COCT_MT550000UV"><graphics shapeId="Sheet.13" width="1.42023169926931" height="0.627825234646268" x="1.27655563416991" y="0.44884143202039" flipX="FALSE" flipY="FALSE" autoWidth="1" autoHeight="1"/><annotations/></class><entryPoint entryClass="SubjectChoice" name="R_Subject universal" type="EntryPoint" id="COCT_RM560000UV"><graphics shapeId="Sheet.21" connectedShape="Sheet.19" width="2.17379844121267" height="2.90013982747396" beginX="1.33672688839582" beginY="2.9" endX="1.28176269593748" endY="2.51840451863606"/><annotations/><notes><text>Description: The R_Subject CMET is intended to be used where a more generalized subject or record target is needed in an order, result, document etc. It’s a choice of the preexisting R_Patient CMETs and the new R_InvestigativeSubject CMET, which is an investigative subject which is played by an E_PublicHealthEntity. This allows the simple inclusion of entities of interest for public health messaging into existing messages just by replacing the existing R_Patient CMET with this new R_Subject CMET as the subject, recordTarget or other participant. Property-contextConductionStyle: I </text></notes></entryPoint></page></pages></hl7model>
