<?xml version="1.0"?>
<hl7model rendered="7/1/2012 8:49:18 AM" datatypesRelease="R2"><pages><page name="Pg-1" width="8.57545790030556" height="9.71388888888888"><class name="RoleOther" type="Role" rimName="RoleHeir"><graphics shapeId="Sheet.36" width="1.25" height="0.514818439398872" x="1.6976139327917" y="3.84805555555558" flipX="TRUE" flipY="FALSE" autoWidth="1" autoHeight="1"/><annotations/><notes><Note name="Sheet.162" type="Note" noteType="Note"><graphics shapeId="Sheet.162" connectedShape="Sheet.36" x="1.11" y="2.90777777777778" width="1.62444176871376" height="0.5" beginX="0.81222088435688" beginY="0.25" endX="1.02483481714858" endY="0.932868558078364"/><annotations/><notes><text>Multiple IDs may be issued by
the same scoping organization.</text></notes></Note></notes><attributes><attribute name="classCode" rimClassName="Role" datatype="CS" cardinality="1..1" conformance="R" mandatory="true" strength="CNE" codeSystem="RoleClass" domainCode="ROL" maxLength="0" historyAllowed="false"><annotations/></attribute><attribute name="id" rimClassName="Role" datatype="DSET&lt;II&gt;" cardinality="1..*" conformance="" mandatory="false" maxLength="0" historyAllowed="false"><annotations/></attribute></attributes><associations><association name="playingPrincipalChoiceList" beginX="2.1976139327917" beginY="3.64212817979603" endX="2.7308550347222" endY="3.4577777777778" target="PrincipalChoiceList" targetShapeId="Sheet.195" rimTarget="Role" rimName="player" source="RoleOther" cardinality="" required="0" mandatory="0" blocked="-1" businessName=""><annotations/></association><association name="scopingOrganization" beginX="2.1976139327917" beginY="4.05398293131513" endX="1.03231639589931" endY="4.69499525431315" target="E_OrganizationUniversal" targetShapeId="Sheet.71" rimTarget="Role" rimName="scoper" source="RoleOther" cardinality="0..1" required="0" mandatory="0" blocked="0" businessName=""><annotations/></association></associations></class><class name="PrincipalChoiceList" type="Choice" rimName="Entity"><graphics shapeId="Sheet.195" width="2.371093751" height="3.03944444444444" x="3.9164019102222" y="3.4577777777778" flipX="GUARD(FALSE)" flipY="GUARD(FALSE)" vertical="1" autoWidth="1" autoHeight="1"/><annotations/><children><childClass name="Person" shapeId="Sheet.89"/><childClass name="Device" shapeId="Sheet.85"/><childClass name="Organization" shapeId="Sheet.81"/></children><associations><association name="asMember" endX="1.98482139828325" endY="1.98216747450087" beginX="2.7308550347222" beginY="2.24200000000002" target="Member" targetShapeId="Sheet.16" rimTarget="Entity" rimName="playedRole" source="PrincipalChoiceList" cardinality="0..*" required="0" mandatory="0" blocked="0" businessName=""><annotations/></association><association name="asRoleOther" endX="2.1976139327917" endY="3.64212817979603" beginX="2.7308550347222" beginY="3.4577777777778" target="RoleOther" targetShapeId="Sheet.36" rimTarget="Entity" rimName="playedRole" source="PrincipalChoiceList" cardinality="0..*" required="0" mandatory="0" blocked="0" businessName=""><annotations/></association><association name="location" endX="5.66119031866331" endY="2.40083384195963" beginX="5.1019487857222" beginY="2.24200000000002" target="R_LocationLocatedEntityUniversal" targetShapeId="Sheet.59" rimTarget="Entity" rimName="playedRole" source="PrincipalChoiceList" cardinality="0..1" required="0" mandatory="0" blocked="0" businessName=""><annotations/></association><association name="languageCommunication" beginX="5.1019487857222" beginY="4.67355555555558" endX="5.95305159648888" endY="4.3860925652398" target="LanguageCommunication" targetShapeId="Sheet.93" rimTarget="Entity" rimName="languageCommunication" shapeId="Sheet.97" source="PrincipalChoiceList" cardinality="0..*" required="0" mandatory="0" blocked="0" businessName=""><traversal x="8.51102810766678E-02" y="0"/><traversal x="0.851102810766678" y="0"/><annotations/></association><association name="assignedPrincipalChoiceList" endX="2.84016458640347" endY="5.7944991921658" beginX="2.9679644098222" beginY="4.97750000000002" target="AssignedEntity" targetShapeId="Sheet.26" rimTarget="Entity" rimName="playedRole" source="PrincipalChoiceList" cardinality="" required="0" mandatory="0" blocked="-1" businessName=""><annotations/></association><association name="asLicensedPrincipalChoiceList" endX="4.88518728177231" endY="5.5111652484809" beginX="4.8648394106222" beginY="4.97750000000002" target="LicensedEntity" targetShapeId="Sheet.179" rimTarget="Entity" rimName="playedRole" source="PrincipalChoiceList" cardinality="0..*" required="0" mandatory="0" blocked="0" businessName=""><annotations/></association></associations></class><class name="Person" type="Entity" rimName="Person"><graphics shapeId="Sheet.89" width="1.7937142974681" height="0.75" x="3.75271218345625" y="4.35250000000002" flipX="FALSE" flipY="FALSE" autoWidth="1" autoHeight="1"/><annotations/><attributes><attribute name="classCode" rimClassName="Entity" datatype="CS" cardinality="1..1" conformance="R" mandatory="true" strength="CNE" codeSystem="EntityClass" domainCode="PSN" maxLength="0" historyAllowed="false"><annotations/></attribute><attribute name="determinerCode" rimClassName="Entity" datatype="CS" cardinality="1..1" conformance="R" mandatory="true" strength="CNE" codeSystem="EntityDeterminer" domainCode="INSTANCE" maxLength="0" historyAllowed="false"><annotations/></attribute><attribute name="name" rimClassName="Entity" datatype="COLL&lt;EN&gt;" cardinality="1..*" conformance="R" mandatory="false" maxLength="0" historyAllowed="false"><annotations/></attribute></attributes></class><class name="Device" type="Entity" rimName="Device"><graphics shapeId="Sheet.85" width="3.64335800474349" height="0.915791950141059" x="3.93185036705" y="3.39492903713652" flipX="FALSE" flipY="FALSE" autoWidth="1" autoHeight="1"/><annotations/><attributes><attribute name="classCode" rimClassName="Entity" datatype="CS" cardinality="1..1" conformance="R" mandatory="true" strength="CNE" codeSystem="EntityClass" domainCode="DEV" maxLength="0" historyAllowed="false"><annotations/></attribute><attribute name="determinerCode" rimClassName="Entity" datatype="CS" cardinality="1..1" conformance="R" mandatory="true" strength="CNE" codeSystem="EntityDeterminer" domainCode="INSTANCE" maxLength="0" historyAllowed="false"><annotations/></attribute><attribute name="id" rimClassName="Entity" datatype="DSET&lt;II&gt;" cardinality="0..*" conformance="" mandatory="false" maxLength="0" historyAllowed="false" businessName="SW version"><annotations/></attribute><attribute name="manufacturerModelName" rimClassName="Device" datatype="SC" cardinality="0..1" conformance="" mandatory="false" strength="CWE" conceptDomain="ManufacturerModelName" maxLength="0" historyAllowed="false"><annotations/></attribute><attribute name="softwareName" rimClassName="Device" datatype="SC" cardinality="0..1" conformance="" mandatory="false" strength="CWE" conceptDomain="SoftwareName" maxLength="0" historyAllowed="false"><annotations/></attribute></attributes></class><class name="Organization" type="Entity" rimName="Organization"><graphics shapeId="Sheet.81" width="1.7937142974681" height="0.75" x="3.75271218345625" y="2.43735807427302" flipX="FALSE" flipY="FALSE" autoWidth="1" autoHeight="1"/><annotations/><attributes><attribute name="classCode" rimClassName="Entity" datatype="CS" cardinality="1..1" conformance="R" mandatory="true" strength="CNE" codeSystem="EntityClass" domainCode="ORG" maxLength="0" historyAllowed="false"><annotations/></attribute><attribute name="determinerCode" rimClassName="Entity" datatype="CS" cardinality="1..1" conformance="R" mandatory="true" strength="CNE" codeSystem="EntityDeterminer" domainCode="INSTANCE" maxLength="0" historyAllowed="false"><annotations/></attribute><attribute name="name" rimClassName="Entity" datatype="COLL&lt;EN&gt;" cardinality="0..*" conformance="R" mandatory="false" maxLength="0" historyAllowed="false"><annotations/></attribute></attributes></class><class name="Member" type="Role" rimName="RoleHeir"><graphics shapeId="Sheet.16" width="1.87730957334701" height="1.18180757514106" x="1.23389756894444" y="1.50944444444444" flipX="TRUE" flipY="TRUE" autoWidth="1" autoHeight="1"/><annotations/><attributes><attribute name="classCode" rimClassName="Role" datatype="CS" cardinality="1..1" conformance="R" mandatory="true" strength="CNE" codeSystem="RoleClass" domainCode="MBR" maxLength="0" historyAllowed="false"><annotations/></attribute><attribute name="id" rimClassName="Role" datatype="DSET&lt;II&gt;" cardinality="0..*" conformance="" mandatory="false" maxLength="0" historyAllowed="false"><annotations/></attribute><attribute name="code" rimClassName="Role" datatype="CD" cardinality="0..1" conformance="" mandatory="false" strength="CWE" conceptDomain="RoleCode" maxLength="0" historyAllowed="false"><annotations/></attribute><attribute name="addr" rimClassName="Role" datatype="COLL&lt;AD&gt;" cardinality="0..*" conformance="" mandatory="false" maxLength="0" historyAllowed="false"><annotations/></attribute><attribute name="telecom" rimClassName="Role" datatype="COLL&lt;TEL&gt;" cardinality="0..*" conformance="" mandatory="false" maxLength="0" historyAllowed="false"><annotations/></attribute><attribute name="statusCode" rimClassName="Role" datatype="CS" cardinality="0..1" conformance="" mandatory="false" strength="CNE" conceptDomain="RoleStatus" maxLength="0" historyAllowed="false"><annotations/></attribute><attribute name="effectiveTime" rimClassName="Role" datatype="IVL&lt;TS&gt;" cardinality="0..1" conformance="" mandatory="false" maxLength="0" historyAllowed="false"><annotations/></attribute></attributes><associations><association name="memberPrincipalChoiceList" beginX="1.98482139828325" beginY="1.98216747450087" endX="2.7308550347222" endY="2.24200000000002" target="PrincipalChoiceList" targetShapeId="Sheet.195" rimTarget="Role" rimName="player" source="Member" cardinality="" required="0" mandatory="0" blocked="-1" businessName=""><annotations/></association><association name="group" beginX="1.98482139828325" beginY="1.03672141438802" endX="2.92504241791634" endY="1.05828877020942" target="Group" targetShapeId="Sheet.77" rimTarget="Role" rimName="scoper" source="Member" cardinality="1..1" required="0" mandatory="0" blocked="0" businessName=""><annotations/></association></associations></class><class name="Group" type="Entity" rimName="EntityHeir"><graphics shapeId="Sheet.77" width="1.96991516416732" height="1.04879976264106" x="3.91" y="0.533888888888889" flipX="TRUE" flipY="TRUE" autoWidth="1" autoHeight="1"/><annotations/><attributes><attribute name="classCode" rimClassName="Entity" datatype="CS" cardinality="1..1" conformance="R" mandatory="true" strength="CNE" codeSystem="EntityClass" domainCode="RGRP" maxLength="0" historyAllowed="false"><annotations/></attribute><attribute name="determinerCode" rimClassName="Entity" datatype="CS" cardinality="1..1" conformance="R" mandatory="true" strength="CNE" codeSystem="EntityDeterminer" domainCode="INSTANCE" maxLength="0" historyAllowed="false"><annotations/></attribute><attribute name="id" rimClassName="Entity" datatype="DSET&lt;II&gt;" cardinality="0..*" conformance="R" mandatory="false" maxLength="0" historyAllowed="false"><annotations/></attribute><attribute name="code" rimClassName="Entity" datatype="CD" cardinality="0..1" conformance="R" mandatory="false" strength="CWE" conceptDomain="EntityCode" maxLength="0" historyAllowed="false"><annotations/></attribute><attribute name="name" rimClassName="Entity" datatype="COLL&lt;EN&gt;" cardinality="0..*" conformance="R" mandatory="false" maxLength="0" historyAllowed="false"><annotations/></attribute><attribute name="desc" rimClassName="Entity" datatype="ED" cardinality="0..1" conformance="" mandatory="false" maxLength="0" historyAllowed="false"><annotations/></attribute></attributes><associations><association name="member" endX="1.98482139828325" endY="1.03672141438802" beginX="2.92504241791634" beginY="1.05828877020942" target="Member" targetShapeId="Sheet.16" rimTarget="Entity" rimName="scopedRole" source="Group" cardinality="" required="0" mandatory="0" blocked="-1" businessName=""><annotations/></association></associations></class><class name="R_LocationLocatedEntityUniversal" cmetId="COCT_MT070000" cmetType="Role(Played or Performed)" attLevel="universal" domain="RoleClass" mnemonic="LOCE" type="CMET" rimName="RoleHeir" id="COCT_MT070000"><graphics shapeId="Sheet.59" width="2.01133555701302" height="0.627825234646268" x="6.40510904847917" y="2.65777777777778" flipX="FALSE" flipY="TRUE" autoWidth="1" autoHeight="1"/><annotations/><associations><association name="scoper" beginX="5.66119031866331" beginY="2.40083384195963" endX="5.1019487857222" endY="2.24200000000002" target="PrincipalChoiceList" targetShapeId="Sheet.195" rimTarget="Role" rimName="player" source="R_LocationLocatedEntityUniversal" cardinality="" required="0" mandatory="0" blocked="-1" businessName=""><annotations/></association></associations></class><class name="LanguageCommunication" type="OtherClass" rimName="LanguageCommunication"><graphics shapeId="Sheet.93" width="3.5387094146556" height="0.978851797146268" x="6.83772895015278" y="3.89666666666667" flipX="FALSE" flipY="FALSE" autoWidth="1" autoHeight="1"/><annotations/><attributes><attribute name="languageCode" rimClassName="LanguageCommunication" datatype="CD" cardinality="0..1" conformance="" mandatory="false" strength="CWE" conceptDomain="HumanLanguage" maxLength="0" historyAllowed="false"><annotations/></attribute><attribute name="modeCode" rimClassName="LanguageCommunication" datatype="CD" cardinality="0..1" conformance="" mandatory="false" strength="CWE" conceptDomain="LanguageAbilityMode" maxLength="0" historyAllowed="false"><annotations/></attribute><attribute name="proficiencyLevelCode" rimClassName="LanguageCommunication" datatype="CD" cardinality="0..1" conformance="" mandatory="false" strength="CWE" conceptDomain="LanguageAbilityProficiency" maxLength="0" historyAllowed="false"><annotations/></attribute><attribute name="preferenceInd" rimClassName="LanguageCommunication" datatype="BL" cardinality="0..1" conformance="" mandatory="false" maxLength="0" historyAllowed="false"><annotations/></attribute></attributes><associations><association name="principalChoiceList" beginX="5.95305159648888" beginY="4.3860925652398" endX="5.1019487857222" endY="4.67355555555558" target="PrincipalChoiceList" targetShapeId="Sheet.195" rimTarget="LanguageCommunication" rimName="entity" shapeId="Sheet.97" source="LanguageCommunication" cardinality="" required="0" mandatory="0" blocked="-1" businessName=""><traversal x="8.51102810766678E-02" y="0"/><traversal x="0.851102810766678" y="0"/><annotations/></association></associations></class><class name="AssignedEntity" type="Role" rimName="RoleHeir"><graphics shapeId="Sheet.26" width="2.96427322691146" height="1.18180757514106" x="1.65445529563889" y="6.26722222222222" flipX="TRUE" flipY="FALSE" autoWidth="1" autoHeight="1"/><annotations/><attributes><attribute name="classCode" rimClassName="Role" datatype="CS" cardinality="1..1" conformance="R" mandatory="true" strength="CNE" codeSystem="RoleClass" domainCode="ASSIGNED" maxLength="0" historyAllowed="false"><annotations/></attribute><attribute name="id" rimClassName="Role" datatype="DSET&lt;II&gt;" cardinality="0..*" conformance="R" mandatory="false" maxLength="0" historyAllowed="false"><annotations/></attribute><attribute name="code" rimClassName="Role" datatype="CD" cardinality="0..1" conformance="R" mandatory="false" strength="CWE" conceptDomain="RoleCode" maxLength="0" historyAllowed="false" businessName="role in organization"><annotations/></attribute><attribute name="addr" rimClassName="Role" datatype="COLL&lt;AD&gt;" cardinality="0..*" conformance="" mandatory="false" maxLength="0" historyAllowed="false" businessName="mailing address"><annotations/></attribute><attribute name="telecom" rimClassName="Role" datatype="COLL&lt;TEL&gt;" cardinality="0..*" conformance="" mandatory="false" maxLength="0" historyAllowed="false"><annotations/></attribute><attribute name="effectiveTime" rimClassName="Role" datatype="IVL&lt;TS&gt;" cardinality="0..1" conformance="" mandatory="false" maxLength="0" historyAllowed="false"><annotations/></attribute><attribute name="certificateText" rimClassName="Role" datatype="ED" cardinality="0..1" conformance="" mandatory="false" maxLength="0" historyAllowed="false" businessName="digital signature"><annotations/></attribute></attributes><associations><association name="assignedPrincipalChoiceList" beginX="2.84016458640347" beginY="5.7944991921658" endX="2.9679644098222" endY="4.97750000000002" target="PrincipalChoiceList" targetShapeId="Sheet.195" rimTarget="Role" rimName="player" source="AssignedEntity" cardinality="0..1" required="0" mandatory="0" blocked="0" businessName=""><annotations/></association><association name="representedOrganization" beginX="2.84016458640347" beginY="6.73994525227865" endX="2.77707721197146" endY="7.44108738267684" target="E_OrganizationUniversal" targetShapeId="Sheet.65" rimTarget="Role" rimName="scoper" source="AssignedEntity" cardinality="0..1" required="0" mandatory="0" blocked="0" businessName=""><annotations/></association></associations></class><class name="E_OrganizationUniversal" cmetId="COCT_MT150000" cmetType="Entity" attLevel="universal" domain="EntityClass" mnemonic="ORG" type="CMET" rimName="Organization" id="COCT_MT150000"><graphics shapeId="Sheet.65" width="1.04463279179861" height="0.627825234646268" x="2.6726139327916" y="7.75499999999998" flipX="FALSE" flipY="TRUE" autoWidth="1" autoHeight="1"/><annotations/><associations><association name="assignedEntity" endX="2.84016458640347" endY="6.73994525227865" beginX="2.77707721197146" beginY="7.44108738267684" target="AssignedEntity" targetShapeId="Sheet.26" rimTarget="Entity" rimName="scopedRole" source="E_OrganizationUniversal" cardinality="" required="0" mandatory="0" blocked="-1" businessName=""><annotations/></association><association name="roleOther" endX="2.1976139327917" endY="4.05398293131513" beginX="1.03231639589931" beginY="4.69499525431315" target="RoleOther" targetShapeId="Sheet.36" rimTarget="Entity" rimName="scopedRole" source="E_OrganizationUniversal" cardinality="" required="0" mandatory="0" blocked="-1" businessName=""><annotations/></association></associations></class><entryPoint entryClass="AssignedEntity" name="R_AssignedEntity universal" type="EntryPoint" id="COCT_RM090000"><graphics shapeId="Sheet.46" connectedShape="Sheet.26" width="2.30374228886892" height="1.70014440511068" beginX="1.7" beginY="8.3" endX="1.65445529563889" endY="6.85812600979275"/><annotations/><notes><text>16 Mar 2004 Supports messages related to an assigned provider, which includes persons, devices, and organizations. An assigned role is one in which the agent is an Entity acting in the employ of an organization. The focus is on functional role on behalf of the organization, Property-contextConductionStyle: I </text></notes></entryPoint><class name="LicensedEntity" type="Role" rimName="LicensedEntity"><graphics shapeId="Sheet.179" width="1.84953179556923" height="0.781809101019965" x="5.625" y="5.82388888888889" flipX="FALSE" flipY="FALSE" autoWidth="1" autoHeight="1"/><annotations/><attributes><attribute name="classCode" rimClassName="Role" datatype="CS" cardinality="1..1" conformance="R" mandatory="true" strength="CNE" codeSystem="RoleClass" domainCode="LIC" maxLength="0" historyAllowed="false"><annotations/></attribute><attribute name="id" rimClassName="Role" datatype="DSET&lt;II&gt;" cardinality="0..*" conformance="" mandatory="false" maxLength="0" historyAllowed="false"><annotations/></attribute><attribute name="code" rimClassName="Role" datatype="CD" cardinality="0..1" conformance="" mandatory="false" strength="CWE" conceptDomain="RoleCode" maxLength="0" historyAllowed="false"><annotations/></attribute><attribute name="effectiveTime" rimClassName="Role" datatype="IVL&lt;TS&gt;" cardinality="0..1" conformance="" mandatory="false" maxLength="0" historyAllowed="false"><annotations/></attribute></attributes><associations><association name="subjectPrincipalChoiceList" beginX="4.88518728177231" beginY="5.5111652484809" endX="4.8648394106222" endY="4.97750000000002" target="PrincipalChoiceList" targetShapeId="Sheet.195" rimTarget="Role" rimName="player" source="LicensedEntity" cardinality="" required="0" mandatory="0" blocked="-1" businessName=""><annotations/></association><association name="issuingOrganization" beginX="4.88518728177231" beginY="6.13661252929688" endX="5.38661016246042" endY="6.87219849378798" target="E_OrganizationContact" targetShapeId="Sheet.189" rimTarget="Role" rimName="scoper" source="LicensedEntity" cardinality="0..1" required="0" mandatory="0" blocked="0" businessName=""><annotations/></association></associations></class><class name="E_OrganizationContact" cmetId="COCT_MT150003" cmetType="Entity" attLevel="contact" domain="EntityClass" mnemonic="ORG" type="CMET" rimName="Organization" id="COCT_MT150003"><graphics shapeId="Sheet.189" width="1.04463279179861" height="0.627825234646268" x="5.7" y="7.18611111111111" flipX="FALSE" flipY="FALSE" autoWidth="1" autoHeight="1"/><annotations/><associations><association name="licensedEntity" endX="4.88518728177231" endY="6.13661252929688" beginX="5.38661016246042" beginY="6.87219849378798" target="LicensedEntity" targetShapeId="Sheet.179" rimTarget="Entity" rimName="scopedRole" source="E_OrganizationContact" cardinality="" required="0" mandatory="0" blocked="-1" businessName=""><annotations/></association></associations></class><class name="E_OrganizationUniversal" cmetId="COCT_MT150000" cmetType="Entity" attLevel="universal" domain="EntityClass" mnemonic="ORG" type="CMET" rimName="Organization" id="COCT_MT150000"><graphics shapeId="Sheet.71" width="1.04463279179861" height="0.627825234646268" x="0.51" y="4.75777777777778" flipX="FALSE" flipY="FALSE" autoWidth="1" autoHeight="1"/><annotations/><associations><association name="assignedEntity" endX="2.84016458640347" endY="6.73994525227865" beginX="2.77707721197146" beginY="7.44108738267684" target="AssignedEntity" targetShapeId="Sheet.26" rimTarget="Entity" rimName="scopedRole" source="E_OrganizationUniversal" cardinality="" required="0" mandatory="0" blocked="-1" businessName=""><annotations/></association><association name="roleOther" endX="2.1976139327917" endY="4.05398293131513" beginX="1.03231639589931" beginY="4.69499525431315" target="RoleOther" targetShapeId="Sheet.36" rimTarget="Entity" rimName="scopedRole" source="E_OrganizationUniversal" cardinality="" required="0" mandatory="0" blocked="-1" businessName=""><annotations/></association></associations></class></page></pages></hl7model>
