<?xml version="1.0"?>
<hl7model rendered="7/1/2012 8:46:14 AM" datatypesRelease="R2"><pages><page name="Pg-1" width="9.55798285690277" height="6.61611111111112"><class name="R_AssignedPersonIdentified/confirmable" cmetId="COCT_MT090102UV" cmetType="Role(Performed only)" attLevel="identified/confirmable" domain="RoleClass" mnemonic="ASSIGNED" type="CMET" rimName="RoleHeir" id="COCT_MT090102UV"><graphics shapeId="Sheet.33" width="1.37048804692556" height="0.671111111111111" x="0.679786241819438" y="5.30222222222222" flipX="FALSE" flipY="FALSE" autoWidth="1" autoHeight="0"/><annotations/><associations><association name="attenderOf" beginX="1.36503026528222" beginY="5.23511111111111" endX="1.36503026528222" endY="5.23511111111111" target="Attender" targetShapeId="Sheet.265" rimTarget="Role" rimName="participation" source="R_AssignedPersonIdentified/confirmable" cardinality="" required="0" mandatory="0" blocked="-1" businessName=""><annotations/></association></associations></class><class name="Attender" type="Participation" rimName="ManagedParticipation"><graphics shapeId="Sheet.265" width="2.70016266172591" height="0.836808592393664" x="1.76664935740085" y="5.19786111111111" beginX="3.1167306882638" beginY="5.16061111111111" endX="1.36503026528222" endY="5.23511111111111" arrowWidth="66 in."/><annotations/><attributes><attribute name="typeCode" rimClassName="Participation" datatype="CS" cardinality="1..1" conformance="R" mandatory="true" strength="CNE" codeSystem="ParticipationType" domainCode="ATND" maxLength="0" historyAllowed="false"><annotations/></attribute><attribute name="time" rimClassName="Participation" datatype="IVL&lt;TS&gt;" cardinality="1..1" conformance="R" mandatory="false" maxLength="0" historyAllowed="false"><annotations/></attribute><attribute name="modeCode" rimClassName="Participation" datatype="CD" cardinality="0..1" conformance="" mandatory="false" strength="CWE" conceptDomain="ParticipationMode" maxLength="0" historyAllowed="false"><annotations/></attribute><attribute name="id" rimClassName="ManagedParticipation" datatype="DSET&lt;II&gt;" cardinality="0..*" conformance="" mandatory="false" maxLength="0" historyAllowed="false"><annotations/></attribute><attribute name="statusCode" rimClassName="ManagedParticipation" datatype="CS" cardinality="0..1" conformance="" mandatory="false" strength="CNE" conceptDomain="ManagedParticipationStatus" maxLength="0" historyAllowed="false"><annotations/></attribute></attributes><associations><association name="encounter" beginX="3.1167306882638" beginY="5.16061111111111" endX="3.1167306882638" endY="5.16061111111111" target="Encounter" targetShapeId="Sheet.469" rimTarget="Participation" rimName="act" source="Attender" cardinality="" required="0" mandatory="0" blocked="-1" businessName=""><annotations/></association><association name="assignedPerson" beginX="1.36503026528222" beginY="5.23511111111111" endX="1.36503026528222" endY="5.23511111111111" target="R_AssignedPersonIdentified/confirmable" targetShapeId="Sheet.33" rimTarget="Participation" rimName="role" source="Attender" cardinality="1..1" required="0" mandatory="0" blocked="0" businessName=""><annotations/></association></associations></class><class name="Encounter" type="Act" rimName="PatientEncounter"><graphics shapeId="Sheet.469" width="2.4128472222222" height="4.81833333333334" x="4.3231542993749" y="4.19694444444444" flipX="FALSE" flipY="FALSE" autoWidth="0" autoHeight="0"/><annotations/><attributes><attribute name="classCode" rimClassName="Act" datatype="CS" cardinality="1..1" conformance="R" mandatory="true" strength="CNE" codeSystem="ActClass" domainCode="ENC" maxLength="0" historyAllowed="false"><annotations/></attribute><attribute name="moodCode" rimClassName="Act" datatype="CS" cardinality="1..1" conformance="R" mandatory="true" strength="CNE" codeSystem="ActMood" domainCode="EVN" maxLength="0" historyAllowed="false"><annotations/></attribute><attribute name="id" rimClassName="Act" datatype="DSET&lt;II&gt;" cardinality="1..*" conformance="R" mandatory="true" maxLength="0" historyAllowed="false"><annotations/></attribute><attribute name="code" rimClassName="Act" datatype="CD" cardinality="0..1" conformance="" mandatory="false" strength="CWE" conceptDomain="ActEncounterCode" maxLength="0" historyAllowed="false"><annotations/></attribute><attribute name="statusCode" rimClassName="Act" datatype="CS" cardinality="1..1" conformance="R" mandatory="false" strength="CNE" conceptDomain="ActStatus" maxLength="0" historyAllowed="false"><annotations/></attribute><attribute name="effectiveTime" rimClassName="Act" datatype="IVL&lt;TS&gt;" cardinality="0..1" conformance="R" mandatory="false" maxLength="0" historyAllowed="false"><annotations/></attribute></attributes><associations><association name="attender" beginX="3.1167306882638" beginY="5.16061111111111" endX="3.1167306882638" endY="5.16061111111111" target="Attender" targetShapeId="Sheet.265" rimTarget="Act" rimName="participation" source="Encounter" cardinality="0..*" required="0" mandatory="0" blocked="0" businessName=""><annotations/></association><association name="subject" beginX="4.56443902159712" beginY="1.78777777777777" endX="4.56443902159712" endY="1.78777777777777" target="Subject1" targetShapeId="Sheet.259" rimTarget="Act" rimName="participation" source="Encounter" cardinality="1..1" required="-1" mandatory="-1" blocked="0" businessName=""><annotations/></association><association name="location" beginX="5.5314529084861" beginY="4.43547579757976" endX="5.5314529084861" endY="4.43547579757976" target="Location1" targetShapeId="Sheet.271" rimTarget="Act" rimName="participation" source="Encounter" cardinality="0..*" required="-1" mandatory="0" blocked="0" businessName=""><annotations/></association><association name="reference" beginX="3.1164529084861" beginY="3.45749724972497" endX="3.1164529084861" endY="3.45749724972497" target="Reference" targetShapeId="Sheet.409" rimTarget="Act" rimName="outboundRelationship" source="Encounter" cardinality="0..*" required="0" mandatory="0" blocked="0" businessName=""><annotations/></association></associations></class><entryPoint entryClass="Encounter" name="A_Encounter Minimal" type="EntryPoint" id="COCT_RM010004UV"><graphics shapeId="Sheet.314" connectedShape="Sheet.469" width="2.0812996619158" height="0.90014745686849" beginX="6.52978624181944" beginY="6.03777777777777" endX="5.529577910486" endY="6.12427777777778"/><annotations/><notes><text>26 Nov 2003 CMET used to refer to an encounter Property-contextConductionStyle: I </text></notes></entryPoint><class name="Subject1" type="Participation" rimName="Participation"><graphics shapeId="Sheet.259" width="1.14997627156575" height="1.08988739317122" x="4.28506382701572" y="1.21278964199489" beginX="4.56443902159712" beginY="1.78777777777777" endX="4.00568863243432" endY="0.637801506212018" arrowWidth="66 in."/><annotations/><attributes><attribute name="typeCode" rimClassName="Participation" datatype="CS" cardinality="1..1" conformance="R" mandatory="true" strength="CNE" codeSystem="ParticipationType" domainCode="SBJ" maxLength="0" historyAllowed="false"><annotations/></attribute></attributes><associations><association name="encounter" beginX="4.56443902159712" beginY="1.78777777777777" endX="4.56443902159712" endY="1.78777777777777" target="Encounter" targetShapeId="Sheet.469" rimTarget="Participation" rimName="act" source="Subject1" cardinality="" required="0" mandatory="0" blocked="-1" businessName=""><annotations/></association><association name="patient" beginX="4.00568863243432" beginY="0.637801506212018" endX="4.00568863243432" endY="0.637801506212018" target="R_PatientIdentified/confirmable" targetShapeId="Sheet.67" rimTarget="Participation" rimName="role" source="Subject1" cardinality="1..1" required="-1" mandatory="-1" blocked="0" businessName=""><annotations/></association></associations></class><class name="R_PatientIdentified/confirmable" cmetId="COCT_MT050002UV" cmetType="Role(Performed only)" attLevel="identified/confirmable" domain="RoleClass" mnemonic="PAT" type="CMET" rimName="Patient" id="COCT_MT050002UV"><graphics shapeId="Sheet.67" width="1.37048804692556" height="0.627825234646268" x="4.27978624181944" y="0.323888888888884" flipX="FALSE" flipY="FALSE" autoWidth="1" autoHeight="1"/><annotations/><associations><association name="subjectOf" beginX="4.00568863243432" beginY="0.637801506212018" endX="4.00568863243432" endY="0.637801506212018" target="Subject1" targetShapeId="Sheet.259" rimTarget="Role" rimName="participation" source="R_PatientIdentified/confirmable" cardinality="" required="0" mandatory="0" blocked="-1" businessName=""><annotations/></association></associations></class><class name="Location1" type="Participation" rimName="ManagedParticipation"><graphics shapeId="Sheet.271" width="1.73288084988064" height="0.703150755479601" x="6.39789333342642" y="4.28550855803738" beginX="5.5314529084861" beginY="4.43547579757976" endX="7.26433375836674" endY="4.13554131849501" arrowWidth="66 in."/><annotations/><attributes><attribute name="typeCode" rimClassName="Participation" datatype="CS" cardinality="1..1" conformance="R" mandatory="true" strength="CNE" codeSystem="ParticipationType" domainCode="LOC" maxLength="0" historyAllowed="false"><annotations/></attribute><attribute name="time" rimClassName="Participation" datatype="IVL&lt;TS&gt;" cardinality="1..1" conformance="R" mandatory="false" maxLength="0" historyAllowed="false"><annotations/></attribute><attribute name="id" rimClassName="ManagedParticipation" datatype="DSET&lt;II&gt;" cardinality="0..*" conformance="" mandatory="false" maxLength="0" historyAllowed="false"><annotations/></attribute><attribute name="statusCode" rimClassName="ManagedParticipation" datatype="CS" cardinality="0..1" conformance="" mandatory="false" strength="CNE" conceptDomain="ManagedParticipationStatus" maxLength="0" historyAllowed="false"><annotations/></attribute></attributes><associations><association name="encounter" beginX="5.5314529084861" beginY="4.43547579757976" endX="5.5314529084861" endY="4.43547579757976" target="Encounter" targetShapeId="Sheet.469" rimTarget="Participation" rimName="act" source="Location1" cardinality="" required="0" mandatory="0" blocked="-1" businessName=""><annotations/></association><association name="serviceDeliveryLocation" beginX="7.26433375836674" beginY="4.13554131849501" endX="7.26433375836674" endY="4.13554131849501" target="R_ServiceDeliveryLocationIdentified/confirmable" targetShapeId="Sheet.1" rimTarget="Participation" rimName="role" source="Location1" cardinality="1..1" required="-1" mandatory="0" blocked="0" businessName=""><annotations/></association></associations></class><class name="R_ServiceDeliveryLocationIdentified/confirmable" cmetId="COCT_MT240002UV" cmetType="Role(Performed only)" attLevel="identified/confirmable" domain="RoleClass" mnemonic="SDLOC" type="CMET" rimName="RoleHeir" id="COCT_MT240002UV"><graphics shapeId="Sheet.1" width="1.63653647832205" height="0.627825234646268" x="8.08260199752776" y="4.32388888888889" flipX="FALSE" flipY="FALSE" autoWidth="1" autoHeight="1"/><annotations/><associations><association name="locationOf" beginX="7.26433375836674" beginY="4.13554131849501" endX="7.26433375836674" endY="4.13554131849501" target="Location1" targetShapeId="Sheet.271" rimTarget="Role" rimName="participation" source="R_ServiceDeliveryLocationIdentified/confirmable" cardinality="" required="0" mandatory="0" blocked="-1" businessName=""><annotations/></association></associations></class><class name="Reference" type="ActRelationship" rimName="ActRelationship"><graphics shapeId="Sheet.409" width="1.55600829078689" height="0.303152281358507" x="2.33844876309266" y="3.35930180757462" beginX="3.1164529084861" beginY="3.45749724972497" endX="1.56044461769921" endY="3.26110636542426" arrowWidth="66 in."/><annotations/><attributes><attribute name="typeCode" rimClassName="ActRelationship" datatype="CS" cardinality="1..1" conformance="R" mandatory="true" strength="CNE" codeSystem="ActRelationshipType" domainCode="REFR" maxLength="0" historyAllowed="false"><annotations/></attribute></attributes><associations><association name="encounter" beginX="3.1164529084861" beginY="3.45749724972497" endX="3.1164529084861" endY="3.45749724972497" target="Encounter" targetShapeId="Sheet.469" rimTarget="ActRelationship" rimName="source" source="Reference" cardinality="" required="0" mandatory="0" blocked="-1" businessName=""><annotations/></association><association name="account" beginX="1.56044461769921" beginY="3.26110636542426" endX="1.56044461769921" endY="3.26110636542426" target="A_AccountIdentified" targetShapeId="Sheet.352" rimTarget="ActRelationship" rimName="target" source="Reference" cardinality="1..1" required="0" mandatory="0" blocked="0" businessName=""><annotations/></association></associations></class><class name="A_AccountIdentified" cmetId="COCT_MT110001UV" cmetType="Act" attLevel="identified" domain="ActClass" mnemonic="ACCT" type="CMET" rimName="Account" id="COCT_MT110001UV"><graphics shapeId="Sheet.352" width="1.16131675175955" height="0.627825234646268" x="0.979786241819438" y="3.32388888888889" flipX="FALSE" flipY="FALSE" autoWidth="1" autoHeight="1"/><annotations/><associations><association name="referencedBy" beginX="1.56044461769921" beginY="3.26110636542426" endX="1.56044461769921" endY="3.26110636542426" target="Reference" targetShapeId="Sheet.409" rimTarget="Act" rimName="inboundRelationship" source="A_AccountIdentified" cardinality="" required="0" mandatory="0" blocked="-1" businessName=""><annotations/></association></associations></class></page></pages></hl7model>
