<?xml version="1.0"?>
<hl7model rendered="7/1/2012 8:49:54 AM" datatypesRelease="R2"><pages><page name="Pg-1" width="4.36905941094485" height="6.45722222222222"><class name="AssignedOrganization" type="Role" rimName="RoleHeir"><graphics shapeId="Sheet.26" width="2.96427322691146" height="0.915141925726997" x="1.111572266125" y="3.29194444444442" flipX="TRUE" flipY="FALSE" autoWidth="1" autoHeight="1"/><annotations/><attributes><attribute name="classCode" rimClassName="Role" datatype="CS" cardinality="1..1" conformance="R" mandatory="true" strength="CNE" codeSystem="RoleClass" domainCode="ASSIGNED" maxLength="0" historyAllowed="false"><annotations/></attribute><attribute name="id" rimClassName="Role" datatype="DSET&lt;II&gt;" cardinality="1..*" conformance="R" mandatory="true" maxLength="0" historyAllowed="false"><annotations/></attribute><attribute name="code" rimClassName="Role" datatype="CD" cardinality="0..1" conformance="R" mandatory="false" strength="CWE" conceptDomain="RoleCode" maxLength="0" historyAllowed="false" businessName="role in organization"><annotations/></attribute><attribute name="addr" rimClassName="Role" datatype="COLL&lt;AD&gt;" cardinality="0..*" conformance="" mandatory="false" maxLength="0" historyAllowed="false"><annotations/></attribute><attribute name="telecom" rimClassName="Role" datatype="COLL&lt;TEL&gt;" cardinality="0..*" conformance="" mandatory="false" maxLength="0" historyAllowed="false"><annotations/></attribute></attributes><associations><association name="assignedPrincipalChoiceList" beginX="2.29728155688958" beginY="2.92588767415362" endX="2.49201117606527" endY="1.135" target="PrincipalChoiceList" targetShapeId="Sheet.71" rimTarget="Role" rimName="player" source="AssignedOrganization" cardinality="0..1" required="0" mandatory="0" blocked="0" businessName=""><annotations/></association><association name="representedOrganization" beginX="2.29728155688958" beginY="3.65800121473522" endX="3.06158024966597" endY="4.39692071601018" target="E_OrganizationContact" targetShapeId="Sheet.65" rimTarget="Role" rimName="scoper" source="AssignedOrganization" cardinality="0..1" required="0" mandatory="0" blocked="0" businessName=""><annotations/></association></associations></class><class name="PrincipalChoiceList" type="Choice" rimName="Entity"><graphics shapeId="Sheet.71" width="1.95746527877778" height="1.125" x="3.27499728757638" y="0.5725" flipX="GUARD(FALSE)" flipY="GUARD(FALSE)" vertical="1" autoWidth="1" autoHeight="1"/><annotations/><children><childClass name="Organization" shapeId="Sheet.179"/></children><associations><association name="assignedOrganization" endX="2.29728155688958" endY="2.92588767415362" beginX="2.49201117606527" beginY="1.135" target="AssignedOrganization" targetShapeId="Sheet.26" rimTarget="Entity" rimName="playedRole" source="PrincipalChoiceList" cardinality="" required="0" mandatory="0" blocked="-1" businessName=""><annotations/></association></associations></class><class name="Organization" type="Entity" rimName="Organization"><graphics shapeId="Sheet.179" width="1.7937142974681" height="0.75" x="3.31812179692154" y="0.51" flipX="FALSE" flipY="FALSE" autoWidth="1" autoHeight="1"/><annotations/><attributes><attribute name="classCode" rimClassName="Entity" datatype="CS" cardinality="1..1" conformance="R" mandatory="true" strength="CNE" codeSystem="EntityClass" domainCode="ORG" maxLength="0" historyAllowed="false"><annotations/></attribute><attribute name="determinerCode" rimClassName="Entity" datatype="CS" cardinality="1..1" conformance="R" mandatory="true" strength="CNE" codeSystem="EntityDeterminer" domainCode="INSTANCE" maxLength="0" historyAllowed="false"><annotations/></attribute><attribute name="name" rimClassName="Entity" datatype="COLL&lt;EN&gt;" cardinality="1..*" conformance="" mandatory="false" maxLength="0" historyAllowed="false"><annotations/></attribute></attributes></class><class name="E_OrganizationContact" cmetId="COCT_MT150003" cmetType="Entity" attLevel="contact" domain="EntityClass" mnemonic="ORG" type="CMET" rimName="Organization" id="COCT_MT150003"><graphics shapeId="Sheet.65" width="1.04463279179861" height="0.627825234646268" x="2.95711697048611" y="4.71083333333331" flipX="FALSE" flipY="TRUE" autoWidth="1" autoHeight="1"/><annotations/><associations><association name="assignedOrganization" endX="2.29728155688958" endY="3.65800121473522" beginX="3.06158024966597" beginY="4.39692071601018" target="AssignedOrganization" targetShapeId="Sheet.26" rimTarget="Entity" rimName="scopedRole" source="E_OrganizationContact" cardinality="" required="0" mandatory="0" blocked="-1" businessName=""><annotations/></association></associations></class><entryPoint entryClass="AssignedOrganization" name="R_AssignedOrganization contact" type="EntryPoint" id="COCT_RM090203"><graphics shapeId="Sheet.46" connectedShape="Sheet.26" width="2.30595184629622" height="1.30014593098958" beginX="1.28373480902778" beginY="5.31" endX="1.111572266125" endY="3.74951540730792"/><annotations/><notes><text>14 Mar 2004 Supports messages related to an assigned organization. An assigned role is one in which the agent is an entity acting on behalf of another organization. Property-contextConductionStyle: I </text></notes></entryPoint></page></pages></hl7model>
