<?xml version="1.0"?>
<hl7model rendered="7/1/2012 9:01:43 AM" datatypesRelease="R2"><pages><page name="DICOM Objects Sequence" width="22" height="22"><class name="SopInstance" type="Act" rimName="DiagnosticImage"><graphics shapeId="Sheet.1" width="3.8" height="1.95" x="14.3" y="8.525" flipX="FALSE" flipY="FALSE" autoWidth="0" autoHeight="0"/><annotations/><attributes><attribute name="classCode" rimClassName="Act" datatype="CS" cardinality="1..1" conformance="R" mandatory="true" strength="CNE" codeSystem="ActClass" domainCode="DGIMG" maxLength="0" historyAllowed="false"><annotations/></attribute><attribute name="moodCode" rimClassName="Act" datatype="CS" cardinality="1..1" conformance="R" mandatory="true" strength="CNE" codeSystem="ActMood" domainCode="EVN" maxLength="0" historyAllowed="false"><annotations/></attribute><attribute name="id" rimClassName="Act" datatype="II" cardinality="1..1" conformance="R" mandatory="true" maxLength="0" historyAllowed="false" businessName="SOP Instance UID (0008,0018"><annotations/></attribute><attribute name="code" rimClassName="Act" datatype="CD" cardinality="1..1" conformance="R" mandatory="true" strength="CWE" conceptDomain="ExternallyDefinedActCodes" maxLength="0" historyAllowed="false" businessName="SOP Class UID Code (0008,0016"><annotations/></attribute><attribute name="title" rimClassName="Act" datatype="ST" cardinality="0..1" conformance="R" mandatory="false" maxLength="0" historyAllowed="false" businessName="SOP Class UID derived name"><annotations/></attribute><attribute name="text" rimClassName="Act" datatype="ED" cardinality="0..1" conformance="" mandatory="false" maxLength="0" historyAllowed="false" businessName="WADO Reference"><annotations/></attribute><attribute name="effectiveTime" rimClassName="Act" datatype="TS" cardinality="0..1" conformance="" mandatory="false" maxLength="0" historyAllowed="false" businessName="Content Date (0008,0023) and Content Time (0008,0033"><annotations/></attribute></attributes><associations><association name="componentOf" beginX="14.3" beginY="9.5" endX="14.3" endY="9.5" target="Component1" targetShapeId="Sheet.23" rimTarget="Act" rimName="inboundRelationship" source="SopInstance" cardinality="" required="0" mandatory="0" blocked="-1" businessName=""><annotations/></association></associations></class><class name="Component1" type="ActRelationship" rimName="ActRelationship"><graphics shapeId="Sheet.23" width="0.88347625969001" height="1.9527833587474" x="14.2987436444683" y="9.941738129845" beginX="14.2974872889365" beginY="10.38347625969" endX="14.3" endY="9.5" arrowWidth="66 in."/><annotations/><attributes><attribute name="typeCode" rimClassName="ActRelationship" datatype="CS" cardinality="1..1" conformance="R" mandatory="true" strength="CNE" codeSystem="ActRelationshipType" domainCode="COMP" maxLength="0" historyAllowed="false"><annotations/></attribute><attribute name="contextControlCode" rimClassName="ActRelationship" datatype="CS" cardinality="1..1" conformance="R" mandatory="true" strength="CNE" codeSystem="C:ContextControl" default="AP" maxLength="0" historyAllowed="false"><annotations/></attribute><attribute name="contextConductionInd" rimClassName="ActRelationship" datatype="BL" cardinality="1..1" conformance="R" mandatory="true" default="true" maxLength="0" historyAllowed="false"><annotations/></attribute></attributes><associations><association name="series" beginX="14.2974872889365" beginY="10.38347625969" endX="14.2974872889365" endY="10.38347625969" target="Series" targetShapeId="Sheet.19" rimTarget="ActRelationship" rimName="source" source="Component1" cardinality="" required="0" mandatory="0" blocked="-1" businessName=""><annotations/></association><association name="sopInstance" beginX="14.3" beginY="9.5" endX="14.3" endY="9.5" target="SopInstance" targetShapeId="Sheet.1" rimTarget="ActRelationship" rimName="target" source="Component1" cardinality="1..1" required="0" mandatory="0" blocked="0" businessName=""><annotations/></association></associations></class><class name="Series" type="Act" rimName="ActHeir"><graphics shapeId="Sheet.19" width="3.8" height="1.58213106146918" x="14.2974872889365" y="11.1745417904246" flipX="FALSE" flipY="FALSE" autoWidth="0" autoHeight="0"/><annotations/><attributes><attribute name="classCode" rimClassName="Act" datatype="CS" cardinality="1..1" conformance="R" mandatory="true" strength="CNE" codeSystem="ActClass" domainCode="ACT" maxLength="0" historyAllowed="false"><annotations/></attribute><attribute name="moodCode" rimClassName="Act" datatype="CS" cardinality="1..1" conformance="R" mandatory="true" strength="CNE" codeSystem="ActMood" domainCode="EVN" maxLength="0" historyAllowed="false"><annotations/></attribute><attribute name="id" rimClassName="Act" datatype="II" cardinality="1..1" conformance="R" mandatory="true" maxLength="0" historyAllowed="false" businessName="Series Instance UID (0020,000E"><annotations/></attribute><attribute name="code" rimClassName="Act" datatype="CD" cardinality="1..1" conformance="R" mandatory="true" strength="CWE" conceptDomain="ExternallyDefinedActCodes" maxLength="0" historyAllowed="false" businessName=" (&quot;DICOM Series&quot; DICOM Code: 113015 postcoordinated with qualifier&#xA;   name &quot;modality&quot; DICOM Code: 121139 and qualifier value modality&#xA;   (0008,0060"><annotations/></attribute><attribute name="text" rimClassName="Act" datatype="ST" cardinality="0..1" conformance="" mandatory="false" maxLength="0" historyAllowed="false" businessName="Series Description (0008,103E"><annotations/></attribute><attribute name="effectiveTime" rimClassName="Act" datatype="TS" cardinality="0..1" conformance="" mandatory="false" maxLength="0" historyAllowed="false" businessName="Series Date (0008,0021) and Series Time (0008,0031"><annotations/></attribute></attributes><associations><association name="component" beginX="14.2974872889365" beginY="10.38347625969" endX="14.2974872889365" endY="10.38347625969" target="Component1" targetShapeId="Sheet.23" rimTarget="Act" rimName="outboundRelationship" source="Series" cardinality="1..*" required="0" mandatory="0" blocked="0" businessName=""><annotations/></association><association name="componentOf" beginX="14.2974872889365" beginY="11.9656073211592" endX="14.2974872889365" endY="11.9656073211592" target="Component2" targetShapeId="Sheet.39" rimTarget="Act" rimName="inboundRelationship" source="Series" cardinality="" required="0" mandatory="0" blocked="-1" businessName=""><annotations/></association></associations></class><class name="Component2" type="ActRelationship" rimName="ActRelationship"><graphics shapeId="Sheet.39" width="1.16786842990452" height="1.9527833587474" x="14.2848880099002" y="12.5495415361115" beginX="14.2722887308639" beginY="13.1334757510637" endX="14.2974872889365" endY="11.9656073211592" arrowWidth="66 in."/><annotations/><attributes><attribute name="typeCode" rimClassName="ActRelationship" datatype="CS" cardinality="1..1" conformance="R" mandatory="true" strength="CNE" codeSystem="ActRelationshipType" domainCode="COMP" maxLength="0" historyAllowed="false"><annotations/></attribute><attribute name="contextControlCode" rimClassName="ActRelationship" datatype="CS" cardinality="1..1" conformance="R" mandatory="true" strength="CNE" codeSystem="C:ContextControl" default="AP" maxLength="0" historyAllowed="false"><annotations/></attribute><attribute name="contextConductionInd" rimClassName="ActRelationship" datatype="BL" cardinality="1..1" conformance="R" mandatory="true" default="true" maxLength="0" historyAllowed="false"><annotations/></attribute></attributes><associations><association name="study" beginX="14.2722887308639" beginY="13.1334757510637" endX="14.2722887308639" endY="13.1334757510637" target="Study" targetShapeId="Sheet.15" rimTarget="ActRelationship" rimName="source" source="Component2" cardinality="" required="0" mandatory="0" blocked="-1" businessName=""><annotations/></association><association name="series" beginX="14.2974872889365" beginY="11.9656073211592" endX="14.2974872889365" endY="11.9656073211592" target="Series" targetShapeId="Sheet.19" rimTarget="ActRelationship" rimName="target" source="Component2" cardinality="1..1" required="0" mandatory="0" blocked="0" businessName=""><annotations/></association></associations></class><class name="Study" type="Act" rimName="ActHeir"><graphics shapeId="Sheet.15" width="3.8" height="1.31546541205512" x="14.2722887308639" y="13.7912084570913" flipX="FALSE" flipY="FALSE" autoWidth="0" autoHeight="0"/><annotations/><attributes><attribute name="classCode" rimClassName="Act" datatype="CS" cardinality="1..1" conformance="R" mandatory="true" strength="CNE" codeSystem="ActClass" domainCode="ACT" maxLength="0" historyAllowed="false"><annotations/></attribute><attribute name="moodCode" rimClassName="Act" datatype="CS" cardinality="1..1" conformance="R" mandatory="true" strength="CNE" codeSystem="ActMood" domainCode="EVN" maxLength="0" historyAllowed="false"><annotations/></attribute><attribute name="id" rimClassName="Act" datatype="II" cardinality="1..1" conformance="R" mandatory="true" maxLength="0" historyAllowed="false" businessName="Study Instance UID (0020,000D"><annotations/></attribute><attribute name="code" rimClassName="Act" datatype="CV" cardinality="1..1" conformance="R" mandatory="true" strength="CNE" conceptDomain="ExternallyDefinedActCodes" maxLength="0" historyAllowed="false" businessName="&quot;DICOM Study&quot; DICOM Code: 113014"><annotations/></attribute><attribute name="text" rimClassName="Act" datatype="ST" cardinality="0..1" conformance="" mandatory="false" maxLength="0" historyAllowed="false" businessName="Study Description (0008,1030"><annotations/></attribute><attribute name="effectiveTime" rimClassName="Act" datatype="TS" cardinality="0..1" conformance="" mandatory="false" maxLength="0" historyAllowed="false" businessName="Study Date (0008,0020) and Study Time (0008,0030"><annotations/></attribute></attributes><associations><association name="componentOf" beginX="12.3722887308639" beginY="13.9227549982968" endX="12.3722887308639" endY="13.9227549982968" target="Component3" targetShapeId="Sheet.9" rimTarget="Act" rimName="inboundRelationship" source="Study" cardinality="" required="0" mandatory="0" blocked="-1" businessName=""><annotations/></association><association name="component" beginX="14.2722887308639" beginY="13.1334757510637" endX="14.2722887308639" endY="13.1334757510637" target="Component2" targetShapeId="Sheet.39" rimTarget="Act" rimName="outboundRelationship" source="Study" cardinality="1..*" required="0" mandatory="0" blocked="0" businessName=""><annotations/></association></associations></class><class name="Component3" type="ActRelationship" rimName="ActRelationship"><graphics shapeId="Sheet.9" width="4.40417156657471" height="0.436485106065539" x="10.1702029475765" y="13.9439261721385" beginX="7.96811716428916" beginY="13.9650973459802" endX="12.3722887308639" endY="13.9227549982968" arrowWidth="66 in."/><annotations/><attributes><attribute name="typeCode" rimClassName="ActRelationship" datatype="CS" cardinality="1..1" conformance="R" mandatory="true" strength="CNE" codeSystem="ActRelationshipType" domainCode="COMP" maxLength="0" historyAllowed="false"><annotations/></attribute><attribute name="contextConductionInd" rimClassName="ActRelationship" datatype="BL" cardinality="1..1" conformance="R" mandatory="true" default="true" maxLength="0" historyAllowed="false"><annotations/></attribute></attributes><associations><association name="sequence" beginX="7.96811716428916" beginY="13.9650973459802" endX="7.96811716428916" endY="13.9650973459802" target="Sequence" targetShapeId="Sheet.5" rimTarget="ActRelationship" rimName="source" source="Component3" cardinality="" required="0" mandatory="0" blocked="-1" businessName=""><annotations/></association><association name="study" beginX="12.3722887308639" beginY="13.9227549982968" endX="12.3722887308639" endY="13.9227549982968" target="Study" targetShapeId="Sheet.15" rimTarget="ActRelationship" rimName="target" source="Component3" cardinality="1..1" required="0" mandatory="0" blocked="0" businessName=""><annotations/></association></associations></class><class name="Sequence" type="Act" rimName="ActHeir"><graphics shapeId="Sheet.5" width="2.73570419614974" height="0.915466937934028" x="6.60026506621429" y="13.9650973459802" flipX="FALSE" flipY="FALSE" autoWidth="1" autoHeight="1"/><annotations/><attributes><attribute name="classCode" rimClassName="Act" datatype="CS" cardinality="1..1" conformance="R" mandatory="true" strength="CNE" codeSystem="ActClass" domainCode="ACT" maxLength="0" historyAllowed="false"><annotations/></attribute><attribute name="moodCode" rimClassName="Act" datatype="CS" cardinality="1..1" conformance="R" mandatory="true" strength="CNE" codeSystem="ActMood" domainCode="EVN" maxLength="0" historyAllowed="false"><annotations/></attribute><attribute name="id" rimClassName="Act" datatype="II" cardinality="0..1" conformance="" mandatory="false" maxLength="0" historyAllowed="false"><annotations/></attribute><attribute name="code" rimClassName="Act" datatype="CD" cardinality="0..1" conformance="" mandatory="false" strength="CWE" conceptDomain="ExternallyDefinedActCodes" maxLength="0" historyAllowed="false"><annotations/></attribute><attribute name="title" rimClassName="Act" datatype="ST" cardinality="0..1" conformance="" mandatory="false" maxLength="0" historyAllowed="false"><annotations/></attribute></attributes><associations><association name="component" beginX="7.96811716428916" beginY="13.9650973459802" endX="7.96811716428916" endY="13.9650973459802" target="Component3" targetShapeId="Sheet.9" rimTarget="Act" rimName="outboundRelationship" source="Sequence" cardinality="1..*" required="0" mandatory="0" blocked="0" businessName=""><annotations/></association></associations></class><entryPoint entryClass="Sequence" name="DICOM Objects Sequence" type="EntryPoint" id="COCT_RM830110"><graphics shapeId="Sheet.48" connectedShape="Sheet.5" width="2.11991202763846" height="1.56681158040365" beginX="6.6" beginY="12.6" endX="6.60026506621429" endY="13.5073638770131"/><annotations/><notes><text>The DICOM Objects Sequence contains the identifying information on the full set of referenced DICOM composite objects. Information on one or more referenced DICOM composite objects on the study, series and instance level can be included in this sequence. Property-contextConductionStyle: C </text></notes></entryPoint></page></pages></hl7model>
