<?xml version="1.0"?>
<hl7model rendered="7/1/2012 8:51:05 AM" datatypesRelease="R2"><pages><page name="Pg-1" width="7.73581380308333" height="5.68055555555555"><entryPoint entryClass="Organization" name="E_Organization universal" type="EntryPoint" id="COCT_RM150000UV"><graphics shapeId="Sheet.65" connectedShape="Sheet.31" width="2.00101554326346" height="1.70014440511068" beginX="4.73634440104167" beginY="4.4" endX="5.05274640950922" endY="3.98622778252495"/><annotations/><notes><text>15 Mar 2004. Specification of information to identifiy an organization, including the ability to contact a person acting as a liason in their specific role as contact in that organization. Organizational hierarchies can also be expressed. Property-contextConductionStyle: I </text></notes></entryPoint><class name="Organization" type="Entity" rimName="Organization"><graphics shapeId="Sheet.31" width="2.27559067075912" height="1.71578889838325" x="4.48384874181945" y="3.12833333333333" flipX="FALSE" flipY="FALSE" autoWidth="1" autoHeight="1"/><annotations/><attributes><attribute name="classCode" rimClassName="Entity" datatype="CS" cardinality="1..1" conformance="R" mandatory="true" strength="CNE" codeSystem="EntityClass" domainCode="ORG" maxLength="0" historyAllowed="false"><annotations/></attribute><attribute name="determinerCode" rimClassName="Entity" datatype="CS" cardinality="1..1" conformance="R" mandatory="true" strength="CNE" codeSystem="EntityDeterminer" domainCode="INSTANCE" maxLength="0" historyAllowed="false"><annotations/></attribute><attribute name="id" rimClassName="Entity" datatype="DSET&lt;II&gt;" cardinality="1..*" conformance="" mandatory="false" maxLength="0" historyAllowed="false"><annotations/></attribute><attribute name="code" rimClassName="Entity" datatype="CD" cardinality="0..1" conformance="" mandatory="false" strength="CWE" conceptDomain="EntityCode" maxLength="0" historyAllowed="false"><annotations/></attribute><attribute name="name" rimClassName="Entity" datatype="COLL&lt;ON&gt;" cardinality="0..*" conformance="" mandatory="false" maxLength="0" historyAllowed="false"><annotations/></attribute><attribute name="desc" rimClassName="Entity" datatype="ED" cardinality="0..1" conformance="" mandatory="false" maxLength="0" historyAllowed="false"><annotations/></attribute><attribute name="statusCode" rimClassName="Entity" datatype="CS" cardinality="0..1" conformance="" mandatory="false" strength="CNE" conceptDomain="EntityStatus" maxLength="0" historyAllowed="false"><annotations/></attribute><attribute name="telecom" rimClassName="Entity" datatype="COLL&lt;TEL&gt;" cardinality="0..*" conformance="" mandatory="false" maxLength="0" historyAllowed="false"><annotations/></attribute><attribute name="addr" rimClassName="Organization" datatype="COLL&lt;AD&gt;" cardinality="0..*" conformance="" mandatory="false" maxLength="0" historyAllowed="false"><annotations/></attribute><attribute name="standardIndustryClassCode" rimClassName="Organization" datatype="CD" cardinality="0..1" conformance="" mandatory="false" strength="CWE" conceptDomain="OrganizationIndustryClass" maxLength="0" historyAllowed="false"><annotations/></attribute></attributes><associations><association name="asOrganizationPartOf" endX="1.96821068150981" endY="1.92881322482639" beginX="3.34605340643989" beginY="2.27043888414171" target="OrganizationPartOf" targetShapeId="Sheet.72" rimTarget="Entity" rimName="playedRole" source="Organization" cardinality="0..*" required="0" mandatory="0" blocked="0" businessName=""><annotations/></association><association name="organizationPartOf" endX="1.96821068150981" endY="2.66118677517361" beginX="3.34605340643989" beginY="2.69938610873752" target="OrganizationPartOf" targetShapeId="Sheet.72" rimTarget="Entity" rimName="scopedRole" source="Organization" cardinality="" required="0" mandatory="0" blocked="-1" businessName=""><annotations/></association><association name="asOrganizationContains" endX="2.10717145624939" endY="3.37659100260417" beginX="3.34605340643989" beginY="3.12833333333333" target="OrganizationContains" targetShapeId="Sheet.17" rimTarget="Entity" rimName="playedRole" source="Organization" cardinality="" required="0" mandatory="0" blocked="-1" businessName=""><annotations/></association><association name="organizationContains" endX="2.10717145624939" endY="4.10896455295139" beginX="3.34605340643989" beginY="3.98622778252495" target="OrganizationContains" targetShapeId="Sheet.17" rimTarget="Entity" rimName="scopedRole" source="Organization" cardinality="0..*" required="0" mandatory="0" blocked="0" businessName=""><annotations/></association><association name="contactParty" endX="6.31903602359175" endY="2.59439010362413" beginX="5.621644077199" beginY="2.69938610873752" target="ContactParty" targetShapeId="Sheet.7" rimTarget="Entity" rimName="scopedRole" source="Organization" cardinality="0..*" required="0" mandatory="0" blocked="0" businessName=""><annotations/></association></associations></class><class name="OrganizationPartOf" type="Role" rimName="RoleHeir"><graphics shapeId="Sheet.72" width="2.21090484922591" height="0.915466937934028" x="1.08384874181944" y="2.295" flipX="TRUE" flipY="FALSE" autoWidth="1" autoHeight="1"/><annotations/><attributes><attribute name="classCode" rimClassName="Role" datatype="CS" cardinality="1..1" conformance="R" mandatory="true" strength="CNE" codeSystem="RoleClass" domainCode="PART" maxLength="0" historyAllowed="false"><annotations/></attribute><attribute name="id" rimClassName="Role" datatype="DSET&lt;II&gt;" cardinality="0..*" conformance="" mandatory="false" maxLength="0" historyAllowed="false"><annotations/></attribute><attribute name="code" rimClassName="Role" datatype="CD" cardinality="0..1" conformance="" mandatory="false" strength="CWE" conceptDomain="RoleCode" maxLength="0" historyAllowed="false"><annotations/></attribute><attribute name="statusCode" rimClassName="Role" datatype="CS" cardinality="0..1" conformance="" mandatory="false" strength="CNE" valueSet="RoleStatus" maxLength="0" historyAllowed="false"><annotations/></attribute><attribute name="effectiveTime" rimClassName="Role" datatype="IVL&lt;TS&gt;" cardinality="0..1" conformance="" mandatory="false" maxLength="0" historyAllowed="false"><annotations/></attribute></attributes><associations><association name="partOrganization" beginX="1.96821068150981" beginY="1.92881322482639" endX="3.34605340643989" endY="2.27043888414171" target="Organization" targetShapeId="Sheet.31" rimTarget="Role" rimName="player" source="OrganizationPartOf" cardinality="" required="0" mandatory="0" blocked="-1" businessName=""><annotations/></association><association name="wholeOrganization" beginX="1.96821068150981" beginY="2.66118677517361" endX="3.34605340643989" endY="2.69938610873752" target="Organization" targetShapeId="Sheet.31" rimTarget="Role" rimName="scoper" source="OrganizationPartOf" cardinality="0..1" required="0" mandatory="0" blocked="0" businessName=""><annotations/></association></associations></class><class name="OrganizationContains" type="Role" rimName="RoleHeir"><graphics shapeId="Sheet.17" width="2.21090484922591" height="0.915466937934028" x="1.22280951655903" y="3.74277777777778" flipX="TRUE" flipY="FALSE" autoWidth="1" autoHeight="1"/><annotations/><attributes><attribute name="classCode" rimClassName="Role" datatype="CS" cardinality="1..1" conformance="R" mandatory="true" strength="CNE" codeSystem="RoleClass" domainCode="PART" maxLength="0" historyAllowed="false"><annotations/></attribute><attribute name="id" rimClassName="Role" datatype="DSET&lt;II&gt;" cardinality="0..*" conformance="" mandatory="false" maxLength="0" historyAllowed="false"><annotations/></attribute><attribute name="code" rimClassName="Role" datatype="CD" cardinality="0..1" conformance="" mandatory="false" strength="CWE" conceptDomain="RoleCode" maxLength="0" historyAllowed="false"><annotations/></attribute><attribute name="statusCode" rimClassName="Role" datatype="CS" cardinality="0..1" conformance="" mandatory="false" strength="CNE" valueSet="RoleStatus" maxLength="0" historyAllowed="false"><annotations/></attribute><attribute name="effectiveTime" rimClassName="Role" datatype="IVL&lt;TS&gt;" cardinality="0..1" conformance="" mandatory="false" maxLength="0" historyAllowed="false"><annotations/></attribute></attributes><associations><association name="partOrganization" beginX="2.10717145624939" beginY="3.37659100260417" endX="3.34605340643989" endY="3.12833333333333" target="Organization" targetShapeId="Sheet.31" rimTarget="Role" rimName="player" source="OrganizationContains" cardinality="0..1" required="0" mandatory="0" blocked="0" businessName=""><annotations/></association><association name="wholeOrganization" beginX="2.10717145624939" beginY="4.10896455295139" endX="3.34605340643989" endY="3.98622778252495" target="Organization" targetShapeId="Sheet.31" rimTarget="Role" rimName="scoper" source="OrganizationContains" cardinality="" required="0" mandatory="0" blocked="-1" businessName=""><annotations/></association></associations></class><class name="ContactParty" type="Role" rimName="RoleHeir"><graphics shapeId="Sheet.7" width="1.84953179556923" height="0.915141925726997" x="7.05884874181945" y="2.22833333333333" flipX="FALSE" flipY="FALSE" autoWidth="1" autoHeight="1"/><annotations/><attributes><attribute name="classCode" rimClassName="Role" datatype="CS" cardinality="1..1" conformance="R" mandatory="true" strength="CNE" codeSystem="RoleClass" domainCode="CON" maxLength="0" historyAllowed="false"><annotations/></attribute><attribute name="id" rimClassName="Role" datatype="DSET&lt;II&gt;" cardinality="0..*" conformance="" mandatory="false" maxLength="0" historyAllowed="false"><annotations/></attribute><attribute name="code" rimClassName="Role" datatype="CD" cardinality="0..1" conformance="" mandatory="false" strength="CWE" conceptDomain="RoleCode" maxLength="0" historyAllowed="false"><annotations/></attribute><attribute name="addr" rimClassName="Role" datatype="COLL&lt;AD&gt;" cardinality="0..*" conformance="" mandatory="false" maxLength="0" historyAllowed="false"><annotations/></attribute><attribute name="telecom" rimClassName="Role" datatype="COLL&lt;TEL&gt;" cardinality="0..*" conformance="" mandatory="false" maxLength="0" historyAllowed="false"><annotations/></attribute></attributes><associations><association name="contactPerson" beginX="6.31903602359175" beginY="1.86227656304253" endX="5.32559482949669" endY="1.50196905074367" target="Person" targetShapeId="Sheet.27" rimTarget="Role" rimName="player" source="ContactParty" cardinality="0..1" required="0" mandatory="0" blocked="0" businessName=""><annotations/></association><association name="representedOrganization" beginX="6.31903602359175" beginY="2.59439010362413" endX="5.621644077199" endY="2.69938610873752" target="Organization" targetShapeId="Sheet.31" rimTarget="Role" rimName="scoper" source="ContactParty" cardinality="" required="0" mandatory="0" blocked="-1" businessName=""><annotations/></association></associations></class><class name="Person" type="Entity" rimName="Person"><graphics shapeId="Sheet.27" width="1.7937142974681" height="0.75" x="4.42873768076264" y="1.31446905074367" flipX="FALSE" flipY="FALSE" autoWidth="1" autoHeight="1"/><annotations/><attributes><attribute name="classCode" rimClassName="Entity" datatype="CS" cardinality="1..1" conformance="R" mandatory="true" strength="CNE" codeSystem="EntityClass" domainCode="PSN" maxLength="0" historyAllowed="false"><annotations/></attribute><attribute name="determinerCode" rimClassName="Entity" datatype="CS" cardinality="1..1" conformance="R" mandatory="true" strength="CNE" codeSystem="EntityDeterminer" domainCode="INSTANCE" maxLength="0" historyAllowed="false"><annotations/></attribute><attribute name="name" rimClassName="Entity" datatype="COLL&lt;EN&gt;" cardinality="0..*" conformance="" mandatory="false" maxLength="0" historyAllowed="false"><annotations/></attribute></attributes><associations><association name="location" endX="2.85271050648947" endY="0.58083282470703" beginX="3.53188053202859" beginY="0.939469050743674" target="R_LocationLocatedEntityUniversal" targetShapeId="Sheet.1" rimTarget="Entity" rimName="playedRole" source="Person" cardinality="0..1" required="0" mandatory="0" blocked="0" businessName=""><annotations/></association><association name="asContactParty" endX="6.31903602359175" endY="1.86227656304253" beginX="5.32559482949669" beginY="1.50196905074367" target="ContactParty" targetShapeId="Sheet.7" rimTarget="Entity" rimName="playedRole" source="Person" cardinality="" required="0" mandatory="0" blocked="-1" businessName=""><annotations/></association></associations></class><class name="R_LocationLocatedEntityUniversal" cmetId="COCT_MT070000UV" cmetType="Role(Played or Performed)" attLevel="universal" domain="RoleClass" mnemonic="LOCE" type="CMET" rimName="RoleHeir" id="COCT_MT070000UV"><graphics shapeId="Sheet.1" width="2.01133555701302" height="0.627825234646268" x="2.1087917766736" y="0.323888888888887" flipX="TRUE" flipY="FALSE" autoWidth="1" autoHeight="1"/><annotations/><associations><association name="playingPerson" beginX="2.85271050648947" beginY="0.58083282470703" endX="3.53188053202859" endY="0.939469050743674" target="Person" targetShapeId="Sheet.27" rimTarget="Role" rimName="player" source="R_LocationLocatedEntityUniversal" cardinality="" required="0" mandatory="0" blocked="-1" businessName=""><annotations/></association></associations></class></page></pages></hl7model>
