<?xml version="1.0"?>
<hl7model rendered="7/1/2012 9:04:17 AM" datatypesRelease="R2"><pages><page name="Pg-1" width="19.1592578145" height="10.7020343328141"><class name="ManufacturedMaterial" type="Entity" rimName="ManufacturedMaterial" businessName="Manufactured Material Subject"><graphics shapeId="Sheet.51" width="2.8" height="8.11444444444444" x="9.07562500099999" y="5.27137152777777" flipX="FALSE" flipY="FALSE" autoWidth="0" autoHeight="0"/><shadow shapeId="Sheet.108" width="1.55745483701888" height="0.75" x="1.68892839169834" y="1.86108738267687" flipX="FALSE" flipY="FALSE" autoWidth="1" autoHeight="1"/><description>Any sort of artificial material, typically a manufactured item, that is of interest to public health. The artificial material may be the subject of a public health case or investigation.</description><annotations><description>Any sort of artificial material, typically a manufactured item, that is of interest to public health. The artificial material may be the subject of a public health case or investigation.</description></annotations><attributes><attribute name="classCode" rimClassName="Entity" datatype="CS" cardinality="1..1" conformance="R" mandatory="true" strength="CNE" codeSystem="EntityClass" domainCode="MMAT" maxLength="0" historyAllowed="false"><annotations/></attribute><attribute name="determinerCode" rimClassName="Entity" datatype="CS" cardinality="1..1" conformance="R" mandatory="true" strength="CNE" conceptDomain="EntityDeterminer" maxLength="0" historyAllowed="false"><annotations/></attribute><attribute name="id" rimClassName="Entity" datatype="II" cardinality="0..1" conformance="" mandatory="false" maxLength="0" historyAllowed="false"><description>A unique identifier for the manufactured material.  Note that this identifies a specific instance of a manufactured product and is therefore used to communicate an identifier such as a serial number.
The id attribute is used when ther material item has an identifier directly associated with it. Examples include serial numbers for manufactured items or a bar code on a specimen container.</description><annotations><description>A unique identifier for the manufactured material.  Note that this identifies a specific instance of a manufactured product and is therefore used to communicate an identifier such as a serial number.
The id attribute is used when ther material item has an identifier directly associated with it. Examples include serial numbers for manufactured items or a bar code on a specimen container.</description></annotations></attribute><attribute name="code" rimClassName="Entity" datatype="CD" cardinality="0..1" conformance="" mandatory="false" strength="CWE" conceptDomain="MaterialEntityClassType" maxLength="0" historyAllowed="false"><description>A coded value the specifies the type of manufactured material being described.</description><annotations><description>A coded value the specifies the type of manufactured material being described.</description></annotations></attribute><attribute name="quantity" rimClassName="Entity" datatype="PQ" cardinality="0..1" conformance="" mandatory="false" maxLength="0" historyAllowed="false"><description>The number or quantity of the manufactured material, with appropriate units.</description><annotations><description>The number or quantity of the manufactured material, with appropriate units.</description></annotations></attribute><attribute name="name" rimClassName="Entity" datatype="COLL&lt;EN&gt;" cardinality="0..*" conformance="" mandatory="false" maxLength="0" historyAllowed="false"><description>A non-unique textual identifier or moniker for the manufactured substance</description><annotations><description>A non-unique textual identifier or moniker for the manufactured substance</description></annotations></attribute><attribute name="desc" rimClassName="Entity" datatype="ED" cardinality="0..1" conformance="" mandatory="false" maxLength="0" historyAllowed="false"><description>A textual or multimedia depiction of the manufactured material</description><annotations><description>A textual or multimedia depiction of the manufactured material</description></annotations></attribute><attribute name="existenceTime" rimClassName="Entity" datatype="IVL&lt;TS&gt;" cardinality="0..1" conformance="" mandatory="false" maxLength="0" historyAllowed="false"><description>An interval of time specifying the period in which the manufactured material  physically existed.</description><annotations><description>An interval of time specifying the period in which the manufactured material  physically existed.</description></annotations></attribute><attribute name="riskCode" rimClassName="Entity" datatype="CD" cardinality="0..1" conformance="" mandatory="false" strength="CWE" conceptDomain="EntityRisk" maxLength="0" historyAllowed="false" businessName="Risk Indicator"><description>RIM: A value representing the type of hazard or threat associated with the manufactured material.</description><annotations><description>RIM: A value representing the type of hazard or threat associated with the manufactured material.</description></annotations></attribute><attribute name="handlingCode" rimClassName="Entity" datatype="CD" cardinality="0..1" conformance="" mandatory="false" strength="CWE" conceptDomain="EntityHandling" maxLength="0" historyAllowed="false"><description>This attribute is used to describe special handling required by the material to avoid damage to it or other entities.</description><annotations><description>This attribute is used to describe special handling required by the material to avoid damage to it or other entities.</description></annotations></attribute><attribute name="formCode" rimClassName="Material" datatype="CD" cardinality="0..1" conformance="" mandatory="false" strength="CWE" conceptDomain="MaterialForm" maxLength="0" historyAllowed="false"><description>A value representing the state (solid, liquid, gas) and nature of the manufactured material.</description><annotations><description>A value representing the state (solid, liquid, gas) and nature of the manufactured material.</description></annotations></attribute><attribute name="lotNumberText" rimClassName="ManufacturedMaterial" datatype="ST.SIMPLE" cardinality="0..1" conformance="" mandatory="false" maxLength="0" historyAllowed="false" businessName="Lot Number"><description>An alphanumeric string used to identify a particular batch of manufactured material. Discussion: The lot name is usually printed on the label attached to the container holding the substance and/or on the packaging which houses the container.  Note that a lot number is not meant to be a unique identifier, but is meaningful only when the product kind and manufacturer are also identified.</description><annotations><description>An alphanumeric string used to identify a particular batch of manufactured material. Discussion: The lot name is usually printed on the label attached to the container holding the substance and/or on the packaging which houses the container.  Note that a lot number is not meant to be a unique identifier, but is meaningful only when the product kind and manufacturer are also identified.</description></annotations></attribute><attribute name="expirationTime" rimClassName="ManufacturedMaterial" datatype="IVL&lt;TS&gt;" cardinality="0..1" conformance="" mandatory="false" maxLength="0" historyAllowed="false"><description>RIM: The date and time the manufacturer no longer ensures the safety, quality, and/or proper functioning of the material.</description><annotations><description>RIM: The date and time the manufacturer no longer ensures the safety, quality, and/or proper functioning of the material.</description></annotations></attribute><attribute name="stabilityTime" rimClassName="ManufacturedMaterial" datatype="IVL&lt;TS&gt;" cardinality="0..1" conformance="" mandatory="false" maxLength="0" historyAllowed="false"><description>RIM: The time at which the material is considered useable after it is activated.</description><annotations><description>RIM: The time at which the material is considered useable after it is activated.</description></annotations></attribute></attributes><associations><association name="contactParty" endX="5.79464005805231" endY="9.12988879991319" beginX="7.67562500099999" beginY="9.32859375" target="ContactParty" targetShapeId="Sheet.75" rimTarget="Entity" rimName="scopedRole" source="ManufacturedMaterial" cardinality="0..*" required="0" mandatory="0" blocked="0" businessName=""><annotations/></association><association name="entityInContainer" endX="12.6999739649012" endY="1.36414930555555" beginX="10.475625001" beginY="1.21414930555555" target="EntityInContainer" targetShapeId="Sheet.401" rimTarget="Entity" rimName="scopedRole" source="ManufacturedMaterial" cardinality="" required="0" mandatory="0" blocked="-1" businessName=""><annotations/></association><association name="containedEntity" endX="11.2093598090278" endY="0.51414930555555" beginX="10.475625001" beginY="1.21414930555555" target="ContainedEntity" targetShapeId="Sheet.433" rimTarget="Entity" rimName="scopedRole" source="ManufacturedMaterial" cardinality="0..*" required="0" mandatory="0" blocked="0" businessName=""><annotations/></association><association name="asObserved" endX="11.525" endY="4.5" beginX="10.475625001" beginY="5.27137152777777" target="Observed" targetShapeId="Sheet.208" rimTarget="Entity" rimName="playedRole" source="ManufacturedMaterial" cardinality="0..1" required="0" mandatory="0" blocked="0" businessName=""><annotations/></association><association name="asIdentifier" endX="11.8282537573391" endY="10.3174285015191" beginX="10.475625001" beginY="9.32859375" target="Identifier" targetShapeId="Sheet.65" rimTarget="Entity" rimName="playedRole" source="ManufacturedMaterial" cardinality="0..*" required="0" mandatory="0" blocked="0" businessName=""><annotations/></association><association name="asProductEntity" endX="9.26120025377973" endY="0.118518289388017" beginX="9.77562500099999" beginY="1.21414930555555" target="ProductEntity" targetShapeId="Sheet.498" rimTarget="Entity" rimName="playedRole" source="ManufacturedMaterial" cardinality="0..*" required="0" mandatory="0" blocked="0" businessName=""><annotations/></association><association name="locatedEntity" endX="5.8884171164716" endY="8.82298385362413" beginX="7.67562500099999" beginY="8.61414930555555" target="LocatedEntity" targetShapeId="Sheet.139" rimTarget="Entity" rimName="scopedRole" source="ManufacturedMaterial" cardinality="0..*" required="0" mandatory="0" blocked="0" businessName=""><annotations/></association><association name="asPartOfWhole" endX="6.09831396705754" endY="6.63366921061198" beginX="7.67562500099999" beginY="6.21414930555555" target="PartOfWhole" targetShapeId="Sheet.198" rimTarget="Entity" rimName="playedRole" source="ManufacturedMaterial" cardinality="0..*" required="0" mandatory="0" blocked="0" businessName=""><annotations/></association><association name="part" endX="6.05998694069035" endY="4.21851828938802" beginX="7.67562500099999" beginY="4.81414930555555" target="Part" targetShapeId="Sheet.55" rimTarget="Entity" rimName="scopedRole" source="ManufacturedMaterial" cardinality="0..*" required="0" mandatory="0" blocked="0" businessName=""><annotations/></association><association name="asIngredient" endX="6.2314830138453" endY="2.70142566514757" beginX="7.67562500099999" beginY="3.61414930555555" target="Ingredient" targetShapeId="Sheet.304" rimTarget="Entity" rimName="playedRole" source="ManufacturedMaterial" cardinality="0..*" required="0" mandatory="0" blocked="0" businessName=""><annotations/></association><association name="hasIngredients" endX="6.21815564814391" endY="1.92687294596354" beginX="7.67562500099999" beginY="2.21414930555555" target="HasIngredients" targetShapeId="Sheet.464" rimTarget="Entity" rimName="scopedRole" source="ManufacturedMaterial" cardinality="0..*" required="0" mandatory="0" blocked="0" businessName=""><annotations/></association><association name="asEntityInContainer" endX="12.6999739649012" endY="1.76414930555555" beginX="10.475625001" beginY="2.21414930555555" target="EntityInContainer" targetShapeId="Sheet.401" rimTarget="Entity" rimName="playedRole" source="ManufacturedMaterial" cardinality="0..*" required="0" mandatory="0" blocked="0" businessName=""><annotations/></association><association name="asManagedEntity" endX="11.6737724195336" endY="2.31087010959201" beginX="10.475625001" beginY="2.81414930555555" target="ManagedEntity" targetShapeId="Sheet.194" rimTarget="Entity" rimName="playedRole" source="ManufacturedMaterial" cardinality="0..*" required="0" mandatory="0" blocked="0" businessName=""><annotations/></association><association name="asOtherIDs" endX="12.3260015600735" endY="8.19074030815972" beginX="10.475625001" beginY="8.81414930555555" target="OtherIDs" targetShapeId="Sheet.339" rimTarget="Entity" rimName="playedRole" source="ManufacturedMaterial" cardinality="0..*" required="0" mandatory="0" blocked="0" businessName=""><annotations/></association><association name="asQualifiedEntity" endX="11.980255539422" endY="7.00198162760416" beginX="10.475625001" beginY="7.61414930555555" target="QualifiedEntity" targetShapeId="Sheet.109" rimTarget="Entity" rimName="playedRole" source="ManufacturedMaterial" cardinality="0..*" required="0" mandatory="0" blocked="0" businessName=""><annotations/></association><association name="asMemberOf" endX="11.9253954470635" endY="5.6896291970486" beginX="10.475625001" beginY="6.21414930555555" target="MemberOf" targetShapeId="Sheet.290" rimTarget="Entity" rimName="playedRole" source="ManufacturedMaterial" cardinality="0..*" required="0" mandatory="0" blocked="0" businessName=""><annotations/></association></associations></class><class name="ContactParty" type="Role" rimName="RoleHeir" businessName="Subject Contact Information"><graphics shapeId="Sheet.75" width="2.92081238096419" height="0.648151264105903" x="4.62631510566663" y="9.38914930555555" flipX="TRUE" flipY="TRUE" autoWidth="1" autoHeight="1"/><description>Captures contact information for a person who can provide information regarding the public health entity.</description><annotations><description>Captures contact information for a person who can provide information regarding the public health entity.</description></annotations><attributes><attribute name="classCode" rimClassName="Role" datatype="CS" cardinality="1..1" conformance="R" mandatory="true" strength="CNE" codeSystem="RoleClass" domainCode="CON" maxLength="0" historyAllowed="false"><annotations/></attribute><attribute name="addr" rimClassName="Role" datatype="COLL&lt;AD&gt;" cardinality="0..*" conformance="R" mandatory="false" maxLength="0" historyAllowed="false" businessName="Contact's Address"><description>The mail and/or physical address associated with the person or organization playing the contact role.</description><annotations><description>The mail and/or physical address associated with the person or organization playing the contact role.</description></annotations></attribute><attribute name="telecom" rimClassName="Role" datatype="COLL&lt;TEL&gt;" cardinality="0..*" conformance="R" mandatory="false" maxLength="0" historyAllowed="false" businessName="Contact's Phone and email"><description>The phone number(s) and email address(s) by which the person or organization playing the contact role can be contacted.</description><annotations><description>The phone number(s) and email address(s) by which the person or organization playing the contact role can be contacted.</description><rationale>needed for case followup and scheduling.</rationale></annotations></attribute></attributes><associations><association name="contactPerson" beginX="5.79464005805231" beginY="9.64840981119791" endX="6.43386217205377" endY="9.99966377156574" target="E_PersonUniversal" targetShapeId="Sheet.168" rimTarget="Role" rimName="player" source="ContactParty" cardinality="0..1" required="0" mandatory="0" blocked="0" businessName=""><annotations/></association><association name="representedManufacturedMaterial" beginX="5.79464005805231" beginY="9.12988879991319" endX="7.67562500099999" endY="9.32859375" target="ManufacturedMaterial" targetShapeId="Sheet.51" rimTarget="Role" rimName="scoper" source="ContactParty" cardinality="" required="0" mandatory="0" blocked="-1" businessName=""><annotations/></association></associations></class><class name="E_PersonUniversal" cmetId="COCT_MT030200UV" cmetType="Entity" attLevel="universal" domain="EntityClass" mnemonic="PSN" type="CMET" rimName="Person" id="COCT_MT030200UV"><graphics shapeId="Sheet.168" width="1.16131675175955" height="0.627825234646268" x="6.43386217205377" y="10.3135763888889" flipX="FALSE" flipY="FALSE" autoWidth="1" autoHeight="1"/><annotations/><associations><association name="asContactParty" endX="5.79464005805231" endY="9.64840981119791" beginX="6.43386217205377" beginY="9.99966377156574" target="ContactParty" targetShapeId="Sheet.75" rimTarget="Entity" rimName="playedRole" source="E_PersonUniversal" cardinality="" required="0" mandatory="0" blocked="-1" businessName=""><annotations/></association></associations></class><class name="EntityInContainer" type="Role" rimName="RoleHeir"><graphics shapeId="Sheet.401" width="1.25162759024696" height="0.5" x="13.200625001" y="1.56414930555555" flipX="FALSE" flipY="TRUE" autoWidth="1" autoHeight="1"/><description>EntityInContainer associates the content (player) with a container (scoper). This role is traversed from player to scoper.</description><annotations><description>EntityInContainer associates the content (player) with a container (scoper). This role is traversed from player to scoper.</description></annotations><attributes><attribute name="classCode" rimClassName="Role" datatype="CS" cardinality="1..1" conformance="R" mandatory="true" strength="CNE" codeSystem="RoleClass" domainCode="CONT" maxLength="0" historyAllowed="false"><annotations/></attribute></attributes><associations><association name="containedManufacturedMaterial" beginX="12.6999739649012" beginY="1.76414930555555" endX="10.475625001" endY="2.21414930555555" target="ManufacturedMaterial" targetShapeId="Sheet.51" rimTarget="Role" rimName="player" source="EntityInContainer" cardinality="" required="0" mandatory="0" blocked="-1" businessName=""><annotations/></association><association name="containerManufacturedMaterial" beginX="12.6999739649012" beginY="1.36414930555555" endX="10.475625001" endY="1.21414930555555" target="ManufacturedMaterial" targetShapeId="Sheet.51" rimTarget="Role" rimName="scoper" source="EntityInContainer" cardinality="1..1" required="-1" mandatory="-1" blocked="0" businessName=""><annotations/></association></associations></class><class name="ContainedEntity" type="Role" rimName="RoleHeir"><graphics shapeId="Sheet.433" width="1.25" height="0.5" x="11.7093598090278" y="0.31414930555555" flipX="FALSE" flipY="FALSE" autoWidth="1" autoHeight="1"/><description>ContainedEntity associates a container (scoper) with its content (player).  This role is traversed from scoper to player.</description><annotations><description>ContainedEntity associates a container (scoper) with its content (player).  This role is traversed from scoper to player.</description></annotations><attributes><attribute name="classCode" rimClassName="Role" datatype="CS" cardinality="1..1" conformance="R" mandatory="true" strength="CNE" codeSystem="RoleClass" domainCode="CONT" maxLength="0" historyAllowed="false"><annotations/></attribute></attributes><associations><association name="containedPublicHealthPhysicalEntity" beginX="11.2093598090278" beginY="0.11414930555555" endX="14.7910745174659" endY="0.136347799343529" target="E_PublicHealthPhysicalEntityUniversal" targetShapeId="Sheet.13" rimTarget="Role" rimName="player" source="ContainedEntity" cardinality="1..1" required="-1" mandatory="-1" blocked="0" businessName=""><annotations/></association><association name="containerManufacturedMaterial" beginX="11.2093598090278" beginY="0.51414930555555" endX="10.475625001" endY="1.21414930555555" target="ManufacturedMaterial" targetShapeId="Sheet.51" rimTarget="Role" rimName="scoper" source="ContainedEntity" cardinality="" required="0" mandatory="0" blocked="-1" businessName=""><annotations/></association></associations></class><class name="E_PublicHealthPhysicalEntityUniversal" cmetId="COCT_MT841500UV" cmetType="Entity" attLevel="universal" domain="EntityClass" mnemonic="ENT" type="CMET" rimName="EntityHeir" id="COCT_MT841500UV"><graphics shapeId="Sheet.13" width="1.77216422490408" height="0.627825234646268" x="13.9049924050139" y="0.450260416666663" flipX="FALSE" flipY="FALSE" autoWidth="1" autoHeight="1"/><annotations/><associations><association name="asContainedEntity" endX="11.2093598090278" endY="0.11414930555555" beginX="14.7910745174659" beginY="0.136347799343529" target="ContainedEntity" targetShapeId="Sheet.433" rimTarget="Entity" rimName="playedRole" source="E_PublicHealthPhysicalEntityUniversal" cardinality="" required="0" mandatory="0" blocked="-1" businessName=""><annotations/></association></associations></class><class name="Observed" type="Role" rimName="RoleHeir" businessName="Subject Characteristics"><graphics shapeId="Sheet.208" width="1.25" height="0.5" x="12.025" y="4.7" flipX="FALSE" flipY="FALSE" autoWidth="1" autoHeight="1"/><description>A public health entity may have additional characteristics that are describe via this role and its associated observations.</description><annotations><description>A public health entity may have additional characteristics that are describe via this role and its associated observations.</description><designComm>HL7:  Observed is a role that associates an entity with a set of observations. The entity is the subject of the observations.</designComm></annotations><attributes><attribute name="classCode" rimClassName="Role" datatype="CS" cardinality="1..1" conformance="R" mandatory="true" strength="CNE" codeSystem="RoleClass" domainCode="ROL" maxLength="0" historyAllowed="false"><annotations/></attribute></attributes><associations><association name="playingManufacturedMaterial" beginX="11.525" beginY="4.5" endX="10.475625001" endY="5.27137152777777" target="ManufacturedMaterial" targetShapeId="Sheet.51" rimTarget="Role" rimName="player" source="Observed" cardinality="" required="0" mandatory="0" blocked="-1" businessName=""><annotations/></association><association name="subjectOf" beginX="12.65" beginY="4.85" endX="12.65" endY="4.85" target="Subject2" targetShapeId="Sheet.252" rimTarget="Role" rimName="participation" source="Observed" cardinality="1..*" required="-1" mandatory="-1" blocked="0" businessName=""><annotations/></association></associations></class><class name="Subject2" type="Participation" rimName="Participation"><graphics shapeId="Sheet.252" width="2.86536635403103" height="0.436485106065539" x="14.0826831770155" y="4.70774199707031" beginX="15.515366354031" beginY="4.56548399414062" endX="12.65" endY="4.85" arrowWidth="66 in."/><description>The public health entity is the subject of a set of observations.</description><annotations><description>The public health entity is the subject of a set of observations.</description></annotations><attributes><attribute name="typeCode" rimClassName="Participation" datatype="CS" cardinality="1..1" conformance="R" mandatory="true" strength="CNE" codeSystem="ParticipationType" domainCode="SBJ" maxLength="0" historyAllowed="false"><annotations/></attribute><attribute name="contextControlCode" rimClassName="Participation" datatype="CS" cardinality="0..1" conformance="" mandatory="false" strength="CNE" codeSystem="C:ContextControl" default="AN" maxLength="0" historyAllowed="false"><description>A code that specifies how this participation contributes to the context of the current Act, and whether it may be propagated to descendent Acts whose association allows such propagation (see ActRelationship.contextConductionInd). The default value of AN has been associated with this participation.</description><annotations><description>A code that specifies how this participation contributes to the context of the current Act, and whether it may be propagated to descendent Acts whose association allows such propagation (see ActRelationship.contextConductionInd). The default value of AN has been associated with this participation.</description></annotations></attribute></attributes><associations><association name="observationEvent" beginX="15.515366354031" beginY="4.56548399414062" endX="15.515366354031" endY="4.56548399414062" target="ObservationEvent" targetShapeId="Sheet.218" rimTarget="Participation" rimName="act" source="Subject2" cardinality="1..1" required="-1" mandatory="-1" blocked="0" businessName=""><annotations/></association><association name="observed" beginX="12.65" beginY="4.85" endX="12.65" endY="4.85" target="Observed" targetShapeId="Sheet.208" rimTarget="Participation" rimName="role" source="Subject2" cardinality="" required="0" mandatory="0" blocked="-1" businessName=""><annotations/></association></associations></class><class name="ObservationEvent" type="Act" rimName="Observation" businessName="Observed Characteristic"><graphics shapeId="Sheet.218" width="3.63115097349349" height="2.25074525824653" x="17.3309418407778" y="3.89026041666666" flipX="FALSE" flipY="FALSE" autoWidth="1" autoHeight="1"/><description>An observation on the
associated entity to facilitate identification. This may
be used to handle data like
height, weight, hair color, eye 
color, etc.</description><annotations><description>An observation on the
associated entity to facilitate identification. This may
be used to handle data like
height, weight, hair color, eye 
color, etc.</description><rationale>Use case: identification of John Doe individuals , either the investigative subject, or some related individual.

Use case: demographic data typically available from secondary sources, eg. from drivers license

Use case: forensic data.
Use case: red cow with white blaze.</rationale></annotations><attributes><attribute name="classCode" rimClassName="Act" datatype="CS" cardinality="1..1" conformance="R" mandatory="true" strength="CNE" codeSystem="ActClass" domainCode="OBS" maxLength="0" historyAllowed="false"><annotations/></attribute><attribute name="moodCode" rimClassName="Act" datatype="CS" cardinality="1..1" conformance="R" mandatory="true" strength="CNE" codeSystem="ActMood" domainCode="EVN" maxLength="0" historyAllowed="false"><annotations/></attribute><attribute name="id" rimClassName="Act" datatype="II" cardinality="0..1" conformance="" mandatory="false" maxLength="0" historyAllowed="false" businessName="Observation Identifer"><description>a unique identifier for the observation.</description><annotations><description>a unique identifier for the observation.</description></annotations></attribute><attribute name="code" rimClassName="Act" datatype="CD" cardinality="1..1" conformance="R" mandatory="false" strength="CWE" conceptDomain="ObservationType" maxLength="0" historyAllowed="false" businessName="Observation Type"><description>a code that specifies the type of observation being reported.</description><annotations><description>a code that specifies the type of observation being reported.</description></annotations></attribute><attribute name="negationInd" rimClassName="Act" datatype="BL" cardinality="0..1" conformance="" mandatory="false" maxLength="0" historyAllowed="false"><description>Used with an Observation event, it allows one to say "entity does not have blue eyes".
RIM: An indicator specifying that the Act statement is a negation of the Act as described by the descriptive attributes.</description><annotations><description>Used with an Observation event, it allows one to say "entity does not have blue eyes".
RIM: An indicator specifying that the Act statement is a negation of the Act as described by the descriptive attributes.</description></annotations></attribute><attribute name="title" rimClassName="Act" datatype="ED" cardinality="0..1" conformance="" mandatory="false" maxLength="0" historyAllowed="false" businessName="Title"><description>A word or phrase by which the Observation may be known among people. Example: name of a research study (e.g. "Scandinavian Simvastatin Study"</description><annotations><description>A word or phrase by which the Observation may be known among people. Example: name of a research study (e.g. "Scandinavian Simvastatin Study"</description></annotations></attribute><attribute name="text" rimClassName="Act" datatype="ED" cardinality="0..1" conformance="" mandatory="false" maxLength="0" historyAllowed="false" businessName="Description"><description>a free-form text description of the observation.</description><annotations><description>a free-form text description of the observation.</description></annotations></attribute><attribute name="statusCode" rimClassName="Act" datatype="CS" cardinality="0..1" conformance="" mandatory="false" strength="CNE" valueSet="ActStatus" maxLength="0" historyAllowed="false" businessName="Status"><description>code indicating the operative status of the business process, which in this case is an Observation.</description><annotations><description>code indicating the operative status of the business process, which in this case is an Observation.</description><rationale>may be required for appropriate interpretation of the Observation, which could be on-going.</rationale></annotations></attribute><attribute name="effectiveTime" rimClassName="Act" datatype="QSET&lt;TS&gt;" cardinality="0..1" conformance="" mandatory="false" maxLength="0" historyAllowed="false" businessName="Time Period"><description>The time period in which the Observation report was started and, if a point in time or a closed interval of time, in which it ended. May not be the time of the observation itself.</description><annotations><description>The time period in which the Observation report was started and, if a point in time or a closed interval of time, in which it ended. May not be the time of the observation itself.</description></annotations></attribute><attribute name="confidentialityCode" rimClassName="Act" datatype="DSET&lt;CD&gt;" cardinality="0..*" conformance="" mandatory="false" strength="CWE" conceptDomain="Confidentiality" maxLength="0" historyAllowed="false"><description>A code that controls the disclosure of information about this observation event.</description><annotations><description>A code that controls the disclosure of information about this observation event.</description></annotations></attribute><attribute name="value" rimClassName="Observation" datatype="ANY" cardinality="1..1" conformance="R" mandatory="false" strength="CWE" conceptDomain="ObservationValue" maxLength="0" historyAllowed="false" businessName="Observation Result"><description>Information derived from the observation; the observation 'result' expressed as a value.</description><annotations><description>Information derived from the observation; the observation 'result' expressed as a value.</description><impNotes>The default ANY datatypes support any kind of information, from simple text to binary attachments (eg. an image file). Needs to be constrained for actual implementations and realistic limits set on the scope of its use.</impNotes></annotations></attribute><attribute name="interpretationCode" rimClassName="Observation" datatype="DSET&lt;CD&gt;" cardinality="0..*" conformance="" mandatory="false" strength="CWE" conceptDomain="ObservationInterpretation" maxLength="0" historyAllowed="false" businessName="Interpretation"><description>One or more codes specifying a rough qualitative interpretation of the observation, such as "normal", "abnormal", "below normal", "change up", "resistant", "susceptible", etc.</description><annotations><description>One or more codes specifying a rough qualitative interpretation of the observation, such as "normal", "abnormal", "below normal", "change up", "resistant", "susceptible", etc.</description></annotations></attribute><attribute name="methodCode" rimClassName="Observation" datatype="DSET&lt;CD&gt;" cardinality="0..*" conformance="" mandatory="false" strength="CWE" conceptDomain="ObservationMethod" maxLength="0" historyAllowed="false" businessName="Method"><description>A code that provides additional detail about the means or technique used to ascertain the observation. Examples: Blood pressure measurement method: arterial puncture vs. sphygmomanometer (Riva-Rocci), sitting vs. supine position, etc</description><annotations><description>A code that provides additional detail about the means or technique used to ascertain the observation. Examples: Blood pressure measurement method: arterial puncture vs. sphygmomanometer (Riva-Rocci), sitting vs. supine position, etc</description></annotations></attribute><attribute name="targetSiteCode" rimClassName="Observation" datatype="DSET&lt;CD&gt;" cardinality="0..*" conformance="" mandatory="false" strength="CWE" conceptDomain="ActSite" maxLength="0" historyAllowed="false" businessName="Anatomical Site"><description>The anatomical site or system that is the focus of the observation.</description><annotations><description>The anatomical site or system that is the focus of the observation.</description></annotations></attribute></attributes><associations><association name="subject" beginX="15.515366354031" beginY="4.56548399414062" endX="15.515366354031" endY="4.56548399414062" target="Subject2" targetShapeId="Sheet.252" rimTarget="Act" rimName="participation" source="ObservationEvent" cardinality="" required="0" mandatory="0" blocked="-1" businessName=""><annotations/></association></associations></class><class name="Identifier" type="Role" rimName="RoleHeir" businessName="*Identification"><graphics shapeId="Sheet.65" width="2.94251122672157" height="0.781809101019965" x="13.0052582480278" y="10.0047048611111" flipX="FALSE" flipY="TRUE" autoWidth="1" autoHeight="1"/><description>This role is primarily used to communicate identifiers that are not intended to be interoperable. Interoperable IDs should be carried in the OtherIDs class and associated with the appropriate Role class code.</description><annotations><description>This role is primarily used to communicate identifiers that are not intended to be interoperable. Interoperable IDs should be carried in the OtherIDs class and associated with the appropriate Role class code.</description><rationale>Identifiers handled separate 
from entity so that 
scoping organization information
and type code (role.code) for
identifier can be communicated.</rationale><designComm>The scoping organization carries sufficient information to contact the organization regarding the entity in the identified role.</designComm></annotations><attributes><attribute name="classCode" rimClassName="Role" datatype="CS" cardinality="1..1" conformance="R" mandatory="true" strength="CNE" codeSystem="RoleClass" domainCode="IDENT" maxLength="0" historyAllowed="false"><annotations/></attribute><attribute name="id" rimClassName="Role" datatype="II" cardinality="1..1" conformance="R" mandatory="true" maxLength="0" historyAllowed="false"><description>A unique identifier by which the identified entity is known.</description><annotations><description>A unique identifier by which the identified entity is known.</description></annotations></attribute><attribute name="code" rimClassName="Role" datatype="CD" cardinality="0..1" conformance="" mandatory="false" strength="CWE" conceptDomain="IdentifiedEntityType" maxLength="0" historyAllowed="false" businessName="Role Type"><description>A code further identifying the type of identified entity role.</description><annotations><description>A code further identifying the type of identified entity role.</description></annotations></attribute><attribute name="effectiveTime" rimClassName="Role" datatype="IVL&lt;TS&gt;" cardinality="0..1" conformance="R" mandatory="false" maxLength="0" historyAllowed="false" businessName="Time Period"><description>Time period in which the identification information is in effect and is appropriate for use.</description><annotations><description>Time period in which the identification information is in effect and is appropriate for use.</description></annotations></attribute></attributes><associations><association name="identifiedManufacturedMaterial" beginX="11.8282537573391" beginY="10.3174285015191" endX="10.475625001" endY="9.32859375" target="ManufacturedMaterial" targetShapeId="Sheet.51" rimTarget="Role" rimName="player" source="Identifier" cardinality="" required="0" mandatory="0" blocked="-1" businessName=""><annotations/></association><association name="assigningOrganization" beginX="11.8282537573391" beginY="9.69198122070313" endX="16.6562833768798" endY="9.62806192287869" target="E_OrganizationUniversal" targetShapeId="Sheet.349" rimTarget="Role" rimName="scoper" source="Identifier" cardinality="0..1" required="-1" mandatory="0" blocked="0" businessName=""><annotations/></association></associations></class><class name="E_OrganizationUniversal" cmetId="COCT_MT150000UV" cmetType="Entity" attLevel="universal" domain="EntityClass" mnemonic="ORG" type="CMET" rimName="Organization" id="COCT_MT150000UV"><graphics shapeId="Sheet.349" width="1.16131675175955" height="0.627825234646268" x="16.075625001" y="9.31414930555555" flipX="FALSE" flipY="FALSE" autoWidth="1" autoHeight="1"/><annotations/><associations><association name="qualifiedEntity" endX="11.980255539422" endY="7.84076142795138" beginX="16.0562833768798" beginY="7.88608738267687" target="QualifiedEntity" targetShapeId="Sheet.109" rimTarget="Entity" rimName="scopedRole" source="E_OrganizationUniversal" cardinality="" required="0" mandatory="0" blocked="-1" businessName=""><annotations/></association><association name="otherIDs" endX="12.3260015600735" endY="8.92311385850694" beginX="16.6562833768798" beginY="9.00023668823242" target="OtherIDs" targetShapeId="Sheet.339" rimTarget="Entity" rimName="scopedRole" source="E_OrganizationUniversal" cardinality="" required="0" mandatory="0" blocked="-1" businessName=""><annotations/></association><association name="identifier" endX="11.8282537573391" endY="9.69198122070313" beginX="16.6562833768798" beginY="9.62806192287869" target="Identifier" targetShapeId="Sheet.65" rimTarget="Entity" rimName="scopedRole" source="E_OrganizationUniversal" cardinality="" required="0" mandatory="0" blocked="-1" businessName=""><annotations/></association></associations></class><class name="QualifiedEntity" type="Role" rimName="QualifiedEntity" businessName="Credential"><graphics shapeId="Sheet.109" width="2.3310801048954" height="1.04847475043403" x="12.9126875813802" y="7.42137152777777" flipX="FALSE" flipY="FALSE" autoWidth="1" autoHeight="1"/><description>Documents any credentials the entity may have. The qualified role is scoped by the organization issuing the credentials.</description><annotations><description>Documents any credentials the entity may have. The qualified role is scoped by the organization issuing the credentials.</description></annotations><attributes><attribute name="classCode" rimClassName="Role" datatype="CS" cardinality="1..1" conformance="R" mandatory="true" strength="CNE" codeSystem="RoleClass" domainCode="QUAL" maxLength="0" historyAllowed="false"><annotations/></attribute><attribute name="id" rimClassName="Role" datatype="II" cardinality="0..1" conformance="" mandatory="false" maxLength="0" historyAllowed="false"><description>A unique identifier for this qualified role.</description><annotations><description>A unique identifier for this qualified role.</description></annotations></attribute><attribute name="code" rimClassName="Role" datatype="CD" cardinality="1..1" conformance="R" mandatory="true" strength="CWE" conceptDomain="QualifiedRoleType" maxLength="0" historyAllowed="false"><description>A code further identifying the type of qualified role.</description><annotations><description>A code further identifying the type of qualified role.</description></annotations></attribute><attribute name="name" rimClassName="Role" datatype="TN" cardinality="0..1" conformance="" mandatory="false" maxLength="0" historyAllowed="false"><description>A name for the qualified role.</description><annotations><description>A name for the qualified role.</description></annotations></attribute><attribute name="effectiveTime" rimClassName="Role" datatype="IVL&lt;TS&gt;" cardinality="0..1" conformance="" mandatory="false" maxLength="0" historyAllowed="false"><description>The effective time of the qualification.</description><annotations><description>The effective time of the qualification.</description></annotations></attribute><attribute name="certificateText" rimClassName="Role" datatype="ED" cardinality="0..1" conformance="" mandatory="false" maxLength="0" historyAllowed="false"><description>RIM: A textual or multimedia depiction of a certificate issued by the scoping Entity of a Role certifying that this Role is indeed played by the player Entity.</description><annotations><description>RIM: A textual or multimedia depiction of a certificate issued by the scoping Entity of a Role certifying that this Role is indeed played by the player Entity.</description></annotations></attribute></attributes><associations><association name="qualifiedManufacturedMaterial" beginX="11.980255539422" beginY="7.00198162760416" endX="10.475625001" endY="7.61414930555555" target="ManufacturedMaterial" targetShapeId="Sheet.51" rimTarget="Role" rimName="player" source="QualifiedEntity" cardinality="" required="0" mandatory="0" blocked="-1" businessName=""><annotations/></association><association name="qualificationGrantingOrganization" beginX="11.980255539422" beginY="7.84076142795138" endX="16.0562833768798" endY="7.88608738267687" target="E_OrganizationUniversal" targetShapeId="Sheet.119" rimTarget="Role" rimName="scoper" source="QualifiedEntity" cardinality="0..1" required="0" mandatory="0" blocked="0" businessName=""><annotations/></association></associations></class><class name="E_OrganizationUniversal" cmetId="COCT_MT150000UV" cmetType="Entity" attLevel="universal" domain="EntityClass" mnemonic="ORG" type="CMET" rimName="Organization" id="COCT_MT150000UV"><graphics shapeId="Sheet.119" width="1.16131675175955" height="0.627825234646268" x="15.475625001" y="8.2" flipX="FALSE" flipY="FALSE" autoWidth="1" autoHeight="1"/><annotations/><associations><association name="qualifiedEntity" endX="11.980255539422" endY="7.84076142795138" beginX="16.0562833768798" beginY="7.88608738267687" target="QualifiedEntity" targetShapeId="Sheet.109" rimTarget="Entity" rimName="scopedRole" source="E_OrganizationUniversal" cardinality="" required="0" mandatory="0" blocked="-1" businessName=""><annotations/></association><association name="otherIDs" endX="12.3260015600735" endY="8.92311385850694" beginX="16.6562833768798" beginY="9.00023668823242" target="OtherIDs" targetShapeId="Sheet.339" rimTarget="Entity" rimName="scopedRole" source="E_OrganizationUniversal" cardinality="" required="0" mandatory="0" blocked="-1" businessName=""><annotations/></association><association name="identifier" endX="11.8282537573391" endY="9.69198122070313" beginX="16.6562833768798" beginY="9.62806192287869" target="Identifier" targetShapeId="Sheet.65" rimTarget="Entity" rimName="scopedRole" source="E_OrganizationUniversal" cardinality="" required="0" mandatory="0" blocked="-1" businessName=""><annotations/></association></associations></class><class name="OtherIDs" type="Role" rimName="RoleHeir"><graphics shapeId="Sheet.339" width="2.18312707144813" height="0.915466937934028" x="13.1992523886528" y="8.55692708333333" flipX="FALSE" flipY="FALSE" autoWidth="1" autoHeight="1"/><description>An identifying relationship between the focal entity and a scoping organization. Note that this could be an identifier used by the primary scoping organization in a different context.
The ids carried in this role are intended to be interoperable because they are associated with a specific Role class code.</description><annotations><description>An identifying relationship between the focal entity and a scoping organization. Note that this could be an identifier used by the primary scoping organization in a different context.
The ids carried in this role are intended to be interoperable because they are associated with a specific Role class code.</description></annotations><attributes><attribute name="classCode" rimClassName="Role" datatype="CS" cardinality="1..1" conformance="R" mandatory="true" strength="CNE" codeSystem="RoleClass" domainCode="ROL" maxLength="0" historyAllowed="false"><description>Structural attribute. This can be any specialization of "role" not otherwise present in the model. A specific role class code must be selected for each instance of this class.</description><annotations><description>Structural attribute. This can be any specialization of "role" not otherwise present in the model. A specific role class code must be selected for each instance of this class.</description></annotations></attribute><attribute name="id" rimClassName="Role" datatype="DSET&lt;II&gt;" cardinality="1..*" conformance="R" mandatory="true" maxLength="0" historyAllowed="false"><description>One or more identifiers issued to the focal subject by the associated assigningOrganization. Note, this is a mandatory attribute.</description><annotations><description>One or more identifiers issued to the focal subject by the associated assigningOrganization. Note, this is a mandatory attribute.</description><rationale>The primary intent of this role description is to supply supporting identifiers for the entity.</rationale></annotations></attribute><attribute name="code" rimClassName="Role" datatype="CD" cardinality="0..1" conformance="" mandatory="false" strength="CWE" conceptDomain="RoleCode" maxLength="0" historyAllowed="false"><description>A code further defining the type of role.</description><annotations><description>A code further defining the type of role.</description></annotations></attribute><attribute name="statusCode" rimClassName="Role" datatype="CS" cardinality="0..1" conformance="" mandatory="false" strength="CNE" valueSet="RoleStatus" maxLength="0" historyAllowed="false"><description>A value specifying the state of this identifying relationship (based on the RIM Role class state-machine), for example, active, terminated, nullified</description><annotations><description>A value specifying the state of this identifying relationship (based on the RIM Role class state-machine), for example, active, terminated, nullified</description></annotations></attribute><attribute name="effectiveTime" rimClassName="Role" datatype="IVL&lt;TS&gt;" cardinality="0..1" conformance="" mandatory="false" maxLength="0" historyAllowed="false"><description>An interval of time specifying the period during which this identifying relationship is in effect, if such time limit is applicable and known.</description><annotations><description>An interval of time specifying the period during which this identifying relationship is in effect, if such time limit is applicable and known.</description></annotations></attribute></attributes><associations><association name="playingManufacturedMaterial" beginX="12.3260015600735" beginY="8.19074030815972" endX="10.475625001" endY="8.81414930555555" target="ManufacturedMaterial" targetShapeId="Sheet.51" rimTarget="Role" rimName="player" source="OtherIDs" cardinality="" required="0" mandatory="0" blocked="-1" businessName=""><annotations/></association><association name="scopingOrganization" beginX="12.3260015600735" beginY="8.92311385850694" endX="16.6562833768798" endY="9.00023668823242" target="E_OrganizationUniversal" targetShapeId="Sheet.349" rimTarget="Role" rimName="scoper" source="OtherIDs" cardinality="0..1" required="-1" mandatory="0" blocked="0" businessName=""><annotations/></association></associations></class><class name="ProductEntity" type="Role" rimName="Role"><graphics shapeId="Sheet.498" width="2.62459350889388" height="1.04879976264106" x="8.21136285022218" y="0.538038194444441" flipX="TRUE" flipY="FALSE" autoWidth="1" autoHeight="1"/><description>The ProductEntity class is used to associate a product (player) with the organization (scopes) that distributes, retails, manufactures, regulates or warrants the product.</description><annotations><description>The ProductEntity class is used to associate a product (player) with the organization (scopes) that distributes, retails, manufactures, regulates or warrants the product.</description></annotations><attributes><attribute name="classCode" rimClassName="Role" datatype="CS" cardinality="1..1" conformance="R" mandatory="true" strength="CNE" conceptDomain="RoleClassProductRelated" maxLength="0" historyAllowed="false"><annotations/></attribute><attribute name="id" rimClassName="Role" datatype="II" cardinality="0..1" conformance="" mandatory="false" maxLength="0" historyAllowed="false"><description>A unique identifier for the relationship between the entity playing the role of product and the organization scoping the role. The scoping organization is assumed to be the issuer of the id.</description><annotations><description>A unique identifier for the relationship between the entity playing the role of product and the organization scoping the role. The scoping organization is assumed to be the issuer of the id.</description></annotations></attribute><attribute name="code" rimClassName="Role" datatype="CD" cardinality="0..1" conformance="" mandatory="false" strength="CWE" conceptDomain="ProductRelatedRoleType" maxLength="0" historyAllowed="false"><description>A code further identifying the type of product.</description><annotations><description>A code further identifying the type of product.</description></annotations></attribute><attribute name="name" rimClassName="Role" datatype="TN" cardinality="0..1" conformance="" mandatory="false" maxLength="0" historyAllowed="false"><description>The name of the product.</description><annotations><description>The name of the product.</description></annotations></attribute><attribute name="statusCode" rimClassName="Role" datatype="CS" cardinality="0..1" conformance="" mandatory="false" strength="CNE" valueSet="RoleStatus" maxLength="0" historyAllowed="false"><description>A code indicating the operative state of the relationship e.g. normal, cancelled, terminated.</description><annotations><description>A code indicating the operative state of the relationship e.g. normal, cancelled, terminated.</description></annotations></attribute><attribute name="effectiveTime" rimClassName="Role" datatype="IVL&lt;TS&gt;" cardinality="0..1" conformance="" mandatory="false" maxLength="0" historyAllowed="false"><description>An interval of time specifying the period during which the relationship is in effect, if such time limit is applicable and known.</description><annotations><description>An interval of time specifying the period during which the relationship is in effect, if such time limit is applicable and known.</description></annotations></attribute></attributes><associations><association name="player" beginX="9.26120025377973" beginY="0.118518289388017" endX="9.77562500099999" endY="1.21414930555555" target="ManufacturedMaterial" targetShapeId="Sheet.51" rimTarget="Role" rimName="player" source="ProductEntity" cardinality="" required="0" mandatory="0" blocked="-1" businessName=""><annotations/></association><association name="scoper" beginX="9.26120025377973" beginY="0.957558099500864" endX="4.99941905449761" endY="0.88972858954535" target="E_PublicHealthOrganizationUniversal" targetShapeId="Sheet.19" rimTarget="Role" rimName="scoper" source="ProductEntity" cardinality="0..1" required="0" mandatory="0" blocked="0" businessName=""><annotations/></association></associations></class><class name="E_PublicHealthOrganizationUniversal" cmetId="COCT_MT841400UV" cmetType="Entity" attLevel="universal" domain="EntityClass" mnemonic="ORG" type="CMET" rimName="Organization" id="COCT_MT841400UV"><graphics shapeId="Sheet.19" width="1.69165885381033" height="0.627825234646268" x="5.84524848140277" y="0.575815972222215" flipX="FALSE" flipY="FALSE" autoWidth="1" autoHeight="1"/><annotations/><associations><association name="productEntity" endX="9.26120025377973" endY="0.957558099500864" beginX="4.99941905449761" beginY="0.88972858954535" target="ProductEntity" targetShapeId="Sheet.498" rimTarget="Entity" rimName="scopedRole" source="E_PublicHealthOrganizationUniversal" cardinality="" required="0" mandatory="0" blocked="-1" businessName=""><annotations/></association></associations></class><class name="ManagingEntityChoice" type="Choice" rimName="Entity"><graphics shapeId="Sheet.564" width="3.39415147769442" height="1.00277777777777" x="12.8029242611528" y="3.79861111111112" flipX="GUARD(FALSE)" flipY="GUARD(FALSE)" vertical="0" autoWidth="1" autoHeight="1"/><annotations/><children><childClass name="E_PublicHealthOrganizationUniversal" shapeId="Sheet.7"/><childClass name="E_PublicHealthPersonUniversal" shapeId="Sheet.558"/></children><associations><association name="managedManagingEntityChoice" endX="11.6737724195336" endY="2.93631739040798" beginX="12.4635091133833" beginY="3.29722222222223" target="ManagedEntity" targetShapeId="Sheet.194" rimTarget="Entity" rimName="scopedRole" source="ManagingEntityChoice" cardinality="" required="0" mandatory="0" blocked="-1" businessName=""><annotations/></association></associations></class><class name="E_PublicHealthOrganizationUniversal" cmetId="COCT_MT841400UV" cmetType="Entity" attLevel="universal" domain="EntityClass" mnemonic="ORG" type="CMET" rimName="Organization" id="COCT_MT841400UV"><graphics shapeId="Sheet.7" width="1.69165885381033" height="0.627825234646268" x="12.0766779492107" y="3.72361111111112" flipX="FALSE" flipY="FALSE" autoWidth="1" autoHeight="1"/><annotations/><associations><association name="productEntity" endX="9.26120025377973" endY="0.957558099500864" beginX="4.99941905449761" beginY="0.88972858954535" target="ProductEntity" targetShapeId="Sheet.498" rimTarget="Entity" rimName="scopedRole" source="E_PublicHealthOrganizationUniversal" cardinality="" required="0" mandatory="0" blocked="-1" businessName=""><annotations/></association></associations></class><class name="GroupChoice" type="Choice" rimName="Entity"><graphics shapeId="Sheet.556" width="2.9736328135" height="2.70888888888889" x="17.66244140775" y="6.56859375" flipX="GUARD(FALSE)" flipY="GUARD(FALSE)" vertical="1" autoWidth="1" autoHeight="1"/><annotations/><children><childClass name="E_PublicHealthOrganizationUniversal" shapeId="Sheet.550"/><childClass name="EntityGroup" shapeId="Sheet.546"/></children><associations><association name="memberOf" endX="11.9253954470635" endY="6.42200274739582" beginX="16.175625001" beginY="5.48503819444444" target="MemberOf" targetShapeId="Sheet.290" rimTarget="Entity" rimName="scopedRole" source="GroupChoice" cardinality="" required="0" mandatory="0" blocked="-1" businessName=""><annotations/></association></associations></class><class name="E_PublicHealthOrganizationUniversal" cmetId="COCT_MT841400UV" cmetType="Entity" attLevel="universal" domain="EntityClass" mnemonic="ORG" type="CMET" rimName="Organization" id="COCT_MT841400UV"><graphics shapeId="Sheet.550" width="1.69165885381033" height="0.627825234646268" x="17.1464544279052" y="7.35912557712131" flipX="FALSE" flipY="FALSE" autoWidth="1" autoHeight="1"/><annotations/><associations><association name="productEntity" endX="9.26120025377973" endY="0.957558099500864" beginX="4.99941905449761" beginY="0.88972858954535" target="ProductEntity" targetShapeId="Sheet.498" rimTarget="Entity" rimName="scopedRole" source="E_PublicHealthOrganizationUniversal" cardinality="" required="0" mandatory="0" blocked="-1" businessName=""><annotations/></association></associations></class><class name="EntityGroup" type="Entity" rimName="EntityHeir"><graphics shapeId="Sheet.546" width="2.95200516050521" height="1.58310609809028" x="17.6778841425319" y="6.12865991075303" flipX="FALSE" flipY="FALSE" autoWidth="1" autoHeight="1"/><description>A group of entities. This may be a formal or ad-hoc grouping of entities. The appropriate class code should be used for the purpose of creating an entity group.
If determinerCode is INSTANCE then this is an instance of a group. If determinerCode is KIND then this is a kind of group.
The group may be composed of any type of entity, there is no requirement that the group be of all the same type of entity.
The Member role is used to associate the members of a group with the group.</description><annotations><description>A group of entities. This may be a formal or ad-hoc grouping of entities. The appropriate class code should be used for the purpose of creating an entity group.
If determinerCode is INSTANCE then this is an instance of a group. If determinerCode is KIND then this is a kind of group.
The group may be composed of any type of entity, there is no requirement that the group be of all the same type of entity.
The Member role is used to associate the members of a group with the group.</description></annotations><attributes><attribute name="classCode" rimClassName="Entity" datatype="CS" cardinality="1..1" conformance="R" mandatory="true" strength="CNE" codeSystem="EntityClass" domainCode="ENT" maxLength="0" historyAllowed="false"><annotations/></attribute><attribute name="determinerCode" rimClassName="Entity" datatype="CS" cardinality="1..1" conformance="R" mandatory="true" strength="CNE" conceptDomain="EntityDeterminer" maxLength="0" historyAllowed="false"><annotations/></attribute><attribute name="code" rimClassName="Entity" datatype="CD" cardinality="0..1" conformance="" mandatory="false" strength="CWE" conceptDomain="EntityCode" maxLength="0" historyAllowed="false"><description>A code further describing the type of entity group.</description><annotations><description>A code further describing the type of entity group.</description></annotations></attribute><attribute name="quantity" rimClassName="Entity" datatype="INT" cardinality="0..1" conformance="R" mandatory="false" maxLength="0" historyAllowed="false"><description>The number of entities in the group.</description><annotations><description>The number of entities in the group.</description></annotations></attribute><attribute name="name" rimClassName="Entity" datatype="ST" cardinality="0..1" conformance="" mandatory="false" maxLength="0" historyAllowed="false"><description>A non-unique textual identifier or moniker for the entity group.</description><annotations><description>A non-unique textual identifier or moniker for the entity group.</description></annotations></attribute><attribute name="desc" rimClassName="Entity" datatype="ED" cardinality="0..1" conformance="" mandatory="false" maxLength="0" historyAllowed="false"><description>A textual or multimedia depiction of the entity group.</description><annotations><description>A textual or multimedia depiction of the entity group.</description></annotations></attribute><attribute name="statusCode" rimClassName="Entity" datatype="CS" cardinality="0..1" conformance="" mandatory="false" strength="CNE" valueSet="EntityStatus" maxLength="0" historyAllowed="false"><description>A code indicating the status of the record of this entity group.</description><annotations><description>A code indicating the status of the record of this entity group.</description></annotations></attribute><attribute name="existenceTime" rimClassName="Entity" datatype="IVL&lt;TS&gt;" cardinality="0..1" conformance="" mandatory="false" maxLength="0" historyAllowed="false"><description>An interval of time specifying the period in which the entity group physically existed.</description><annotations><description>An interval of time specifying the period in which the entity group physically existed.</description></annotations></attribute><attribute name="riskCode" rimClassName="Entity" datatype="DSET&lt;CD&gt;" cardinality="0..*" conformance="" mandatory="false" strength="CWE" conceptDomain="EntityRisk" maxLength="0" historyAllowed="false"><description>A value representing the type of hazard or threat associated with the entity group. This attribute identifies the type of risk without specifying the level of risk.</description><annotations><description>A value representing the type of hazard or threat associated with the entity group. This attribute identifies the type of risk without specifying the level of risk.</description></annotations></attribute><attribute name="handlingCode" rimClassName="Entity" datatype="DSET&lt;CD&gt;" cardinality="0..*" conformance="" mandatory="false" strength="CWE" conceptDomain="EntityHandling" maxLength="0" historyAllowed="false"><description>A value representing special handling requirements for the entity group.</description><annotations><description>A value representing special handling requirements for the entity group.</description></annotations></attribute></attributes></class><class name="MemberOf" type="Role" rimName="RoleHeir"><graphics shapeId="Sheet.290" width="2.23842110831337" height="0.915466937934028" x="12.8207638903889" y="6.05581597222221" flipX="FALSE" flipY="FALSE" autoWidth="1" autoHeight="1"/><description>An entity may be a member of a group. Entities may be grouped together for a variety purposes ranging from formal groups (such as organizations) to informal groupings for a variety of purposes (such as all the pencils in a pencil holder).
The member role is played by the entity and scoped by a group.</description><annotations><description>An entity may be a member of a group. Entities may be grouped together for a variety purposes ranging from formal groups (such as organizations) to informal groupings for a variety of purposes (such as all the pencils in a pencil holder).
The member role is played by the entity and scoped by a group.</description></annotations><attributes><attribute name="classCode" rimClassName="Role" datatype="CS" cardinality="1..1" conformance="R" mandatory="true" strength="CNE" codeSystem="RoleClass" domainCode="MBR" maxLength="0" historyAllowed="false"><annotations/></attribute><attribute name="id" rimClassName="Role" datatype="DSET&lt;II&gt;" cardinality="0..*" conformance="" mandatory="false" maxLength="0" historyAllowed="false"><description>This is the id of the entity in the group. Note that the scoper of this role is not necessarily the issuer of the id (although it may be).</description><annotations><description>This is the id of the entity in the group. Note that the scoper of this role is not necessarily the issuer of the id (although it may be).</description></annotations></attribute><attribute name="code" rimClassName="Role" datatype="CD" cardinality="0..1" conformance="" mandatory="false" strength="CWE" conceptDomain="MemberRoleType" maxLength="0" historyAllowed="false"><description>A role type that is used to further qualify an entity playing the role of a member of a group.</description><annotations><description>A role type that is used to further qualify an entity playing the role of a member of a group.</description></annotations></attribute><attribute name="statusCode" rimClassName="Role" datatype="CS" cardinality="0..1" conformance="" mandatory="false" strength="CNE" valueSet="RoleStatus" maxLength="0" historyAllowed="false"><description>The administrative status of the entities membership in a group.</description><annotations><description>The administrative status of the entities membership in a group.</description></annotations></attribute><attribute name="effectiveTime" rimClassName="Role" datatype="IVL&lt;TS&gt;" cardinality="0..1" conformance="" mandatory="false" maxLength="0" historyAllowed="false"><description>The interval of time during which the entity is/was a member of a group.</description><annotations><description>The interval of time during which the entity is/was a member of a group.</description></annotations></attribute></attributes><associations><association name="memberManufacturedMaterial" beginX="11.9253954470635" beginY="5.6896291970486" endX="10.475625001" endY="6.21414930555555" target="ManufacturedMaterial" targetShapeId="Sheet.51" rimTarget="Role" rimName="player" source="MemberOf" cardinality="" required="0" mandatory="0" blocked="-1" businessName=""><annotations/></association><association name="groupChoice" beginX="11.9253954470635" beginY="6.42200274739582" endX="16.175625001" endY="5.48503819444444" target="GroupChoice" targetShapeId="Sheet.556" rimTarget="Role" rimName="scoper" source="MemberOf" cardinality="0..1" required="0" mandatory="0" blocked="0" businessName=""><annotations/></association></associations></class><class name="E_PublicHealthPersonUniversal" cmetId="COCT_MT840200UV" cmetType="Entity" attLevel="universal" domain="EntityClass" mnemonic="PSN" type="CMET" rimName="Person" id="COCT_MT840200UV"><graphics shapeId="Sheet.558" width="1.38930213383963" height="0.627825234646268" x="13.7421584430357" y="3.72361111111112" flipX="FALSE" flipY="FALSE" autoWidth="1" autoHeight="1"/><annotations/></class><class name="ManagedEntity" type="Role" rimName="Role"><graphics shapeId="Sheet.194" width="2.19556298453407" height="0.781809101019965" x="12.5519976133472" y="2.62359375" flipX="FALSE" flipY="FALSE" autoWidth="1" autoHeight="1"/><description>The ManagedEntity role class associates a scoping entity which either owns, holds, maintains or controls access to the playing entity. This class is traversed from the player to the scoper.</description><annotations><description>The ManagedEntity role class associates a scoping entity which either owns, holds, maintains or controls access to the playing entity. This class is traversed from the player to the scoper.</description></annotations><attributes><attribute name="classCode" rimClassName="Role" datatype="CS" cardinality="1..1" conformance="R" mandatory="true" strength="CNE" conceptDomain="RoleClassManagedEntity" maxLength="0" historyAllowed="false"><annotations/></attribute><attribute name="id" rimClassName="Role" datatype="II" cardinality="0..1" conformance="" mandatory="false" maxLength="0" historyAllowed="false"><description>This is the id of the managed entity. The id is assumed to be issued by the managing entity (scoper).</description><annotations><description>This is the id of the managed entity. The id is assumed to be issued by the managing entity (scoper).</description></annotations></attribute><attribute name="statusCode" rimClassName="Role" datatype="CS" cardinality="0..1" conformance="" mandatory="false" strength="CNE" valueSet="RoleStatus" maxLength="0" historyAllowed="false"><description>This is the status of the managed entity role.</description><annotations><description>This is the status of the managed entity role.</description></annotations></attribute><attribute name="effectiveTime" rimClassName="Role" datatype="IVL&lt;TS&gt;" cardinality="0..1" conformance="" mandatory="false" maxLength="0" historyAllowed="false"><description>The effective time is the interval of time during which the entity is managed.</description><annotations><description>The effective time is the interval of time during which the entity is managed.</description></annotations></attribute></attributes><associations><association name="player" beginX="11.6737724195336" beginY="2.31087010959201" endX="10.475625001" endY="2.81414930555555" target="ManufacturedMaterial" targetShapeId="Sheet.51" rimTarget="Role" rimName="player" source="ManagedEntity" cardinality="" required="0" mandatory="0" blocked="-1" businessName=""><annotations/></association><association name="scoper" beginX="11.6737724195336" beginY="2.93631739040798" endX="12.4635091133833" endY="3.29722222222223" target="ManagingEntityChoice" targetShapeId="Sheet.564" rimTarget="Role" rimName="scoper" source="ManagedEntity" cardinality="0..1" required="0" mandatory="0" blocked="0" businessName=""><annotations/></association></associations></class><entryPoint entryClass="ManufacturedMaterial" name="E_PublicHealthManufacturedMaterial universal" type="EntryPoint" id="COCT_MT841200UV"><graphics shapeId="Sheet.161" connectedShape="Sheet.51" width="3.21701599424544" height="1.30014593098958" beginX="8.87562500099999" beginY="9.91414930555555" endX="9.07562500099999" endY="9.32859375"/><annotations/><notes><text>The E_PublicHealthManufacturedMaterial cmet is designed to capture information about a manufactured material of interest to Public Health. Property-contextConductionStyle: C </text></notes></entryPoint><class name="LocatedEntity" type="Role" rimName="RoleHeir"><graphics shapeId="Sheet.139" width="2.53198028867904" height="0.915141925726997" x="4.87562500099999" y="8.45692708333333" flipX="TRUE" flipY="FALSE" autoWidth="1" autoHeight="1"/><description>Used to identify the physical presence of an entity (e.g. location of a person). Allows for nested-definitions of locations (e.g. place within a place within a place).</description><annotations><description>Used to identify the physical presence of an entity (e.g. location of a person). Allows for nested-definitions of locations (e.g. place within a place within a place).</description></annotations><attributes><attribute name="classCode" rimClassName="Role" datatype="CS" cardinality="1..1" conformance="R" mandatory="true" strength="CNE" codeSystem="RoleClass" domainCode="LOCE" maxLength="0" historyAllowed="false"><annotations/></attribute><attribute name="id" rimClassName="Role" datatype="II" cardinality="0..1" conformance="" mandatory="false" maxLength="0" historyAllowed="false"><description>Allows an id for the location of an entity to be conveyed.  Note that the scoper of this role is probably not the issuer of this id.</description><annotations><description>Allows an id for the location of an entity to be conveyed.  Note that the scoper of this role is probably not the issuer of this id.</description></annotations></attribute><attribute name="code" rimClassName="Role" datatype="CD" cardinality="0..1" conformance="" mandatory="false" strength="CWE" conceptDomain="LocatedEntityRoleType" maxLength="0" historyAllowed="false"><description>Identifies the type of entity location.</description><annotations><description>Identifies the type of entity location.</description></annotations></attribute><attribute name="addr" rimClassName="Role" datatype="COLL&lt;AD&gt;" cardinality="0..*" conformance="" mandatory="false" maxLength="0" historyAllowed="false"><description>The address of the entities location.</description><annotations><description>The address of the entities location.</description></annotations></attribute><attribute name="telecom" rimClassName="Role" datatype="COLL&lt;TEL&gt;" cardinality="0..*" conformance="" mandatory="false" maxLength="0" historyAllowed="false"><description>The telecommunication or email address of the entities location.</description><annotations><description>The telecommunication or email address of the entities location.</description></annotations></attribute></attributes><associations><association name="locatedPublicHealthPlace" beginX="5.8884171164716" beginY="8.09087031304253" endX="4.62711658305652" endY="7.18634779934353" target="E_PublicHealthPlaceUniversal" targetShapeId="Sheet.138" rimTarget="Role" rimName="player" source="LocatedEntity" cardinality="0..1" required="0" mandatory="0" blocked="0" businessName=""><annotations/></association><association name="locationManufacturedMaterial" beginX="5.8884171164716" beginY="8.82298385362413" endX="7.67562500099999" endY="8.61414930555555" target="ManufacturedMaterial" targetShapeId="Sheet.51" rimTarget="Role" rimName="scoper" source="LocatedEntity" cardinality="" required="0" mandatory="0" blocked="-1" businessName=""><annotations/></association><association name="subjectOf" beginX="3.60963485666047" beginY="8.54844127590603" endX="3.60963485666047" endY="8.54844127590603" target="Subject3" targetShapeId="Sheet.378" rimTarget="Role" rimName="participation" source="LocatedEntity" cardinality="0..*" required="0" mandatory="0" blocked="0" businessName=""><annotations/></association></associations></class><class name="E_PublicHealthPlaceUniversal" cmetId="COCT_MT841300UV" cmetType="Entity" attLevel="universal" domain="EntityClass" mnemonic="PLC" type="CMET" rimName="Place" id="COCT_MT841300UV"><graphics shapeId="Sheet.138" width="1.30298316411306" height="0.627825234646268" x="3.97562500099999" y="7.50026041666667" flipX="FALSE" flipY="FALSE" autoWidth="1" autoHeight="1"/><annotations/><associations><association name="asLocatedEntity" endX="5.8884171164716" endY="8.09087031304253" beginX="4.62711658305652" beginY="7.18634779934353" target="LocatedEntity" targetShapeId="Sheet.139" rimTarget="Entity" rimName="playedRole" source="E_PublicHealthPlaceUniversal" cardinality="" required="0" mandatory="0" blocked="-1" businessName=""><annotations/></association></associations></class><class name="Subject3" type="Participation" rimName="Participation"><graphics shapeId="Sheet.378" width="2.3185541932934" height="0.436485106065539" x="2.45035776001377" y="8.57435084628635" beginX="1.29108066336707" beginY="8.60026041666667" endX="3.60963485666047" endY="8.54844127590603" arrowWidth="66 in."/><description>Used to associate spatial coordinates with an entities location.  If multiple spatial coordinates are provided, they should identify the same location.</description><annotations><description>Used to associate spatial coordinates with an entities location.  If multiple spatial coordinates are provided, they should identify the same location.</description></annotations><attributes><attribute name="typeCode" rimClassName="Participation" datatype="CS" cardinality="1..1" conformance="R" mandatory="true" strength="CNE" codeSystem="ParticipationType" domainCode="SBJ" maxLength="0" historyAllowed="false"><annotations/></attribute><attribute name="contextControlCode" rimClassName="Participation" datatype="CS" cardinality="0..1" conformance="" mandatory="false" strength="CNE" codeSystem="C:ContextControl" default="AN" maxLength="0" historyAllowed="false"><description>A code that specifies how this participation contributes to the context of the current Act, and whether it may be propagated to descendent Acts whose association allows such propagation (see ActRelationship.contextConductionInd). The default value of AN has been associated with this participation.</description><annotations><description>A code that specifies how this participation contributes to the context of the current Act, and whether it may be propagated to descendent Acts whose association allows such propagation (see ActRelationship.contextConductionInd). The default value of AN has been associated with this participation.</description></annotations></attribute></attributes><associations><association name="spatialCoordinate" beginX="1.29108066336707" beginY="8.60026041666667" endX="1.29108066336707" endY="8.60026041666667" target="A_SpatialCoordinateUniversal" targetShapeId="Sheet.242" rimTarget="Participation" rimName="act" source="Subject3" cardinality="1..1" required="0" mandatory="0" blocked="0" businessName=""><annotations/></association><association name="locatedEntity" beginX="3.60963485666047" beginY="8.54844127590603" endX="3.60963485666047" endY="8.54844127590603" target="LocatedEntity" targetShapeId="Sheet.139" rimTarget="Participation" rimName="role" source="Subject3" cardinality="" required="0" mandatory="0" blocked="-1" businessName=""><annotations/></association></associations></class><class name="A_SpatialCoordinateUniversal" cmetId="COCT_MT960000UV" cmetType="Act" attLevel="universal" domain="ActClass" mnemonic="OBS" type="CMET" rimName="Observation" id="COCT_MT960000UV"><graphics shapeId="Sheet.242" width="1.29653632573416" height="0.627825234646268" x="0.642812500499994" y="8.60026041666667" flipX="FALSE" flipY="FALSE" autoWidth="1" autoHeight="1"/><annotations/><associations><association name="subject" beginX="1.29108066336707" beginY="8.60026041666667" endX="1.29108066336707" endY="8.60026041666667" target="Subject3" targetShapeId="Sheet.378" rimTarget="Act" rimName="participation" source="A_SpatialCoordinateUniversal" cardinality="" required="0" mandatory="0" blocked="-1" businessName=""><annotations/></association></associations></class><class name="PartOfWhole" type="Role" rimName="RoleHeir"><graphics shapeId="Sheet.198" width="3.05672241514388" height="1.04879976264106" x="4.87562500099999" y="6.21414930555555" flipX="TRUE" flipY="TRUE" autoWidth="1" autoHeight="1"/><description>An association between an entity (player) and another entity (scoper) where the playing entity  is considered in a "part" of the other entity, e.g. body part. This role should be used only if other roles in the model such as MBR (member), INGR (ingredient), LOCE (located entity) or CONT (content) are not appropriate.  Note the model includes a 'quantity' attribute for relationships that can be quantified as a numeric ratio.</description><annotations><description>An association between an entity (player) and another entity (scoper) where the playing entity  is considered in a "part" of the other entity, e.g. body part. This role should be used only if other roles in the model such as MBR (member), INGR (ingredient), LOCE (located entity) or CONT (content) are not appropriate.  Note the model includes a 'quantity' attribute for relationships that can be quantified as a numeric ratio.</description><designComm>HL7: This role is identical to the Part role, except that it reverses the direction of traversal.</designComm></annotations><attributes><attribute name="classCode" rimClassName="Role" datatype="CS" cardinality="1..1" conformance="R" mandatory="true" strength="CNE" codeSystem="RoleClass" domainCode="PART" maxLength="0" historyAllowed="false"><annotations/></attribute><attribute name="id" rimClassName="Role" datatype="II" cardinality="0..1" conformance="" mandatory="false" maxLength="0" historyAllowed="false" businessName="Identifier"><description>A unique identifier for the relationship between the playing the role of part and the scoping entity. Note that the scoper of the role will normally not be the issuer of the id.</description><annotations><description>A unique identifier for the relationship between the playing the role of part and the scoping entity. Note that the scoper of the role will normally not be the issuer of the id.</description></annotations></attribute><attribute name="code" rimClassName="Role" datatype="CD" cardinality="0..1" conformance="" mandatory="false" strength="CWE" conceptDomain="PartRoleType" maxLength="0" historyAllowed="false" businessName="Relationship Type"><description>A coded value that more precisely defines the type of part.</description><annotations><description>A coded value that more precisely defines the type of part.</description></annotations></attribute><attribute name="statusCode" rimClassName="Role" datatype="CS" cardinality="0..1" conformance="" mandatory="false" strength="CNE" valueSet="RoleStatus" maxLength="0" historyAllowed="false"><description>A code indicating the operative state of the relationship e.g. normal, cancelled, terminated.</description><annotations><description>A code indicating the operative state of the relationship e.g. normal, cancelled, terminated.</description></annotations></attribute><attribute name="effectiveTime" rimClassName="Role" datatype="IVL&lt;TS&gt;" cardinality="0..1" conformance="" mandatory="false" maxLength="0" historyAllowed="false"><description>An interval of time specifying the period during which the relationship is in effect, if such time limit is applicable and known</description><annotations><description>An interval of time specifying the period during which the relationship is in effect, if such time limit is applicable and known</description></annotations></attribute><attribute name="quantity" rimClassName="Role" datatype="RTO&lt;PQ,PQ&gt;" cardinality="0..1" conformance="" mandatory="false" maxLength="0" historyAllowed="false"><description>For compositional relationships between (usually) material substances: a ratio (numerator : denominator) specifying the relative quantities of the subject relative to the related entity.</description><annotations><description>For compositional relationships between (usually) material substances: a ratio (numerator : denominator) specifying the relative quantities of the subject relative to the related entity.</description></annotations></attribute></attributes><associations><association name="partManufacturedMaterial" beginX="6.09831396705754" beginY="6.63366921061198" endX="7.67562500099999" endY="6.21414930555555" target="ManufacturedMaterial" targetShapeId="Sheet.51" rimTarget="Role" rimName="player" source="PartOfWhole" cardinality="" required="0" mandatory="0" blocked="-1" businessName=""><annotations/></association><association name="wholePublicHealthEntity" beginX="6.09831396705754" beginY="5.79462940049913" endX="1.79229896404486" endY="5.74195081176757" target="E_PublicHealthEntityUniversal" targetShapeId="Sheet.540" rimTarget="Role" rimName="scoper" source="PartOfWhole" cardinality="0..1" required="0" mandatory="0" blocked="0" businessName=""><annotations/></association></associations></class><class name="E_PublicHealthEntityUniversal" cmetId="COCT_MT840000UV" cmetType="Entity" attLevel="universal" domain="EntityClass" mnemonic="ENT" type="CMET" rimName="EntityHeir" id="COCT_MT840000UV"><graphics shapeId="Sheet.540" width="1.32127082280447" height="0.627825234646268" x="2.32080729316665" y="5.42803819444444" flipX="FALSE" flipY="FALSE" autoWidth="1" autoHeight="1"/><annotations/><associations><association name="asPart" endX="6.05998694069035" endY="5.05755809950087" beginX="1.79229896404486" beginY="5.11412557712131" target="Part" targetShapeId="Sheet.55" rimTarget="Entity" rimName="playedRole" source="E_PublicHealthEntityUniversal" cardinality="" required="0" mandatory="0" blocked="-1" businessName=""><annotations/></association><association name="partOfWhole" endX="6.09831396705754" endY="5.79462940049913" beginX="1.79229896404486" beginY="5.74195081176757" target="PartOfWhole" targetShapeId="Sheet.198" rimTarget="Entity" rimName="scopedRole" source="E_PublicHealthEntityUniversal" cardinality="" required="0" mandatory="0" blocked="-1" businessName=""><annotations/></association></associations></class><class name="Part" type="Role" rimName="RoleHeir"><graphics shapeId="Sheet.55" width="2.21090484922591" height="1.04879976264106" x="5.17562500099999" y="4.63803819444444" flipX="TRUE" flipY="TRUE" autoWidth="1" autoHeight="1"/><description>An association between an entity (player) and another entity (scoper) where the playing entity  is considered in a "part" of the other entity, e.g. body part. This role should be used only if other roles in the model such as MBR (member), INGR (ingredient), LOCE (located entity) or CONT (content) are not appropriate.  Note the model includes a 'quantity' attribute for relationships that can be quantified as a numeric ratio.</description><annotations><description>An association between an entity (player) and another entity (scoper) where the playing entity  is considered in a "part" of the other entity, e.g. body part. This role should be used only if other roles in the model such as MBR (member), INGR (ingredient), LOCE (located entity) or CONT (content) are not appropriate.  Note the model includes a 'quantity' attribute for relationships that can be quantified as a numeric ratio.</description><designComm>HL7: This role is identical to the PartOfWhole role, except that it reverses the direction of traversal.</designComm></annotations><attributes><attribute name="classCode" rimClassName="Role" datatype="CS" cardinality="1..1" conformance="R" mandatory="true" strength="CNE" codeSystem="RoleClass" domainCode="PART" maxLength="0" historyAllowed="false"><annotations/></attribute><attribute name="id" rimClassName="Role" datatype="II" cardinality="0..1" conformance="" mandatory="false" maxLength="0" historyAllowed="false"><description>A unique identifier for the relationship between the playing the role of part and the scoping entity. Note that the scoper of the role will normally not be the issuer of the id.</description><annotations><description>A unique identifier for the relationship between the playing the role of part and the scoping entity. Note that the scoper of the role will normally not be the issuer of the id.</description></annotations></attribute><attribute name="code" rimClassName="Role" datatype="CD" cardinality="0..1" conformance="" mandatory="false" strength="CWE" conceptDomain="PartRoleType" maxLength="0" historyAllowed="false"><description>A coded value that more precisely defines the type of part.</description><annotations><description>A coded value that more precisely defines the type of part.</description></annotations></attribute><attribute name="statusCode" rimClassName="Role" datatype="CS" cardinality="0..1" conformance="" mandatory="false" strength="CNE" valueSet="RoleStatus" maxLength="0" historyAllowed="false"><description>A code indicating the operative state of the relationship e.g. normal, cancelled, terminated.</description><annotations><description>A code indicating the operative state of the relationship e.g. normal, cancelled, terminated.</description></annotations></attribute><attribute name="effectiveTime" rimClassName="Role" datatype="IVL&lt;TS&gt;" cardinality="0..1" conformance="" mandatory="false" maxLength="0" historyAllowed="false"><description>An interval of time specifying the period during which the relationship is in effect, if such time limit is applicable and known.</description><annotations><description>An interval of time specifying the period during which the relationship is in effect, if such time limit is applicable and known.</description></annotations></attribute><attribute name="quantity" rimClassName="Role" datatype="RTO&lt;PQ,PQ&gt;" cardinality="0..1" conformance="" mandatory="false" maxLength="0" historyAllowed="false"><description>For compositional relationships between (usually) material substances: a ratio (numerator : denominator) specifying the relative quantities of the subject relative to the related entity.</description><annotations><description>For compositional relationships between (usually) material substances: a ratio (numerator : denominator) specifying the relative quantities of the subject relative to the related entity.</description></annotations></attribute></attributes><associations><association name="partPublicHealthEntity" beginX="6.05998694069035" beginY="5.05755809950087" endX="1.79229896404486" endY="5.11412557712131" target="E_PublicHealthEntityUniversal" targetShapeId="Sheet.540" rimTarget="Role" rimName="player" source="Part" cardinality="0..1" required="0" mandatory="0" blocked="0" businessName=""><annotations/></association><association name="wholeManufacturedMaterial" beginX="6.05998694069035" beginY="4.21851828938802" endX="7.67562500099999" endY="4.81414930555555" target="ManufacturedMaterial" targetShapeId="Sheet.51" rimTarget="Role" rimName="scoper" source="Part" cardinality="" required="0" mandatory="0" blocked="-1" businessName=""><annotations/></association></associations></class><class name="Ingredient" type="Role" rimName="RoleHeir"><graphics shapeId="Sheet.304" width="3.18654037779036" height="0.781809101019965" x="4.95686686272916" y="3.01414930555555" flipX="TRUE" flipY="FALSE" autoWidth="1" autoHeight="1"/><description>RIM: Relates a component (player) to a mixture (scoper). E.g., Glucose and Water are ingredients of D5W, latex may be an ingredient in a tracheal tube.
Note that the INGR class code has a number of specializations including:
IACT - inactive ingredient
COLR - color additive
FLVR - flavor ingredient
PRSV - preservative
STBL - stabilizer
ACTI - active ingredient
ACTM - active moiety
ADTV - additive
BASE - base
Use the most appropriate class code which describes the relationship between the component (player) and the mixture (scoper).</description><annotations><description>RIM: Relates a component (player) to a mixture (scoper). E.g., Glucose and Water are ingredients of D5W, latex may be an ingredient in a tracheal tube.
Note that the INGR class code has a number of specializations including:
IACT - inactive ingredient
COLR - color additive
FLVR - flavor ingredient
PRSV - preservative
STBL - stabilizer
ACTI - active ingredient
ACTM - active moiety
ADTV - additive
BASE - base
Use the most appropriate class code which describes the relationship between the component (player) and the mixture (scoper).</description></annotations><attributes><attribute name="classCode" rimClassName="Role" datatype="CS" cardinality="1..1" conformance="R" mandatory="true" strength="CNE" codeSystem="RoleClass" domainCode="INGR" maxLength="0" historyAllowed="false"><annotations/></attribute><attribute name="negationInd" rimClassName="Role" datatype="BL" cardinality="0..1" conformance="" mandatory="false" maxLength="0" historyAllowed="false"><description>Used to indicate the mixture does not contain this ingredient.</description><annotations><description>Used to indicate the mixture does not contain this ingredient.</description></annotations></attribute><attribute name="confidentialityCode" rimClassName="Role" datatype="DSET&lt;CD&gt;" cardinality="0..*" conformance="" mandatory="false" strength="CWE" conceptDomain="Confidentiality" maxLength="0" historyAllowed="false"><description>Used to indicate that the manufacturer considers the presence of the ingredient a trade secret.</description><annotations><description>Used to indicate that the manufacturer considers the presence of the ingredient a trade secret.</description></annotations></attribute><attribute name="quantity" rimClassName="Role" datatype="RTO&lt;PQ,PQ&gt;" cardinality="0..1" conformance="" mandatory="false" maxLength="0" historyAllowed="false"><description>If the ingredient is unknown in quantity, leave the quantity as null. Where it is a "trace" use "trace" form of null. Where the quantity is to be adjusted to achieve a final value use "qs" flavor of null.</description><annotations><description>If the ingredient is unknown in quantity, leave the quantity as null. Where it is a "trace" use "trace" form of null. Where the quantity is to be adjusted to achieve a final value use "qs" flavor of null.</description></annotations></attribute></attributes><associations><association name="ingredientManufacturedMaterial" beginX="6.2314830138453" beginY="2.70142566514757" endX="7.67562500099999" endY="3.61414930555555" target="ManufacturedMaterial" targetShapeId="Sheet.51" rimTarget="Role" rimName="player" source="Ingredient" cardinality="" required="0" mandatory="0" blocked="-1" businessName=""><annotations/></association><association name="ingredientOfPublicHealthMaterialChoice" beginX="6.2314830138453" beginY="3.32687294596354" endX="0.7852009731889" endY="3.23891261732314" target="PublicHealthMaterialChoice" targetShapeId="Sheet.128" rimTarget="Role" rimName="scoper" source="Ingredient" cardinality="0..1" required="0" mandatory="0" blocked="0" businessName=""><annotations/></association></associations></class><class name="PublicHealthMaterialChoice" type="Choice" rimName="Entity"><graphics shapeId="Sheet.128" width="2.23933112553885" height="1.87782523464627" x="1.90486653595833" y="2.3" flipX="GUARD(FALSE)" flipY="GUARD(FALSE)" vertical="1" autoWidth="1" autoHeight="1"/><annotations/><children><childClass name="E_PublicHealthMaterialUniversal" shapeId="Sheet.102"/><childClass name="ManufacturedMaterial" shapeId="Sheet.108"/></children><associations><association name="asHasIngredients" endX="6.21815564814391" endY="1.30142566514757" beginX="0.7852009731889" beginY="1.36108738267687" target="HasIngredients" targetShapeId="Sheet.464" rimTarget="Entity" rimName="playedRole" source="PublicHealthMaterialChoice" cardinality="" required="0" mandatory="0" blocked="-1" businessName=""><annotations/></association><association name="ingredient" endX="6.2314830138453" endY="3.32687294596354" beginX="0.7852009731889" beginY="3.23891261732314" target="Ingredient" targetShapeId="Sheet.304" rimTarget="Entity" rimName="scopedRole" source="PublicHealthMaterialChoice" cardinality="" required="0" mandatory="0" blocked="-1" businessName=""><annotations/></association></associations></class><class name="E_PublicHealthMaterialUniversal" cmetId="COCT_MT841100UV" cmetType="Entity" attLevel="universal" domain="EntityClass" mnemonic="MAT" type="CMET" rimName="Material" id="COCT_MT841100UV"><graphics shapeId="Sheet.102" width="1.43254172734549" height="0.627825234646268" x="1.62647183686164" y="2.675" flipX="FALSE" flipY="FALSE" autoWidth="1" autoHeight="1"/><annotations/></class><class name="HasIngredients" type="Role" rimName="RoleHeir"><graphics shapeId="Sheet.464" width="3.18654037779036" height="0.781809101019965" x="4.94353949702777" y="1.61414930555555" flipX="TRUE" flipY="FALSE" autoWidth="1" autoHeight="1"/><description>RIM: Relates a component (player) to a mixture (scoper). E.g., Glucose and Water are ingredients of D5W, latex may be an ingredient in a tracheal tube.
Note that the INGR class code has a number of specializations including:
IACT - inactive ingredient
COLR - color additive
FLVR - flavor ingredient
PRSV - preservative
STBL - stabilizer
ACTI - active ingredient
ACTM - active moiety
ADTV - additive
BASE - base
Use the most appropriate class code which describes the relationship between the component (player) and the mixture (scoper).</description><annotations><description>RIM: Relates a component (player) to a mixture (scoper). E.g., Glucose and Water are ingredients of D5W, latex may be an ingredient in a tracheal tube.
Note that the INGR class code has a number of specializations including:
IACT - inactive ingredient
COLR - color additive
FLVR - flavor ingredient
PRSV - preservative
STBL - stabilizer
ACTI - active ingredient
ACTM - active moiety
ADTV - additive
BASE - base
Use the most appropriate class code which describes the relationship between the component (player) and the mixture (scoper).</description></annotations><attributes><attribute name="classCode" rimClassName="Role" datatype="CS" cardinality="1..1" conformance="R" mandatory="true" strength="CNE" codeSystem="RoleClass" domainCode="INGR" maxLength="0" historyAllowed="false"><annotations/></attribute><attribute name="negationInd" rimClassName="Role" datatype="BL" cardinality="0..1" conformance="" mandatory="false" maxLength="0" historyAllowed="false"><description>Used to indicate the mixture does not contain this ingredient.</description><annotations><description>Used to indicate the mixture does not contain this ingredient.</description></annotations></attribute><attribute name="confidentialityCode" rimClassName="Role" datatype="DSET&lt;CD&gt;" cardinality="0..*" conformance="" mandatory="false" strength="CWE" conceptDomain="Confidentiality" maxLength="0" historyAllowed="false"><description>Used to indicate that the manufacturer considers the presence of the ingredient a trade secret.</description><annotations><description>Used to indicate that the manufacturer considers the presence of the ingredient a trade secret.</description></annotations></attribute><attribute name="quantity" rimClassName="Role" datatype="RTO&lt;PQ,PQ&gt;" cardinality="0..1" conformance="" mandatory="false" maxLength="0" historyAllowed="false"><description>If the ingredient is unknown in quantity, leave the quantity as null. Where it is a "trace" use "trace" form of null. Where the quantity is to be adjusted to achieve a final value use "qs" flavor of null.</description><annotations><description>If the ingredient is unknown in quantity, leave the quantity as null. Where it is a "trace" use "trace" form of null. Where the quantity is to be adjusted to achieve a final value use "qs" flavor of null.</description></annotations></attribute></attributes><associations><association name="ingredientPublicHealthMaterialChoice" beginX="6.21815564814391" beginY="1.30142566514757" endX="0.7852009731889" endY="1.36108738267687" target="PublicHealthMaterialChoice" targetShapeId="Sheet.128" rimTarget="Role" rimName="player" source="HasIngredients" cardinality="0..1" required="0" mandatory="0" blocked="0" businessName=""><annotations/></association><association name="ingredientOfManufacturedMaterial" beginX="6.21815564814391" beginY="1.92687294596354" endX="7.67562500099999" endY="2.21414930555555" target="ManufacturedMaterial" targetShapeId="Sheet.51" rimTarget="Role" rimName="scoper" source="HasIngredients" cardinality="" required="0" mandatory="0" blocked="-1" businessName=""><annotations/></association></associations></class></page></pages></hl7model>
