<?xml version="1.0"?>
<hl7model rendered="7/1/2012 8:50:30 AM" datatypesRelease="R2"><pages><page name="Pg-1" width="11" height="8"><class name="PayeeRole" type="Role" rimName="Role"><graphics shapeId="Sheet.73" width="2.8224122649974" height="0.514818439398872" x="2.8833333333333" y="3.2444444444444" flipX="TRUE" flipY="FALSE" autoWidth="1" autoHeight="1"/><annotations/><notes><Note name="Sheet.25" type="Note" noteType="Note"><graphics shapeId="Sheet.25" connectedShape="Sheet.73" x="5.42257487029166" y="3.69444444444444" width="1.50692239005165" height="0.588986854383681" beginX="0.753461195025825" beginY="0.294493427191841" endX="-0.374574209433837" endY="-0.155506572808202"/><annotations/><notes><text>Covered Party/Patient is 
the scoper of this role, but is 
not necessary in this CMET</text></notes></Note></notes><attributes><attribute name="classCode" rimClassName="Role" datatype="CS" cardinality="1..1" conformance="R" mandatory="true" strength="CNE" valueSet="x_RoleClassPayeePolicyRelationship" maxLength="0" historyAllowed="false"><annotations/></attribute><attribute name="id" rimClassName="Role" datatype="II" cardinality="1..1" conformance="R" mandatory="true" maxLength="0" historyAllowed="false" businessName="e.g. billingAgent.providerNum"><annotations/></attribute></attributes><associations><association name="contractHeld" beginX="2.8833333333333" beginY="3.50185366414384" endX="2.8833333333333" endY="3.50185366414384" target="Holder" targetShapeId="Sheet.41" rimTarget="Role" rimName="participation" source="PayeeRole" cardinality="" required="0" mandatory="0" blocked="-1" businessName=""><annotations/></association></associations></class><class name="Holder" type="Participation" rimName="Participation"><graphics shapeId="Sheet.41" width="0.725924113633864" height="1.10839248960677" x="2.9150200735343" y="3.86481572096077" beginX="2.9467068137353" beginY="4.2277777777777" endX="2.8833333333333" endY="3.50185366414384" arrowWidth="66 in."/><annotations/><attributes><attribute name="typeCode" rimClassName="Participation" datatype="CS" cardinality="1..1" conformance="R" mandatory="true" strength="CNE" codeSystem="ParticipationType" domainCode="HLD" maxLength="0" historyAllowed="false"><annotations/></attribute></attributes><associations><association name="account" beginX="2.9467068137353" beginY="4.2277777777777" endX="2.9467068137353" endY="4.2277777777777" target="Account" targetShapeId="Sheet.45" rimTarget="Participation" rimName="act" source="Holder" cardinality="" required="0" mandatory="0" blocked="-1" businessName=""><annotations/></association><association name="payeeRole" beginX="2.8833333333333" beginY="3.50185366414384" endX="2.8833333333333" endY="3.50185366414384" target="PayeeRole" targetShapeId="Sheet.73" rimTarget="Participation" rimName="role" source="Holder" cardinality="1..1" required="-1" mandatory="-1" blocked="0" businessName=""><annotations/></association></associations></class><class name="Account" type="Act" rimName="Account"><graphics shapeId="Sheet.45" width="3.27307678526107" height="0.75" x="2.9467068137353" y="4.6027777777777" flipX="FALSE" flipY="FALSE" autoWidth="1" autoHeight="1"/><annotations/><attributes><attribute name="classCode" rimClassName="Act" datatype="CS" cardinality="1..1" conformance="R" mandatory="true" strength="CNE" codeSystem="ActClass" domainCode="ACCT" maxLength="0" historyAllowed="false"><annotations/></attribute><attribute name="moodCode" rimClassName="Act" datatype="CS" cardinality="1..1" conformance="R" mandatory="true" strength="CNE" codeSystem="ActMood" domainCode="EVN" maxLength="0" historyAllowed="false"><annotations/></attribute><attribute name="code" rimClassName="Act" datatype="CS" cardinality="0..1" conformance="R" mandatory="false" strength="CNE" conceptDomain="ActCode" maxLength="0" historyAllowed="false" businessName="e.g. compensationClaimInd"><annotations/></attribute></attributes><associations><association name="holder" beginX="2.9467068137353" beginY="4.2277777777777" endX="2.9467068137353" endY="4.2277777777777" target="Holder" targetShapeId="Sheet.41" rimTarget="Act" rimName="participation" source="Account" cardinality="1..1" required="-1" mandatory="-1" blocked="0" businessName=""><annotations/></association></associations></class><entryPoint entryClass="Account" name="A_AccountPayee identified" type="EntryPoint" id="COCT_RM110201UV"><graphics shapeId="Sheet.52" connectedShape="Sheet.45" width="2.08764350346853" height="0.90014745686849" beginX="2.779264321917" beginY="5.6944444444444" endX="2.9467068137353" endY="4.9777777777777"/><annotations/><notes><text>Used to identify payee in the context of a health claim. Property-contextConductionStyle: I </text></notes></entryPoint></page></pages></hl7model>
