<?xml version="1.0"?>
<hl7model rendered="7/1/2012 9:01:10 AM" datatypesRelease="R2"><pages><page name="Pg-1" width="4.91204785995656" height="5.52888888888889"><class name="LocatedEntity" type="Role" rimName="RoleHeir"><graphics shapeId="Sheet.638" width="1.25" height="0.5" x="3.07874327996352" y="1.465" flipX="TRUE" flipY="FALSE" autoWidth="1" autoHeight="1"/><description>Relates an entity (player) to a location (scoper) at which it is present in some way. This presence may be limited in time.</description><annotations><description>Relates an entity (player) to a location (scoper) at which it is present in some way. This presence may be limited in time.</description></annotations><attributes><attribute name="classCode" rimClassName="Role" datatype="CS" cardinality="1..1" conformance="R" mandatory="true" strength="CNE" codeSystem="RoleClass" domainCode="LOCE" maxLength="0" historyAllowed="false"><description>Structural attribute; this is a "located entity" role</description><annotations><description>Structural attribute; this is a "located entity" role</description></annotations></attribute></attributes><associations><association name="location" beginX="3.57874327996352" beginY="1.665" endX="3.18354525821487" endY="2.68282310384114" target="Place" targetShapeId="Sheet.648" rimTarget="Role" rimName="scoper" source="LocatedEntity" cardinality="" required="0" mandatory="0" blocked="-1" businessName=""><annotations/></association><association name="subjectOf" beginX="3.07874327996352" beginY="1.215" endX="3.07874327996352" endY="1.215" target="Subject7" targetShapeId="Sheet.920" rimTarget="Role" rimName="participation" source="LocatedEntity" cardinality="1..1" required="-1" mandatory="0" blocked="0" businessName=""><annotations/></association></associations></class><class name="Place" type="Entity" rimName="Place"><graphics shapeId="Sheet.648" width="2.18600632017318" height="1.44879823676215" x="3.18354525821487" y="3.40722222222222" flipX="FALSE" flipY="FALSE" autoWidth="1" autoHeight="1"/><description>A subtype of Entity representing a bounded physical place or site with its contained structures, if any</description><annotations><description>A subtype of Entity representing a bounded physical place or site with its contained structures, if any</description></annotations><attributes><attribute name="classCode" rimClassName="Entity" datatype="CS" cardinality="1..1" conformance="R" mandatory="true" strength="CNE" codeSystem="EntityClass" domainCode="PLC" maxLength="0" historyAllowed="false"><description>Structural attribute; this is a "place" entity</description><annotations><description>Structural attribute; this is a "place" entity</description></annotations></attribute><attribute name="determinerCode" rimClassName="Entity" datatype="CS" cardinality="1..1" conformance="R" mandatory="true" strength="CNE" codeSystem="EntityDeterminer" domainCode="INSTANCE" maxLength="0" historyAllowed="false"><description>Structural attribute; this is a specific place</description><annotations><description>Structural attribute; this is a specific place</description></annotations></attribute><attribute name="id" rimClassName="Entity" datatype="DSET&lt;II&gt;" cardinality="0..*" conformance="" mandatory="false" maxLength="0" historyAllowed="false"><description>Identifier(s) for this physical place</description><annotations><description>Identifier(s) for this physical place</description></annotations></attribute><attribute name="code" rimClassName="Entity" datatype="CD" cardinality="0..1" conformance="" mandatory="false" strength="CWE" conceptDomain="PlaceEntityType" maxLength="0" historyAllowed="false"><description>A value further specifying the type of place drawn from the PlaceEntityType domain.  Examples include bed location, room location, floor location, wing location, and building location.</description><annotations><description>A value further specifying the type of place drawn from the PlaceEntityType domain.  Examples include bed location, room location, floor location, wing location, and building location.</description></annotations></attribute><attribute name="name" rimClassName="Entity" datatype="COLL&lt;EN&gt;" cardinality="0..*" conformance="" mandatory="false" maxLength="0" historyAllowed="false"><description>Non-unique textual identifier(s) or moniker(s) for this place</description><annotations><description>Non-unique textual identifier(s) or moniker(s) for this place</description></annotations></attribute><attribute name="desc" rimClassName="Entity" datatype="ED" cardinality="0..1" conformance="" mandatory="false" maxLength="0" historyAllowed="false"><description>A textual or multimedia depiction of this place.  Note: descriptions are meant to be shown to interested human individuals.</description><annotations><description>A textual or multimedia depiction of this place.  Note: descriptions are meant to be shown to interested human individuals.</description></annotations></attribute><attribute name="addr" rimClassName="Place" datatype="AD" cardinality="0..1" conformance="" mandatory="false" maxLength="0" historyAllowed="false"><description>The physical address of this place</description><annotations><description>The physical address of this place</description></annotations></attribute><attribute name="directionsText" rimClassName="Place" datatype="ED" cardinality="0..1" conformance="" mandatory="false" maxLength="0" historyAllowed="false"><description>A free text note that carries information related to a site that is useful for entities accessing that site.  For example, it could include information useful to people visiting the location such as "Last house on the right" or "If owner not present, check whereabouts with neighbor down the road".</description><annotations><description>A free text note that carries information related to a site that is useful for entities accessing that site.  For example, it could include information useful to people visiting the location such as "Last house on the right" or "If owner not present, check whereabouts with neighbor down the road".</description></annotations></attribute><attribute name="positionText" rimClassName="Place" datatype="ED" cardinality="0..1" conformance="" mandatory="false" maxLength="0" historyAllowed="false"><description>A text reference that locates the site within a mapping scheme, for example, map coordinates for US Geological Survey maps</description><annotations><description>A text reference that locates the site within a mapping scheme, for example, map coordinates for US Geological Survey maps</description></annotations></attribute></attributes><associations><association name="locatedEntity" endX="3.57874327996352" endY="1.665" beginX="3.18354525821487" beginY="2.68282310384114" target="LocatedEntity" targetShapeId="Sheet.638" rimTarget="Entity" rimName="scopedRole" source="Place" cardinality="0..1" required="0" mandatory="0" blocked="0" businessName=""><annotations/></association></associations></class><entryPoint entryClass="Place" name="E_Place informational" type="EntryPoint" id="COCT_RM710007UV"><graphics shapeId="Sheet.99" connectedShape="Sheet.648" width="2.05624854497244" height="1.03348028157552" beginX="3.10481859263289" beginY="4.915" endX="3.18354525821487" endY="4.1316213406033"/><annotations/><notes><text>This CMET is used where the receiver does not require place hierarchy information Property-contextConductionStyle: I </text></notes></entryPoint><class name="Subject7" type="Participation" rimName="Participation"><graphics shapeId="Sheet.920" width="0.577198493787974" height="1.08988739317122" x="3.09124327996351" y="0.926400753106008" beginX="3.10374327996351" beginY="0.637801506212021" endX="3.07874327996352" endY="1.215" arrowWidth="66 in."/><description>The position of a located entity can be specified by spatial coordinates</description><annotations><description>The position of a located entity can be specified by spatial coordinates</description></annotations><attributes><attribute name="typeCode" rimClassName="Participation" datatype="CS" cardinality="1..1" conformance="R" mandatory="true" strength="CNE" codeSystem="ParticipationType" domainCode="SBJ" maxLength="0" historyAllowed="false"><description>Structural attribute; this is a "subject" participation</description><annotations><description>Structural attribute; this is a "subject" participation</description></annotations></attribute></attributes><associations><association name="spatialCoordinate" beginX="3.10374327996351" beginY="0.637801506212021" endX="3.10374327996351" endY="0.637801506212021" target="A_SpatialCoordinateUniversal" targetShapeId="Sheet.914" rimTarget="Participation" rimName="act" source="Subject7" cardinality="1..1" required="-1" mandatory="0" blocked="0" businessName=""><annotations/></association><association name="locatedEntity" beginX="3.07874327996352" beginY="1.215" endX="3.07874327996352" endY="1.215" target="LocatedEntity" targetShapeId="Sheet.638" rimTarget="Participation" rimName="role" source="Subject7" cardinality="" required="0" mandatory="0" blocked="-1" businessName=""><annotations/></association></associations></class><class name="A_SpatialCoordinateUniversal" cmetId="COCT_MT960000UV" cmetType="Act" attLevel="universal" domain="ActClass" mnemonic="OBS" type="CMET" rimName="Observation" id="COCT_MT960000UV"><graphics shapeId="Sheet.914" width="1.29653632573416" height="0.627825234646268" x="3.10374327996351" y="0.323888888888887" flipX="FALSE" flipY="FALSE" autoWidth="1" autoHeight="1"/><annotations/><associations><association name="subject" beginX="3.10374327996351" beginY="0.637801506212021" endX="3.10374327996351" endY="0.637801506212021" target="Subject7" targetShapeId="Sheet.920" rimTarget="Act" rimName="participation" source="A_SpatialCoordinateUniversal" cardinality="" required="0" mandatory="0" blocked="-1" businessName=""><annotations/></association></associations></class></page></pages></hl7model>
