<?xml version="1.0"?>
<hl7model rendered="7/1/2012 8:49:29 AM" datatypesRelease="R2"><pages><page name="Pg-1" width="5.07751098770307" height="8.56055555555554"><class name="AssignedEntity" type="Role" rimName="RoleHeir"><graphics shapeId="Sheet.26" width="2.96427322691146" height="0.915141925726997" x="1.62001749761976" y="4.85888888888887" flipX="TRUE" flipY="FALSE" autoWidth="1" autoHeight="1"/><annotations/><attributes><attribute name="classCode" rimClassName="Role" datatype="CS" cardinality="1..1" conformance="R" mandatory="true" strength="CNE" codeSystem="RoleClass" domainCode="ASSIGNED" maxLength="0" historyAllowed="false"><annotations/></attribute><attribute name="id" rimClassName="Role" datatype="DSET&lt;II&gt;" cardinality="1..*" conformance="R" mandatory="true" maxLength="0" historyAllowed="false"><annotations/></attribute><attribute name="code" rimClassName="Role" datatype="CD" cardinality="0..1" conformance="R" mandatory="false" strength="CWE" conceptDomain="RoleCode" maxLength="0" historyAllowed="false" businessName="role in organization"><annotations/></attribute><attribute name="addr" rimClassName="Role" datatype="COLL&lt;AD&gt;" cardinality="0..*" conformance="" mandatory="false" maxLength="0" historyAllowed="false"><annotations/></attribute><attribute name="telecom" rimClassName="Role" datatype="COLL&lt;TEL&gt;" cardinality="0..*" conformance="" mandatory="false" maxLength="0" historyAllowed="false"><annotations/></attribute></attributes><associations><association name="assignedPrincipalChoiceList" beginX="2.80572678838434" beginY="4.49283211859807" endX="2.93352661180307" endY="4.08888888888889" target="PrincipalChoiceList" targetShapeId="Sheet.177" rimTarget="Role" rimName="player" source="AssignedEntity" cardinality="0..1" required="0" mandatory="0" blocked="0" businessName=""><annotations/></association><association name="representedOrganization" beginX="2.80572678838434" beginY="5.22494565917967" endX="3.57002548116074" endY="5.96386516045462" target="E_OrganizationInformational" targetShapeId="Sheet.65" rimTarget="Role" rimName="scoper" source="AssignedEntity" cardinality="0..1" required="0" mandatory="0" blocked="0" businessName=""><annotations/></association></associations></class><class name="PrincipalChoiceList" type="Choice" rimName="Entity"><graphics shapeId="Sheet.177" width="2.371093751" height="4.07888888888889" x="3.88196411220307" y="2.04944444444444" flipX="GUARD(FALSE)" flipY="GUARD(FALSE)" vertical="1" autoWidth="1" autoHeight="1"/><annotations/><children><childClass name="Person" shapeId="Sheet.89"/><childClass name="Device" shapeId="Sheet.85"/><childClass name="Organization" shapeId="Sheet.179"/><childClass name="NonPersonLivingSubject" shapeId="Sheet.187"/></children><associations><association name="assignedPrincipalChoiceList" endX="2.80572678838434" endY="4.49283211859807" beginX="2.93352661180307" beginY="4.08888888888889" target="AssignedEntity" targetShapeId="Sheet.26" rimTarget="Entity" rimName="playedRole" source="PrincipalChoiceList" cardinality="" required="0" mandatory="0" blocked="-1" businessName=""><annotations/></association></associations></class><class name="Person" type="Entity" rimName="Person"><graphics shapeId="Sheet.89" width="1.7937142974681" height="0.75" x="3.71827438543712" y="3.46388888888889" flipX="FALSE" flipY="FALSE" autoWidth="1" autoHeight="1"/><annotations/><attributes><attribute name="classCode" rimClassName="Entity" datatype="CS" cardinality="1..1" conformance="R" mandatory="true" strength="CNE" codeSystem="EntityClass" domainCode="PSN" maxLength="0" historyAllowed="false"><annotations/></attribute><attribute name="determinerCode" rimClassName="Entity" datatype="CS" cardinality="1..1" conformance="R" mandatory="true" strength="CNE" codeSystem="EntityDeterminer" domainCode="INSTANCE" maxLength="0" historyAllowed="false"><annotations/></attribute><attribute name="name" rimClassName="Entity" datatype="COLL&lt;PN&gt;" cardinality="1..*" conformance="R" mandatory="false" maxLength="0" historyAllowed="false"><annotations/></attribute></attributes></class><class name="Device" type="Entity" rimName="Device"><graphics shapeId="Sheet.85" width="3.64335800474349" height="0.915791950141059" x="3.89741256903087" y="2.50631792602539" flipX="FALSE" flipY="FALSE" autoWidth="1" autoHeight="1"/><annotations/><attributes><attribute name="classCode" rimClassName="Entity" datatype="CS" cardinality="1..1" conformance="R" mandatory="true" strength="CNE" codeSystem="EntityClass" domainCode="DEV" maxLength="0" historyAllowed="false"><annotations/></attribute><attribute name="determinerCode" rimClassName="Entity" datatype="CS" cardinality="1..1" conformance="R" mandatory="true" strength="CNE" codeSystem="EntityDeterminer" domainCode="INSTANCE" maxLength="0" historyAllowed="false"><annotations/></attribute><attribute name="id" rimClassName="Entity" datatype="DSET&lt;II&gt;" cardinality="0..*" conformance="" mandatory="false" maxLength="0" historyAllowed="false" businessName="Software version"><annotations/></attribute><attribute name="manufacturerModelName" rimClassName="Device" datatype="SC" cardinality="0..1" conformance="" mandatory="false" strength="CWE" conceptDomain="ManufacturerModelName" maxLength="0" historyAllowed="false"><annotations/></attribute><attribute name="softwareName" rimClassName="Device" datatype="SC" cardinality="0..1" conformance="" mandatory="false" strength="CWE" conceptDomain="SoftwareName" maxLength="0" historyAllowed="false"><annotations/></attribute></attributes></class><class name="Organization" type="Entity" rimName="Organization"><graphics shapeId="Sheet.179" width="1.7937142974681" height="0.75" x="3.71827438543712" y="1.54809693874783" flipX="FALSE" flipY="FALSE" autoWidth="1" autoHeight="1"/><annotations/><attributes><attribute name="classCode" rimClassName="Entity" datatype="CS" cardinality="1..1" conformance="R" mandatory="true" strength="CNE" codeSystem="EntityClass" domainCode="ORG" maxLength="0" historyAllowed="false"><annotations/></attribute><attribute name="determinerCode" rimClassName="Entity" datatype="CS" cardinality="1..1" conformance="R" mandatory="true" strength="CNE" codeSystem="EntityDeterminer" domainCode="INSTANCE" maxLength="0" historyAllowed="false"><annotations/></attribute><attribute name="name" rimClassName="Entity" datatype="COLL&lt;ON&gt;" cardinality="1..*" conformance="" mandatory="false" maxLength="0" historyAllowed="false"><annotations/></attribute></attributes></class><class name="NonPersonLivingSubject" type="Entity" rimName="NonPersonLivingSubject"><graphics shapeId="Sheet.187" width="1.92667557066146" height="0.915466937934028" x="3.72613266180431" y="0.590363469780816" flipX="FALSE" flipY="FALSE" autoWidth="1" autoHeight="1"/><annotations/><attributes><attribute name="classCode" rimClassName="Entity" datatype="CS" cardinality="1..1" conformance="R" mandatory="true" strength="CNE" codeSystem="EntityClass" domainCode="NLIV" maxLength="0" historyAllowed="false"><annotations/></attribute><attribute name="determinerCode" rimClassName="Entity" datatype="CS" cardinality="1..1" conformance="R" mandatory="true" strength="CNE" codeSystem="EntityDeterminer" domainCode="INSTANCE" maxLength="0" historyAllowed="false"><annotations/></attribute><attribute name="id" rimClassName="Entity" datatype="DSET&lt;II&gt;" cardinality="0..*" conformance="R" mandatory="false" maxLength="0" historyAllowed="false"><annotations/></attribute><attribute name="code" rimClassName="Entity" datatype="CD" cardinality="0..1" conformance="" mandatory="false" strength="CWE" conceptDomain="EntityCode" maxLength="0" historyAllowed="false"><annotations/></attribute><attribute name="name" rimClassName="Entity" datatype="COLL&lt;EN&gt;" cardinality="0..*" conformance="" mandatory="false" maxLength="0" historyAllowed="false"><annotations/></attribute></attributes></class><class name="E_OrganizationInformational" cmetId="COCT_MT150007" cmetType="Entity" attLevel="informational" domain="EntityClass" mnemonic="ORG" type="CMET" rimName="Organization" id="COCT_MT150007"><graphics shapeId="Sheet.65" width="1.04463279179861" height="0.627825234646268" x="3.46556220198087" y="6.27777777777776" flipX="FALSE" flipY="TRUE" autoWidth="1" autoHeight="1"/><annotations/><associations><association name="assignedEntity" endX="2.80572678838434" endY="5.22494565917967" beginX="3.57002548116074" beginY="5.96386516045462" target="AssignedEntity" targetShapeId="Sheet.26" rimTarget="Entity" rimName="scopedRole" source="E_OrganizationInformational" cardinality="" required="0" mandatory="0" blocked="-1" businessName=""><annotations/></association></associations></class><entryPoint entryClass="AssignedEntity" name="R_AssignedEntity identified/informational" type="EntryPoint" id="COCT_RM090008"><graphics shapeId="Sheet.46" connectedShape="Sheet.26" width="2.88456894224349" height="2.36680852864583" beginX="1.75834621865799" beginY="6.74666666666667" endX="1.62001749761976" endY="5.31645985175236"/><annotations/><notes><text>14 March 2006 Supports messages related to an assigned provider, which includes persons, non-person living subjects, , devices, and organizations. An assigned role is one in which the agent is an Entity acting in the employ of an organization. The focus is on functional role on behalf of the organization, 3-14-2006 Added NPLS, Person.name constrained to BAG&lt;PN&gt; Oorganization.name constarined to BAG&lt;ON&gt; Property-contextConductionStyle: I </text></notes></entryPoint></page></pages></hl7model>
