<?xml version="1.0"?>
<hl7model rendered="11/10/2012 8:06:17 PM" datatypesRelease="R2"><pages><page name="Pg-1" width="15.8312463202684" height="10.2980235202366"><class name="NonPersonLivingSubject" type="Entity" rimName="NonPersonLivingSubject"><graphics shapeId="Sheet.189" width="3.5322511321849" height="2.78310152045356" x="8.49822357934603" y="6.8589876831055" flipX="FALSE" flipY="FALSE" autoWidth="1" autoHeight="1"/><description>A subtype of LivingSubject representing a non-person living subject (e.g., animal, microorganism, plant)</description><annotations><description>A subtype of LivingSubject representing a non-person living subject (e.g., animal, microorganism, plant)</description></annotations><attributes><attribute name="classCode" rimClassName="Entity" datatype="CS" cardinality="1..1" conformance="R" mandatory="true" strength="CNE" codeSystem="EntityClass" domainCode="NLIV" maxLength="0" historyAllowed="false"><description>Structural attribute; this is a "non-person living subject" entity</description><annotations><description>Structural attribute; this is a "non-person living subject" entity</description></annotations></attribute><attribute name="determinerCode" rimClassName="Entity" datatype="CS" cardinality="1..1" conformance="R" mandatory="true" strength="CNE" codeSystem="EntityDeterminer" domainCode="C:EntityDeterminer" fixed="INSTANCE" maxLength="0" historyAllowed="false"><description>Structural attribute; this is a specific non-person living subject</description><annotations><description>Structural attribute; this is a specific non-person living subject</description></annotations></attribute><attribute name="id" rimClassName="Entity" datatype="DSET&lt;II&gt;" cardinality="0..*" conformance="" mandatory="false" maxLength="0" historyAllowed="false"><description>Identifier(s) for this non-person living subject.  Note that these identifiers can only be used for matching purposes since no scoping organization or status information is included.</description><annotations><description>Identifier(s) for this non-person living subject.  Note that these identifiers can only be used for matching purposes since no scoping organization or status information is included.</description></annotations></attribute><attribute name="code" rimClassName="Entity" datatype="CD" cardinality="0..1" conformance="" mandatory="false" strength="CWE" conceptDomain="NonPersonLivingSubjectEntityType" maxLength="0" historyAllowed="false"><description>A value representing the specific kind of non-person living subject the instance represents, for example animal or plant taxonomy.</description><annotations><description>A value representing the specific kind of non-person living subject the instance represents, for example animal or plant taxonomy.</description></annotations></attribute><attribute name="name" rimClassName="Entity" datatype="COLL&lt;EN&gt;" cardinality="0..*" conformance="" mandatory="false" maxLength="0" historyAllowed="false"><description>The name(s) of this non-person living subject</description><annotations><description>The name(s) of this non-person living subject</description></annotations></attribute><attribute name="desc" rimClassName="Entity" datatype="ED" cardinality="0..1" conformance="" mandatory="false" maxLength="0" historyAllowed="false"><description>A textual or multimedia representation of this non-person living subject. Descriptions are meant to be shown to interested human individuals.</description><annotations><description>A textual or multimedia representation of this non-person living subject. Descriptions are meant to be shown to interested human individuals.</description></annotations></attribute><attribute name="existenceTime" rimClassName="Entity" datatype="IVL&lt;TS&gt;" cardinality="0..1" conformance="" mandatory="false" maxLength="0" historyAllowed="false"><description>An interval of time specifying the period in which this non-person living subject physically existed</description><annotations><description>An interval of time specifying the period in which this non-person living subject physically existed</description></annotations></attribute><attribute name="telecom" rimClassName="Entity" datatype="COLL&lt;TEL&gt;" cardinality="0..*" conformance="" mandatory="false" maxLength="0" historyAllowed="false"><description>Telecommunication address(es) for communicating with the focal non-person living subject</description><annotations><description>Telecommunication address(es) for communicating with the focal non-person living subject</description></annotations></attribute><attribute name="riskCode" rimClassName="Entity" datatype="DSET&lt;CD&gt;" cardinality="0..*" conformance="" mandatory="false" strength="CWE" conceptDomain="EntityRisk" maxLength="0" historyAllowed="false"><description>values representing the types of hazard or threat associated with this non-person living subject. Animals of irascible temperament may prove to be a risk to healthcare personnel.</description><annotations><description>values representing the types of hazard or threat associated with this non-person living subject. Animals of irascible temperament may prove to be a risk to healthcare personnel.</description></annotations></attribute><attribute name="handlingCode" rimClassName="Entity" datatype="DSET&lt;CD&gt;" cardinality="0..*" conformance="" mandatory="false" strength="CWE" conceptDomain="EntityHandling" maxLength="0" historyAllowed="false"><description>Values representing special handling requirements for this non-person living subject to avoid damage to it or other entities</description><annotations><description>Values representing special handling requirements for this non-person living subject to avoid damage to it or other entities</description></annotations></attribute><attribute name="administrativeGenderCode" rimClassName="LivingSubject" datatype="CD" cardinality="0..1" conformance="" mandatory="false" strength="CWE" conceptDomain="AdministrativeGender" maxLength="0" historyAllowed="false"><description>A value representing the gender (sex) of this non-person living subject. This attribute does not include terms related to clinical gender which is a complex physiological, genetic and sociological concept that requires multiple observations in order to be comprehensively described.</description><annotations><description>A value representing the gender (sex) of this non-person living subject. This attribute does not include terms related to clinical gender which is a complex physiological, genetic and sociological concept that requires multiple observations in order to be comprehensively described.</description></annotations></attribute><attribute name="birthTime" rimClassName="LivingSubject" datatype="TS" cardinality="0..1" conformance="" mandatory="false" maxLength="0" historyAllowed="false"><description>The date and time this non-person living subject was born. This could be an exact moment such as January 1, 1960 @ 03:00:00 EST or an approximate date such as January 1960.</description><annotations><description>The date and time this non-person living subject was born. This could be an exact moment such as January 1, 1960 @ 03:00:00 EST or an approximate date such as January 1960.</description></annotations></attribute><attribute name="deceasedInd" rimClassName="LivingSubject" datatype="BL" cardinality="0..1" conformance="" mandatory="false" maxLength="0" historyAllowed="false"><description>An indication that this non-person living subject is dead</description><annotations><description>An indication that this non-person living subject is dead</description></annotations></attribute><attribute name="deceasedTime" rimClassName="LivingSubject" datatype="TS" cardinality="0..1" conformance="" mandatory="false" maxLength="0" historyAllowed="false"><description>The date and time this non-person living subject died. This could be an exact moment such as January 1, 1960 @ 03:00:00 EST or an approximate date such as January 1960.</description><annotations><description>The date and time this non-person living subject died. This could be an exact moment such as January 1, 1960 @ 03:00:00 EST or an approximate date such as January 1960.</description></annotations></attribute><attribute name="multipleBirthInd" rimClassName="LivingSubject" datatype="BL" cardinality="0..1" conformance="" mandatory="false" maxLength="0" historyAllowed="false"><description>An indication that this non-person living subject was part of a multiple birth</description><annotations><description>An indication that this non-person living subject was part of a multiple birth</description></annotations></attribute><attribute name="multipleBirthOrderNumber" rimClassName="LivingSubject" datatype="INT.POS" cardinality="0..1" conformance="" mandatory="false" maxLength="0" historyAllowed="false"><description>The order in which this non-person living subject was born if part of a multiple birth</description><annotations><description>The order in which this non-person living subject was born if part of a multiple birth</description></annotations></attribute><attribute name="organDonorInd" rimClassName="LivingSubject" datatype="BL" cardinality="0..1" conformance="" mandatory="false" maxLength="0" historyAllowed="false"><description>An indication that this non-person living subject is a candidate to serve as an organ donor</description><annotations><description>An indication that this non-person living subject is a candidate to serve as an organ donor</description></annotations></attribute><attribute name="strainText" rimClassName="NonPersonLivingSubject" datatype="ED" cardinality="0..1" conformance="" mandatory="false" maxLength="0" historyAllowed="false"><description>A text string representing the specific genotypic or phenotypic variant of this non-person living subject</description><annotations><description>A text string representing the specific genotypic or phenotypic variant of this non-person living subject</description></annotations></attribute><attribute name="genderStatusCode" rimClassName="NonPersonLivingSubject" datatype="CD" cardinality="0..1" conformance="" mandatory="false" strength="CWE" conceptDomain="GenderStatus" maxLength="0" historyAllowed="false"><description>A value representing whether the primary reproductive organs of this non-person living subject are present</description><annotations><description>A value representing whether the primary reproductive organs of this non-person living subject are present</description></annotations></attribute></attributes><associations><association name="asMember" endX="6.43384211083134" endY="2.91861581231016" beginX="6.73209801325358" beginY="5.46743692287872" target="Member" targetShapeId="Sheet.129" rimTarget="Entity" rimName="playedRole" source="NonPersonLivingSubject" cardinality="0..*" required="0" mandatory="0" blocked="0" businessName=""><annotations/></association><association name="guarantor" endX="1.47762845749794" endY="2.79370939670142" beginX="6.73209801325358" beginY="5.46743692287872" target="R_GuarantorUniversal" targetShapeId="Sheet.275" rimTarget="Entity" rimName="scopedRole" source="NonPersonLivingSubject" cardinality="0..1" required="0" mandatory="0" blocked="0" businessName=""><annotations/></association><association name="guardian" endX="2.7263144543388" endY="5.55162824211971" beginX="6.73209801325358" beginY="6.16321230299211" target="Guardian" targetShapeId="Sheet.151" rimTarget="Entity" rimName="scopedRole" source="NonPersonLivingSubject" cardinality="0..*" required="0" mandatory="0" blocked="0" businessName=""><annotations/></association><association name="contactParty" endX="2.72745871244785" endY="7.04069241109215" beginX="6.73209801325358" beginY="6.8589876831055" target="ContactParty" targetShapeId="Sheet.225" rimTarget="Entity" rimName="scopedRole" source="NonPersonLivingSubject" cardinality="0..*" required="0" mandatory="0" blocked="0" businessName=""><annotations/></association><association name="careGiver" endX="2.70533499418613" endY="8.3450919872369" beginX="6.73209801325358" beginY="7.55476306321889" target="CareGiver" targetShapeId="Sheet.771" rimTarget="Entity" rimName="scopedRole" source="NonPersonLivingSubject" cardinality="0..*" required="0" mandatory="0" blocked="0" businessName=""><annotations/></association><association name="personalRelationship" endX="2.68331503569004" endY="9.75586531216094" beginX="6.73209801325358" beginY="8.25053844333228" target="PersonalRelationship" targetShapeId="Sheet.215" rimTarget="Entity" rimName="scopedRole" source="NonPersonLivingSubject" cardinality="0..*" required="0" mandatory="0" blocked="0" businessName=""><annotations/></association><association name="birthPlace" endX="13.6743194461219" endY="2.82418166008846" beginX="10.2643491454385" beginY="5.46743692287872" target="BirthPlace" targetShapeId="Sheet.181" rimTarget="Entity" rimName="scopedRole" source="NonPersonLivingSubject" cardinality="0..1" required="0" mandatory="0" blocked="0" businessName=""><annotations/></association><association name="asPatientOfOtherProvider" endX="12.9575873162698" endY="7.37449552747943" beginX="10.2643491454385" beginY="8.25053844333228" target="PatientOfOtherProvider" targetShapeId="Sheet.145" rimTarget="Entity" rimName="playedRole" source="NonPersonLivingSubject" cardinality="0..*" required="0" mandatory="0" blocked="0" businessName=""><annotations/></association><association name="asOtherIDs" endX="11.0342955581394" endY="9.50251393147794" beginX="9.38128636239226" beginY="8.25053844333228" target="OtherIDs" targetShapeId="Sheet.201" rimTarget="Entity" rimName="playedRole" source="NonPersonLivingSubject" cardinality="0..*" required="0" mandatory="0" blocked="0" businessName=""><annotations/></association></associations></class><class name="R_GuarantorUniversal" cmetId="COCT_MT670000UV" cmetType="Role(Scoped or Performed)" attLevel="universal" domain="RoleClass" mnemonic="HLD" type="CMET" rimName="RoleHeir" id="COCT_MT670000UV"><graphics shapeId="Sheet.275" width="1.75898188880013" height="0.627825234646268" x="2.03050905559993" y="2.53676546088328" flipX="FALSE" flipY="FALSE" autoWidth="1" autoHeight="1"/><annotations/><associations><association name="entityName" beginX="1.47762845749794" beginY="2.79370939670142" endX="6.73209801325358" endY="5.46743692287872" target="NonPersonLivingSubject" targetShapeId="Sheet.189" rimTarget="Role" rimName="scoper" source="R_GuarantorUniversal" cardinality="" required="0" mandatory="0" blocked="-1" businessName=""><annotations/></association></associations></class><class name="Guardian" type="Role" rimName="RoleHeir"><graphics shapeId="Sheet.151" width="2.31578613584701" height="1.44847322455512" x="1.8" y="4.97223895229766" flipX="TRUE" flipY="FALSE" autoWidth="1" autoHeight="1"/><description>A person or an organization (playing entity) that is legally responsible for the care and management of the focal living subject (scoping entity)</description><annotations><description>A person or an organization (playing entity) that is legally responsible for the care and management of the focal living subject (scoping entity)</description></annotations><attributes><attribute name="classCode" rimClassName="Role" datatype="CS" cardinality="1..1" conformance="R" mandatory="true" strength="CNE" codeSystem="RoleClass" domainCode="C:RoleClass" fixed="GUARD" maxLength="0" historyAllowed="false"><description>Structural attribute; this is an "guardian" role</description><annotations><description>Structural attribute; this is an "guardian" role</description></annotations></attribute><attribute name="id" rimClassName="Role" datatype="DSET&lt;II&gt;" cardinality="0..*" conformance="" mandatory="false" maxLength="0" historyAllowed="false"><description>Identifier(s) for this guardian relationship</description><annotations><description>Identifier(s) for this guardian relationship</description></annotations></attribute><attribute name="code" rimClassName="Role" datatype="CD" cardinality="0..1" conformance="" mandatory="false" strength="CWE" conceptDomain="GuardianRoleType" maxLength="0" historyAllowed="false"><description>Qualifies guardianship relationship (e.g., guardianship held jointly by legally separated
parents of child).</description><annotations><description>Qualifies guardianship relationship (e.g., guardianship held jointly by legally separated
parents of child).</description></annotations></attribute><attribute name="negationInd" rimClassName="Role" datatype="BL" cardinality="0..1" conformance="" mandatory="false" maxLength="0" historyAllowed="false"><description>A Guardian with negationInd "true" and an guardianEntityChoice of "not applicable" null flavor explicitly conveys that the patient does not have a legal guardian. For example, the patient record for a minor does not have a recorded legal guardian.</description><annotations><description>A Guardian with negationInd "true" and an guardianEntityChoice of "not applicable" null flavor explicitly conveys that the patient does not have a legal guardian. For example, the patient record for a minor does not have a recorded legal guardian.</description></annotations></attribute><attribute name="addr" rimClassName="Role" datatype="COLL&lt;AD&gt;" cardinality="0..*" conformance="" mandatory="false" maxLength="0" historyAllowed="false"><description>Address(es) for corresponding with this person or organization as guardian for the scoping living subject</description><annotations><description>Address(es) for corresponding with this person or organization as guardian for the scoping living subject</description></annotations></attribute><attribute name="telecom" rimClassName="Role" datatype="COLL&lt;TEL&gt;" cardinality="0..*" conformance="" mandatory="false" maxLength="0" historyAllowed="false"><description>Telecommunication address(es) for communicating with this person or organization as guardian for the scoping living subject</description><annotations><description>Telecommunication address(es) for communicating with this person or organization as guardian for the scoping living subject</description></annotations></attribute><attribute name="statusCode" rimClassName="Role" datatype="CS" cardinality="0..1" conformance="" mandatory="false" strength="CNE" conceptDomain="RoleStatus" maxLength="0" historyAllowed="false"><description>A value specifying the state of this guardian relationship (based on the RIM Role class state-machine), for example, active, suspended, terminated</description><annotations><description>A value specifying the state of this guardian relationship (based on the RIM Role class state-machine), for example, active, suspended, terminated</description></annotations></attribute><attribute name="effectiveTime" rimClassName="Role" datatype="IVL&lt;TS&gt;" cardinality="0..1" conformance="" mandatory="false" maxLength="0" historyAllowed="false"><description>An interval of time specifying the period during which this guardian relationship is in effect, if such time limit is applicable and known</description><annotations><description>An interval of time specifying the period during which this guardian relationship is in effect, if such time limit is applicable and known</description></annotations></attribute><attribute name="certificateText" rimClassName="Role" datatype="ED" cardinality="0..1" conformance="" mandatory="false" maxLength="0" historyAllowed="false"><description>A facsimile of the legal document establishing guardianship</description><annotations><description>A facsimile of the legal document establishing guardianship</description></annotations></attribute></attributes><associations><association name="guardianEntityChoice" beginX="2.7263144543388" beginY="4.39284966247561" endX="4.49868324824045" endY="4.93050110032826" target="EntityChoice" targetShapeId="Sheet.273" rimTarget="Role" rimName="player" source="Guardian" cardinality="1..1" required="-1" mandatory="0" blocked="0" businessName=""><annotations/></association><association name="wardNonPersonLivingSubject" beginX="2.7263144543388" beginY="5.55162824211971" endX="6.73209801325358" endY="6.16321230299211" target="NonPersonLivingSubject" targetShapeId="Sheet.189" rimTarget="Role" rimName="scoper" source="Guardian" cardinality="" required="0" mandatory="0" blocked="-1" businessName=""><annotations/></association></associations></class><class name="EntityChoice" type="Choice" rimName="Entity"><graphics shapeId="Sheet.273" width="1.41131675175955" height="1.75565046929254" x="5.20434162412023" y="5.80832633497453" flipX="GUARD(FALSE)" flipY="GUARD(FALSE)" vertical="1" autoWidth="1" autoHeight="1"/><annotations/><children><childClass name="E_PersonInformational" shapeId="Sheet.242"/><childClass name="E_OrganizationInformational" shapeId="Sheet.147"/></children><associations><association name="asGuardian" endX="2.7263144543388" endY="4.39284966247561" beginX="4.49868324824045" beginY="4.93050110032826" target="Guardian" targetShapeId="Sheet.151" rimTarget="Entity" rimName="playedRole" source="EntityChoice" cardinality="" required="0" mandatory="0" blocked="-1" businessName=""><annotations/></association><association name="asContactParty" endX="2.72745871244785" endY="5.98832008144805" beginX="4.49868324824045" beginY="6.51058652269154" target="ContactParty" targetShapeId="Sheet.225" rimTarget="Entity" rimName="playedRole" source="EntityChoice" cardinality="" required="0" mandatory="0" blocked="-1" businessName=""><annotations/></association></associations></class><class name="E_PersonInformational" cmetId="COCT_MT030207UV" cmetType="Entity" attLevel="informational" domain="EntityClass" mnemonic="PSN" type="CMET" rimName="Person" id="COCT_MT030207UV"><graphics shapeId="Sheet.242" width="1.16131675175955" height="0.627825234646268" x="5.20434162412022" y="6.12223895229766" flipX="FALSE" flipY="FALSE" autoWidth="1" autoHeight="1"/><annotations/><associations><association name="asCareGiver" endX="2.70533499418613" endY="7.39938591735843" beginX="4.61" beginY="7.42336904615617" target="CareGiver" targetShapeId="Sheet.771" rimTarget="Entity" rimName="playedRole" source="E_PersonInformational" cardinality="" required="0" mandatory="0" blocked="-1" businessName=""><annotations/></association></associations></class><class name="CareGiver" type="Role" rimName="RoleHeir"><graphics shapeId="Sheet.771" width="2.21703888242904" height="1.18213258734809" x="1.81851944121452" y="7.87223895229766" flipX="TRUE" flipY="FALSE" autoWidth="1" autoHeight="1"/><description>A living subject providing primary care for the focal living subject at home</description><annotations><description>A living subject providing primary care for the focal living subject at home</description></annotations><attributes><attribute name="classCode" rimClassName="Role" datatype="CS" cardinality="1..1" conformance="R" mandatory="true" strength="CNE" codeSystem="RoleClass" domainCode="CAREGIVER" maxLength="0" historyAllowed="false"><annotations/></attribute><attribute name="id" rimClassName="Role" datatype="DSET&lt;II&gt;" cardinality="0..*" conformance="" mandatory="false" maxLength="0" historyAllowed="false"><description>Identifier(s) for this care giver relationship</description><annotations><description>Identifier(s) for this care giver relationship</description></annotations></attribute><attribute name="code" rimClassName="Role" datatype="CD" cardinality="0..1" conformance="" mandatory="false" strength="CWE" conceptDomain="RoleCode" maxLength="0" historyAllowed="false"><description>A value further specifying the type of care giver</description><annotations><description>A value further specifying the type of care giver</description></annotations></attribute><attribute name="addr" rimClassName="Role" datatype="COLL&lt;AD&gt;" cardinality="0..*" conformance="" mandatory="false" maxLength="0" historyAllowed="false"><description>Address(es) for corresponding with the care giver</description><annotations><description>Address(es) for corresponding with the care giver</description></annotations></attribute><attribute name="telecom" rimClassName="Role" datatype="COLL&lt;TEL&gt;" cardinality="0..*" conformance="" mandatory="false" maxLength="0" historyAllowed="false"><description>Telecommunication address(es) for contacting the care giver</description><annotations><description>Telecommunication address(es) for contacting the care giver</description></annotations></attribute><attribute name="statusCode" rimClassName="Role" datatype="CS" cardinality="0..1" conformance="" mandatory="false" strength="CNE" conceptDomain="RoleStatus" maxLength="0" historyAllowed="false"><description>A value specifying the state of this care giver relationship (based on the RIM Role class state-machine), for example, active, suspended, terminated</description><annotations><description>A value specifying the state of this care giver relationship (based on the RIM Role class state-machine), for example, active, suspended, terminated</description></annotations></attribute><attribute name="effectiveTime" rimClassName="Role" datatype="IVL&lt;TS&gt;" cardinality="0..1" conformance="" mandatory="false" maxLength="0" historyAllowed="false"><description>An interval of time specifying the period during which this care giver relationship is in effect, if such time limit is applicable and known</description><annotations><description>An interval of time specifying the period during which this care giver relationship is in effect, if such time limit is applicable and known</description></annotations></attribute></attributes><associations><association name="careGiverPerson" beginX="2.70533499418613" beginY="7.39938591735843" endX="4.61" endY="7.42336904615617" target="E_PersonInformational" targetShapeId="Sheet.781" rimTarget="Role" rimName="player" source="CareGiver" cardinality="0..1" required="0" mandatory="0" blocked="0" businessName=""><annotations/></association><association name="careGiverScoper" beginX="2.70533499418613" beginY="8.3450919872369" endX="6.73209801325358" endY="7.55476306321889" target="NonPersonLivingSubject" targetShapeId="Sheet.189" rimTarget="Role" rimName="scoper" source="CareGiver" cardinality="" required="0" mandatory="0" blocked="-1" businessName=""><annotations/></association></associations></class><class name="E_PersonInformational" cmetId="COCT_MT030207UV" cmetType="Entity" attLevel="informational" domain="EntityClass" mnemonic="PSN" type="CMET" rimName="Person" id="COCT_MT030207UV"><graphics shapeId="Sheet.781" width="1.16131675175955" height="0.627825234646268" x="5.19065837587977" y="7.4861515696208" flipX="FALSE" flipY="FALSE" autoWidth="1" autoHeight="1"/><annotations/><associations><association name="asCareGiver" endX="2.70533499418613" endY="7.39938591735843" beginX="4.61" beginY="7.42336904615617" target="CareGiver" targetShapeId="Sheet.771" rimTarget="Entity" rimName="playedRole" source="E_PersonInformational" cardinality="" required="0" mandatory="0" blocked="-1" businessName=""><annotations/></association></associations></class><class name="E_OrganizationInformational" cmetId="COCT_MT150007UV" cmetType="Entity" attLevel="informational" domain="EntityClass" mnemonic="ORG" type="CMET" rimName="Organization" id="COCT_MT150007UV"><graphics shapeId="Sheet.147" width="1.16131675175955" height="0.627825234646268" x="5.20434162412022" y="5.36941371765139" flipX="FALSE" flipY="FALSE" autoWidth="1" autoHeight="1"/><annotations/></class><class name="ContactParty" type="Role" rimName="RoleHeir"><graphics shapeId="Sheet.225" width="2.24162079160872" height="1.31546541205512" x="1.83081039580436" y="6.5145062462701" flipX="TRUE" flipY="FALSE" autoWidth="1" autoHeight="1"/><description>A person or organization (playing entity) that is authorized to provide or receive information about the focal living subject (scoping entity)</description><annotations><description>A person or organization (playing entity) that is authorized to provide or receive information about the focal living subject (scoping entity)</description></annotations><attributes><attribute name="classCode" rimClassName="Role" datatype="CS" cardinality="1..1" conformance="R" mandatory="true" strength="CNE" codeSystem="RoleClass" domainCode="CON" maxLength="0" historyAllowed="false"><description>Structural attribute; this is a "contact party" role</description><annotations><description>Structural attribute; this is a "contact party" role</description></annotations></attribute><attribute name="id" rimClassName="Role" datatype="DSET&lt;II&gt;" cardinality="0..*" conformance="" mandatory="false" maxLength="0" historyAllowed="false"><description>Identifier(s) for this contact party relationship</description><annotations><description>Identifier(s) for this contact party relationship</description></annotations></attribute><attribute name="code" rimClassName="Role" datatype="CD" cardinality="0..1" conformance="" mandatory="false" strength="CWE" conceptDomain="ContactRoleType" maxLength="0" historyAllowed="false"><description>A value further specifying what type of contact party relationship this is, drawn from the ContactRoleType domain. The current values are "next of kin" and "emergency contact"</description><annotations><description>A value further specifying what type of contact party relationship this is, drawn from the ContactRoleType domain. The current values are "next of kin" and "emergency contact"</description></annotations></attribute><attribute name="negationInd" rimClassName="Role" datatype="BL" cardinality="0..1" conformance="" mandatory="false" maxLength="0" historyAllowed="false"><description>A ContactParty with negationInd of "true" and a contactPartyChoice association of "not applicable" null flavor conveys that the scoping living subject does not have a contact party relationship of the type characterized by the ContactParty.code value; for example, "no next of kin" or "no emergency contact"</description><annotations><description>A ContactParty with negationInd of "true" and a contactPartyChoice association of "not applicable" null flavor conveys that the scoping living subject does not have a contact party relationship of the type characterized by the ContactParty.code value; for example, "no next of kin" or "no emergency contact"</description></annotations></attribute><attribute name="addr" rimClassName="Role" datatype="COLL&lt;AD&gt;" cardinality="0..*" conformance="" mandatory="false" maxLength="0" historyAllowed="false"><description>Address(es) for corresponding with this contact party</description><annotations><description>Address(es) for corresponding with this contact party</description></annotations></attribute><attribute name="telecom" rimClassName="Role" datatype="COLL&lt;TEL&gt;" cardinality="1..*" conformance="R" mandatory="false" maxLength="0" historyAllowed="false"><description>Telecommunication address(es) for communicating with this contact party</description><annotations><description>Telecommunication address(es) for communicating with this contact party</description></annotations></attribute><attribute name="statusCode" rimClassName="Role" datatype="CS" cardinality="0..1" conformance="" mandatory="false" strength="CNE" conceptDomain="RoleStatus" maxLength="0" historyAllowed="false"><description>A value specifying the state of this contact party relationship (based on the RIM Role class state-machine), for example, active, suspended, terminated</description><annotations><description>A value specifying the state of this contact party relationship (based on the RIM Role class state-machine), for example, active, suspended, terminated</description></annotations></attribute><attribute name="effectiveTime" rimClassName="Role" datatype="IVL&lt;TS&gt;" cardinality="0..1" conformance="" mandatory="false" maxLength="0" historyAllowed="false"><description>An interval of time specifying the period during which this contact party relationship is in effect, if such time limit is applicable and known</description><annotations><description>An interval of time specifying the period during which this contact party relationship is in effect, if such time limit is applicable and known</description></annotations></attribute></attributes><associations><association name="contactEntityChoice" beginX="2.72745871244785" beginY="5.98832008144805" endX="4.49868324824045" endY="6.51058652269154" target="EntityChoice" targetShapeId="Sheet.273" rimTarget="Role" rimName="player" source="ContactParty" cardinality="1..1" required="-1" mandatory="0" blocked="0" businessName=""><annotations/></association><association name="representedNonPersonLivingSubject" beginX="2.72745871244785" beginY="7.04069241109215" endX="6.73209801325358" endY="6.8589876831055" target="NonPersonLivingSubject" targetShapeId="Sheet.189" rimTarget="Role" rimName="scoper" source="ContactParty" cardinality="" required="0" mandatory="0" blocked="-1" businessName=""><annotations/></association></associations></class><class name="PersonalRelationship" type="Role" rimName="RoleHeir"><graphics shapeId="Sheet.215" width="2.9703500396556" height="1.31514039984809" x="1.4951750198278" y="9.22980915222171" flipX="TRUE" flipY="FALSE" autoWidth="1" autoHeight="1"/><description>A personal relationship between the focal living subject and another living subject</description><annotations><description>A personal relationship between the focal living subject and another living subject</description></annotations><attributes><attribute name="classCode" rimClassName="Role" datatype="CS" cardinality="1..1" conformance="R" mandatory="true" strength="CNE" codeSystem="RoleClass" domainCode="C:RoleClass" fixed="PRS" maxLength="0" historyAllowed="false"><description>Structural attribute; this is a "personal relationship" role</description><annotations><description>Structural attribute; this is a "personal relationship" role</description></annotations></attribute><attribute name="id" rimClassName="Role" datatype="DSET&lt;II&gt;" cardinality="0..*" conformance="" mandatory="false" maxLength="0" historyAllowed="false"><description>Identifier(s) for this personal relationship</description><annotations><description>Identifier(s) for this personal relationship</description></annotations></attribute><attribute name="code" rimClassName="Role" datatype="CD" cardinality="1..1" conformance="R" mandatory="true" strength="CWE" conceptDomain="PersonalRelationshipRoleType" maxLength="0" historyAllowed="false"><description>A required value specifying the type of personal relationship between the relationshipHolder and the scoping living subject drawn from the PersonalRelationshipRoleType domain, for example, spouse, parent, unrelated friend</description><annotations><description>A required value specifying the type of personal relationship between the relationshipHolder and the scoping living subject drawn from the PersonalRelationshipRoleType domain, for example, spouse, parent, unrelated friend</description></annotations></attribute><attribute name="negationInd" rimClassName="Role" datatype="BL" cardinality="0..1" conformance="" mandatory="false" maxLength="0" historyAllowed="false"><description>A PersonalRelationship with negationInd "true" and a relationshipHolder of "not applicable" null flavor conveys that the registry record for the scoping living subject explicitly does not include a related living subject with a personal relationship of the type specified by the code value. For example, the record for a child might convey "no recorded natural father."</description><annotations><description>A PersonalRelationship with negationInd "true" and a relationshipHolder of "not applicable" null flavor conveys that the registry record for the scoping living subject explicitly does not include a related living subject with a personal relationship of the type specified by the code value. For example, the record for a child might convey "no recorded natural father."</description></annotations></attribute><attribute name="addr" rimClassName="Role" datatype="COLL&lt;AD&gt;" cardinality="0..*" conformance="" mandatory="false" maxLength="0" historyAllowed="false"><description>Postal addresses for corresponding with this related living subject</description><annotations><description>Postal addresses for corresponding with this related living subject</description></annotations></attribute><attribute name="telecom" rimClassName="Role" datatype="COLL&lt;TEL&gt;" cardinality="0..*" conformance="" mandatory="false" maxLength="0" historyAllowed="false"><description>Telecommunications addresses for contacting this related living subject</description><annotations><description>Telecommunications addresses for contacting this related living subject</description></annotations></attribute><attribute name="statusCode" rimClassName="Role" datatype="CS" cardinality="0..1" conformance="" mandatory="false" strength="CNE" conceptDomain="RoleStatus" maxLength="0" historyAllowed="false"><description>A value specifying the state of this personal relationship (based on the RIM Role class state-machine), for example, following divorce a spouse relationship would be "terminated"</description><annotations><description>A value specifying the state of this personal relationship (based on the RIM Role class state-machine), for example, following divorce a spouse relationship would be "terminated"</description></annotations></attribute><attribute name="effectiveTime" rimClassName="Role" datatype="IVL&lt;TS&gt;" cardinality="0..1" conformance="" mandatory="false" maxLength="0" historyAllowed="false"><description>An interval of time specifying the period during which this personal relationship is in effect, if such time is applicable and known</description><annotations><description>An interval of time specifying the period during which this personal relationship is in effect, if such time is applicable and known</description></annotations></attribute></attributes><associations><association name="relationshipHolder" beginX="2.68331503569004" beginY="8.70375299228247" endX="4.62934162412023" endY="8.68841175733781" target="E_LivingSubjectInformational" targetShapeId="Sheet.265" rimTarget="Role" rimName="player" source="PersonalRelationship" cardinality="1..1" required="-1" mandatory="0" blocked="0" businessName=""><annotations/></association><association name="personalRelationshipWith" beginX="2.68331503569004" beginY="9.75586531216094" endX="6.73209801325358" endY="8.25053844333228" target="NonPersonLivingSubject" targetShapeId="Sheet.189" rimTarget="Role" rimName="scoper" source="PersonalRelationship" cardinality="" required="0" mandatory="0" blocked="-1" businessName=""><annotations/></association></associations></class><class name="E_LivingSubjectInformational" cmetId="COCT_MT030007UV" cmetType="Entity" attLevel="informational" domain="EntityClass" mnemonic="LIV" type="CMET" rimName="LivingSubject" id="COCT_MT030007UV"><graphics shapeId="Sheet.265" width="1.16131675175955" height="0.627825234646268" x="5.21" y="8.50006418694393" flipX="FALSE" flipY="FALSE" autoWidth="1" autoHeight="1"/><annotations/><associations><association name="asPersonalRelationship" endX="2.68331503569004" endY="8.70375299228247" beginX="4.62934162412023" beginY="8.68841175733781" target="PersonalRelationship" targetShapeId="Sheet.215" rimTarget="Entity" rimName="playedRole" source="E_LivingSubjectInformational" cardinality="" required="0" mandatory="0" blocked="-1" businessName=""><annotations/></association></associations></class><class name="BirthPlace" type="Role" rimName="RoleHeir"><graphics shapeId="Sheet.181" width="1.2813974877079" height="0.514493427191841" x="14.1868784412051" y="2.61838428921173" flipX="FALSE" flipY="FALSE" autoWidth="1" autoHeight="1"/><description>The birthplace of the focal living subject</description><annotations><description>The birthplace of the focal living subject</description></annotations><attributes><attribute name="classCode" rimClassName="Role" datatype="CS" cardinality="1..1" conformance="R" mandatory="true" strength="CNE" codeSystem="RoleClass" domainCode="C:RoleClass" fixed="BIRTHPL" maxLength="0" historyAllowed="false"><description>Structural attribute; this is a "birthplace" role</description><annotations><description>Structural attribute; this is a "birthplace" role</description></annotations></attribute><attribute name="addr" rimClassName="Role" datatype="AD" cardinality="0..1" conformance="" mandatory="false" maxLength="0" historyAllowed="false"><description>A living subject's birth place represented as an address.  Note: Either BirthPlace.addr or an associated Place.name must be valued</description><annotations><description>A living subject's birth place represented as an address.  Note: Either BirthPlace.addr or an associated Place.name must be valued</description></annotations><constraints><Constraint name="Sheet.14" type="Constraint"><graphics shapeId="Sheet.14" connectedShape="Sheet.181" x="12.3295501544441" y="2.48611435580793" width="1.39747109610634" height="0.444492409939237" beginX="0.698735548053169" beginY="0.222246204969618" endX="1.91536509096021" endY="0.303066795654234"/><annotations/><constraints><text>Restricted to physical
address only</text></constraints></Constraint></constraints></attribute></attributes><associations><association name="birthplace" beginX="13.6743194461219" beginY="2.41258691833499" endX="12.5600012715661" endY="1.63618579542376" target="E_PlaceInformational" targetShapeId="Sheet.79" rimTarget="Role" rimName="player" source="BirthPlace" cardinality="0..1" required="0" mandatory="0" blocked="0" businessName=""><annotations/></association><association name="birthplaceForNonPersonLivingSubject" beginX="13.6743194461219" beginY="2.82418166008846" endX="10.2643491454385" endY="5.46743692287872" target="NonPersonLivingSubject" targetShapeId="Sheet.189" rimTarget="Role" rimName="scoper" source="BirthPlace" cardinality="" required="0" mandatory="0" blocked="-1" businessName=""><annotations/></association><association name="subjectOf" beginX="14.0587386924343" beginY="2.36113757561581" endX="14.0587386924343" endY="2.36113757561581" target="Subject2" targetShapeId="Sheet.46" rimTarget="Role" rimName="participation" source="BirthPlace" cardinality="0..1" required="0" mandatory="0" blocked="0" businessName=""><annotations/></association></associations></class><class name="E_PlaceInformational" cmetId="COCT_MT710007UV" cmetType="Entity" attLevel="informational" domain="EntityClass" mnemonic="PLC" type="CMET" rimName="Place" id="COCT_MT710007UV"><graphics shapeId="Sheet.79" width="1.16131675175955" height="0.627825234646268" x="12.5600012715661" y="1.32227317810063" flipX="FALSE" flipY="FALSE" autoWidth="1" autoHeight="1"/><annotations/><associations><association name="asBirthPlace" endX="13.6743194461219" endY="2.41258691833499" beginX="12.5600012715661" beginY="1.63618579542376" target="BirthPlace" targetShapeId="Sheet.181" rimTarget="Entity" rimName="playedRole" source="E_PlaceInformational" cardinality="" required="0" mandatory="0" blocked="-1" businessName=""><annotations/></association></associations></class><class name="Subject2" type="Participation" rimName="Participation"><graphics shapeId="Sheet.46" width="0.714951780192046" height="0.994130862409506" x="14.1093699820002" y="2.00366168551978" beginX="14.1600012715661" beginY="1.64618579542376" endX="14.0587386924343" endY="2.36113757561581" arrowWidth="66 inch"/><description>The position of a BirthPlace can be specified using spatial coordinates</description><annotations><description>The position of a BirthPlace can be specified using spatial coordinates</description></annotations><attributes><attribute name="typeCode" rimClassName="Participation" datatype="CS" cardinality="1..1" conformance="R" mandatory="true" strength="CNE" codeSystem="ParticipationType" domainCode="C:ParticipationType" fixed="SBJ" maxLength="0" historyAllowed="false"><annotations/></attribute></attributes><associations><association name="spatialCoordinate" beginX="14.1600012715661" beginY="1.64618579542376" endX="14.1600012715661" endY="1.64618579542376" target="A_SpatialCoordinateUniversal" targetShapeId="Sheet.285" rimTarget="Participation" rimName="act" source="Subject2" cardinality="1..1" required="0" mandatory="0" blocked="0" businessName=""><annotations/></association><association name="birthPlace" beginX="14.0587386924343" beginY="2.36113757561581" endX="14.0587386924343" endY="2.36113757561581" target="BirthPlace" targetShapeId="Sheet.181" rimTarget="Participation" rimName="role" source="Subject2" cardinality="" required="0" mandatory="0" blocked="-1" businessName=""><annotations/></association></associations></class><class name="A_SpatialCoordinateUniversal" cmetId="COCT_MT960000UV" cmetType="Act" attLevel="universal" domain="ActClass" mnemonic="OBS" type="CMET" rimName="Observation" id="COCT_MT960000UV"><graphics shapeId="Sheet.285" width="1.29653632573416" height="0.627825234646268" x="14.1600012715661" y="1.33227317810063" flipX="FALSE" flipY="FALSE" autoWidth="1" autoHeight="1"/><annotations/><associations><association name="subject" beginX="14.1600012715661" beginY="1.64618579542376" endX="14.1600012715661" endY="1.64618579542376" target="Subject2" targetShapeId="Sheet.46" rimTarget="Act" rimName="participation" source="A_SpatialCoordinateUniversal" cardinality="" required="0" mandatory="0" blocked="-1" businessName=""><annotations/></association></associations></class><class name="PatientOfOtherProvider" type="Role" rimName="RoleHeir"><graphics shapeId="Sheet.145" width="1.64544167716102" height="0.5" x="13.6157639871342" y="7.57449552747943" flipX="FALSE" flipY="FALSE" autoWidth="1" autoHeight="1"/><description>An association of the focal living subject to a role of a patient who is the subject of a care provision act. The care provision performer may be the primary provider responsible for general care or within a specific healthcare facility. This relationship is usually solid over time and is recorded only for administrative purposes; actual care provided by the healthcare provider is recorded elsewhere.</description><annotations><description>An association of the focal living subject to a role of a patient who is the subject of a care provision act. The care provision performer may be the primary provider responsible for general care or within a specific healthcare facility. This relationship is usually solid over time and is recorded only for administrative purposes; actual care provided by the healthcare provider is recorded elsewhere.</description></annotations><attributes><attribute name="classCode" rimClassName="Role" datatype="CS" cardinality="1..1" conformance="R" mandatory="true" strength="CNE" codeSystem="RoleClass" domainCode="ROL" maxLength="0" historyAllowed="false"><description>Structural attribute; this is a "patient" role</description><annotations><description>Structural attribute; this is a "patient" role</description></annotations></attribute></attributes><associations><association name="playingNonPersonLivingSubject" beginX="12.9575873162698" beginY="7.37449552747943" endX="10.2643491454385" endY="8.25053844333228" target="NonPersonLivingSubject" targetShapeId="Sheet.189" rimTarget="Role" rimName="player" source="PatientOfOtherProvider" cardinality="" required="0" mandatory="0" blocked="-1" businessName=""><annotations/></association><association name="subjectOf" beginX="13.6157639871342" beginY="7.32449552747943" endX="13.6157639871342" endY="7.32449552747943" target="Subject6" targetShapeId="Sheet.255" rimTarget="Role" rimName="participation" source="PatientOfOtherProvider" cardinality="1..1" required="-1" mandatory="-1" blocked="0" businessName=""><annotations/></association></associations></class><class name="Subject6" type="Participation" rimName="Participation"><graphics shapeId="Sheet.255" width="0.672174765353766" height="1.12075592344466" x="13.6368195036507" y="6.98840814480254" beginX="13.6578750201672" beginY="6.65232076212566" endX="13.6157639871342" endY="7.32449552747943" arrowWidth="66 inch"/><description>The patient (living subject) in the role of patient is the subject of a care provision act. The care provision performer may be the primary provider responsible for general care or within a specific healthcare facility. This relationship is usually solid over time and is recorded only for administrative purposes; actual care provided by a healthcare provider is recorded elsewhere.</description><annotations><description>The patient (living subject) in the role of patient is the subject of a care provision act. The care provision performer may be the primary provider responsible for general care or within a specific healthcare facility. This relationship is usually solid over time and is recorded only for administrative purposes; actual care provided by a healthcare provider is recorded elsewhere.</description></annotations><attributes><attribute name="typeCode" rimClassName="Participation" datatype="CS" cardinality="1..1" conformance="R" mandatory="true" strength="CNE" codeSystem="ParticipationType" domainCode="SBJ" maxLength="0" historyAllowed="false"><description>Structural attribute; this is a "ParticipationTargetSubject" participation</description><annotations><description>Structural attribute; this is a "ParticipationTargetSubject" participation</description></annotations></attribute></attributes><associations><association name="principalCareProvision" beginX="13.6578750201672" beginY="6.65232076212566" endX="13.6578750201672" endY="6.65232076212566" target="A_PrincipalCareProvisionUniversal" targetShapeId="Sheet.57" rimTarget="Participation" rimName="act" source="Subject6" cardinality="1..1" required="-1" mandatory="-1" blocked="0" businessName=""><annotations/></association><association name="patientOfOtherProvider" beginX="13.6157639871342" beginY="7.32449552747943" endX="13.6157639871342" endY="7.32449552747943" target="PatientOfOtherProvider" targetShapeId="Sheet.145" rimTarget="Participation" rimName="role" source="Subject6" cardinality="" required="0" mandatory="0" blocked="-1" businessName=""><annotations/></association></associations></class><class name="A_PrincipalCareProvisionUniversal" cmetId="COCT_MT820000UV" cmetType="Act" attLevel="universal" domain="ActClass" mnemonic="PCPR" type="CMET" rimName="ActHeir" id="COCT_MT820000UV"><graphics shapeId="Sheet.57" width="1.56844413213064" height="0.627825234646268" x="13.6578750201672" y="6.33840814480253" flipX="FALSE" flipY="FALSE" autoWidth="1" autoHeight="1"/><annotations/><notes><Note name="Sheet.249" type="Note" noteType="Note"><graphics shapeId="Sheet.249" connectedShape="Sheet.57" x="11.5210087970052" y="6.53000286322703" width="1.95782342154579" height="0.988985328504775" beginX="0.978911710772895" beginY="0.494492664252387" endX="2.33155586786958" endY="-1.10146714952473E-02"/><annotations/><notes><text>CARE PROVISION
Added CareProvision Act to convey
the act of taking on whole or partial
responsibility for, or attention to, the
safety and well-being of a subject. For
example, before or after school care.</text></notes></Note></notes><associations><association name="subject" beginX="13.6578750201672" beginY="6.65232076212566" endX="13.6578750201672" endY="6.65232076212566" target="Subject6" targetShapeId="Sheet.255" rimTarget="Act" rimName="participation" source="A_PrincipalCareProvisionUniversal" cardinality="" required="0" mandatory="0" blocked="-1" businessName=""><annotations/></association></associations></class><entryPoint entryClass="NonPersonLivingSubject" name="E_NonPersonLivingSubject universal" type="EntryPoint" id="COCT_RM030100UV"><graphics shapeId="Sheet.787" connectedShape="Sheet.189" width="2.59174515073958" height="1.03348028157552" beginX="8.01" beginY="9.23676546088327" endX="8.49822357934603" endY="8.25053844333228"/><annotations/><notes><text>This CMET is used where the receiver is assumed to need all data about the non person living subject Property-contextConductionStyle: I </text></notes></entryPoint><class name="OtherIDs" type="Role" rimName="RoleHeir"><graphics shapeId="Sheet.201" width="2.18926110465126" height="0.781809101019965" x="11.9099999999999" y="9.81523757188593" flipX="FALSE" flipY="FALSE" autoWidth="1" autoHeight="1"/><description>An identifying relationship between the focal living subject and a scoping organization.  Note that this could be an identifier used by the primary scoping organization in a different context.</description><annotations><description>An identifying relationship between the focal living subject and a scoping organization.  Note that this could be an identifier used by the primary scoping organization in a different context.</description></annotations><attributes><attribute name="classCode" rimClassName="Role" datatype="CS" cardinality="1..1" conformance="R" mandatory="true" strength="CNE" codeSystem="RoleClass" domainCode="ROL" maxLength="0" historyAllowed="false"><description>Structural attribute. This can be any specialization of "role" except for Citizen, Employee, Student, or Member.</description><annotations><description>Structural attribute. This can be any specialization of "role" except for Citizen, Employee, Student, or Member.</description></annotations></attribute><attribute name="id" rimClassName="Role" datatype="DSET&lt;II&gt;" cardinality="1..*" conformance="R" mandatory="true" maxLength="0" historyAllowed="false"><description>One or more identifiers issued to the focal living subject by the associated assigningOrganization</description><annotations><description>One or more identifiers issued to the focal living subject by the associated assigningOrganization</description></annotations></attribute><attribute name="statusCode" rimClassName="Role" datatype="CS" cardinality="0..1" conformance="" mandatory="false" strength="CNE" conceptDomain="RoleStatus" maxLength="0" historyAllowed="false"><description>A value specifying the state of this identifying relationship (based on the RIM Role class state-machine), for example, active, terminated, nullified</description><annotations><description>A value specifying the state of this identifying relationship (based on the RIM Role class state-machine), for example, active, terminated, nullified</description></annotations></attribute><attribute name="effectiveTime" rimClassName="Role" datatype="IVL&lt;TS&gt;" cardinality="0..1" conformance="" mandatory="false" maxLength="0" historyAllowed="false"><description>An interval of time specifying the period during which this identifying relationship is in effect, if such time limit is applicable and known</description><annotations><description>An interval of time specifying the period during which this identifying relationship is in effect, if such time limit is applicable and known</description></annotations></attribute></attributes><associations><association name="playingNonPersonLivingSubject" beginX="11.0342955581394" beginY="9.50251393147794" endX="9.38128636239226" endY="8.25053844333228" target="NonPersonLivingSubject" targetShapeId="Sheet.189" rimTarget="Role" rimName="player" source="OtherIDs" cardinality="" required="0" mandatory="0" blocked="-1" businessName=""><annotations/></association><association name="scopingOrganization" beginX="11.0342955581394" beginY="10.1279612122939" endX="12.4341425054001" endY="9.12449552747946" target="E_OrganizationIdentified/confirmable" targetShapeId="Sheet.279" rimTarget="Role" rimName="scoper" source="OtherIDs" cardinality="1..1" required="-1" mandatory="0" blocked="0" businessName=""><annotations/></association></associations></class><class name="E_OrganizationIdentified/confirmable" cmetId="COCT_MT150002UV" cmetType="Entity" attLevel="identified/confirmable" domain="EntityClass" mnemonic="ORG" type="CMET" rimName="Organization" id="COCT_MT150002UV"><graphics shapeId="Sheet.279" width="1.37048804692556" height="0.627825234646268" x="13.1193865288629" y="8.81058291015633" flipX="FALSE" flipY="FALSE" autoWidth="1" autoHeight="1"/><annotations/><associations><association name="otherIDs" endX="11.0342955581394" endY="10.1279612122939" beginX="12.4341425054001" beginY="9.12449552747946" target="OtherIDs" targetShapeId="Sheet.201" rimTarget="Entity" rimName="scopedRole" source="E_OrganizationIdentified/confirmable" cardinality="" required="0" mandatory="0" blocked="-1" businessName=""><annotations/></association></associations></class><class name="ObservationEvent" type="Act" rimName="Observation"><graphics shapeId="Sheet.318" width="3.15567566221419" height="1.31676546088325" x="8.50423401030628" y="4.27838273044165" flipX="FALSE" flipY="FALSE" autoWidth="1" autoHeight="1"/><annotations/><notes><Note name="Sheet.6" type="Note" noteType="Note"><graphics shapeId="Sheet.6" connectedShape="Sheet.318" x="4.91" y="3.69165814242896" width="1.53801217276649" height="0.588986854383681" beginX="0.769006086383247" beginY="0.294493427191841" endX="2.78540226558243" endY="0.881218015204536"/><annotations/><notes><text>OBSERVATION
Added Observation Act about
household membership</text></notes></Note></notes><attributes><attribute name="classCode" rimClassName="Act" datatype="CS" cardinality="1..1" conformance="R" mandatory="true" strength="CNE" codeSystem="ActClass" domainCode="OBS" maxLength="0" historyAllowed="false"><annotations/></attribute><attribute name="moodCode" rimClassName="Act" datatype="CS" cardinality="1..1" conformance="R" mandatory="true" strength="CNE" codeSystem="ActMood" domainCode="EVN" maxLength="0" historyAllowed="false"><annotations/></attribute><attribute name="code" rimClassName="Act" datatype="CD" cardinality="0..1" conformance="" mandatory="false" strength="CWE" conceptDomain="ObservationType" maxLength="0" historyAllowed="false"><annotations/></attribute><attribute name="effectiveTime" rimClassName="Act" datatype="QSET&lt;TS&gt;" cardinality="0..1" conformance="" mandatory="false" maxLength="0" historyAllowed="false"><annotations/></attribute><attribute name="confidentialityCode" rimClassName="Act" datatype="CD" cardinality="0..1" conformance="" mandatory="false" strength="CWE" conceptDomain="Confidentiality" maxLength="0" historyAllowed="false"><annotations/></attribute><attribute name="languageCode" rimClassName="Act" datatype="CD" cardinality="0..1" conformance="" mandatory="false" strength="CWE" conceptDomain="HumanLanguage" maxLength="0" historyAllowed="false"><annotations/></attribute><attribute name="value" rimClassName="Observation" datatype="ANY" cardinality="0..1" conformance="" mandatory="false" strength="CWE" conceptDomain="ObservationValue" maxLength="0" historyAllowed="false"><annotations/></attribute><attribute name="methodCode" rimClassName="Observation" datatype="DSET&lt;CD&gt;" cardinality="0..*" conformance="" mandatory="false" strength="CWE" conceptDomain="ObservationMethod" maxLength="0" historyAllowed="false"><annotations/></attribute></attributes><associations><association name="subject" beginX="7.24196374542061" beginY="3.62000000000003" endX="7.24196374542061" endY="3.62000000000003" target="Subject3" targetShapeId="Sheet.62" rimTarget="Act" rimName="participation" source="ObservationEvent" cardinality="" required="0" mandatory="0" blocked="-1" businessName=""><annotations/></association><association name="subject" beginX="9.45093670897054" beginY="3.62000000000003" endX="9.45093670897054" endY="3.62000000000003" target="Subject5" targetShapeId="Sheet.52" rimTarget="Act" rimName="participation" source="ObservationEvent" cardinality="" required="0" mandatory="0" blocked="-1" businessName=""><annotations/></association></associations></class><class name="Subject3" type="Participation" rimName="Participation"><graphics shapeId="Sheet.62" width="0.609837493896463" height="1.08988739317122" x="7.39750820520431" y="3.3150812530518" beginX="7.24196374542061" beginY="3.62000000000003" endX="7.55305266498802" endY="3.01016250610357" arrowWidth="66 inch"/><description>The patient (living subject) in the role of patient is the subject of a care provision act. The care provision performer may be the primary provider responsible for general care or within a specific healthcare facility. This relationship is usually solid over time and is recorded only for administrative purposes; actual care provided by a healthcare provider is recorded elsewhere.</description><annotations><description>The patient (living subject) in the role of patient is the subject of a care provision act. The care provision performer may be the primary provider responsible for general care or within a specific healthcare facility. This relationship is usually solid over time and is recorded only for administrative purposes; actual care provided by a healthcare provider is recorded elsewhere.</description></annotations><attributes><attribute name="typeCode" rimClassName="Participation" datatype="CS" cardinality="1..1" conformance="R" mandatory="true" strength="CNE" codeSystem="ParticipationType" domainCode="SBJ" maxLength="0" historyAllowed="false"><description>Structural attribute; this is a "ParticipationTargetSubject" participation</description><annotations><description>Structural attribute; this is a "ParticipationTargetSubject" participation</description></annotations></attribute></attributes><associations><association name="observationEvent" beginX="7.24196374542061" beginY="3.62000000000003" endX="7.24196374542061" endY="3.62000000000003" target="ObservationEvent" targetShapeId="Sheet.318" rimTarget="Participation" rimName="act" source="Subject3" cardinality="1..1" required="0" mandatory="0" blocked="0" businessName=""><annotations/></association><association name="member" beginX="7.55305266498802" beginY="3.01016250610357" endX="7.55305266498802" endY="3.01016250610357" target="Member" targetShapeId="Sheet.129" rimTarget="Participation" rimName="role" source="Subject3" cardinality="" required="0" mandatory="0" blocked="-1" businessName=""><annotations/></association></associations></class><class name="Member" type="Role" rimName="RoleHeir"><graphics shapeId="Sheet.129" width="2.23842110831337" height="0.915466937934028" x="7.32921055415668" y="2.55242903713655" flipX="FALSE" flipY="TRUE" autoWidth="1" autoHeight="1"/><description>A membership of the playing living subject in a group such as family, tribe, or religious organization</description><annotations><description>A membership of the playing living subject in a group such as family, tribe, or religious organization</description></annotations><attributes><attribute name="classCode" rimClassName="Role" datatype="CS" cardinality="1..1" conformance="R" mandatory="true" strength="CNE" codeSystem="RoleClass" domainCode="MBR" maxLength="0" historyAllowed="false"><description>Structural attribute; this is a "member" role</description><annotations><description>Structural attribute; this is a "member" role</description></annotations></attribute><attribute name="id" rimClassName="Role" datatype="DSET&lt;II&gt;" cardinality="0..*" conformance="" mandatory="false" maxLength="0" historyAllowed="false"><description>Identifier(s) for this membership</description><annotations><description>Identifier(s) for this membership</description></annotations></attribute><attribute name="code" rimClassName="Role" datatype="CD" cardinality="0..1" conformance="" mandatory="false" strength="CWE" conceptDomain="MemberRoleType" maxLength="0" historyAllowed="false"><description>A value further specifying the type of membership the playing living subject has in the scoping entity, drawn from the MemberRoleType domain</description><annotations><description>A value further specifying the type of membership the playing living subject has in the scoping entity, drawn from the MemberRoleType domain</description></annotations></attribute><attribute name="statusCode" rimClassName="Role" datatype="CS" cardinality="0..1" conformance="" mandatory="false" strength="CNE" conceptDomain="RoleStatus" maxLength="0" historyAllowed="false"><description>A value specifying the state of this membership (based on the RIM Role class state-machine), for example, active, suspended, terminated</description><annotations><description>A value specifying the state of this membership (based on the RIM Role class state-machine), for example, active, suspended, terminated</description></annotations></attribute><attribute name="effectiveTime" rimClassName="Role" datatype="QSET&lt;TS&gt;" cardinality="0..1" conformance="" mandatory="false" maxLength="0" historyAllowed="false"><description>An interval of time specifying the period during which this membership is in effect, if such time limit is applicable and known. EffectiveTime is GTS to allow conveying that a person is an active member of a household 
on a particular schedule (e.g., alternate weeks).</description><annotations><description>An interval of time specifying the period during which this membership is in effect, if such time limit is applicable and known. EffectiveTime is GTS to allow conveying that a person is an active member of a household 
on a particular schedule (e.g., alternate weeks).</description></annotations></attribute></attributes><associations><association name="memberNonPersonLivingSubject" beginX="6.43384211083134" beginY="2.91861581231016" endX="6.73209801325358" endY="5.46743692287872" target="NonPersonLivingSubject" targetShapeId="Sheet.189" rimTarget="Role" rimName="player" source="Member" cardinality="" required="0" mandatory="0" blocked="-1" businessName=""><annotations/></association><association name="group" beginX="6.43384211083134" beginY="2.18624226196294" endX="7.38833907777599" endY="1.19659829610189" target="Group" targetShapeId="Sheet.68" rimTarget="Role" rimName="scoper" source="Member" cardinality="1..1" required="-1" mandatory="0" blocked="0" businessName=""><annotations/></association><association name="subjectOf" beginX="7.55305266498802" beginY="3.01016250610357" endX="7.55305266498802" endY="3.01016250610357" target="Subject3" targetShapeId="Sheet.62" rimTarget="Role" rimName="participation" source="Member" cardinality="0..*" required="0" mandatory="0" blocked="0" businessName=""><annotations/></association></associations></class><class name="Group" type="Entity" rimName="Organization"><graphics shapeId="Sheet.68" width="2.53805710142318" height="1.58213106146918" x="8.65736762848758" y="0.801065530734592" flipX="FALSE" flipY="FALSE" autoWidth="1" autoHeight="1"/><description>A group of which the focal person is a member</description><annotations><description>A group of which the focal person is a member</description></annotations><attributes><attribute name="classCode" rimClassName="Entity" datatype="CS" cardinality="1..1" conformance="R" mandatory="true" strength="CNE" codeSystem="EntityClass" domainCode="ORG" maxLength="0" historyAllowed="false"><description>Structural attribute; this is a type of organiztion</description><annotations><description>Structural attribute; this is a type of organiztion</description></annotations></attribute><attribute name="determinerCode" rimClassName="Entity" datatype="CS" cardinality="1..1" conformance="R" mandatory="true" strength="CNE" codeSystem="EntityDeterminer" domainCode="C:EntityDeterminer" fixed="INSTANCE" maxLength="0" historyAllowed="false"><description>Structural attribute; this is a specific entity</description><annotations><description>Structural attribute; this is a specific entity</description></annotations></attribute><attribute name="id" rimClassName="Entity" datatype="DSET&lt;II&gt;" cardinality="0..*" conformance="" mandatory="false" maxLength="0" historyAllowed="false"><description>Identifier(s) for this Group</description><annotations><description>Identifier(s) for this Group</description></annotations></attribute><attribute name="code" rimClassName="Entity" datatype="CD" cardinality="0..1" conformance="" mandatory="false" strength="CWE" conceptDomain="OrganizationEntityType" maxLength="0" historyAllowed="false"><description>A value further specifying the type of Group drawn from the OrganizationEntityType domain, for example "religious institution"</description><annotations><description>A value further specifying the type of Group drawn from the OrganizationEntityType domain, for example "religious institution"</description></annotations></attribute><attribute name="name" rimClassName="Entity" datatype="COLL&lt;EN&gt;" cardinality="0..*" conformance="" mandatory="false" maxLength="0" historyAllowed="false"><description>A non-unique textual identifier or moniker for the Group</description><annotations><description>A non-unique textual identifier or moniker for the Group</description></annotations></attribute><attribute name="desc" rimClassName="Entity" datatype="ED" cardinality="0..1" conformance="" mandatory="false" maxLength="0" historyAllowed="false"><description>A textual or multimedia depiction of the Group</description><annotations><description>A textual or multimedia depiction of the Group</description></annotations></attribute><attribute name="statusCode" rimClassName="Entity" datatype="CS" cardinality="0..1" conformance="" mandatory="false" strength="CNE" conceptDomain="EntityStatus" maxLength="0" historyAllowed="false"><description>A value representing whether the information associated with the Group is currently active or inactive</description><annotations><description>A value representing whether the information associated with the Group is currently active or inactive</description></annotations></attribute><attribute name="existenceTime" rimClassName="Entity" datatype="IVL&lt;TS&gt;" cardinality="0..1" conformance="" mandatory="false" maxLength="0" historyAllowed="false"><description>An interval of time specifying the period in which this Group physically existed if such time interval is applicable and known</description><annotations><description>An interval of time specifying the period in which this Group physically existed if such time interval is applicable and known</description></annotations></attribute><attribute name="telecom" rimClassName="Entity" datatype="COLL&lt;TEL&gt;" cardinality="0..*" conformance="" mandatory="false" maxLength="0" historyAllowed="false"><description>Telecommunication address(es) for communicating with this group</description><annotations><description>Telecommunication address(es) for communicating with this group</description></annotations></attribute><attribute name="addr" rimClassName="Organization" datatype="COLL&lt;AD&gt;" cardinality="0..*" conformance="" mandatory="false" maxLength="0" historyAllowed="false"><description>An address for corresponding with this group</description><annotations><description>An address for corresponding with this group</description></annotations></attribute></attributes><associations><association name="member1" endX="6.43384211083134" endY="2.18624226196294" beginX="7.38833907777599" beginY="1.19659829610189" target="Member" targetShapeId="Sheet.129" rimTarget="Entity" rimName="scopedRole" source="Group" cardinality="" required="0" mandatory="0" blocked="-1" businessName=""><annotations/></association><association name="member" endX="10.9333661526966" endY="2.18624226196294" beginX="9.92639617919917" beginY="1.19659829610189" target="Member2" targetShapeId="Sheet.109" rimTarget="Entity" rimName="scopedRole" source="Group" cardinality="0..*" required="0" mandatory="0" blocked="0" businessName=""><annotations/></association></associations></class><class name="Member2" type="Role" rimName="RoleHeir"><graphics shapeId="Sheet.109" width="2.26619888609115" height="0.915466937934028" x="10.0268865982602" y="2.55242903713655" flipX="TRUE" flipY="TRUE" autoWidth="1" autoHeight="1"/><description>Member2 allows navigation from
a group such as family, tribe, or religious organization, to other members of that group</description><annotations><description>Member2 allows navigation from
a group such as family, tribe, or religious organization, to other members of that group</description></annotations><attributes><attribute name="classCode" rimClassName="Role" datatype="CS" cardinality="1..1" conformance="R" mandatory="true" strength="CNE" codeSystem="RoleClass" domainCode="MBR" maxLength="0" historyAllowed="false"><description>Structural attribute; this is a "member" role</description><annotations><description>Structural attribute; this is a "member" role</description></annotations></attribute><attribute name="id" rimClassName="Role" datatype="DSET&lt;II&gt;" cardinality="0..*" conformance="" mandatory="false" maxLength="0" historyAllowed="false"><description>Identifiers for this membership</description><annotations><description>Identifiers for this membership</description></annotations></attribute><attribute name="code" rimClassName="Role" datatype="CD" cardinality="0..1" conformance="" mandatory="false" strength="CWE" conceptDomain="MemberRoleType" maxLength="0" historyAllowed="false"><description>A value further specifying the type of membership the playing living subject has in the scoping entity, drawn from the MemberRoleType domain</description><annotations><description>A value further specifying the type of membership the playing living subject has in the scoping entity, drawn from the MemberRoleType domain</description></annotations></attribute><attribute name="statusCode" rimClassName="Role" datatype="CS" cardinality="0..1" conformance="" mandatory="false" strength="CNE" conceptDomain="RoleStatus" maxLength="0" historyAllowed="false"><description>A value specifying the state of this membership (based on the RIM Role class state-machine), for example, active, suspended, terminated</description><annotations><description>A value specifying the state of this membership (based on the RIM Role class state-machine), for example, active, suspended, terminated</description></annotations></attribute><attribute name="effectiveTime" rimClassName="Role" datatype="QSET&lt;TS&gt;" cardinality="0..1" conformance="" mandatory="false" maxLength="0" historyAllowed="false"><description>An interval of time specifying the period during which this membership is in effect, if such time limit is applicable and known. EffectiveTime is GTS to allow conveying that a person is an active member of a household 
on a particular schedule (e.g., alternate weeks).</description><annotations><description>An interval of time specifying the period during which this membership is in effect, if such time limit is applicable and known. EffectiveTime is GTS to allow conveying that a person is an active member of a household 
on a particular schedule (e.g., alternate weeks).</description></annotations></attribute></attributes><associations><association name="memberLivingSubject" beginX="10.9333661526966" beginY="2.91861581231016" endX="13.2616049744721" endY="4.50894022623701" target="E_LivingSubjectInformational" targetShapeId="Sheet.22" rimTarget="Role" rimName="player" source="Member2" cardinality="1..1" required="-1" mandatory="0" blocked="0" businessName=""><annotations/></association><association name="group" beginX="10.9333661526966" beginY="2.18624226196294" endX="9.92639617919917" endY="1.19659829610189" target="Group" targetShapeId="Sheet.68" rimTarget="Role" rimName="scoper" source="Member2" cardinality="" required="0" mandatory="0" blocked="-1" businessName=""><annotations/></association><association name="subjectOf" beginX="9.80026670965107" beginY="3.01016250610357" endX="9.80026670965107" endY="3.01016250610357" target="Subject5" targetShapeId="Sheet.52" rimTarget="Role" rimName="participation" source="Member2" cardinality="0..*" required="0" mandatory="0" blocked="0" businessName=""><annotations/></association></associations></class><class name="Subject5" type="Participation" rimName="Participation"><graphics shapeId="Sheet.52" width="0.609837493896463" height="1.08988739317122" x="9.6256017093108" y="3.3150812530518" beginX="9.45093670897054" beginY="3.62000000000003" endX="9.80026670965107" endY="3.01016250610357" arrowWidth="66 inch"/><annotations/><attributes><attribute name="typeCode" rimClassName="Participation" datatype="CS" cardinality="1..1" conformance="R" mandatory="true" strength="CNE" codeSystem="ParticipationType" domainCode="SBJ" maxLength="0" historyAllowed="false"><annotations/></attribute></attributes><associations><association name="observationEvent" beginX="9.45093670897054" beginY="3.62000000000003" endX="9.45093670897054" endY="3.62000000000003" target="ObservationEvent" targetShapeId="Sheet.318" rimTarget="Participation" rimName="act" source="Subject5" cardinality="1..1" required="0" mandatory="0" blocked="0" businessName=""><annotations/></association><association name="member" beginX="9.80026670965107" beginY="3.01016250610357" endX="9.80026670965107" endY="3.01016250610357" target="Member2" targetShapeId="Sheet.109" rimTarget="Participation" rimName="role" source="Subject5" cardinality="" required="0" mandatory="0" blocked="-1" businessName=""><annotations/></association></associations></class><class name="E_LivingSubjectInformational" cmetId="COCT_MT030007UV" cmetType="Entity" attLevel="informational" domain="EntityClass" mnemonic="LIV" type="CMET" rimName="LivingSubject" id="COCT_MT030007UV"><graphics shapeId="Sheet.22" width="1.16131675175955" height="0.627825234646268" x="13.0293416241202" y="4.82285284356014" flipX="FALSE" flipY="FALSE" autoWidth="1" autoHeight="1"/><annotations/><associations><association name="asPersonalRelationship" endX="2.68331503569004" endY="8.70375299228247" beginX="4.62934162412023" beginY="8.68841175733781" target="PersonalRelationship" targetShapeId="Sheet.215" rimTarget="Entity" rimName="playedRole" source="E_LivingSubjectInformational" cardinality="" required="0" mandatory="0" blocked="-1" businessName=""><annotations/></association><association name="asMember" endX="10.9333661526966" endY="2.91861581231016" beginX="13.2616049744721" beginY="4.50894022623701" target="Member2" targetShapeId="Sheet.109" rimTarget="Entity" rimName="playedRole" source="E_LivingSubjectInformational" cardinality="" required="0" mandatory="0" blocked="-1" businessName=""><annotations/></association></associations></class></page></pages></hl7model>
