<?xml version="1.0"?>
<hl7model rendered="11/23/2011 11:24:20 AM" datatypesRelease="R2"><pages><page name="Pg-1" width="11" height="8.5"><class name="Device" type="Entity" rimName="Device"><graphics shapeId="Sheet.1" width="3.65377212827865" height="1.04944978705512" x="4.61687825470833" y="1.1" flipX="FALSE" flipY="FALSE" autoWidth="1" autoHeight="1"/><annotations/><attributes><attribute name="classCode" rimClassName="Entity" datatype="CS" cardinality="1..1" conformance="R" mandatory="true" strength="CNE" codeSystem="EntityClass" domainCode="DEV" maxLength="0" historyAllowed="false"><annotations/></attribute><attribute name="determinerCode" rimClassName="Entity" datatype="CS" cardinality="1..1" conformance="R" mandatory="true" strength="CNE" codeSystem="EntityDeterminer" domainCode="INSTANCE" maxLength="0" historyAllowed="false"><annotations/></attribute><attribute name="id" rimClassName="Entity" datatype="DSET&lt;II&gt;" cardinality="1..*" conformance="R" mandatory="true" maxLength="0" historyAllowed="false"><annotations/></attribute><attribute name="code" rimClassName="Entity" datatype="CD" cardinality="0..1" conformance="" mandatory="false" strength="CWE" conceptDomain="EntityCode" maxLength="0" historyAllowed="false"><annotations/></attribute><attribute name="manufacturerModelName" rimClassName="Device" datatype="SC" cardinality="0..1" conformance="" mandatory="false" strength="CWE" conceptDomain="ManufacturerModelName" maxLength="0" historyAllowed="false"><annotations/></attribute><attribute name="softwareName" rimClassName="Device" datatype="SC" cardinality="0..1" conformance="" mandatory="false" strength="CWE" conceptDomain="SoftwareName" maxLength="0" historyAllowed="false"><annotations/></attribute></attributes></class><entryPoint entryClass="Device" name="E_Device Identified" type="EntryPoint" id="COCT_RM140001"><graphics shapeId="Sheet.5" connectedShape="Sheet.1" width="1.90020835332205" height="0.766814632161459" beginX="4.6" beginY="2.8" endX="4.61687825470833" endY="1.62472489352756"/><annotations/><notes><text>Used to identify a device Property-contextConductionStyle: I </text></notes></entryPoint></page></pages></hl7model>
