<?xml version="1.0"?>
<hl7model rendered="7/1/2012 8:50:37 AM" datatypesRelease="R2"><pages><page name="Pg-1" width="13" height="8"><class name="GuarantorPerson" type="Entity" rimName="Person"><graphics shapeId="Sheet.17" width="3.11586548155013" height="0.915141925726997" x="8.55489725925421" y="3.88437348158098" flipX="TRUE" flipY="FALSE" autoWidth="1" autoHeight="1"/><annotations/><attributes><attribute name="classCode" rimClassName="Entity" datatype="CS" cardinality="1..1" conformance="R" mandatory="true" strength="CNE" codeSystem="EntityClass" domainCode="PSN" maxLength="0" historyAllowed="false"><annotations/></attribute><attribute name="determinerCode" rimClassName="Entity" datatype="CS" cardinality="1..1" conformance="R" mandatory="true" strength="CNE" codeSystem="EntityDeterminer" domainCode="INSTANCE" maxLength="0" historyAllowed="false"><annotations/></attribute><attribute name="id" rimClassName="Entity" datatype="DSET&lt;II&gt;" cardinality="0..*" conformance="" mandatory="false" maxLength="0" historyAllowed="false" businessName="Can be used to supply non-guarantor role ids such as SSN"><annotations/></attribute><attribute name="name" rimClassName="Entity" datatype="COLL&lt;PN&gt;" cardinality="1..*" conformance="R" mandatory="false" maxLength="0" historyAllowed="false"><annotations/></attribute></attributes><associations><association name="guarantorLanguage" beginX="10.1128300000293" beginY="3.88437348158098" endX="9.88747511223687" endY="1.375" target="GuarantorLanguage" targetShapeId="Sheet.13" rimTarget="Entity" rimName="languageCommunication" shapeId="Sheet.3" source="GuarantorPerson" cardinality="0..*" required="0" mandatory="0" blocked="0" businessName=""><traversal x="0.226902052207592" y="0"/><traversal x="0.226902052207592" y="-1.25468674079049"/><traversal x="0.226902052207592" y="-2.50937348158098"/><annotations/></association><association name="asPersonalRelationship" endX="9.3778003330705" endY="5.46894261935764" beginX="8.55489725925421" beginY="4.34194444444448" target="PersonalRelationship" targetShapeId="Sheet.79" rimTarget="Entity" rimName="playedRole" source="GuarantorPerson" cardinality="1..1" required="-1" mandatory="0" blocked="0" businessName=""><annotations/></association></associations></class><class name="GuarantorChoice" type="Choice" rimName="Entity"><graphics shapeId="Sheet.81" width="3.55105251836111" height="2.59555555555556" x="8.6474907776597" y="3.2941666666667" flipX="GUARD(FALSE)" flipY="GUARD(FALSE)" vertical="1" autoWidth="1" autoHeight="1"/><annotations/><children><childClass name="GuarantorPerson" shapeId="Sheet.17"/><childClass name="GuarantorOrganization" shapeId="Sheet.48"/></children><associations><association name="asGuarantorRole" endX="4.64671036942735" endY="3.2717598952908" beginX="6.87196451847914" beginY="3.81327777777781" target="GuarantorRole" targetShapeId="Sheet.38" rimTarget="Entity" rimName="playedRole" source="GuarantorChoice" cardinality="" required="0" mandatory="0" blocked="-1" businessName=""><annotations/></association></associations></class><class name="GuarantorOrganization" type="Entity" rimName="Organization"><graphics shapeId="Sheet.48" width="3.33195663755599" height="1.18213258734809" x="8.66294283725714" y="2.71073622504344" flipX="FALSE" flipY="FALSE" autoWidth="1" autoHeight="1"/><annotations/><attributes><attribute name="classCode" rimClassName="Entity" datatype="CS" cardinality="1..1" conformance="R" mandatory="true" strength="CNE" codeSystem="EntityClass" domainCode="ORG" maxLength="0" historyAllowed="false"><annotations/></attribute><attribute name="determinerCode" rimClassName="Entity" datatype="CS" cardinality="1..1" conformance="R" mandatory="true" strength="CNE" codeSystem="EntityDeterminer" domainCode="INSTANCE" maxLength="0" historyAllowed="false"><annotations/></attribute><attribute name="id" rimClassName="Entity" datatype="DSET&lt;II&gt;" cardinality="0..*" conformance="" mandatory="false" maxLength="0" historyAllowed="false" businessName=" (Can be used to supply non-guarantor role ids such as TIN-tax id&#xA;   number"><annotations/></attribute><attribute name="code" rimClassName="Entity" datatype="CD" cardinality="0..1" conformance="R" mandatory="false" strength="CNE" conceptDomain="EntityCode" maxLength="0" historyAllowed="false"><annotations/></attribute><attribute name="name" rimClassName="Entity" datatype="ON" cardinality="0..1" conformance="R" mandatory="false" maxLength="0" historyAllowed="false"><annotations/></attribute></attributes></class><class name="GuarantorRole" type="Role" rimName="RoleHeir"><graphics shapeId="Sheet.38" width="3.21475769346419" height="1.048149738227" x="3.36080729204168" y="2.8525" flipX="TRUE" flipY="TRUE" autoWidth="1" autoHeight="1"/><annotations/><notes><Note name="Sheet.60" type="Note" noteType="Note"><graphics shapeId="Sheet.60" connectedShape="Sheet.38" x="5.97172308990279" y="2.86944444444444" width="1.66133370596962" height="0.588986854383681" beginX="0.830666852984809" beginY="0.294493427191841" endX="-0.172870098144204" endY="0.277548982747397"/><annotations/><notes><text>Person (patient) is the scoper of
the guarantor, but is not
required for this CMET.</text></notes></Note><Note name="Sheet.65" type="Note" noteType="Note"><graphics shapeId="Sheet.65" connectedShape="Sheet.38" x="1.00510525236111" y="2.86944444444444" width="1.16725411612587" height="0.588986854383681" beginX="0.583627058062934" beginY="0.294493427191841" endX="1.33195025101141" endY="0.277548982747397"/><annotations/><notes><text>Guarantor takes
financial responsibility
over the account</text></notes></Note><text>
</text></notes><constraints><Constraint name="Sheet.54" type="Constraint"><graphics shapeId="Sheet.54" connectedShape="Sheet.38" x="3.35058729346181" y="1.23611111111111" width="3.73115029532509" height="0.677823708767362" beginX="1.86557514766254" beginY="0.338911854383681" endX="1.87579514624241" endY="1.43122587415907"/><annotations/><constraints><text>Must specify one of 
[1] GuarantorRole.id OR
[2] GuarantorPerson.name and/or GuarantorPerson.id OR
[3] GuarantorOrganization.name and/or GuarantorOrganization.id</text></constraints></Constraint></constraints><attributes><attribute name="classCode" rimClassName="Role" datatype="CS" cardinality="1..1" conformance="R" mandatory="true" strength="CNE" codeSystem="RoleClass" domainCode="GUAR" maxLength="0" historyAllowed="false"><annotations/></attribute><attribute name="id" rimClassName="Role" datatype="DSET&lt;II&gt;" cardinality="0..*" conformance="R" mandatory="false" maxLength="0" historyAllowed="false" businessName="guarantor identifier"><annotations/></attribute><attribute name="addr" rimClassName="Role" datatype="AD" cardinality="0..1" conformance="" mandatory="false" maxLength="0" historyAllowed="false" businessName="Can be used to indicate where to mail the statement"><annotations/></attribute><attribute name="telecom" rimClassName="Role" datatype="TEL" cardinality="0..1" conformance="" mandatory="false" maxLength="0" historyAllowed="false" businessName="Can be used to indicate where to call regarding the satement"><annotations/></attribute></attributes><associations><association name="guarantorChoice" beginX="4.64671036942735" beginY="3.2717598952908" endX="6.87196451847914" endY="3.81327777777781" target="GuarantorChoice" targetShapeId="Sheet.81" rimTarget="Role" rimName="player" source="GuarantorRole" cardinality="0..1" required="0" mandatory="0" blocked="0" businessName=""><annotations/></association><association name="contractHeld" beginX="3.36080729204168" beginY="3.3765748691135" endX="3.36080729204168" endY="3.3765748691135" target="Holder" targetShapeId="Sheet.21" rimTarget="Role" rimName="participation" source="GuarantorRole" cardinality="" required="0" mandatory="0" blocked="-1" businessName=""><annotations/></association></associations></class><class name="Holder" type="Participation" rimName="Participation"><graphics shapeId="Sheet.21" width="0.786714479743075" height="2.31892944639388" x="3.33472493489545" y="3.76993210898504" beginX="3.30864257774923" beginY="4.16328934885657" endX="3.36080729204168" endY="3.3765748691135" arrowWidth="66 in."/><annotations/><attributes><attribute name="typeCode" rimClassName="Participation" datatype="CS" cardinality="1..1" conformance="R" mandatory="true" strength="CNE" codeSystem="ParticipationType" domainCode="HLD" maxLength="0" historyAllowed="false"><annotations/></attribute><attribute name="time" rimClassName="Participation" datatype="IVL&lt;TS&gt;" cardinality="0..1" conformance="" mandatory="false" maxLength="0" historyAllowed="false" businessName="Effective time for guarantor for the account"><annotations/></attribute></attributes><associations><association name="account" beginX="3.30864257774923" beginY="4.16328934885657" endX="3.30864257774923" endY="4.16328934885657" target="Account" targetShapeId="Sheet.27" rimTarget="Participation" rimName="act" source="Holder" cardinality="" required="0" mandatory="0" blocked="-1" businessName=""><annotations/></association><association name="guarantorRole" beginX="3.36080729204168" beginY="3.3765748691135" endX="3.36080729204168" endY="3.3765748691135" target="GuarantorRole" targetShapeId="Sheet.38" rimTarget="Participation" rimName="role" source="Holder" cardinality="1..1" required="-1" mandatory="-1" blocked="0" businessName=""><annotations/></association></associations></class><class name="Account" type="Act" rimName="Account"><graphics shapeId="Sheet.27" width="3.13429428404037" height="0.859532413397895" x="3.30864257774923" y="4.59305555555552" flipX="FALSE" flipY="FALSE" autoWidth="1" autoHeight="1"/><annotations/><notes><Note name="Sheet.72" type="Note" noteType="Note"><graphics shapeId="Sheet.72" connectedShape="Sheet.27" x="1.23914930618055" y="5.60277777777778" width="1.26620354849892" height="0.855652503797744" beginX="0.633101774249458" beginY="0.427826251898872" endX="1.13544790379795" endY="-0.152129763624435"/><annotations/><notes><text>Id may not be known
when this is used to
notify a recipient about
a new guarantor for the 
encounter.</text></notes></Note></notes><attributes><attribute name="classCode" rimClassName="Act" datatype="CS" cardinality="1..1" conformance="R" mandatory="true" strength="CNE" codeSystem="ActClass" domainCode="ACCT" maxLength="0" historyAllowed="false"><annotations/></attribute><attribute name="moodCode" rimClassName="Act" datatype="CS" cardinality="1..1" conformance="R" mandatory="true" strength="CNE" codeSystem="ActMood" domainCode="DEF" maxLength="0" historyAllowed="false"><annotations/></attribute><attribute name="id" rimClassName="Act" datatype="II" cardinality="0..1" conformance="" mandatory="false" maxLength="0" historyAllowed="false" businessName=" (e.g. Bank account, transit number, credit card, patient billing&#xA;   account, etc."><annotations/></attribute></attributes><associations><association name="holder" beginX="3.30864257774923" beginY="4.16328934885657" endX="3.30864257774923" endY="4.16328934885657" target="Holder" targetShapeId="Sheet.21" rimTarget="Act" rimName="participation" source="Account" cardinality="1..1" required="-1" mandatory="-1" blocked="0" businessName=""><annotations/></association></associations></class><entryPoint entryClass="Account" name="A_AccountGuarantor universal" type="EntryPoint" id="COCT_RM110300"><graphics shapeId="Sheet.31" connectedShape="Sheet.27" width="2.1749284393138" height="1.03348028157552" beginX="3.1412000859309" beginY="5.68472222222222" endX="3.30864257774923" endY="5.02282176225447"/><annotations/><notes><text>Used to identify the guarantor for a particular account (e.g. patient billing account). Property-contextConductionStyle: I </text></notes></entryPoint><class name="PersonalRelationship" type="Role" rimName="RoleHeir"><graphics shapeId="Sheet.79" width="2.84404626090126" height="0.515143451605903" x="10.515418837431" y="5.675" flipX="FALSE" flipY="FALSE" autoWidth="1" autoHeight="1"/><annotations/><notes><Note name="Sheet.86" type="Note" noteType="Note"><graphics shapeId="Sheet.86" connectedShape="Sheet.79" x="10.515418837431" y="6.425" width="2.31572976309852" height="0.5" beginX="1.15786488154926" beginY="0.25" endX="1.15786488154926" endY="-0.242428274197048"/><annotations/><notes><text>Covered Party/Patient is the scoper
of this role, but is not necessary in this CMET</text></notes></Note></notes><attributes><attribute name="classCode" rimClassName="Role" datatype="CS" cardinality="1..1" conformance="R" mandatory="true" strength="CNE" codeSystem="RoleClass" domainCode="PRS" maxLength="0" historyAllowed="false"><annotations/></attribute><attribute name="code" rimClassName="Role" datatype="CS" cardinality="0..1" conformance="" mandatory="false" strength="CNE" valueSet="PersonalRelationshipRoleType" maxLength="0" historyAllowed="false"><annotations/></attribute></attributes><associations><association name="relationshipHolder" beginX="9.3778003330705" beginY="5.46894261935764" endX="8.55489725925421" endY="4.34194444444448" target="GuarantorPerson" targetShapeId="Sheet.17" rimTarget="Role" rimName="player" source="PersonalRelationship" cardinality="" required="0" mandatory="0" blocked="-1" businessName=""><annotations/></association></associations></class><class name="GuarantorLanguage" type="OtherClass" rimName="LanguageCommunication"><graphics shapeId="Sheet.13" width="2.76662231748763" height="0.978201772732206" x="8.50416395349305" y="1.375" flipX="FALSE" flipY="FALSE" autoWidth="1" autoHeight="1"/><annotations/><attributes><attribute name="languageCode" rimClassName="LanguageCommunication" datatype="CS" cardinality="1..1" conformance="R" mandatory="true" strength="CNE" valueSet="HumanLanguage" maxLength="0" historyAllowed="false"><annotations/></attribute><attribute name="modeCode" rimClassName="LanguageCommunication" datatype="CS" cardinality="1..1" conformance="R" mandatory="true" strength="CNE" codeSystem="C:LanguageAbilityMode" default="RWR" maxLength="0" historyAllowed="false" businessName="Received Written"><annotations/></attribute><attribute name="preferenceInd" rimClassName="LanguageCommunication" datatype="BL" cardinality="0..1" conformance="R" mandatory="false" maxLength="0" historyAllowed="false"><annotations/></attribute></attributes><associations><association name="guarantorPerson" beginX="9.88747511223687" beginY="1.375" endX="10.1128300000293" endY="3.88437348158098" target="GuarantorPerson" targetShapeId="Sheet.17" rimTarget="LanguageCommunication" rimName="entity" shapeId="Sheet.3" source="GuarantorLanguage" cardinality="" required="0" mandatory="0" blocked="-1" businessName=""><traversal x="0.226902052207592" y="0"/><traversal x="0.226902052207592" y="-1.25468674079049"/><traversal x="0.226902052207592" y="-2.50937348158098"/><annotations/></association></associations></class></page></pages></hl7model>
