<?xml version="1.0"?>
<hl7model rendered="7/1/2012 8:46:52 AM" datatypesRelease="R2"><pages><page name="Pg-1" width="8.5" height="11"><entryPoint entryClass="NonPersonLivingSubject" name="E_NonPersonLivingSubject Identified" type="EntryPoint" id="COCT_RM030101UV"><graphics shapeId="Sheet.553" connectedShape="Sheet.560" width="2.5991342193431" height="1.16681310628255" beginX="4.21828775991667" beginY="6.51333333333333" endX="4.25" endY="5.40145985175239"/><annotations/><notes><text>This CMET is used in closely coupled systems where the receiver only needs the non-person living subject's identifier Property-contextConductionStyle: I </text></notes></entryPoint><class name="NonPersonLivingSubject" type="Entity" rimName="NonPersonLivingSubject"><graphics shapeId="Sheet.560" width="1.96991516416732" height="0.915141925726997" x="4.25" y="4.94388888888889" flipX="FALSE" flipY="FALSE" autoWidth="1" autoHeight="1"/><description>A subtype of LivingSubject representing a non-person living subject (e.g., animal, microorganism, plant)</description><annotations><description>A subtype of LivingSubject representing a non-person living subject (e.g., animal, microorganism, plant)</description></annotations><attributes><attribute name="classCode" rimClassName="Entity" datatype="CS" cardinality="1..1" conformance="R" mandatory="true" strength="CNE" codeSystem="EntityClass" domainCode="NLIV" maxLength="0" historyAllowed="false"><description>Structural attribute; this is a "non-person living subject" entity</description><annotations><description>Structural attribute; this is a "non-person living subject" entity</description></annotations></attribute><attribute name="determinerCode" rimClassName="Entity" datatype="CS" cardinality="1..1" conformance="R" mandatory="true" strength="CNE" codeSystem="EntityDeterminer" domainCode="C:EntityDeterminer" fixed="INSTANCE" maxLength="0" historyAllowed="false"><description>Structural attribute; this is a specific non-person living subject</description><annotations><description>Structural attribute; this is a specific non-person living subject</description></annotations></attribute><attribute name="id" rimClassName="Entity" datatype="DSET&lt;II&gt;" cardinality="1..*" conformance="R" mandatory="true" maxLength="0" historyAllowed="false"><description>Identifier(s) for this non-person living subject.</description><annotations><description>Identifier(s) for this non-person living subject.</description></annotations></attribute><attribute name="code" rimClassName="Entity" datatype="CD" cardinality="1..1" conformance="R" mandatory="false" strength="CWE" conceptDomain="EntityCode" maxLength="0" historyAllowed="false"><description>A value representing the specific kind of non-person living subject the instance represents, for example animal or plant taxonomy.</description><annotations><description>A value representing the specific kind of non-person living subject the instance represents, for example animal or plant taxonomy.</description></annotations></attribute><attribute name="name" rimClassName="Entity" datatype="COLL&lt;EN&gt;" cardinality="0..*" conformance="" mandatory="false" maxLength="0" historyAllowed="false"><description>The name(s) of this non-person living subject</description><annotations><description>The name(s) of this non-person living subject</description></annotations></attribute></attributes></class></page></pages></hl7model>
