<?xml version="1.0"?>
<hl7model rendered="7/1/2012 8:50:07 AM" datatypesRelease="R2"><pages><page name="Pg-1" width="4.55991183935764" height="6.14722222222221"><class name="AssignedDevice" type="Role" rimName="RoleHeir"><graphics shapeId="Sheet.26" width="2.96427322691146" height="0.915141925726997" x="1.12379693000345" y="2.8272222222222" flipX="TRUE" flipY="FALSE" autoWidth="1" autoHeight="1"/><annotations/><attributes><attribute name="classCode" rimClassName="Role" datatype="CS" cardinality="1..1" conformance="R" mandatory="true" strength="CNE" codeSystem="RoleClass" domainCode="ASSIGNED" maxLength="0" historyAllowed="false"><annotations/></attribute><attribute name="id" rimClassName="Role" datatype="DSET&lt;II&gt;" cardinality="1..*" conformance="R" mandatory="true" maxLength="0" historyAllowed="false"><annotations/></attribute><attribute name="code" rimClassName="Role" datatype="CD" cardinality="0..1" conformance="R" mandatory="false" strength="CWE" conceptDomain="RoleCode" maxLength="0" historyAllowed="false" businessName="role in organization"><annotations/></attribute><attribute name="addr" rimClassName="Role" datatype="COLL&lt;AD&gt;" cardinality="0..*" conformance="" mandatory="false" maxLength="0" historyAllowed="false"><annotations/></attribute><attribute name="telecom" rimClassName="Role" datatype="COLL&lt;TEL&gt;" cardinality="0..*" conformance="" mandatory="false" maxLength="0" historyAllowed="false"><annotations/></attribute></attributes><associations><association name="assignedPrincipalChoiceList" beginX="2.30950622076803" beginY="2.4611654519314" endX="2.41592746345764" endY="1.29944444444444" target="PrincipalChoiceList" targetShapeId="Sheet.177" rimTarget="Role" rimName="player" source="AssignedDevice" cardinality="0..1" required="0" mandatory="0" blocked="0" businessName=""><annotations/></association><association name="representedOrganization" beginX="2.30950622076803" beginY="3.193278992513" endX="3.07380491354442" endY="3.93219849378795" target="E_OrganizationContact" targetShapeId="Sheet.65" rimTarget="Role" rimName="scoper" source="AssignedDevice" cardinality="0..1" required="0" mandatory="0" blocked="0" businessName=""><annotations/></association></associations></class><class name="PrincipalChoiceList" type="Choice" rimName="Entity"><graphics shapeId="Sheet.177" width="2.371093751" height="1.28944444444444" x="3.36436496385764" y="0.65472222222222" flipX="GUARD(FALSE)" flipY="GUARD(FALSE)" vertical="1" autoWidth="1" autoHeight="1"/><annotations/><children><childClass name="Device" shapeId="Sheet.85"/></children><associations><association name="assignedDevice" endX="2.30950622076803" endY="2.4611654519314" beginX="2.41592746345764" beginY="1.29944444444444" target="AssignedDevice" targetShapeId="Sheet.26" rimTarget="Entity" rimName="playedRole" source="PrincipalChoiceList" cardinality="" required="0" mandatory="0" blocked="-1" businessName=""><annotations/></association></associations></class><class name="Device" type="Entity" rimName="Device"><graphics shapeId="Sheet.85" width="3.64335800474349" height="0.915791950141059" x="3.37981342068544" y="0.591873481580942" flipX="FALSE" flipY="FALSE" autoWidth="1" autoHeight="1"/><annotations/><attributes><attribute name="classCode" rimClassName="Entity" datatype="CS" cardinality="1..1" conformance="R" mandatory="true" strength="CNE" codeSystem="EntityClass" domainCode="DEV" maxLength="0" historyAllowed="false"><annotations/></attribute><attribute name="determinerCode" rimClassName="Entity" datatype="CS" cardinality="1..1" conformance="R" mandatory="true" strength="CNE" codeSystem="EntityDeterminer" domainCode="INSTANCE" maxLength="0" historyAllowed="false"><annotations/></attribute><attribute name="id" rimClassName="Entity" datatype="DSET&lt;II&gt;" cardinality="0..*" conformance="" mandatory="false" maxLength="0" historyAllowed="false" businessName="Software version"><annotations/></attribute><attribute name="manufacturerModelName" rimClassName="Device" datatype="SC" cardinality="0..1" conformance="" mandatory="false" strength="CWE" conceptDomain="ManufacturerModelName" maxLength="0" historyAllowed="false"><annotations/></attribute><attribute name="softwareName" rimClassName="Device" datatype="SC" cardinality="0..1" conformance="" mandatory="false" strength="CWE" conceptDomain="SoftwareName" maxLength="0" historyAllowed="false"><annotations/></attribute></attributes></class><class name="E_OrganizationContact" cmetId="COCT_MT150003" cmetType="Entity" attLevel="contact" domain="EntityClass" mnemonic="ORG" type="CMET" rimName="Organization" id="COCT_MT150003"><graphics shapeId="Sheet.65" width="1.04463279179861" height="0.627825234646268" x="2.96934163436456" y="4.24611111111109" flipX="FALSE" flipY="TRUE" autoWidth="1" autoHeight="1"/><annotations/><associations><association name="assignedDevice" endX="2.30950622076803" endY="3.193278992513" beginX="3.07380491354442" beginY="3.93219849378795" target="AssignedDevice" targetShapeId="Sheet.26" rimTarget="Entity" rimName="scopedRole" source="E_OrganizationContact" cardinality="" required="0" mandatory="0" blocked="-1" businessName=""><annotations/></association></associations></class><entryPoint entryClass="AssignedDevice" name="R_AssignedDevice contact" type="EntryPoint" id="COCT_RM090303"><graphics shapeId="Sheet.46" connectedShape="Sheet.26" width="2.30374228886892" height="1.56681158040365" beginX="1.27881808835764" beginY="4.86666666666667" endX="1.12379693000345" endY="3.2847931850857"/><annotations/><notes><text>16 Mar 2004 Supports messages related to an assigned provider, as a device. An assigned role is one in which the agent is an Entity acting in the employ of an organization. The focus is on functional role on behalf of the organization, Property-contextConductionStyle: I </text></notes></entryPoint></page></pages></hl7model>
