<?xml version="1.0"?>
<hl7model rendered="11/10/2012 4:30:38 PM" datatypesRelease="R2"><pages><page name="Pg-1" width="7.45950226436979" height="6.586908782959"><class name="Subject" type="Participation" rimName="Participation"><graphics shapeId="Sheet.834" width="0.679118446858745" height="0.994130862409506" x="5.525441915895" y="0.977384458075641" beginX="5.5481365478516" beginY="0.637825234646268" endX="5.50274728393839" endY="1.31694368150501" arrowWidth="66 inch"/><description>The position of a BirthPlace can be specified using spatial coordinates</description><annotations><description>The position of a BirthPlace can be specified using spatial coordinates</description></annotations><attributes><attribute name="typeCode" rimClassName="Participation" datatype="CS" cardinality="1..1" conformance="R" mandatory="true" strength="CNE" codeSystem="ParticipationType" domainCode="C:ParticipationType" fixed="SBJ" maxLength="0" historyAllowed="false"><annotations/></attribute></attributes><associations><association name="spatialCoordinate" beginX="5.5481365478516" beginY="0.637825234646268" endX="5.5481365478516" endY="0.637825234646268" target="A_SpatialCoordinateUniversal" targetShapeId="Sheet.46" rimTarget="Participation" rimName="act" source="Subject" cardinality="1..1" required="0" mandatory="0" blocked="0" businessName=""><annotations/></association><association name="birthPlace" beginX="5.50274728393839" beginY="1.31694368150501" endX="5.50274728393839" endY="1.31694368150501" target="BirthPlace" targetShapeId="Sheet.1" rimTarget="Participation" rimName="role" source="Subject" cardinality="" required="0" mandatory="0" blocked="-1" businessName=""><annotations/></association></associations></class><class name="A_SpatialCoordinateUniversal" cmetId="COCT_MT960000UV" cmetType="Act" attLevel="universal" domain="ActClass" mnemonic="OBS" type="CMET" rimName="Observation" id="COCT_MT960000UV"><graphics shapeId="Sheet.46" width="1.29653632573416" height="0.627825234646268" x="5.5481365478516" y="0.323912617323134" flipX="FALSE" flipY="FALSE" autoWidth="1" autoHeight="1"/><annotations/><associations><association name="subject" beginX="5.5481365478516" beginY="0.637825234646268" endX="5.5481365478516" endY="0.637825234646268" target="Subject" targetShapeId="Sheet.834" rimTarget="Act" rimName="participation" source="A_SpatialCoordinateUniversal" cardinality="" required="0" mandatory="0" blocked="-1" businessName=""><annotations/></association></associations></class><class name="BirthPlace" type="Role" rimName="RoleHeir"><graphics shapeId="Sheet.1" width="1.2813974877079" height="0.514493427191841" x="5.50274728393839" y="1.57419039510093" flipX="FALSE" flipY="FALSE" autoWidth="1" autoHeight="1"/><description>The birthplace of the focal living subject</description><annotations><description>The birthplace of the focal living subject</description></annotations><attributes><attribute name="classCode" rimClassName="Role" datatype="CS" cardinality="1..1" conformance="R" mandatory="true" strength="CNE" codeSystem="RoleClass" domainCode="C:RoleClass" fixed="BIRTHPL" maxLength="0" historyAllowed="false"><description>Structural attribute; this is a "birthplace" role</description><annotations><description>Structural attribute; this is a "birthplace" role</description></annotations></attribute><attribute name="addr" rimClassName="Role" datatype="AD" cardinality="0..1" conformance="" mandatory="false" maxLength="0" historyAllowed="false"><description>A living subject's birth place represented as an address.  Note: Either BirthPlace.addr or an associated Place.name must be valued</description><annotations><description>A living subject's birth place represented as an address.  Note: Either BirthPlace.addr or an associated Place.name must be valued</description></annotations><constraints><Constraint name="Sheet.28" type="Constraint"><graphics shapeId="Sheet.28" connectedShape="Sheet.1" x="4.02680788106689" y="2.42224620496962" width="1.39747109610634" height="0.444492409939237" beginX="0.698735548053169" beginY="0.222246204969618" endX="1.53397620707072" endY="-0.42001223402233"/><annotations/><constraints><text>Restricted to physical
address only</text></constraints></Constraint></constraints></attribute></attributes><associations><association name="birthplace" beginX="4.99018828885523" beginY="1.3683930242242" endX="4.00872858961719" endY="0.647825234646268" target="E_PlaceUniversal" targetShapeId="Sheet.40" rimTarget="Role" rimName="player" source="BirthPlace" cardinality="0..1" required="0" mandatory="0" blocked="0" businessName=""><annotations/></association><association name="birthplaceForEntityChoiceSubject" beginX="4.99018828885523" beginY="1.77998776597767" endX="5.21765158505885" endY="2.97183088921443" target="EntityChoiceSubject" targetShapeId="Sheet.26" rimTarget="Role" rimName="scoper" source="BirthPlace" cardinality="" required="0" mandatory="0" blocked="-1" businessName=""><annotations/></association><association name="subjectOf" beginX="5.50274728393839" beginY="1.31694368150501" endX="5.50274728393839" endY="1.31694368150501" target="Subject" targetShapeId="Sheet.834" rimTarget="Role" rimName="participation" source="BirthPlace" cardinality="0..1" required="0" mandatory="0" blocked="0" businessName=""><annotations/></association></associations></class><class name="E_PlaceUniversal" cmetId="COCT_MT710000UV" cmetType="Entity" attLevel="universal" domain="EntityClass" mnemonic="PLC" type="CMET" rimName="Place" id="COCT_MT710000UV"><graphics shapeId="Sheet.40" width="1.16131675175955" height="0.627825234646268" x="4.00872858961719" y="0.333912617323134" flipX="FALSE" flipY="FALSE" autoWidth="1" autoHeight="1"/><annotations/><associations><association name="asBirthPlace" endX="4.99018828885523" endY="1.3683930242242" beginX="4.00872858961719" beginY="0.647825234646268" target="BirthPlace" targetShapeId="Sheet.1" rimTarget="Entity" rimName="playedRole" source="E_PlaceUniversal" cardinality="" required="0" mandatory="0" blocked="-1" businessName=""><annotations/></association></associations></class><class name="EntityChoiceSubject" type="Choice" rimName="Entity"><graphics shapeId="Sheet.26" width="7.43950226436979" height="1.55713258734809" x="3.72975113218489" y="3.75039718288847" flipX="GUARD(FALSE)" flipY="GUARD(FALSE)" vertical="0" autoWidth="1" autoHeight="1"/><annotations/><children><childClass name="Person" shapeId="Sheet.11"/><childClass name="NonPersonLivingSubject" shapeId="Sheet.15"/></children><associations><association name="birthPlace" endX="4.99018828885523" endY="1.77998776597767" beginX="5.21765158505885" beginY="2.97183088921443" target="BirthPlace" targetShapeId="Sheet.1" rimTarget="Entity" rimName="scopedRole" source="EntityChoiceSubject" cardinality="0..1" required="0" mandatory="0" blocked="0" businessName=""><annotations/></association></associations></class><class name="Person" type="Entity" rimName="Person"><graphics shapeId="Sheet.11" width="3.5322511321849" height="1.048149738227" x="1.90112556609245" y="3.67539718288847" flipX="FALSE" flipY="FALSE" autoWidth="1" autoHeight="1"/><description>A subtype of LivingSubject representing a human being</description><annotations><description>A subtype of LivingSubject representing a human being</description></annotations><attributes><attribute name="classCode" rimClassName="Entity" datatype="CS" cardinality="1..1" conformance="R" mandatory="true" strength="CNE" codeSystem="EntityClass" domainCode="C:EntityClass" fixed="PSN" maxLength="0" historyAllowed="false"><description>Structural attribute; this is a "person" entity</description><annotations><description>Structural attribute; this is a "person" entity</description></annotations></attribute><attribute name="determinerCode" rimClassName="Entity" datatype="CS" cardinality="1..1" conformance="R" mandatory="true" strength="CNE" codeSystem="EntityDeterminer" domainCode="C:EntityDeterminer" fixed="INSTANCE" maxLength="0" historyAllowed="false"><description>Structural attribute; this is a specific person</description><annotations><description>Structural attribute; this is a specific person</description></annotations></attribute><attribute name="id" rimClassName="Entity" datatype="DSET&lt;II&gt;" cardinality="1..*" conformance="R" mandatory="true" maxLength="0" historyAllowed="false"><description>Identifier(s) for this person.  Note that these identifiers can only be used for matching purposes since no scoping organization or status information is included.</description><annotations><description>Identifier(s) for this person.  Note that these identifiers can only be used for matching purposes since no scoping organization or status information is included.</description></annotations></attribute><attribute name="name" rimClassName="Entity" datatype="COLL&lt;PN&gt;" cardinality="1..*" conformance="R" mandatory="false" maxLength="0" historyAllowed="false"><description>Name(s) for this person</description><annotations><description>Name(s) for this person</description></annotations></attribute><attribute name="administrativeGenderCode" rimClassName="LivingSubject" datatype="CD" cardinality="0..1" conformance="" mandatory="false" strength="CWE" conceptDomain="AdministrativeGender" maxLength="0" historyAllowed="false"><description>A value representing the gender (sex) of this person. Note: this attribute does not include terms related to clinical gender which is a complex physiological, genetic and sociological concept that requires multiple observations in order to be comprehensively described.</description><annotations><description>A value representing the gender (sex) of this person. Note: this attribute does not include terms related to clinical gender which is a complex physiological, genetic and sociological concept that requires multiple observations in order to be comprehensively described.</description></annotations></attribute><attribute name="birthTime" rimClassName="LivingSubject" datatype="TS" cardinality="0..1" conformance="" mandatory="false" maxLength="0" historyAllowed="false"><description>The date and time this person was born.  This could be an exact moment such as January 1, 1960 @ 03:00:00 EST or an approximate date such as January 1960.</description><annotations><description>The date and time this person was born.  This could be an exact moment such as January 1, 1960 @ 03:00:00 EST or an approximate date such as January 1960.</description></annotations></attribute></attributes></class><class name="NonPersonLivingSubject" type="Entity" rimName="NonPersonLivingSubject"><graphics shapeId="Sheet.15" width="3.5322511321849" height="1.18213258734809" x="5.55837669827734" y="3.67539718288847" flipX="FALSE" flipY="FALSE" autoWidth="1" autoHeight="1"/><description>A subtype of LivingSubject representing a non-person living subject (e.g., animal, microorganism, plant)</description><annotations><description>A subtype of LivingSubject representing a non-person living subject (e.g., animal, microorganism, plant)</description></annotations><attributes><attribute name="classCode" rimClassName="Entity" datatype="CS" cardinality="1..1" conformance="R" mandatory="true" strength="CNE" codeSystem="EntityClass" domainCode="NLIV" maxLength="0" historyAllowed="false"><description>Structural attribute; this is a "non-person living subject" entity</description><annotations><description>Structural attribute; this is a "non-person living subject" entity</description></annotations></attribute><attribute name="determinerCode" rimClassName="Entity" datatype="CS" cardinality="1..1" conformance="R" mandatory="true" strength="CNE" codeSystem="EntityDeterminer" domainCode="C:EntityDeterminer" fixed="INSTANCE" maxLength="0" historyAllowed="false"><description>Structural attribute; this is a specific non-person living subject</description><annotations><description>Structural attribute; this is a specific non-person living subject</description></annotations></attribute><attribute name="id" rimClassName="Entity" datatype="DSET&lt;II&gt;" cardinality="1..*" conformance="R" mandatory="true" maxLength="0" historyAllowed="false"><description>Identifier(s) for this non-person living subject.  Note that these identifiers can only be used for matching purposes since no scoping organization or status information is included.</description><annotations><description>Identifier(s) for this non-person living subject.  Note that these identifiers can only be used for matching purposes since no scoping organization or status information is included.</description></annotations></attribute><attribute name="code" rimClassName="Entity" datatype="CD" cardinality="1..1" conformance="R" mandatory="false" strength="CWE" conceptDomain="EntityCode" maxLength="0" historyAllowed="false"><description>A value representing the specific kind of non-person living subject the instance represents, for example animal or plant taxonomy.</description><annotations><description>A value representing the specific kind of non-person living subject the instance represents, for example animal or plant taxonomy.</description></annotations></attribute><attribute name="name" rimClassName="Entity" datatype="COLL&lt;EN&gt;" cardinality="0..*" conformance="" mandatory="false" maxLength="0" historyAllowed="false"><description>The name(s) of this non-person living subject</description><annotations><description>The name(s) of this non-person living subject</description></annotations></attribute><attribute name="administrativeGenderCode" rimClassName="LivingSubject" datatype="CD" cardinality="0..1" conformance="" mandatory="false" strength="CWE" conceptDomain="AdministrativeGender" maxLength="0" historyAllowed="false"><description>A value representing the gender (sex) of this non-person living subject. This attribute does not include terms related to clinical gender which is a complex physiological, genetic and sociological concept that requires multiple observations in order to be comprehensively described.</description><annotations><description>A value representing the gender (sex) of this non-person living subject. This attribute does not include terms related to clinical gender which is a complex physiological, genetic and sociological concept that requires multiple observations in order to be comprehensively described.</description></annotations></attribute><attribute name="birthTime" rimClassName="LivingSubject" datatype="TS" cardinality="0..1" conformance="" mandatory="false" maxLength="0" historyAllowed="false"><description>The date and time this non-person living subject was born. This could be an exact moment such as January 1, 1960 @ 03:00:00 EST or an approximate date such as January 1960.</description><annotations><description>The date and time this non-person living subject was born. This could be an exact moment such as January 1, 1960 @ 03:00:00 EST or an approximate date such as January 1960.</description></annotations></attribute></attributes></class><entryPoint entryClass="EntityChoiceSubject" name="E_LivingSubject identified-confirmable" type="EntryPoint" id="COCT_RM030002UV"><graphics shapeId="Sheet.19" connectedShape="Sheet.26" width="2.69177032774154" height="1.16681310628255" beginX="3.74813654785159" beginY="5.39231789889867" endX="3.72975113218489" endY="4.52896347656251"/><annotations/><notes><text>This CMET is used where the receiver may not have any of the living subject's identifiers and requires additional attributes to match Property-contextConductionStyle: I </text></notes></entryPoint></page></pages></hl7model>
