<?xml version="1.0"?>
<hl7model rendered="7/1/2012 9:06:36 AM" datatypesRelease="R2"><pages><page name="Pg-1" width="17.5229887286285" height="10.4334171446398"><class name="ResearchSponsor" type="Entity" rimName="Organization"><graphics shapeId="Sheet.223" width="1.7937142974681" height="0.781809101019965" x="1.19825905895627" y="8.94110941944526" flipX="FALSE" flipY="FALSE" autoWidth="1" autoHeight="1"/><annotations/><attributes><attribute name="classCode" rimClassName="Entity" datatype="CS" cardinality="1..1" conformance="R" mandatory="true" strength="CNE" codeSystem="EntityClass" domainCode="ORG" maxLength="0" historyAllowed="false"><annotations/></attribute><attribute name="determinerCode" rimClassName="Entity" datatype="CS" cardinality="1..1" conformance="R" mandatory="true" strength="CNE" codeSystem="EntityDeterminer" domainCode="INSTANCE" maxLength="0" historyAllowed="false"><annotations/></attribute><attribute name="name" rimClassName="Entity" datatype="ON" cardinality="0..1" conformance="" mandatory="false" maxLength="0" historyAllowed="false"><annotations/></attribute><attribute name="addr" rimClassName="Organization" datatype="COLL&lt;AD&gt;" cardinality="0..*" conformance="" mandatory="false" maxLength="0" historyAllowed="false"><annotations/></attribute></attributes><associations><association name="clinicalResearchSponsor" endX="3.62172147607719" endY="8.39481457298259" beginX="2.09511620769032" beginY="9.13656169470025" target="ClinicalResearchSponsor" targetShapeId="Sheet.227" rimTarget="Entity" rimName="scopedRole" source="ResearchSponsor" cardinality="" required="0" mandatory="0" blocked="-1" businessName=""><annotations/></association></associations></class><class name="ClinicalResearchSponsor" type="Role" rimName="RoleHeir"><graphics shapeId="Sheet.227" width="1.80465484922591" height="0.514818439398872" x="2.89985953638683" y="8.18888719722304" flipX="TRUE" flipY="FALSE" autoWidth="1" autoHeight="1"/><annotations/><attributes><attribute name="classCode" rimClassName="Role" datatype="CS" cardinality="1..1" conformance="R" mandatory="true" strength="CNE" codeSystem="RoleClass" domainCode="CRSPNSR" maxLength="0" historyAllowed="false"><annotations/></attribute><attribute name="id" rimClassName="Role" datatype="DSET&lt;II&gt;" cardinality="0..*" conformance="" mandatory="false" maxLength="0" historyAllowed="false"><annotations/></attribute></attributes><associations><association name="sponsorshipAuthorizingResearchSponsor" beginX="3.62172147607719" beginY="8.39481457298259" endX="2.09511620769032" endY="9.13656169470025" target="ResearchSponsor" targetShapeId="Sheet.223" rimTarget="Role" rimName="scoper" source="ClinicalResearchSponsor" cardinality="0..1" required="0" mandatory="0" blocked="0" businessName=""><annotations/></association><association name="origination" beginX="3.80218696099978" beginY="8.3433327290427" endX="3.80218696099978" endY="8.3433327290427" target="Author2" targetShapeId="Sheet.241" rimTarget="Role" rimName="participation" source="ClinicalResearchSponsor" cardinality="" required="0" mandatory="0" blocked="-1" businessName=""><annotations/></association></associations></class><class name="Author2" type="Participation" rimName="Participation"><graphics shapeId="Sheet.241" width="2.72336130201831" height="0.43681011827257" x="5.16386761200894" y="8.15769286253841" beginX="6.5255482630181" beginY="7.97205299603413" endX="3.80218696099978" endY="8.3433327290427" arrowWidth="66 in."/><annotations/><attributes><attribute name="typeCode" rimClassName="Participation" datatype="CS" cardinality="1..1" conformance="R" mandatory="true" strength="CNE" codeSystem="ParticipationType" domainCode="AUT" maxLength="0" historyAllowed="false"><annotations/></attribute><attribute name="contextControlCode" rimClassName="Participation" datatype="CS" cardinality="0..1" conformance="" mandatory="false" strength="CNE" valueSet="ContextControl" maxLength="0" historyAllowed="false"><annotations/></attribute></attributes><associations><association name="researchStudy" beginX="6.5255482630181" beginY="7.97205299603413" endX="6.5255482630181" endY="7.97205299603413" target="ResearchStudy" targetShapeId="Sheet.237" rimTarget="Participation" rimName="act" source="Author2" cardinality="" required="0" mandatory="0" blocked="-1" businessName=""><annotations/></association><association name="clinicalResearchSponsor" beginX="3.80218696099978" beginY="8.3433327290427" endX="3.80218696099978" endY="8.3433327290427" target="ClinicalResearchSponsor" targetShapeId="Sheet.227" rimTarget="Participation" rimName="role" source="Author2" cardinality="1..1" required="0" mandatory="0" blocked="0" businessName=""><annotations/></association></associations></class><class name="ResearchStudy" type="Act" rimName="Observation"><graphics shapeId="Sheet.237" width="1.8093278533763" height="3.29805989483344" x="7.43021218970625" y="6.9826350275841" flipX="FALSE" flipY="FALSE" autoWidth="1" autoHeight="0"/><annotations/><attributes><attribute name="classCode" rimClassName="Act" datatype="CS" cardinality="1..1" conformance="R" mandatory="true" strength="CNE" codeSystem="ActClass" domainCode="CLNTRL" maxLength="0" historyAllowed="false"><annotations/></attribute><attribute name="moodCode" rimClassName="Act" datatype="CS" cardinality="1..1" conformance="R" mandatory="true" strength="CNE" codeSystem="ActMood" domainCode="EVN" maxLength="0" historyAllowed="false"><annotations/></attribute><attribute name="id" rimClassName="Act" datatype="II" cardinality="0..1" conformance="" mandatory="false" maxLength="0" historyAllowed="false"><annotations/></attribute><attribute name="code" rimClassName="Act" datatype="CD" cardinality="0..1" conformance="" mandatory="false" strength="CWE" conceptDomain="ActCode" maxLength="0" historyAllowed="false"><annotations/></attribute><attribute name="title" rimClassName="Act" datatype="ST" cardinality="0..1" conformance="" mandatory="false" maxLength="0" historyAllowed="false"><annotations/></attribute><attribute name="effectiveTime" rimClassName="Act" datatype="IVL&lt;TS&gt;" cardinality="0..1" conformance="" mandatory="false" maxLength="0" historyAllowed="false"><annotations/></attribute></attributes><associations><association name="pertinentInformation" beginX="6.5255482630181" beginY="5.66341106965072" endX="6.5255482630181" endY="5.66341106965072" target="PertinentInformation1" targetShapeId="Sheet.397" rimTarget="Act" rimName="outboundRelationship" source="ResearchStudy" cardinality="0..*" required="0" mandatory="0" blocked="0" businessName=""><annotations/></association><association name="responsibleParty" beginX="6.5255482630181" beginY="6.9826350275841" endX="6.5255482630181" endY="6.9826350275841" target="ResponsibleParty2" targetShapeId="Sheet.353" rimTarget="Act" rimName="participation" source="ResearchStudy" cardinality="0..1" required="0" mandatory="0" blocked="0" businessName=""><annotations/></association><association name="author" beginX="6.5255482630181" beginY="7.97205299603413" endX="6.5255482630181" endY="7.97205299603413" target="Author2" targetShapeId="Sheet.241" rimTarget="Act" rimName="participation" source="ResearchStudy" cardinality="0..*" required="0" mandatory="0" blocked="0" businessName=""><annotations/></association><association name="instantiation" beginX="8.3348761163944" beginY="6.65282903810075" endX="8.3348761163944" endY="6.65282903810075" target="Definition" targetShapeId="Sheet.281" rimTarget="Act" rimName="inboundRelationship" source="ResearchStudy" cardinality="0..1" required="0" mandatory="0" blocked="0" businessName=""><annotations/></association><association name="authorization" beginX="8.3348761163944" beginY="7.97205299603413" endX="8.3348761163944" endY="7.97205299603413" target="Authorization3" targetShapeId="Sheet.15" rimTarget="Act" rimName="outboundRelationship" source="ResearchStudy" cardinality="0..*" required="0" mandatory="0" blocked="0" businessName=""><annotations/></association><association name="component" beginX="7.43021218970625" beginY="5.33360508016738" endX="7.43021218970625" endY="5.33360508016738" target="Component10" targetShapeId="Sheet.327" rimTarget="Act" rimName="outboundRelationship" source="ResearchStudy" cardinality="" required="0" mandatory="0" blocked="-1" businessName=""><annotations/></association><association name="reference" beginX="7.43021218970625" beginY="8.63166497500081" endX="7.43021218970625" endY="8.63166497500081" target="Reference" targetShapeId="Sheet.427" rimTarget="Act" rimName="outboundRelationship" source="ResearchStudy" cardinality="0..*" required="0" mandatory="0" blocked="0" businessName=""><annotations/></association></associations></class><class name="PertinentInformation1" type="ActRelationship" rimName="ActRelationship"><graphics shapeId="Sheet.397" width="1.60493637388412" height="0.303152281358507" x="5.72308007607604" y="5.58369188492302" beginX="6.5255482630181" beginY="5.66341106965072" endX="4.99041329581337" endY="5.50397270019531" arrowWidth="66 in."/><annotations/><attributes><attribute name="typeCode" rimClassName="ActRelationship" datatype="CS" cardinality="1..1" conformance="R" mandatory="true" strength="CNE" codeSystem="ActRelationshipType" domainCode="PERT" maxLength="0" historyAllowed="false"><annotations/></attribute></attributes><associations><association name="researchStudy" beginX="6.5255482630181" beginY="5.66341106965072" endX="6.5255482630181" endY="5.66341106965072" target="ResearchStudy" targetShapeId="Sheet.237" rimTarget="ActRelationship" rimName="source" source="PertinentInformation1" cardinality="" required="0" mandatory="0" blocked="-1" businessName=""><annotations/></association><association name="studyInformation" beginX="4.99041329581337" beginY="5.50397270019531" endX="4.99041329581337" endY="5.50397270019531" target="StudyInformation" targetShapeId="Sheet.393" rimTarget="ActRelationship" rimName="target" source="PertinentInformation1" cardinality="1..1" required="0" mandatory="0" blocked="0" businessName=""><annotations/></association></associations></class><class name="StudyInformation" type="Act" rimName="Observation"><graphics shapeId="Sheet.393" width="2.24796081846419" height="1.85" x="3.86643288658127" y="4.76397270019531" flipX="FALSE" flipY="FALSE" autoWidth="1" autoHeight="0"/><annotations/><attributes><attribute name="classCode" rimClassName="Act" datatype="CS" cardinality="1..1" conformance="R" mandatory="true" strength="CNE" codeSystem="ActClass" domainCode="OBS" maxLength="0" historyAllowed="false"><annotations/></attribute><attribute name="moodCode" rimClassName="Act" datatype="CS" cardinality="1..1" conformance="R" mandatory="true" strength="CNE" codeSystem="ActMood" domainCode="EVN" maxLength="0" historyAllowed="false"><annotations/></attribute><attribute name="code" rimClassName="Act" datatype="CD" cardinality="0..1" conformance="" mandatory="false" strength="CWE" conceptDomain="ActCode" maxLength="0" historyAllowed="false"><annotations/></attribute><attribute name="effectiveTime" rimClassName="Act" datatype="IVL&lt;TS&gt;" cardinality="0..1" conformance="" mandatory="false" maxLength="0" historyAllowed="false"><annotations/></attribute><attribute name="value" rimClassName="Observation" datatype="ANY" cardinality="0..1" conformance="" mandatory="false" strength="CWE" conceptDomain="ObservationValue" maxLength="0" historyAllowed="false"><annotations/></attribute></attributes><associations><association name="pertainsTo" beginX="4.99041329581337" beginY="4.39397270019531" endX="4.99041329581337" endY="4.39397270019531" target="PertinentInformation2" targetShapeId="Sheet.36" rimTarget="Act" rimName="inboundRelationship" source="StudyInformation" cardinality="" required="0" mandatory="0" blocked="-1" businessName=""><annotations/></association><association name="pertainsTo" beginX="4.99041329581337" beginY="5.50397270019531" endX="4.99041329581337" endY="5.50397270019531" target="PertinentInformation1" targetShapeId="Sheet.397" rimTarget="Act" rimName="inboundRelationship" source="StudyInformation" cardinality="" required="0" mandatory="0" blocked="-1" businessName=""><annotations/></association></associations></class><class name="PertinentInformation2" type="ActRelationship" rimName="ActRelationship"><graphics shapeId="Sheet.36" width="1.60493637388412" height="0.303152281358507" x="5.50375545823839" y="4.17281883759806" beginX="6.30622364518045" beginY="3.95166497500081" endX="4.99041329581337" endY="4.39397270019531" arrowWidth="66 in."/><annotations/><attributes><attribute name="typeCode" rimClassName="ActRelationship" datatype="CS" cardinality="1..1" conformance="R" mandatory="true" strength="CNE" codeSystem="ActRelationshipType" domainCode="PERT" maxLength="0" historyAllowed="false"><annotations/></attribute></attributes><associations><association name="studyAtSite" beginX="6.30622364518045" beginY="3.95166497500081" endX="6.30622364518045" endY="3.95166497500081" target="StudyAtSite" targetShapeId="Sheet.323" rimTarget="ActRelationship" rimName="source" source="PertinentInformation2" cardinality="" required="0" mandatory="0" blocked="-1" businessName=""><annotations/></association><association name="studyInformation" beginX="4.99041329581337" beginY="4.39397270019531" endX="4.99041329581337" endY="4.39397270019531" target="StudyInformation" targetShapeId="Sheet.393" rimTarget="ActRelationship" rimName="target" source="PertinentInformation2" cardinality="1..1" required="0" mandatory="0" blocked="0" businessName=""><annotations/></association></associations></class><class name="StudyAtSite" type="Act" rimName="Observation"><graphics shapeId="Sheet.323" width="2.15823532407943" height="2.9" x="7.38534130722016" y="3.08166497500081" flipX="FALSE" flipY="FALSE" autoWidth="0" autoHeight="0"/><annotations/><attributes><attribute name="classCode" rimClassName="Act" datatype="CS" cardinality="1..1" conformance="R" mandatory="true" strength="CNE" codeSystem="ActClass" domainCode="CLNTRL" maxLength="0" historyAllowed="false"><annotations/></attribute><attribute name="moodCode" rimClassName="Act" datatype="CS" cardinality="1..1" conformance="R" mandatory="true" strength="CNE" codeSystem="ActMood" domainCode="EVN" maxLength="0" historyAllowed="false"><annotations/></attribute><attribute name="id" rimClassName="Act" datatype="DSET&lt;II&gt;" cardinality="0..*" conformance="" mandatory="false" maxLength="0" historyAllowed="false"><annotations/></attribute><attribute name="title" rimClassName="Act" datatype="ED" cardinality="0..1" conformance="" mandatory="false" maxLength="0" historyAllowed="false"><annotations/></attribute><attribute name="repeatNumber" rimClassName="Act" datatype="IVL&lt;INT.NONNEG&gt;" cardinality="0..1" conformance="" mandatory="false" maxLength="0" historyAllowed="false"><annotations/></attribute></attributes><associations><association name="responsibleParty" beginX="6.30622364518045" beginY="2.50166497500081" endX="6.30622364518045" endY="2.50166497500081" target="ResponsibleParty" targetShapeId="Sheet.333" rimTarget="Act" rimName="participation" source="StudyAtSite" cardinality="0..1" required="0" mandatory="0" blocked="0" businessName=""><annotations/></association><association name="pertinentInformation" beginX="6.30622364518045" beginY="3.95166497500081" endX="6.30622364518045" endY="3.95166497500081" target="PertinentInformation2" targetShapeId="Sheet.36" rimTarget="Act" rimName="outboundRelationship" source="StudyAtSite" cardinality="0..*" required="0" mandatory="0" blocked="0" businessName=""><annotations/></association><association name="location" beginX="8.46445896925987" beginY="2.50166497500081" endX="8.46445896925987" endY="2.50166497500081" target="Location" targetShapeId="Sheet.303" rimTarget="Act" rimName="participation" source="StudyAtSite" cardinality="1..1" required="0" mandatory="0" blocked="0" businessName=""><annotations/></association><association name="verifier" beginX="8.46445896925987" beginY="4.24166497500081" endX="8.46445896925987" endY="4.24166497500081" target="Verifier" targetShapeId="Sheet.373" rimTarget="Act" rimName="participation" source="StudyAtSite" cardinality="0..*" required="0" mandatory="0" blocked="0" businessName=""><annotations/></association><association name="component" beginX="7.38534130722016" beginY="1.63166497500081" endX="7.38534130722016" endY="1.63166497500081" target="Component" targetShapeId="Sheet.287" rimTarget="Act" rimName="outboundRelationship" source="StudyAtSite" cardinality="" required="0" mandatory="0" blocked="-1" businessName=""><annotations/></association><association name="componentOf" beginX="7.38534130722016" beginY="4.53166497500081" endX="7.38534130722016" endY="4.53166497500081" target="Component10" targetShapeId="Sheet.327" rimTarget="Act" rimName="inboundRelationship" source="StudyAtSite" cardinality="1..1" required="0" mandatory="0" blocked="0" businessName=""><annotations/></association></associations></class><class name="ResponsibleParty" type="Participation" rimName="Participation"><graphics shapeId="Sheet.333" width="1.60420776670638" height="0.43681011827257" x="5.50411976182726" y="2.55531883759806" beginX="6.30622364518045" beginY="2.50166497500081" endX="5.00449020589193" endY="2.60897270019531" arrowWidth="30 in."/><annotations/><attributes><attribute name="typeCode" rimClassName="Participation" datatype="CS" cardinality="1..1" conformance="R" mandatory="true" strength="CNE" codeSystem="ParticipationType" domainCode="RESP" maxLength="0" historyAllowed="false"><annotations/></attribute><attribute name="contextControlCode" rimClassName="Participation" datatype="CS" cardinality="0..1" conformance="" mandatory="false" strength="CNE" codeSystem="ContextControl" domainCode="OP" maxLength="0" historyAllowed="false"><annotations/></attribute></attributes><associations><association name="studyAtSite" beginX="6.30622364518045" beginY="2.50166497500081" endX="6.30622364518045" endY="2.50166497500081" target="StudyAtSite" targetShapeId="Sheet.323" rimTarget="Participation" rimName="act" source="ResponsibleParty" cardinality="" required="0" mandatory="0" blocked="-1" businessName=""><annotations/></association><association name="sitePrincipalInvestigator" beginX="5.00449020589193" beginY="2.60897270019531" endX="5.00449020589193" endY="2.60897270019531" target="SitePrincipalInvestigator" targetShapeId="Sheet.339" rimTarget="Participation" rimName="role" source="ResponsibleParty" cardinality="1..1" required="0" mandatory="0" blocked="0" businessName=""><annotations/></association></associations></class><class name="SitePrincipalInvestigator" type="Role" rimName="RoleHeir"><graphics shapeId="Sheet.339" width="1.75053955381576" height="0.7" x="4.12922042898405" y="2.53897270019531" flipX="TRUE" flipY="FALSE" autoWidth="1" autoHeight="0"/><annotations/><attributes><attribute name="classCode" rimClassName="Role" datatype="CS" cardinality="1..1" conformance="R" mandatory="true" strength="CNE" codeSystem="RoleClass" domainCode="CRINV" maxLength="0" historyAllowed="false"><annotations/></attribute><attribute name="id" rimClassName="Role" datatype="II" cardinality="0..1" conformance="" mandatory="false" maxLength="0" historyAllowed="false" businessName="Investigator ID"><annotations/></attribute><attribute name="telecom" rimClassName="Role" datatype="COLL&lt;TEL&gt;" cardinality="0..*" conformance="" mandatory="false" maxLength="0" historyAllowed="false"><annotations/></attribute></attributes><associations><association name="investigatorPerson" beginX="4.82943625051035" beginY="2.25897270019531" endX="1.35528572310107" endY="4.83897270019531" target="Person" targetShapeId="Sheet.369" rimTarget="Role" rimName="player" source="SitePrincipalInvestigator" cardinality="0..1" required="0" mandatory="0" blocked="0" businessName=""><annotations/></association><association name="responsibleFor" beginX="5.00449020589193" beginY="2.60897270019531" endX="5.00449020589193" endY="2.60897270019531" target="ResponsibleParty" targetShapeId="Sheet.333" rimTarget="Role" rimName="participation" source="SitePrincipalInvestigator" cardinality="" required="0" mandatory="0" blocked="-1" businessName=""><annotations/></association></associations></class><class name="Person" type="Entity" rimName="Person"><graphics shapeId="Sheet.369" width="1.7937142974681" height="0.75" x="0.90685714873405" y="5.21397270019531" flipX="FALSE" flipY="FALSE" autoWidth="1" autoHeight="1"/><shadow shapeId="Sheet.389" width="1.25" height="0.75" x="12.1168571487341" y="3.80666497500082" flipX="FALSE" flipY="FALSE" autoWidth="1" autoHeight="1"/><annotations/><attributes><attribute name="classCode" rimClassName="Entity" datatype="CS" cardinality="1..1" conformance="R" mandatory="true" strength="CNE" codeSystem="EntityClass" domainCode="PSN" maxLength="0" historyAllowed="false"><annotations/></attribute><attribute name="determinerCode" rimClassName="Entity" datatype="CS" cardinality="1..1" conformance="R" mandatory="true" strength="CNE" codeSystem="EntityDeterminer" domainCode="INSTANCE" maxLength="0" historyAllowed="false"><annotations/></attribute><attribute name="name" rimClassName="Entity" datatype="COLL&lt;PN&gt;" cardinality="0..*" conformance="" mandatory="false" maxLength="0" historyAllowed="false"><annotations/></attribute></attributes><associations><association name="asStudyPrincipalInvestigator" endX="4.69959480728292" endY="6.60697270019531" beginX="1.8037142974681" beginY="5.40147270019531" target="StudyPrincipalInvestigator" targetShapeId="Sheet.359" rimTarget="Entity" rimName="playedRole" source="Person" cardinality="" required="0" mandatory="0" blocked="-1" businessName=""><annotations/></association><association name="asSitePrincipalInvestigator" endX="4.82943625051035" endY="2.25897270019531" beginX="1.35528572310107" beginY="4.83897270019531" target="SitePrincipalInvestigator" targetShapeId="Sheet.339" rimTarget="Entity" rimName="playedRole" source="Person" cardinality="" required="0" mandatory="0" blocked="-1" businessName=""><annotations/></association><association name="asIRBChair" endX="10.7122805232" endY="3.89629335824734" beginX="11.4918571487341" beginY="3.61916497500082" target="IRBChair" targetShapeId="Sheet.379" rimTarget="Entity" rimName="playedRole" source="Person" cardinality="" required="0" mandatory="0" blocked="-1" businessName=""><annotations/></association></associations></class><class name="StudyPrincipalInvestigator" type="Role" rimName="RoleHeir"><graphics shapeId="Sheet.359" width="1.88162781065169" height="0.679999999999999" x="3.94694368302224" y="6.87897270019531" flipX="TRUE" flipY="FALSE" autoWidth="1" autoHeight="0"/><annotations/><attributes><attribute name="classCode" rimClassName="Role" datatype="CS" cardinality="1..1" conformance="R" mandatory="true" strength="CNE" codeSystem="RoleClass" domainCode="CRINV" maxLength="0" historyAllowed="false"><annotations/></attribute><attribute name="id" rimClassName="Role" datatype="II" cardinality="0..1" conformance="" mandatory="false" maxLength="0" historyAllowed="false" businessName="Investigator ID"><annotations/></attribute><attribute name="telecom" rimClassName="Role" datatype="COLL&lt;TEL&gt;" cardinality="0..*" conformance="" mandatory="false" maxLength="0" historyAllowed="false"><annotations/></attribute></attributes><associations><association name="investigatorPerson" beginX="4.69959480728292" beginY="6.60697270019531" endX="1.8037142974681" endY="5.40147270019531" target="Person" targetShapeId="Sheet.369" rimTarget="Role" rimName="player" source="StudyPrincipalInvestigator" cardinality="0..1" required="0" mandatory="0" blocked="0" businessName=""><annotations/></association><association name="sponsoringDepartment" beginX="4.69959480728292" beginY="7.15097270019531" endX="1.82231238724588" endY="7.70147270019531" target="Department" targetShapeId="Sheet.403" rimTarget="Role" rimName="scoper" source="StudyPrincipalInvestigator" cardinality="0..1" required="0" mandatory="0" blocked="0" businessName=""><annotations/></association><association name="responsibleFor" beginX="4.88775758834809" beginY="6.67497270019531" endX="4.88775758834809" endY="6.67497270019531" target="ResponsibleParty2" targetShapeId="Sheet.353" rimTarget="Role" rimName="participation" source="StudyPrincipalInvestigator" cardinality="" required="0" mandatory="0" blocked="-1" businessName=""><annotations/></association></associations></class><class name="Department" type="Entity" rimName="Organization"><graphics shapeId="Sheet.403" width="1.7937142974681" height="0.75" x="0.925455238511827" y="7.51397270019531" flipX="FALSE" flipY="FALSE" autoWidth="1" autoHeight="1"/><annotations/><attributes><attribute name="classCode" rimClassName="Entity" datatype="CS" cardinality="1..1" conformance="R" mandatory="true" strength="CNE" codeSystem="EntityClass" domainCode="ORG" maxLength="0" historyAllowed="false"><annotations/></attribute><attribute name="determinerCode" rimClassName="Entity" datatype="CS" cardinality="1..1" conformance="R" mandatory="true" strength="CNE" codeSystem="EntityDeterminer" domainCode="INSTANCE" maxLength="0" historyAllowed="false"><annotations/></attribute><attribute name="name" rimClassName="Entity" datatype="COLL&lt;EN&gt;" cardinality="0..*" conformance="" mandatory="false" maxLength="0" historyAllowed="false"><annotations/></attribute></attributes><associations><association name="studyPrincipalInvestigator" endX="4.69959480728292" endY="7.15097270019531" beginX="1.82231238724588" beginY="7.70147270019531" target="StudyPrincipalInvestigator" targetShapeId="Sheet.359" rimTarget="Entity" rimName="scopedRole" source="Department" cardinality="" required="0" mandatory="0" blocked="-1" businessName=""><annotations/></association></associations></class><class name="ResponsibleParty2" type="Participation" rimName="Participation"><graphics shapeId="Sheet.353" width="1.63779067467001" height="0.43681011827257" x="5.70665292568309" y="6.8288038638897" beginX="6.5255482630181" beginY="6.9826350275841" endX="4.88775758834809" endY="6.67497270019531" arrowWidth="30 in."/><annotations/><attributes><attribute name="typeCode" rimClassName="Participation" datatype="CS" cardinality="1..1" conformance="R" mandatory="true" strength="CNE" codeSystem="ParticipationType" domainCode="RESP" maxLength="0" historyAllowed="false"><annotations/></attribute><attribute name="contextControlCode" rimClassName="Participation" datatype="CS" cardinality="0..1" conformance="" mandatory="false" strength="CNE" codeSystem="ContextControl" domainCode="OP" maxLength="0" historyAllowed="false"><annotations/></attribute></attributes><associations><association name="researchStudy" beginX="6.5255482630181" beginY="6.9826350275841" endX="6.5255482630181" endY="6.9826350275841" target="ResearchStudy" targetShapeId="Sheet.237" rimTarget="Participation" rimName="act" source="ResponsibleParty2" cardinality="" required="0" mandatory="0" blocked="-1" businessName=""><annotations/></association><association name="studyPrincipalInvestigator" beginX="4.88775758834809" beginY="6.67497270019531" endX="4.88775758834809" endY="6.67497270019531" target="StudyPrincipalInvestigator" targetShapeId="Sheet.359" rimTarget="Participation" rimName="role" source="ResponsibleParty2" cardinality="1..1" required="0" mandatory="0" blocked="0" businessName=""><annotations/></association></associations></class><class name="IRBChair" type="Role" rimName="RoleHeir"><graphics shapeId="Sheet.379" width="1.44822098081771" height="0.648151264105903" x="10.1329921308729" y="4.1555538638897" flipX="TRUE" flipY="FALSE" autoWidth="1" autoHeight="1"/><annotations/><attributes><attribute name="classCode" rimClassName="Role" datatype="CS" cardinality="1..1" conformance="R" mandatory="true" strength="CNE" codeSystem="RoleClass" domainCode="SGNOFF" maxLength="0" historyAllowed="false"><annotations/></attribute><attribute name="addr" rimClassName="Role" datatype="COLL&lt;AD&gt;" cardinality="0..*" conformance="" mandatory="false" maxLength="0" historyAllowed="false"><annotations/></attribute><attribute name="telecom" rimClassName="Role" datatype="COLL&lt;TEL&gt;" cardinality="0..*" conformance="" mandatory="false" maxLength="0" historyAllowed="false"><annotations/></attribute></attributes><associations><association name="signingPerson" beginX="10.7122805232" beginY="3.89629335824734" endX="11.4918571487341" endY="3.61916497500082" target="Person" targetShapeId="Sheet.389" rimTarget="Role" rimName="player" source="IRBChair" cardinality="0..1" required="0" mandatory="0" blocked="0" businessName=""><annotations/></association><association name="representedInstitutionReviewBoard" beginX="10.7122805232" beginY="4.41481436953207" endX="12.0014019102222" endY="5.04110941944526" target="InstitutionReviewBoard" targetShapeId="Sheet.25" rimTarget="Role" rimName="scoper" source="IRBChair" cardinality="0..1" required="0" mandatory="0" blocked="0" businessName=""><annotations/></association><association name="verification" beginX="9.40888164046409" beginY="4.1555538638897" endX="9.40888164046409" endY="4.1555538638897" target="Verifier" targetShapeId="Sheet.373" rimTarget="Role" rimName="participation" source="IRBChair" cardinality="" required="0" mandatory="0" blocked="-1" businessName=""><annotations/></association></associations></class><class name="InstitutionReviewBoard" type="Entity" rimName="Organization"><graphics shapeId="Sheet.25" width="1.7937142974681" height="0.915141925726997" x="12.8982590589563" y="5.04110941944526" flipX="FALSE" flipY="FALSE" autoWidth="1" autoHeight="1"/><annotations/><attributes><attribute name="classCode" rimClassName="Entity" datatype="CS" cardinality="1..1" conformance="R" mandatory="true" strength="CNE" codeSystem="EntityClass" domainCode="ORG" maxLength="0" historyAllowed="false"><annotations/></attribute><attribute name="determinerCode" rimClassName="Entity" datatype="CS" cardinality="1..1" conformance="R" mandatory="true" strength="CNE" codeSystem="EntityDeterminer" domainCode="INSTANCE" maxLength="0" historyAllowed="false"><annotations/></attribute><attribute name="id" rimClassName="Entity" datatype="DSET&lt;II&gt;" cardinality="0..*" conformance="" mandatory="false" maxLength="0" historyAllowed="false"><annotations/></attribute><attribute name="name" rimClassName="Entity" datatype="COLL&lt;EN&gt;" cardinality="0..*" conformance="" mandatory="false" maxLength="0" historyAllowed="false"><annotations/></attribute><attribute name="telecom" rimClassName="Entity" datatype="COLL&lt;TEL&gt;" cardinality="0..*" conformance="" mandatory="false" maxLength="0" historyAllowed="false"><annotations/></attribute></attributes><associations><association name="iRBChair" endX="10.7122805232" endY="4.41481436953207" beginX="12.0014019102222" beginY="5.04110941944526" target="IRBChair" targetShapeId="Sheet.379" rimTarget="Entity" rimName="scopedRole" source="InstitutionReviewBoard" cardinality="" required="0" mandatory="0" blocked="-1" businessName=""><annotations/></association></associations></class><class name="Verifier" type="Participation" rimName="Participation"><graphics shapeId="Sheet.373" width="1.23333526914779" height="0.303152281358507" x="9.08112660383377" y="4.19860941944526" beginX="8.46445896925987" beginY="4.24166497500081" endX="9.40888164046409" endY="4.1555538638897" arrowWidth="66 in."/><annotations/><attributes><attribute name="typeCode" rimClassName="Participation" datatype="CS" cardinality="1..1" conformance="R" mandatory="true" strength="CNE" codeSystem="ParticipationType" domainCode="VRF" maxLength="0" historyAllowed="false"><annotations/></attribute></attributes><associations><association name="studyAtSite" beginX="8.46445896925987" beginY="4.24166497500081" endX="8.46445896925987" endY="4.24166497500081" target="StudyAtSite" targetShapeId="Sheet.323" rimTarget="Participation" rimName="act" source="Verifier" cardinality="" required="0" mandatory="0" blocked="-1" businessName=""><annotations/></association><association name="iRBChair" beginX="9.40888164046409" beginY="4.1555538638897" endX="9.40888164046409" endY="4.1555538638897" target="IRBChair" targetShapeId="Sheet.379" rimTarget="Participation" rimName="role" source="Verifier" cardinality="1..1" required="0" mandatory="0" blocked="0" businessName=""><annotations/></association></associations></class><class name="Location" type="Participation" rimName="Participation"><graphics shapeId="Sheet.303" width="1.60420776670638" height="0.43681011827257" x="9.26656285261307" y="2.34216497500082" beginX="8.46445896925987" beginY="2.50166497500081" endX="9.85760223388672" endY="2.18266497500082" arrowWidth="30 in."/><annotations/><attributes><attribute name="typeCode" rimClassName="Participation" datatype="CS" cardinality="1..1" conformance="R" mandatory="true" strength="CNE" codeSystem="ParticipationType" domainCode="LOC" maxLength="0" historyAllowed="false"><annotations/></attribute><attribute name="contextControlCode" rimClassName="Participation" datatype="CS" cardinality="0..1" conformance="" mandatory="false" strength="CNE" codeSystem="ContextControl" domainCode="OP" maxLength="0" historyAllowed="false"><annotations/></attribute></attributes><associations><association name="studyAtSite" beginX="8.46445896925987" beginY="2.50166497500081" endX="8.46445896925987" endY="2.50166497500081" target="StudyAtSite" targetShapeId="Sheet.323" rimTarget="Participation" rimName="act" source="Location" cardinality="" required="0" mandatory="0" blocked="-1" businessName=""><annotations/></association><association name="studySite" beginX="9.85760223388672" beginY="2.18266497500082" endX="9.85760223388672" endY="2.18266497500082" target="StudySite" targetShapeId="Sheet.313" rimTarget="Participation" rimName="role" source="Location" cardinality="1..1" required="0" mandatory="0" blocked="0" businessName=""><annotations/></association></associations></class><class name="StudySite" type="Role" rimName="RoleHeir"><graphics shapeId="Sheet.313" width="1.31850982969466" height="0.627500000000004" x="10.5168571487341" y="2.24541497500082" flipX="TRUE" flipY="FALSE" autoWidth="1" autoHeight="0"/><annotations/><attributes><attribute name="classCode" rimClassName="Role" datatype="CS" cardinality="1..1" conformance="R" mandatory="true" strength="CNE" codeSystem="RoleClass" domainCode="SDLOC" maxLength="0" historyAllowed="false"><annotations/></attribute><attribute name="id" rimClassName="Role" datatype="II" cardinality="1..1" conformance="" mandatory="false" maxLength="0" historyAllowed="false" businessName="Site ID"><annotations/></attribute></attributes><associations><association name="location" beginX="11.0442610806119" beginY="1.99441497500081" endX="12.2385980897778" endY="1.74110941944526" target="Site" targetShapeId="Sheet.309" rimTarget="Role" rimName="player" source="StudySite" cardinality="0..1" required="0" mandatory="0" blocked="0" businessName=""><annotations/></association><association name="serviceProviderResearchOrganization" beginX="11.0442610806119" beginY="2.49641497500082" endX="12.2385980897778" endY="2.75666497500082" target="ResearchOrganization" targetShapeId="Sheet.1" rimTarget="Role" rimName="scoper" source="StudySite" cardinality="0..1" required="0" mandatory="0" blocked="0" businessName=""><annotations/></association><association name="locationOf" beginX="9.85760223388672" beginY="2.18266497500082" endX="9.85760223388672" endY="2.18266497500082" target="Location" targetShapeId="Sheet.303" rimTarget="Role" rimName="participation" source="StudySite" cardinality="" required="0" mandatory="0" blocked="-1" businessName=""><annotations/></association></associations></class><class name="Site" type="Entity" rimName="Place"><graphics shapeId="Sheet.309" width="1.7937142974681" height="0.781809101019965" x="13.1354552385118" y="1.74110941944526" flipX="FALSE" flipY="FALSE" autoWidth="1" autoHeight="1"/><annotations/><attributes><attribute name="classCode" rimClassName="Entity" datatype="CS" cardinality="1..1" conformance="R" mandatory="true" strength="CNE" codeSystem="EntityClass" domainCode="PLC" maxLength="0" historyAllowed="false"><annotations/></attribute><attribute name="determinerCode" rimClassName="Entity" datatype="CS" cardinality="1..1" conformance="R" mandatory="true" strength="CNE" codeSystem="EntityDeterminer" domainCode="INSTANCE" maxLength="0" historyAllowed="false"><annotations/></attribute><attribute name="name" rimClassName="Entity" datatype="COLL&lt;EN&gt;" cardinality="0..*" conformance="" mandatory="false" maxLength="0" historyAllowed="false"><annotations/></attribute><attribute name="addr" rimClassName="Place" datatype="AD" cardinality="0..1" conformance="" mandatory="false" maxLength="0" historyAllowed="false"><annotations/></attribute></attributes><associations><association name="asStudySite" endX="11.0442610806119" endY="1.99441497500081" beginX="12.2385980897778" beginY="1.74110941944526" target="StudySite" targetShapeId="Sheet.313" rimTarget="Entity" rimName="playedRole" source="Site" cardinality="" required="0" mandatory="0" blocked="-1" businessName=""><annotations/></association></associations></class><class name="ResearchOrganization" type="Entity" rimName="Organization"><graphics shapeId="Sheet.1" width="1.7937142974681" height="0.781809101019965" x="13.1354552385118" y="2.75666497500082" flipX="FALSE" flipY="FALSE" autoWidth="1" autoHeight="1"/><annotations/><attributes><attribute name="classCode" rimClassName="Entity" datatype="CS" cardinality="1..1" conformance="R" mandatory="true" strength="CNE" codeSystem="EntityClass" domainCode="ORG" maxLength="0" historyAllowed="false"><annotations/></attribute><attribute name="determinerCode" rimClassName="Entity" datatype="CS" cardinality="1..1" conformance="R" mandatory="true" strength="CNE" codeSystem="EntityDeterminer" domainCode="INSTANCE" maxLength="0" historyAllowed="false"><annotations/></attribute><attribute name="name" rimClassName="Entity" datatype="COLL&lt;EN&gt;" cardinality="0..*" conformance="" mandatory="false" maxLength="0" historyAllowed="false"><annotations/></attribute><attribute name="addr" rimClassName="Organization" datatype="COLL&lt;AD&gt;" cardinality="0..*" conformance="" mandatory="false" maxLength="0" historyAllowed="false"><annotations/></attribute></attributes><associations><association name="studySite" endX="11.0442610806119" endY="2.49641497500082" beginX="12.2385980897778" beginY="2.75666497500082" target="StudySite" targetShapeId="Sheet.313" rimTarget="Entity" rimName="scopedRole" source="ResearchOrganization" cardinality="" required="0" mandatory="0" blocked="-1" businessName=""><annotations/></association><association name="asApprovedResearchOrganization" endX="15.2750523001874" endY="3.84962648813015" beginX="14.0323123872459" beginY="2.75666497500082" target="ApprovedResearchOrganization" targetShapeId="Sheet.5" rimTarget="Entity" rimName="playedRole" source="ResearchOrganization" cardinality="0..*" required="0" mandatory="0" blocked="0" businessName=""><annotations/></association></associations></class><class name="ApprovedResearchOrganization" type="Role" rimName="LicensedEntity"><graphics shapeId="Sheet.5" width="2.24437500303451" height="0.514818439398872" x="14.3773022989736" y="4.0555538638897" flipX="TRUE" flipY="FALSE" autoWidth="1" autoHeight="1"/><annotations/><attributes><attribute name="classCode" rimClassName="Role" datatype="CS" cardinality="1..1" conformance="R" mandatory="true" strength="CNE" codeSystem="RoleClass" domainCode="LIC" maxLength="0" historyAllowed="false"><annotations/></attribute><attribute name="id" rimClassName="Role" datatype="DSET&lt;II&gt;" cardinality="0..*" conformance="" mandatory="false" maxLength="0" historyAllowed="false" businessName="Assurance #"><annotations/></attribute></attributes><associations><association name="subjectResearchOrganization" beginX="15.2750523001874" beginY="3.84962648813015" endX="14.0323123872459" endY="2.75666497500082" target="ResearchOrganization" targetShapeId="Sheet.1" rimTarget="Role" rimName="player" source="ApprovedResearchOrganization" cardinality="" required="0" mandatory="0" blocked="-1" businessName=""><annotations/></association></associations></class><class name="Component" type="ActRelationship" rimName="ActRelationship"><graphics shapeId="Sheet.287" width="0.792692274805502" height="2.09986282652083" x="7.35036219455697" y="1.23531883759806" beginX="7.38534130722016" beginY="1.63166497500081" endX="7.31538308189377" endY="0.838972700195313" arrowWidth="66 in."/><annotations/><attributes><attribute name="typeCode" rimClassName="ActRelationship" datatype="CS" cardinality="1..1" conformance="R" mandatory="true" strength="CNE" codeSystem="ActRelationshipType" domainCode="COMP" maxLength="0" historyAllowed="false"><annotations/></attribute><attribute name="contextControlCode" rimClassName="ActRelationship" datatype="CS" cardinality="0..1" conformance="" mandatory="false" strength="CNE" valueSet="ContextControl" maxLength="0" historyAllowed="false"><annotations/></attribute><attribute name="contextConductionInd" rimClassName="ActRelationship" datatype="BL" cardinality="0..1" conformance="" mandatory="false" default="true" maxLength="0" historyAllowed="false"><annotations/></attribute></attributes><associations><association name="studyAtSite" beginX="7.38534130722016" beginY="1.63166497500081" endX="7.38534130722016" endY="1.63166497500081" target="StudyAtSite" targetShapeId="Sheet.323" rimTarget="ActRelationship" rimName="source" source="Component" cardinality="1..1" required="0" mandatory="0" blocked="0" businessName=""><annotations/></association><association name="subjectAssignment" beginX="7.31538308189377" beginY="0.838972700195313" endX="7.31538308189377" endY="0.838972700195313" target="SubjectAssignment" targetShapeId="Sheet.247" rimTarget="ActRelationship" rimName="target" source="Component" cardinality="" required="0" mandatory="0" blocked="-1" businessName=""><annotations/></association></associations></class><class name="SubjectAssignment" type="Act" rimName="Observation"><graphics shapeId="Sheet.247" width="1.41849685972396" height="0.75" x="7.31538308189377" y="0.463972700195313" flipX="FALSE" flipY="FALSE" autoWidth="1" autoHeight="1"/><annotations/><attributes><attribute name="classCode" rimClassName="Act" datatype="CS" cardinality="1..1" conformance="R" mandatory="true" strength="CNE" codeSystem="ActClass" domainCode="CLNTRL" maxLength="0" historyAllowed="false"><annotations/></attribute><attribute name="moodCode" rimClassName="Act" datatype="CS" cardinality="1..1" conformance="R" mandatory="true" strength="CNE" codeSystem="ActMood" domainCode="EVN" maxLength="0" historyAllowed="false"><annotations/></attribute></attributes><associations><association name="definition" beginX="8.02463151175575" beginY="0.538972700195313" endX="8.02463151175575" endY="0.538972700195313" target="Definition3" targetShapeId="Sheet.297" rimTarget="Act" rimName="outboundRelationship" source="SubjectAssignment" cardinality="0..1" required="0" mandatory="0" blocked="0" businessName=""><annotations/></association><association name="componentOf" beginX="7.31538308189377" beginY="0.838972700195313" endX="7.31538308189377" endY="0.838972700195313" target="Component" targetShapeId="Sheet.287" rimTarget="Act" rimName="inboundRelationship" source="SubjectAssignment" cardinality="1..1" required="0" mandatory="0" blocked="0" businessName=""><annotations/></association></associations></class><entryPoint entryClass="SubjectAssignment" name="A_ResearchSubjectEnrollment" type="EntryPoint" id="COCT_RM970000UV"><graphics shapeId="Sheet.29" connectedShape="Sheet.247" width="2.15194107359115" height="0.766814632161459" beginX="3.61685714873405" beginY="0.531664975000815" endX="6.60613465203179" endY="0.388972700195313"/><annotations/><notes><text>Research Study Enrollment Property-contextConductionStyle: C </text></notes></entryPoint><class name="Definition3" type="ActRelationship" rimName="ActRelationship"><graphics shapeId="Sheet.297" width="2.51523799068934" height="0.56981793077257" x="9.28225050710043" y="0.456037066650391" beginX="8.02463151175575" beginY="0.538972700195313" endX="10.5398695024451" endY="0.373101433105469" arrowWidth="50 in."/><annotations/><attributes><attribute name="typeCode" rimClassName="ActRelationship" datatype="CS" cardinality="1..1" conformance="R" mandatory="true" strength="CNE" codeSystem="ActRelationshipType" domainCode="INST" maxLength="0" historyAllowed="false"><annotations/></attribute><attribute name="contextControlCode" rimClassName="ActRelationship" datatype="CS" cardinality="0..1" conformance="" mandatory="false" strength="CNE" codeSystem="C:ContextControl" default="OP" maxLength="0" historyAllowed="false"><annotations/></attribute><attribute name="contextConductionInd" rimClassName="ActRelationship" datatype="BL" cardinality="0..1" conformance="" mandatory="false" default="false" maxLength="0" historyAllowed="false"><annotations/></attribute></attributes><associations><association name="subjectAssignment" beginX="8.02463151175575" beginY="0.538972700195313" endX="8.02463151175575" endY="0.538972700195313" target="SubjectAssignment" targetShapeId="Sheet.247" rimTarget="ActRelationship" rimName="source" source="Definition3" cardinality="" required="0" mandatory="0" blocked="-1" businessName=""><annotations/></association><association name="treatmentGroupAssignment" beginX="10.5398695024451" beginY="0.373101433105469" endX="10.5398695024451" endY="0.373101433105469" target="TreatmentGroupAssignment" targetShapeId="Sheet.293" rimTarget="ActRelationship" rimName="target" source="Definition3" cardinality="1..1" required="0" mandatory="0" blocked="0" businessName=""><annotations/></association></associations></class><class name="TreatmentGroupAssignment" type="Act" rimName="ActHeir"><graphics shapeId="Sheet.293" width="2.00490356748763" height="0.782134113226997" x="11.5423212861889" y="0.529528255750869" flipX="FALSE" flipY="FALSE" autoWidth="1" autoHeight="1"/><annotations/><attributes><attribute name="classCode" rimClassName="Act" datatype="CS" cardinality="1..1" conformance="R" mandatory="true" strength="CNE" codeSystem="ActClass" domainCode="CTTEVENT" maxLength="0" historyAllowed="false"><annotations/></attribute><attribute name="moodCode" rimClassName="Act" datatype="CS" cardinality="1..1" conformance="R" mandatory="true" strength="CNE" codeSystem="ActMood" domainCode="DEF" maxLength="0" historyAllowed="false"><annotations/></attribute><attribute name="code" rimClassName="Act" datatype="CV" cardinality="1..1" conformance="" mandatory="false" strength="CWE" conceptDomain="ActCode" maxLength="0" historyAllowed="false"><annotations/></attribute><attribute name="title" rimClassName="Act" datatype="ED" cardinality="0..1" conformance="" mandatory="false" maxLength="0" historyAllowed="false"><annotations/></attribute></attributes><associations><association name="instantiation" beginX="10.5398695024451" beginY="0.373101433105469" endX="10.5398695024451" endY="0.373101433105469" target="Definition3" targetShapeId="Sheet.297" rimTarget="Act" rimName="inboundRelationship" source="TreatmentGroupAssignment" cardinality="" required="0" mandatory="0" blocked="-1" businessName=""><annotations/></association></associations></class><class name="Component10" type="ActRelationship" rimName="ActRelationship"><graphics shapeId="Sheet.327" width="0.801940105166562" height="1.52114654844466" x="7.4077767484632" y="4.9326350275841" beginX="7.43021218970625" beginY="5.33360508016738" endX="7.38534130722016" endY="4.53166497500081" arrowWidth="30 in."/><annotations/><attributes><attribute name="typeCode" rimClassName="ActRelationship" datatype="CS" cardinality="1..1" conformance="R" mandatory="true" strength="CNE" codeSystem="ActRelationshipType" domainCode="COMP" maxLength="0" historyAllowed="false"><annotations/></attribute><attribute name="contextConductionInd" rimClassName="ActRelationship" datatype="BL" cardinality="0..1" conformance="" mandatory="false" default="true" maxLength="0" historyAllowed="false"><annotations/></attribute></attributes><associations><association name="researchStudy" beginX="7.43021218970625" beginY="5.33360508016738" endX="7.43021218970625" endY="5.33360508016738" target="ResearchStudy" targetShapeId="Sheet.237" rimTarget="ActRelationship" rimName="source" source="Component10" cardinality="1..1" required="0" mandatory="0" blocked="0" businessName=""><annotations/></association><association name="studyAtSite" beginX="7.38534130722016" beginY="4.53166497500081" endX="7.38534130722016" endY="4.53166497500081" target="StudyAtSite" targetShapeId="Sheet.323" rimTarget="ActRelationship" rimName="target" source="Component10" cardinality="" required="0" mandatory="0" blocked="-1" businessName=""><annotations/></association></associations></class><class name="Definition" type="ActRelationship" rimName="ActRelationship"><graphics shapeId="Sheet.281" width="5.06396920040174" height="0.570142942979601" x="10.8668607165953" y="6.27853975803692" beginX="13.3988453167961" beginY="5.90425047797309" endX="8.3348761163944" endY="6.65282903810075" arrowWidth="66 in."/><annotations/><attributes><attribute name="typeCode" rimClassName="ActRelationship" datatype="CS" cardinality="1..1" conformance="R" mandatory="true" strength="CNE" codeSystem="ActRelationshipType" domainCode="INST" maxLength="0" historyAllowed="false"><annotations/></attribute><attribute name="contextControlCode" rimClassName="ActRelationship" datatype="CS" cardinality="0..1" conformance="" mandatory="false" strength="CNE" valueSet="ContextControl" maxLength="0" historyAllowed="false"><annotations/></attribute><attribute name="contextConductionInd" rimClassName="ActRelationship" datatype="BL" cardinality="0..1" conformance="" mandatory="false" maxLength="0" historyAllowed="false"><annotations/></attribute></attributes><associations><association name="studyProtocol" beginX="13.3988453167961" beginY="5.90425047797309" endX="13.3988453167961" endY="5.90425047797309" target="StudyProtocol" targetShapeId="Sheet.271" rimTarget="ActRelationship" rimName="source" source="Definition" cardinality="1..1" required="0" mandatory="0" blocked="0" businessName=""><annotations/></association><association name="researchStudy" beginX="8.3348761163944" beginY="6.65282903810075" endX="8.3348761163944" endY="6.65282903810075" target="ResearchStudy" targetShapeId="Sheet.237" rimTarget="ActRelationship" rimName="target" source="Definition" cardinality="" required="0" mandatory="0" blocked="-1" businessName=""><annotations/></association></associations></class><class name="StudyProtocol" type="Act" rimName="Observation"><graphics shapeId="Sheet.271" width="1.36788345640365" height="0.75" x="14.082787044998" y="6.27925047797309" flipX="FALSE" flipY="FALSE" autoWidth="1" autoHeight="1"/><annotations/><attributes><attribute name="classCode" rimClassName="Act" datatype="CS" cardinality="1..1" conformance="R" mandatory="true" strength="CNE" codeSystem="ActClass" domainCode="CLNTRL" maxLength="0" historyAllowed="false"><annotations/></attribute><attribute name="moodCode" rimClassName="Act" datatype="CS" cardinality="1..1" conformance="R" mandatory="true" strength="CNE" codeSystem="ActMood" domainCode="DEF" maxLength="0" historyAllowed="false"><annotations/></attribute><attribute name="id" rimClassName="Act" datatype="DSET&lt;II&gt;" cardinality="0..*" conformance="" mandatory="false" maxLength="0" historyAllowed="false"><annotations/></attribute></attributes><associations><association name="definition" beginX="13.3988453167961" beginY="5.90425047797309" endX="13.3988453167961" endY="5.90425047797309" target="Definition" targetShapeId="Sheet.281" rimTarget="Act" rimName="outboundRelationship" source="StudyProtocol" cardinality="" required="0" mandatory="0" blocked="-1" businessName=""><annotations/></association><association name="authorization" beginX="14.082787044998" beginY="6.65425047797309" endX="14.082787044998" endY="6.65425047797309" target="Authorization" targetShapeId="Sheet.275" rimTarget="Act" rimName="outboundRelationship" source="StudyProtocol" cardinality="0..*" required="0" mandatory="0" blocked="0" businessName=""><annotations/></association></associations></class><class name="Authorization" type="ActRelationship" rimName="ActRelationship"><graphics shapeId="Sheet.275" width="0.782659580485029" height="2.09986282652083" x="14.0292676258799" y="7.0455802682156" beginX="14.082787044998" beginY="6.65425047797309" endX="13.9757482067618" endY="7.43691005845812" arrowWidth="66 in."/><annotations/><attributes><attribute name="typeCode" rimClassName="ActRelationship" datatype="CS" cardinality="1..1" conformance="R" mandatory="true" strength="CNE" codeSystem="ActRelationshipType" domainCode="AUTH" maxLength="0" historyAllowed="false"><annotations/></attribute><attribute name="contextControlCode" rimClassName="ActRelationship" datatype="CS" cardinality="0..1" conformance="" mandatory="false" strength="CNE" valueSet="ContextControl" maxLength="0" historyAllowed="false"><annotations/></attribute><attribute name="contextConductionInd" rimClassName="ActRelationship" datatype="BL" cardinality="0..1" conformance="" mandatory="false" maxLength="0" historyAllowed="false"><annotations/></attribute></attributes><associations><association name="studyProtocol" beginX="14.082787044998" beginY="6.65425047797309" endX="14.082787044998" endY="6.65425047797309" target="StudyProtocol" targetShapeId="Sheet.271" rimTarget="ActRelationship" rimName="source" source="Authorization" cardinality="" required="0" mandatory="0" blocked="-1" businessName=""><annotations/></association><association name="protocolAuthorization" beginX="13.9757482067618" beginY="7.43691005845812" endX="13.9757482067618" endY="7.43691005845812" target="ProtocolAuthorization" targetShapeId="Sheet.267" rimTarget="ActRelationship" rimName="target" source="Authorization" cardinality="1..1" required="0" mandatory="0" blocked="0" businessName=""><annotations/></association></associations></class><class name="ProtocolAuthorization" type="Act" rimName="ActHeir"><graphics shapeId="Sheet.267" width="3.26059509580794" height="0.915791950141059" x="13.9757482067618" y="7.89480603352865" flipX="FALSE" flipY="FALSE" autoWidth="1" autoHeight="1"/><annotations/><attributes><attribute name="classCode" rimClassName="Act" datatype="CS" cardinality="1..1" conformance="R" mandatory="true" strength="CNE" codeSystem="ActClass" domainCode="ACT" maxLength="0" historyAllowed="false"><annotations/></attribute><attribute name="moodCode" rimClassName="Act" datatype="CS" cardinality="1..1" conformance="R" mandatory="true" strength="CNE" codeSystem="ActMood" domainCode="EVN" maxLength="0" historyAllowed="false"><annotations/></attribute><attribute name="id" rimClassName="Act" datatype="II" cardinality="0..1" conformance="" mandatory="false" maxLength="0" historyAllowed="false" businessName="authorization number"><annotations/></attribute><attribute name="code" rimClassName="Act" datatype="CD" cardinality="0..1" conformance="" mandatory="false" strength="CWE" conceptDomain="ActCode" maxLength="0" historyAllowed="false" businessName="authorization type, e.g., ND"><annotations/></attribute><attribute name="statusCode" rimClassName="Act" datatype="CS" cardinality="0..1" conformance="" mandatory="false" strength="CNE" valueSet="ActStatus" maxLength="0" historyAllowed="false"><annotations/></attribute></attributes><associations><association name="authorizationOf" beginX="13.9757482067618" beginY="7.43691005845812" endX="13.9757482067618" endY="7.43691005845812" target="Authorization" targetShapeId="Sheet.275" rimTarget="Act" rimName="inboundRelationship" source="ProtocolAuthorization" cardinality="" required="0" mandatory="0" blocked="-1" businessName=""><annotations/></association><association name="author" beginX="13.9757482067618" beginY="8.35270200859918" endX="13.9757482067618" endY="8.35270200859918" target="Author3" targetShapeId="Sheet.417" rimTarget="Act" rimName="participation" source="ProtocolAuthorization" cardinality="0..1" required="0" mandatory="0" blocked="0" businessName=""><annotations/></association></associations></class><class name="Author3" type="Participation" rimName="Participation"><graphics shapeId="Sheet.417" width="0.551198965793189" height="1.10833526914779" x="14.0156950386091" y="8.62830149149577" beginX="13.9757482067618" beginY="8.35270200859918" endX="14.0556418704563" endY="8.90390097439236" arrowWidth="66 in."/><annotations/><attributes><attribute name="typeCode" rimClassName="Participation" datatype="CS" cardinality="1..1" conformance="R" mandatory="true" strength="CNE" codeSystem="ParticipationType" domainCode="AUT" maxLength="0" historyAllowed="false"><annotations/></attribute></attributes><associations><association name="protocolAuthorization" beginX="13.9757482067618" beginY="8.35270200859918" endX="13.9757482067618" endY="8.35270200859918" target="ProtocolAuthorization" targetShapeId="Sheet.267" rimTarget="Participation" rimName="act" source="Author3" cardinality="" required="0" mandatory="0" blocked="-1" businessName=""><annotations/></association><association name="territorialAuthority" beginX="14.0556418704563" beginY="8.90390097439236" endX="14.0556418704563" endY="8.90390097439236" target="TerritorialAuthority" targetShapeId="Sheet.407" rimTarget="Participation" rimName="role" source="Author3" cardinality="1..1" required="0" mandatory="0" blocked="0" businessName=""><annotations/></association></associations></class><class name="TerritorialAuthority" type="Role" rimName="RoleHeir"><graphics shapeId="Sheet.407" width="2.57505585020247" height="0.515143451605903" x="14.0556418704563" y="9.16147270019532" flipX="TRUE" flipY="FALSE" autoWidth="1" autoHeight="1"/><annotations/><attributes><attribute name="classCode" rimClassName="Role" datatype="CS" cardinality="1..1" conformance="R" mandatory="true" strength="CNE" codeSystem="RoleClass" domainCode="TERR" maxLength="0" historyAllowed="false"><annotations/></attribute><attribute name="code" rimClassName="Role" datatype="CD" cardinality="0..1" conformance="" mandatory="false" strength="CWE" conceptDomain="RoleCode" maxLength="0" historyAllowed="false" businessName="Political unit"><annotations/></attribute></attributes><associations><association name="territoryAgency" beginX="15.0856642105373" beginY="8.95541531955296" endX="11.9008857655039" endY="9.67341714463976" target="Agency" targetShapeId="Sheet.449" rimTarget="Role" rimName="player" source="TerritorialAuthority" cardinality="0..1" required="0" mandatory="0" blocked="0" businessName=""><annotations/></association><association name="governingCountry" beginX="15.0856642105373" beginY="9.36753008083768" endX="16.4154563230813" endY="9.63897270019531" target="Country" targetShapeId="Sheet.453" rimTarget="Role" rimName="scoper" source="TerritorialAuthority" cardinality="0..1" required="0" mandatory="0" blocked="0" businessName=""><annotations/></association><association name="origination" beginX="14.0556418704563" beginY="8.90390097439236" endX="14.0556418704563" endY="8.90390097439236" target="Author3" targetShapeId="Sheet.417" rimTarget="Role" rimName="participation" source="TerritorialAuthority" cardinality="" required="0" mandatory="0" blocked="-1" businessName=""><annotations/></association></associations></class><class name="Agency" type="Entity" rimName="Organization"><graphics shapeId="Sheet.449" width="1.7937142974681" height="0.75" x="11.4524571911368" y="10.0484171446398" flipX="FALSE" flipY="FALSE" autoWidth="1" autoHeight="1"/><annotations/><attributes><attribute name="classCode" rimClassName="Entity" datatype="CS" cardinality="1..1" conformance="R" mandatory="true" strength="CNE" codeSystem="EntityClass" domainCode="ORG" maxLength="0" historyAllowed="false"><annotations/></attribute><attribute name="determinerCode" rimClassName="Entity" datatype="CS" cardinality="1..1" conformance="R" mandatory="true" strength="CNE" codeSystem="EntityDeterminer" domainCode="INSTANCE" maxLength="0" historyAllowed="false"><annotations/></attribute><attribute name="name" rimClassName="Entity" datatype="COLL&lt;EN&gt;" cardinality="0..*" conformance="" mandatory="false" maxLength="0" historyAllowed="false"><annotations/></attribute></attributes><associations><association name="asTerritorialAuthority" endX="15.0856642105373" endY="8.95541531955296" beginX="11.9008857655039" beginY="9.67341714463976" target="TerritorialAuthority" targetShapeId="Sheet.407" rimTarget="Entity" rimName="playedRole" source="Agency" cardinality="" required="0" mandatory="0" blocked="-1" businessName=""><annotations/></association></associations></class><class name="Country" type="Entity" rimName="Place"><graphics shapeId="Sheet.453" width="2.2971208221263" height="0.75" x="16.4154563230813" y="10.0139727001953" flipX="FALSE" flipY="FALSE" autoWidth="1" autoHeight="1"/><annotations/><attributes><attribute name="classCode" rimClassName="Entity" datatype="CS" cardinality="1..1" conformance="R" mandatory="true" strength="CNE" codeSystem="EntityClass" domainCode="COUNTRY" maxLength="0" historyAllowed="false"><annotations/></attribute><attribute name="determinerCode" rimClassName="Entity" datatype="CS" cardinality="1..1" conformance="R" mandatory="true" strength="CNE" codeSystem="EntityDeterminer" domainCode="INSTANCE" maxLength="0" historyAllowed="false"><annotations/></attribute><attribute name="code" rimClassName="Entity" datatype="CD" cardinality="0..1" conformance="" mandatory="false" strength="CWE" conceptDomain="CountryEntityType" maxLength="0" historyAllowed="false"><annotations/></attribute></attributes><associations><association name="territorialAuthority" endX="15.0856642105373" endY="9.36753008083768" beginX="16.4154563230813" beginY="9.63897270019531" target="TerritorialAuthority" targetShapeId="Sheet.407" rimTarget="Entity" rimName="scopedRole" source="Country" cardinality="" required="0" mandatory="0" blocked="-1" businessName=""><annotations/></association></associations></class><class name="Authorization3" type="ActRelationship" rimName="ActRelationship"><graphics shapeId="Sheet.15" width="1.31357742613021" height="0.303152281358507" x="8.9916648294595" y="7.81168392023115" beginX="8.3348761163944" beginY="7.97205299603413" endX="9.52079131182368" endY="7.65131484442817" arrowWidth="66 in."/><annotations/><attributes><attribute name="typeCode" rimClassName="ActRelationship" datatype="CS" cardinality="1..1" conformance="R" mandatory="true" strength="CNE" codeSystem="ActRelationshipType" domainCode="AUTH" maxLength="0" historyAllowed="false"><annotations/></attribute></attributes><associations><association name="researchStudy" beginX="8.3348761163944" beginY="7.97205299603413" endX="8.3348761163944" endY="7.97205299603413" target="ResearchStudy" targetShapeId="Sheet.237" rimTarget="ActRelationship" rimName="source" source="Authorization3" cardinality="" required="0" mandatory="0" blocked="-1" businessName=""><annotations/></association><association name="contractEvent" beginX="9.52079131182368" beginY="7.65131484442817" endX="9.52079131182368" endY="7.65131484442817" target="ContractEvent" targetShapeId="Sheet.21" rimTarget="ActRelationship" rimName="target" source="Authorization3" cardinality="1..1" required="0" mandatory="0" blocked="0" businessName=""><annotations/></association></associations></class><class name="ContractEvent" type="Act" rimName="ActHeir"><graphics shapeId="Sheet.21" width="1.8093278533763" height="0.782134113226997" x="10.4254552385118" y="7.72952825575087" flipX="FALSE" flipY="FALSE" autoWidth="1" autoHeight="1"/><annotations/><attributes><attribute name="classCode" rimClassName="Act" datatype="CS" cardinality="1..1" conformance="R" mandatory="true" strength="CNE" codeSystem="ActClass" domainCode="CNTRCT" maxLength="0" historyAllowed="false"><annotations/></attribute><attribute name="moodCode" rimClassName="Act" datatype="CS" cardinality="1..1" conformance="R" mandatory="true" strength="CNE" codeSystem="ActMood" domainCode="EVN" maxLength="0" historyAllowed="false"><annotations/></attribute><attribute name="id" rimClassName="Act" datatype="DSET&lt;II&gt;" cardinality="0..*" conformance="" mandatory="false" maxLength="0" historyAllowed="false"><annotations/></attribute><attribute name="code" rimClassName="Act" datatype="CD" cardinality="0..1" conformance="" mandatory="false" strength="CWE" conceptDomain="ActCode" maxLength="0" historyAllowed="false"><annotations/></attribute></attributes><associations><association name="authorizationOf" beginX="9.52079131182368" beginY="7.65131484442817" endX="9.52079131182368" endY="7.65131484442817" target="Authorization3" targetShapeId="Sheet.15" rimTarget="Act" rimName="inboundRelationship" source="ContractEvent" cardinality="" required="0" mandatory="0" blocked="-1" businessName=""><annotations/></association></associations></class><class name="Reference" type="ActRelationship" rimName="ActRelationship"><graphics shapeId="Sheet.427" width="0.625847619128962" height="1.18857742613021" x="7.42783371410904" y="8.94458878456529" beginX="7.43021218970625" beginY="8.63166497500081" endX="7.42545523851183" endY="9.25751259412977" arrowWidth="66 in."/><annotations/><attributes><attribute name="typeCode" rimClassName="ActRelationship" datatype="CS" cardinality="1..1" conformance="R" mandatory="true" strength="CNE" codeSystem="ActRelationshipType" domainCode="REFR" maxLength="0" historyAllowed="false"><annotations/></attribute></attributes><associations><association name="researchStudy" beginX="7.43021218970625" beginY="8.63166497500081" endX="7.43021218970625" endY="8.63166497500081" target="ResearchStudy" targetShapeId="Sheet.237" rimTarget="ActRelationship" rimName="source" source="Reference" cardinality="" required="0" mandatory="0" blocked="-1" businessName=""><annotations/></association><association name="identifiedResearchStudy" beginX="7.42545523851183" beginY="9.25751259412977" endX="7.42545523851183" endY="9.25751259412977" target="IdentifiedResearchStudy" targetShapeId="Sheet.423" rimTarget="ActRelationship" rimName="target" source="Reference" cardinality="1..1" required="0" mandatory="0" blocked="0" businessName=""><annotations/></association></associations></class><class name="IdentifiedResearchStudy" type="Act" rimName="Observation"><graphics shapeId="Sheet.423" width="1.75046325987044" height="0.781809101019965" x="7.42545523851183" y="9.64841714463976" flipX="FALSE" flipY="FALSE" autoWidth="1" autoHeight="1"/><annotations/><attributes><attribute name="classCode" rimClassName="Act" datatype="CS" cardinality="1..1" conformance="R" mandatory="true" strength="CNE" codeSystem="ActClass" domainCode="CLNTRL" maxLength="0" historyAllowed="false"><annotations/></attribute><attribute name="moodCode" rimClassName="Act" datatype="CS" cardinality="1..1" conformance="R" mandatory="true" strength="CNE" codeSystem="ActMood" domainCode="EVN" maxLength="0" historyAllowed="false"><annotations/></attribute><attribute name="id" rimClassName="Act" datatype="DSET&lt;II&gt;" cardinality="0..*" conformance="" mandatory="false" maxLength="0" historyAllowed="false"><annotations/></attribute><attribute name="title" rimClassName="Act" datatype="ED" cardinality="0..1" conformance="" mandatory="false" maxLength="0" historyAllowed="false"><annotations/></attribute></attributes><associations><association name="author" beginX="6.55022360857661" beginY="9.64841714463976" endX="6.55022360857661" endY="9.64841714463976" target="Author" targetShapeId="Sheet.433" rimTarget="Act" rimName="participation" source="IdentifiedResearchStudy" cardinality="0..*" required="0" mandatory="0" blocked="0" businessName=""><annotations/></association><association name="referencedBy" beginX="7.42545523851183" beginY="9.25751259412977" endX="7.42545523851183" endY="9.25751259412977" target="Reference" targetShapeId="Sheet.427" rimTarget="Act" rimName="inboundRelationship" source="IdentifiedResearchStudy" cardinality="" required="0" mandatory="0" blocked="-1" businessName=""><annotations/></association></associations></class><class name="Author" type="Participation" rimName="Participation"><graphics shapeId="Sheet.433" width="1.48314346060026" height="0.303152281358507" x="5.80865187827647" y="9.69369492241754" beginX="6.55022360857661" beginY="9.64841714463976" endX="5.06708014797635" endY="9.73897270019531" arrowWidth="66 in."/><annotations/><attributes><attribute name="typeCode" rimClassName="Participation" datatype="CS" cardinality="1..1" conformance="R" mandatory="true" strength="CNE" codeSystem="ParticipationType" domainCode="AUT" maxLength="0" historyAllowed="false"><annotations/></attribute></attributes><associations><association name="identifiedResearchStudy" beginX="6.55022360857661" beginY="9.64841714463976" endX="6.55022360857661" endY="9.64841714463976" target="IdentifiedResearchStudy" targetShapeId="Sheet.423" rimTarget="Participation" rimName="act" source="Author" cardinality="" required="0" mandatory="0" blocked="-1" businessName=""><annotations/></association><association name="agent" beginX="5.06708014797635" beginY="9.73897270019531" endX="5.06708014797635" endY="9.73897270019531" target="Agent" targetShapeId="Sheet.439" rimTarget="Participation" rimName="role" source="Author" cardinality="1..1" required="0" mandatory="0" blocked="0" businessName=""><annotations/></association></associations></class><class name="Agent" type="Role" rimName="RoleHeir"><graphics shapeId="Sheet.439" width="3.16186310117904" height="0.515143451605903" x="3.48614859738683" y="9.73897270019531" flipX="TRUE" flipY="FALSE" autoWidth="1" autoHeight="1"/><annotations/><attributes><attribute name="classCode" rimClassName="Role" datatype="CS" cardinality="1..1" conformance="R" mandatory="true" strength="CNE" codeSystem="RoleClass" domainCode="AGNT" maxLength="0" historyAllowed="false"><annotations/></attribute><attribute name="code" rimClassName="Role" datatype="CD" cardinality="0..1" conformance="" mandatory="false" strength="CWE" conceptDomain="RoleCode" maxLength="0" historyAllowed="false" businessName="Assigning authority type"><annotations/></attribute></attributes><associations><association name="origination" beginX="5.06708014797635" beginY="9.73897270019531" endX="5.06708014797635" endY="9.73897270019531" target="Author" targetShapeId="Sheet.433" rimTarget="Role" rimName="participation" source="Agent" cardinality="" required="0" mandatory="0" blocked="-1" businessName=""><annotations/></association></associations></class></page></pages></hl7model>
