<?xml version="1.0"?>
<hl7model rendered="7/25/2011 4:11:59 PM" datatypesRelease="R2"><pages><page name="Pg-1" width="6.63812389346943" height="1.77565046929254"><class name="CommonProductModelChoice" type="Choice" rimName="Role"><graphics shapeId="Sheet.5" width="2.40092933110525" height="1.75565046929254" x="5.43286628968438" y="0.88782523464627" flipX="GUARD(FALSE)" flipY="GUARD(FALSE)" vertical="1" autoWidth="1" autoHeight="1"/><annotations/><children><childClass name="R_ProductListedUniversal" shapeId="Sheet.1"/><childClass name="R_ProductReportableUniversal" shapeId="Sheet.9"/></children></class><class name="R_ProductListedUniversal" cmetId="POCP_MT010100UV" cmetType="Role(Performed only)" attLevel="universal" domain="RoleClass" mnemonic="ROL" type="CMET" rimName="RoleHeir" id="POCP_MT010100UV"><graphics shapeId="Sheet.1" width="2.13739131410067" height="0.627825234646268" x="5.42609728118209" y="1.20173785196941" flipX="FALSE" flipY="FALSE" autoWidth="0" autoHeight="1"/><annotations/></class><class name="R_ProductReportableUniversal" cmetId="POCP_MT020200UV" cmetType="Role(Performed only)" attLevel="universal" domain="RoleClass" mnemonic="INST" type="CMET" rimName="RoleHeir" id="POCP_MT020200UV"><graphics shapeId="Sheet.9" width="2.13739131410067" height="0.627825234646268" x="5.42609728118209" y="0.448912617323138" flipX="FALSE" flipY="FALSE" autoWidth="0" autoHeight="1"/><annotations/></class><entryPoint entryClass="CommonProductModelChoice" name="ClinicalStatementProductModel" type="EntryPoint" id="COCT_RM530200UV"><graphics shapeId="Sheet.83" connectedShape="Sheet.5" width="2.22372986143294" height="0.766814632161459" beginX="2.25" beginY="0.9" endX="4.23240162413175" endY="0.712260187717016"/><annotations/><notes><text>A wrapper for existing CPM CMETs Property-contextConductionStyle: I </text></notes></entryPoint></page></pages></hl7model>
