<?xml version="1.0"?>
<hl7model rendered="7/1/2012 8:49:26 AM" datatypesRelease="R2"><pages><page name="Pg-1" width="4.58129042008673" height="7.78055555555556"><class name="AssignedEntity" type="Role" rimName="RoleHeir"><graphics shapeId="Sheet.26" width="2.96427322691146" height="0.915141925726997" x="1.12379693000345" y="4.33916666666666" flipX="TRUE" flipY="FALSE" autoWidth="1" autoHeight="1"/><annotations/><attributes><attribute name="classCode" rimClassName="Role" datatype="CS" cardinality="1..1" conformance="R" mandatory="true" strength="CNE" codeSystem="RoleClass" domainCode="ASSIGNED" maxLength="0" historyAllowed="false"><annotations/></attribute><attribute name="id" rimClassName="Role" datatype="DSET&lt;II&gt;" cardinality="1..*" conformance="R" mandatory="true" maxLength="0" historyAllowed="false"><annotations/></attribute><attribute name="code" rimClassName="Role" datatype="CD" cardinality="0..1" conformance="R" mandatory="false" strength="CWE" conceptDomain="RoleCode" maxLength="0" historyAllowed="false" businessName="role in organization"><annotations/></attribute><attribute name="addr" rimClassName="Role" datatype="COLL&lt;AD&gt;" cardinality="0..*" conformance="" mandatory="false" maxLength="0" historyAllowed="false"><annotations/></attribute><attribute name="telecom" rimClassName="Role" datatype="COLL&lt;TEL&gt;" cardinality="0..*" conformance="" mandatory="false" maxLength="0" historyAllowed="false"><annotations/></attribute></attributes><associations><association name="assignedPrincipalChoiceList" beginX="2.30950622076803" beginY="3.97310989637586" endX="2.43730604418673" endY="3.04944444444444" target="PrincipalChoiceList" targetShapeId="Sheet.187" rimTarget="Role" rimName="player" source="AssignedEntity" cardinality="0..1" required="0" mandatory="0" blocked="0" businessName=""><annotations/></association><association name="representedOrganization" beginX="2.30950622076803" beginY="4.70522343695746" endX="3.07380491354442" endY="5.44414293823242" target="E_OrganizationContact" targetShapeId="Sheet.65" rimTarget="Role" rimName="scoper" source="AssignedEntity" cardinality="0..1" required="0" mandatory="0" blocked="0" businessName=""><annotations/></association></associations></class><class name="PrincipalChoiceList" type="Choice" rimName="Entity"><graphics shapeId="Sheet.187" width="2.371093751" height="3.03944444444444" x="3.38574354458673" y="1.52972222222222" flipX="GUARD(FALSE)" flipY="GUARD(FALSE)" vertical="1" autoWidth="1" autoHeight="1"/><annotations/><children><childClass name="Person" shapeId="Sheet.89"/><childClass name="Device" shapeId="Sheet.85"/><childClass name="Organization" shapeId="Sheet.179"/></children><associations><association name="assignedPrincipalChoiceList" endX="2.30950622076803" endY="3.97310989637586" beginX="2.43730604418673" beginY="3.04944444444444" target="AssignedEntity" targetShapeId="Sheet.26" rimTarget="Entity" rimName="playedRole" source="PrincipalChoiceList" cardinality="" required="0" mandatory="0" blocked="-1" businessName=""><annotations/></association></associations></class><class name="Person" type="Entity" rimName="Person"><graphics shapeId="Sheet.89" width="1.7937142974681" height="0.75" x="3.22205381782078" y="2.42444444444444" flipX="FALSE" flipY="FALSE" autoWidth="1" autoHeight="1"/><annotations/><attributes><attribute name="classCode" rimClassName="Entity" datatype="CS" cardinality="1..1" conformance="R" mandatory="true" strength="CNE" codeSystem="EntityClass" domainCode="PSN" maxLength="0" historyAllowed="false"><annotations/></attribute><attribute name="determinerCode" rimClassName="Entity" datatype="CS" cardinality="1..1" conformance="R" mandatory="true" strength="CNE" codeSystem="EntityDeterminer" domainCode="INSTANCE" maxLength="0" historyAllowed="false"><annotations/></attribute><attribute name="name" rimClassName="Entity" datatype="COLL&lt;EN&gt;" cardinality="1..*" conformance="R" mandatory="false" maxLength="0" historyAllowed="false"><annotations/></attribute></attributes></class><class name="Device" type="Entity" rimName="Device"><graphics shapeId="Sheet.85" width="3.64335800474349" height="0.915791950141059" x="3.40119200141453" y="1.46687348158094" flipX="FALSE" flipY="FALSE" autoWidth="1" autoHeight="1"/><annotations/><attributes><attribute name="classCode" rimClassName="Entity" datatype="CS" cardinality="1..1" conformance="R" mandatory="true" strength="CNE" codeSystem="EntityClass" domainCode="DEV" maxLength="0" historyAllowed="false"><annotations/></attribute><attribute name="determinerCode" rimClassName="Entity" datatype="CS" cardinality="1..1" conformance="R" mandatory="true" strength="CNE" codeSystem="EntityDeterminer" domainCode="INSTANCE" maxLength="0" historyAllowed="false"><annotations/></attribute><attribute name="id" rimClassName="Entity" datatype="DSET&lt;II&gt;" cardinality="0..*" conformance="" mandatory="false" maxLength="0" historyAllowed="false" businessName="Software version"><annotations/></attribute><attribute name="manufacturerModelName" rimClassName="Device" datatype="SC" cardinality="0..1" conformance="" mandatory="false" strength="CWE" conceptDomain="ManufacturerModelName" maxLength="0" historyAllowed="false"><annotations/></attribute><attribute name="softwareName" rimClassName="Device" datatype="SC" cardinality="0..1" conformance="" mandatory="false" strength="CWE" conceptDomain="SoftwareName" maxLength="0" historyAllowed="false"><annotations/></attribute></attributes></class><class name="Organization" type="Entity" rimName="Organization"><graphics shapeId="Sheet.179" width="1.7937142974681" height="0.75" x="3.22205381782078" y="0.508652494303381" flipX="FALSE" flipY="FALSE" autoWidth="1" autoHeight="1"/><annotations/><attributes><attribute name="classCode" rimClassName="Entity" datatype="CS" cardinality="1..1" conformance="R" mandatory="true" strength="CNE" codeSystem="EntityClass" domainCode="ORG" maxLength="0" historyAllowed="false"><annotations/></attribute><attribute name="determinerCode" rimClassName="Entity" datatype="CS" cardinality="1..1" conformance="R" mandatory="true" strength="CNE" codeSystem="EntityDeterminer" domainCode="INSTANCE" maxLength="0" historyAllowed="false"><annotations/></attribute><attribute name="name" rimClassName="Entity" datatype="COLL&lt;EN&gt;" cardinality="1..*" conformance="" mandatory="false" maxLength="0" historyAllowed="false"><annotations/></attribute></attributes></class><class name="E_OrganizationContact" cmetId="COCT_MT150003" cmetType="Entity" attLevel="contact" domain="EntityClass" mnemonic="ORG" type="CMET" rimName="Organization" id="COCT_MT150003"><graphics shapeId="Sheet.65" width="1.04463279179861" height="0.627825234646268" x="2.96934163436456" y="5.75805555555555" flipX="FALSE" flipY="TRUE" autoWidth="1" autoHeight="1"/><annotations/><associations><association name="assignedEntity" endX="2.30950622076803" endY="4.70522343695746" beginX="3.07380491354442" beginY="5.44414293823242" target="AssignedEntity" targetShapeId="Sheet.26" rimTarget="Entity" rimName="scopedRole" source="E_OrganizationContact" cardinality="" required="0" mandatory="0" blocked="-1" businessName=""><annotations/></association></associations></class><entryPoint entryClass="AssignedEntity" name="R_AssignedEntity contact" type="EntryPoint" id="COCT_RM090003"><graphics shapeId="Sheet.46" connectedShape="Sheet.26" width="2.30374228886892" height="1.70014440511068" beginX="1.27881808835764" beginY="6.36666666666668" endX="1.12379693000345" endY="4.79673762953016"/><annotations/><notes><text>16 Mar 2004 Supports messages related to an assigned provider, which includes persons, devices, and organizations. An assigned role is one in which the agent is an Entity acting in the employ of an organization. The focus is on functional role on behalf of the organization, Property-contextConductionStyle: I </text></notes></entryPoint></page></pages></hl7model>
