<?xml version="1.0"?>
<hl7model rendered="7/1/2012 8:50:22 AM" datatypesRelease="R2"><pages><page name="Pg-1" width="11" height="8.5"><class name="Holder" type="Participation" rimName="Participation"><graphics shapeId="Sheet.30" width="0.848701891412563" height="1.10839248960677" x="4.0548289463015" y="5.50148238762794" beginX="4.086515686503" beginY="5.92583333333422" endX="4.0231422061" endY="5.07713144192166" arrowWidth="66 in."/><annotations/><attributes><attribute name="typeCode" rimClassName="Participation" datatype="CS" cardinality="1..1" conformance="R" mandatory="true" strength="CNE" codeSystem="ParticipationType" domainCode="HLD" maxLength="0" historyAllowed="false"><annotations/></attribute></attributes><associations><association name="account" beginX="4.086515686503" beginY="5.92583333333422" endX="4.086515686503" endY="5.92583333333422" target="Account" targetShapeId="Sheet.24" rimTarget="Participation" rimName="act" source="Holder" cardinality="" required="0" mandatory="0" blocked="-1" businessName=""><annotations/></association><association name="payorRole" beginX="4.0231422061" beginY="5.07713144192166" endX="4.0231422061" endY="5.07713144192166" target="PayorRole" targetShapeId="Sheet.13" rimTarget="Participation" rimName="role" source="Holder" cardinality="1..1" required="-1" mandatory="-1" blocked="0" businessName=""><annotations/></association></associations></class><class name="Account" type="Act" rimName="Account"><graphics shapeId="Sheet.24" width="1.25" height="0.75" x="4.086515686503" y="6.30083333333422" flipX="FALSE" flipY="FALSE" autoWidth="1" autoHeight="1"/><annotations/><attributes><attribute name="classCode" rimClassName="Act" datatype="CS" cardinality="1..1" conformance="R" mandatory="true" strength="CNE" codeSystem="ActClass" domainCode="ACCT" maxLength="0" historyAllowed="false"><annotations/></attribute><attribute name="moodCode" rimClassName="Act" datatype="CS" cardinality="1..1" conformance="R" mandatory="true" strength="CNE" codeSystem="ActMood" domainCode="EVN" maxLength="0" historyAllowed="false"><annotations/></attribute></attributes><associations><association name="holder" beginX="4.086515686503" beginY="5.92583333333422" endX="4.086515686503" endY="5.92583333333422" target="Holder" targetShapeId="Sheet.30" rimTarget="Act" rimName="participation" source="Account" cardinality="1..1" required="-1" mandatory="-1" blocked="0" businessName=""><annotations/></association></associations></class><entryPoint entryClass="Account" name="A_AccountPayor identified" type="EntryPoint" id="COCT_RM110101"><graphics shapeId="Sheet.20" connectedShape="Sheet.24" width="2.06285178593924" height="0.90014745686849" beginX="2.5" beginY="6.24972222222222" endX="3.461515686503" endY="6.30083333333422"/><annotations/><notes><text>Used to identify payor in the context of a health claim. Property-contextConductionStyle: I </text></notes></entryPoint><class name="PayorRole" type="Role" rimName="RoleHeir"><graphics shapeId="Sheet.13" width="3.14031769102279" height="0.514818439398872" x="4.0231422061" y="4.81972222222222" flipX="TRUE" flipY="FALSE" autoWidth="1" autoHeight="1"/><annotations/><attributes><attribute name="classCode" rimClassName="Role" datatype="CS" cardinality="1..1" conformance="R" mandatory="true" strength="CNE" codeSystem="RoleClass" domainCode="PAYOR" maxLength="0" historyAllowed="false"><annotations/></attribute><attribute name="id" rimClassName="Role" datatype="DSET&lt;II&gt;" cardinality="1..*" conformance="R" mandatory="true" maxLength="0" historyAllowed="false" businessName="Payer identifier, assigned by adjudicator"><annotations/></attribute></attributes><associations><association name="contractHeld" beginX="4.0231422061" beginY="5.07713144192166" endX="4.0231422061" endY="5.07713144192166" target="Holder" targetShapeId="Sheet.30" rimTarget="Role" rimName="participation" source="PayorRole" cardinality="" required="0" mandatory="0" blocked="-1" businessName=""><annotations/></association></associations></class></page></pages></hl7model>
