<?xml version="1.0"?>
<hl7model rendered="7/1/2012 8:47:48 AM" datatypesRelease="R2"><pages><page name="Pg-1" width="8.5" height="11"><class name="E_OrganizationIdentified" cmetId="COCT_MT150001UV" cmetType="Entity" attLevel="identified" domain="EntityClass" mnemonic="ORG" type="CMET" rimName="Organization" id="COCT_MT150001UV"><graphics shapeId="Sheet.81" width="1.16131675175955" height="0.627825234646268" x="5.90523613723785" y="6.21388888888889" flipX="FALSE" flipY="FALSE" autoWidth="1" autoHeight="1"/><annotations/><associations><association name="patient" endX="3.16829427133333" endY="4.93537182020399" beginX="5.32457776135807" beginY="5.89997627156576" target="Patient" targetShapeId="Sheet.189" rimTarget="Entity" rimName="scopedRole" source="E_OrganizationIdentified" cardinality="" required="0" mandatory="0" blocked="-1" businessName=""><annotations/></association></associations></class><class name="Patient" type="Role" rimName="Patient"><graphics shapeId="Sheet.189" width="1.25" height="0.514818439398872" x="2.66829427133333" y="4.72944444444444" flipX="TRUE" flipY="FALSE" autoWidth="1" autoHeight="1"/><description>The primary record for the focal living subject in a Patient Registry</description><annotations><description>The primary record for the focal living subject in a Patient Registry</description></annotations><attributes><attribute name="classCode" rimClassName="Role" datatype="CS" cardinality="1..1" conformance="R" mandatory="true" strength="CNE" codeSystem="RoleClass" domainCode="PAT" maxLength="0" historyAllowed="false"><description>Structural attribute; this is a "patient" role</description><annotations><description>Structural attribute; this is a "patient" role</description></annotations></attribute><attribute name="id" rimClassName="Role" datatype="DSET&lt;II&gt;" cardinality="1..*" conformance="R" mandatory="true" maxLength="0" historyAllowed="false"><description>Identifiers designated by this patient registry for the focal living subject</description><annotations><description>Identifiers designated by this patient registry for the focal living subject</description></annotations></attribute></attributes><associations><association name="providerOrganization" beginX="3.16829427133333" beginY="4.93537182020399" endX="5.32457776135807" endY="5.89997627156576" target="E_OrganizationIdentified" targetShapeId="Sheet.81" rimTarget="Role" rimName="scoper" source="Patient" cardinality="0..1" required="-1" mandatory="0" blocked="0" businessName=""><annotations/></association></associations></class><entryPoint entryClass="Patient" name="R_Patient identified" type="EntryPoint" id="COCT_RM050001UV"><graphics shapeId="Sheet.139" connectedShape="Sheet.189" width="2.18613135747244" height="1.03348028157552" beginX="3.06829427133333" beginY="6.07222222222222" endX="2.66829427133333" endY="4.98685366414388"/><annotations/><notes><text>This CMET is used in closely coupled systems where the receiver only needs the patient's identifier Property-contextConductionStyle: I </text></notes></entryPoint></page></pages></hl7model>
