<?xml version="1.0"?>
<hl7model rendered="7/1/2012 9:03:45 AM" datatypesRelease="R2"><pages><page name="Pg-1" width="2.64979383780553" height="3.75722222222222"><entryPoint entryClass="PublicHealthEntityChoice" name="E_PublicHealthPathogen universal" type="EntryPoint" id="COCT_MT840500UV"><graphics shapeId="Sheet.161" connectedShape="Sheet.266" width="2.41426636045638" height="1.16681310628255" beginX="1.33668619816666" beginY="3.01" endX="1.31310763963887" endY="2.51840451863606"/><annotations/><notes><text>The E_PublicHealthPathogen cmet is designed to capture information about pathogens of interest to Public Health. Property-contextConductionStyle: I </text></notes></entryPoint><class name="PublicHealthEntityChoice" type="Choice" rimName="Entity"><graphics shapeId="Sheet.266" width="2.59415519170095" height="2.5084757039388" x="1.31310763963887" y="1.26416666666666" flipX="GUARD(FALSE)" flipY="GUARD(FALSE)" vertical="1" autoWidth="1" autoHeight="1"/><annotations/><children><childClass name="E_PublicHealthNonPersonLivingSubjectUniversal" shapeId="Sheet.1"/><childClass name="E_PublicHealthMaterialUniversal" shapeId="Sheet.7"/><childClass name="E_PublicHealthManufacturedMaterialUniversal" shapeId="Sheet.13"/></children></class><class name="E_PublicHealthNonPersonLivingSubjectUniversal" cmetId="COCT_MT840100UV" cmetType="Entity" attLevel="universal" domain="EntityClass" mnemonic="NLIV" type="CMET" rimName="NonPersonLivingSubject" id="COCT_MT840100UV"><graphics shapeId="Sheet.1" width="2.3337410681658" height="0.627825234646268" x="1.3079005778713" y="1.95449190131293" flipX="FALSE" flipY="FALSE" autoWidth="1" autoHeight="1"/><annotations/></class><class name="E_PublicHealthMaterialUniversal" cmetId="COCT_MT841100UV" cmetType="Entity" attLevel="universal" domain="EntityClass" mnemonic="MAT" type="CMET" rimName="Material" id="COCT_MT841100UV"><graphics shapeId="Sheet.7" width="1.43254172734549" height="0.627825234646268" x="0.857300907461139" y="1.20166666666666" flipX="FALSE" flipY="FALSE" autoWidth="1" autoHeight="1"/><annotations/></class><class name="E_PublicHealthManufacturedMaterialUniversal" cmetId="COCT_MT841200UV" cmetType="Entity" attLevel="universal" domain="EntityClass" mnemonic="MMAT" type="CMET" rimName="ManufacturedMaterial" id="COCT_MT841200UV"><graphics shapeId="Sheet.13" width="2.16100394658377" height="0.627825234646268" x="1.22153201708028" y="0.44884143202039" flipX="FALSE" flipY="FALSE" autoWidth="1" autoHeight="1"/><annotations/></class></page></pages></hl7model>
