<?xml version="1.0"?>
<hl7model rendered="7/1/2012 8:50:33 AM" datatypesRelease="R2"><pages><page name="Pg-1" width="11" height="8"><class name="PayeeRole" type="Role" rimName="Role"><graphics shapeId="Sheet.73" width="2.8224122649974" height="0.514818439398872" x="2.8833333333333" y="3.2444444444444" flipX="TRUE" flipY="FALSE" autoWidth="1" autoHeight="1"/><annotations/><notes><Note name="Sheet.25" type="Note" noteType="Note"><graphics shapeId="Sheet.25" connectedShape="Sheet.73" x="5.42257487029166" y="3.69444444444444" width="1.50692239005165" height="0.588986854383681" beginX="0.753461195025825" beginY="0.294493427191841" endX="-0.374574209433837" endY="-0.155506572808202"/><annotations/><notes><text>Covered Party/Patient is 
the scoper of this role, but is 
not necessary in this CMET</text></notes></Note><Note name="Sheet.35" type="Note" noteType="Note"><graphics shapeId="Sheet.35" connectedShape="Sheet.73" x="2.9057291661667" y="1.4944444444444" width="4.61941781241493" height="2.18898075086806" beginX="2.30970890620747" beginY="1.09449037543403" endX="2.28731307337407" endY="2.58708115573459"/><annotations/><notes><text>Payee:
(1) Provider or designate organization with identifier plays the role of Payee
      - PayeeRole.id only (no Account, Person info)
(2) Payee is an individual listed on the insurance (e.g. policy holder or covered party)
      - PayeeRole.id must not be specified
      - Specify x_RoleClassPayeePolicyRelationship (e.g. Policy Holder)
      - Optionally specify name, addr, language, bank account info
      - Account bank info is likely on file with Payor and is NOT required for direct deposit
      - PayeePerson.addr is likely on file with Payor and is NOT required for mailing of cheque
(3) Payee is an individual not listed on the insurance (e.g. guarantor)
      - PayeeRole.id must not be specified
      - Specify x_RoleClassPayeePolicyRelationship (e.g. Guarantor)
      - Optionally specify name, addr, language, bank account info
      - Account bank info is likely NOT on file with Payor and is required for direct deposit
      - PayeePerson.addr is likely NOT on file with Payor and is required for mailing of cheque</text></notes></Note><text>
</text></notes><attributes><attribute name="classCode" rimClassName="Role" datatype="CS" cardinality="1..1" conformance="R" mandatory="true" strength="CNE" valueSet="x_RoleClassPayeePolicyRelationship" maxLength="0" historyAllowed="false"><annotations/></attribute><attribute name="id" rimClassName="Role" datatype="DSET&lt;II&gt;" cardinality="0..*" conformance="R" mandatory="false" maxLength="0" historyAllowed="false" businessName="payee identifier"><annotations/></attribute></attributes><associations><association name="payeeChoice" beginX="4.01229823933226" beginY="3.03851706868485" endX="6.4" endY="2.7" target="PayeeChoice" targetShapeId="Sheet.88" rimTarget="Role" rimName="player" source="PayeeRole" cardinality="0..1" required="-1" mandatory="0" blocked="0" businessName=""><annotations/></association><association name="contractHeld" beginX="2.8833333333333" beginY="3.50185366414384" endX="2.8833333333333" endY="3.50185366414384" target="Holder" targetShapeId="Sheet.41" rimTarget="Role" rimName="participation" source="PayeeRole" cardinality="" required="0" mandatory="0" blocked="-1" businessName=""><annotations/></association></associations></class><class name="PayeeChoice" type="Choice" rimName="Entity"><graphics shapeId="Sheet.88" width="2.01280382044444" height="2.06222222222222" x="7.40640191022222" y="2.7" flipX="GUARD(FALSE)" flipY="GUARD(FALSE)" vertical="1" autoWidth="1" autoHeight="1"/><annotations/><children><childClass name="PayeePerson" shapeId="Sheet.20"/><childClass name="PayeeOrganization" shapeId="Sheet.84"/></children><associations><association name="asPayeeRole" endX="4.01229823933226" endY="3.03851706868485" beginX="6.4" beginY="2.7" target="PayeeRole" targetShapeId="Sheet.73" rimTarget="Entity" rimName="playedRole" source="PayeeChoice" cardinality="" required="0" mandatory="0" blocked="-1" businessName=""><annotations/></association></associations></class><class name="PayeePerson" type="Entity" rimName="Person"><graphics shapeId="Sheet.20" width="1.7937142974681" height="0.781809101019965" x="7.42185714873405" y="3.09020656060113" flipX="TRUE" flipY="FALSE" autoWidth="1" autoHeight="1"/><annotations/><attributes><attribute name="classCode" rimClassName="Entity" datatype="CS" cardinality="1..1" conformance="R" mandatory="true" strength="CNE" codeSystem="EntityClass" domainCode="PSN" maxLength="0" historyAllowed="false"><annotations/></attribute><attribute name="determinerCode" rimClassName="Entity" datatype="CS" cardinality="1..1" conformance="R" mandatory="true" strength="CNE" codeSystem="EntityDeterminer" domainCode="INSTANCE" maxLength="0" historyAllowed="false"><annotations/></attribute><attribute name="name" rimClassName="Entity" datatype="PN" cardinality="1..1" conformance="R" mandatory="true" maxLength="0" historyAllowed="false" businessName="payee name"><annotations/></attribute><attribute name="addr" rimClassName="Person" datatype="AD" cardinality="0..1" conformance="R" mandatory="false" maxLength="0" historyAllowed="false" businessName="payee address"><annotations/></attribute></attributes><associations><association name="payeeLanguage" beginX="8.3187142974681" beginY="3.09020656060113" endX="9.33105421479937" endY="1.0611111111111" target="PayeeLanguage" targetShapeId="Sheet.16" rimTarget="Entity" rimName="languageCommunication" shapeId="Sheet.12" source="PayeePerson" cardinality="0..1" required="-1" mandatory="0" blocked="0" businessName=""><traversal x="1.41233991733127" y="0"/><traversal x="1.41233991733127" y="-1.01454772474501"/><traversal x="1.41233991733127" y="-2.02909544949003"/><annotations/></association></associations></class><class name="PayeeLanguage" type="OtherClass" rimName="LanguageCommunication"><graphics shapeId="Sheet.16" width="2.76662231748763" height="0.978201772732206" x="7.94774305605556" y="1.0611111111111" flipX="FALSE" flipY="FALSE" autoWidth="1" autoHeight="1"/><annotations/><attributes><attribute name="languageCode" rimClassName="LanguageCommunication" datatype="CS" cardinality="1..1" conformance="R" mandatory="true" strength="CNE" valueSet="HumanLanguage" maxLength="0" historyAllowed="false"><annotations/></attribute><attribute name="modeCode" rimClassName="LanguageCommunication" datatype="CS" cardinality="1..1" conformance="R" mandatory="true" strength="CNE" codeSystem="C:LanguageAbilityMode" default="RWR" maxLength="0" historyAllowed="false" businessName="Received Written"><annotations/></attribute><attribute name="preferenceInd" rimClassName="LanguageCommunication" datatype="BL" cardinality="0..1" conformance="R" mandatory="false" maxLength="0" historyAllowed="false"><annotations/></attribute></attributes><associations><association name="payeePerson" beginX="9.33105421479937" beginY="1.0611111111111" endX="8.3187142974681" endY="3.09020656060113" target="PayeePerson" targetShapeId="Sheet.20" rimTarget="LanguageCommunication" rimName="entity" shapeId="Sheet.12" source="PayeeLanguage" cardinality="" required="0" mandatory="0" blocked="-1" businessName=""><traversal x="1.41233991733127" y="0"/><traversal x="1.41233991733127" y="-1.01454772474501"/><traversal x="1.41233991733127" y="-2.02909544949003"/><annotations/></association></associations></class><class name="PayeeOrganization" type="Entity" rimName="Organization"><graphics shapeId="Sheet.84" width="1.7937142974681" height="0.781809101019965" x="7.42185714873405" y="2.18339745958116" flipX="FALSE" flipY="FALSE" autoWidth="1" autoHeight="1"/><annotations/><attributes><attribute name="classCode" rimClassName="Entity" datatype="CS" cardinality="1..1" conformance="R" mandatory="true" strength="CNE" codeSystem="EntityClass" domainCode="ORG" maxLength="0" historyAllowed="false"><annotations/></attribute><attribute name="determinerCode" rimClassName="Entity" datatype="CS" cardinality="1..1" conformance="R" mandatory="true" strength="CNE" codeSystem="EntityDeterminer" domainCode="INSTANCE" maxLength="0" historyAllowed="false"><annotations/></attribute><attribute name="name" rimClassName="Entity" datatype="ON" cardinality="1..1" conformance="R" mandatory="true" maxLength="0" historyAllowed="false" businessName="payee name"><annotations/></attribute><attribute name="addr" rimClassName="Organization" datatype="AD" cardinality="0..1" conformance="R" mandatory="false" maxLength="0" historyAllowed="false" businessName="payee address"><annotations/></attribute></attributes></class><class name="Holder" type="Participation" rimName="Participation"><graphics shapeId="Sheet.41" width="0.609898065015972" height="1.10839248960677" x="2.9150200735343" y="3.80680269665182" beginX="2.9467068137353" beginY="4.11175172915981" endX="2.8833333333333" endY="3.50185366414384" arrowWidth="66 in."/><annotations/><attributes><attribute name="typeCode" rimClassName="Participation" datatype="CS" cardinality="1..1" conformance="R" mandatory="true" strength="CNE" codeSystem="ParticipationType" domainCode="HLD" maxLength="0" historyAllowed="false"><annotations/></attribute></attributes><associations><association name="account" beginX="2.9467068137353" beginY="4.11175172915981" endX="2.9467068137353" endY="4.11175172915981" target="Account" targetShapeId="Sheet.45" rimTarget="Participation" rimName="act" source="Holder" cardinality="" required="0" mandatory="0" blocked="-1" businessName=""><annotations/></association><association name="payeeRole" beginX="2.8833333333333" beginY="3.50185366414384" endX="2.8833333333333" endY="3.50185366414384" target="PayeeRole" targetShapeId="Sheet.73" rimTarget="Participation" rimName="role" source="Holder" cardinality="1..1" required="-1" mandatory="-1" blocked="0" businessName=""><annotations/></association></associations></class><class name="Account" type="Act" rimName="Account"><graphics shapeId="Sheet.45" width="3.0167253143138" height="0.982052097235786" x="2.9467068137353" y="4.6027777777777" flipX="FALSE" flipY="FALSE" autoWidth="1" autoHeight="1"/><annotations/><notes><Note name="Sheet.30" type="Note" noteType="Note"><graphics shapeId="Sheet.30" connectedShape="Sheet.45" x="5.6653483077917" y="4.7" width="2.00116982657509" height="0.722319679090712" beginX="1.00058491328754" beginY="0.361159839545356" endX="-0.209693923611955" endY="0.362142827046634"/><annotations/><notes><text>Bank account information can 
be used to indicate where the Payer is 
instructed to direct deposit for a Payee
who is not already known to the Payer.</text></notes></Note></notes><attributes><attribute name="classCode" rimClassName="Act" datatype="CS" cardinality="1..1" conformance="R" mandatory="true" strength="CNE" codeSystem="ActClass" domainCode="ACCT" maxLength="0" historyAllowed="false"><annotations/></attribute><attribute name="moodCode" rimClassName="Act" datatype="CS" cardinality="1..1" conformance="R" mandatory="true" strength="CNE" codeSystem="ActMood" domainCode="EVN" maxLength="0" historyAllowed="false"><annotations/></attribute><attribute name="id" rimClassName="Act" datatype="II" cardinality="0..1" conformance="R" mandatory="false" maxLength="0" historyAllowed="false" businessName="Bank account, transit number, credit card, etc."><annotations/></attribute><attribute name="code" rimClassName="Act" datatype="CS" cardinality="0..1" conformance="R" mandatory="false" strength="CNE" valueSet="CreditCard" maxLength="0" historyAllowed="false" businessName="Type of credit card"><annotations/></attribute><attribute name="title" rimClassName="Act" datatype="ST" cardinality="0..1" conformance="R" mandatory="false" maxLength="0" historyAllowed="false" businessName="name on credit card"><annotations/></attribute><attribute name="effectiveTime" rimClassName="Act" datatype="IVL&lt;TS&gt;" cardinality="0..1" conformance="R" mandatory="false" maxLength="0" historyAllowed="false" businessName="expiry date on credit card"><annotations/></attribute></attributes><associations><association name="holder" beginX="2.9467068137353" beginY="4.11175172915981" endX="2.9467068137353" endY="4.11175172915981" target="Holder" targetShapeId="Sheet.41" rimTarget="Act" rimName="participation" source="Account" cardinality="1..1" required="-1" mandatory="-1" blocked="0" businessName=""><annotations/></association></associations></class><entryPoint entryClass="Account" name="A_AccountPayee basic" type="EntryPoint" id="COCT_RM110202"><graphics shapeId="Sheet.52" connectedShape="Sheet.45" width="2.08764350346853" height="0.90014745686849" beginX="2.779264321917" beginY="5.6944444444444" endX="2.9467068137353" endY="5.09380382639559"/><annotations/><notes><text>Used to identify payee in the context of a health claim. Property-contextConductionStyle: I </text></notes></entryPoint></page></pages></hl7model>
