<?xml version="1.0"?>
<hl7model rendered="11/10/2012 8:37:01 PM" datatypesRelease="R2"><pages><page name="Pg-1" width="8.62850923828125" height="8.5940358371311"><class name="E_OrganizationContact" cmetId="COCT_MT150003UV" cmetType="Entity" attLevel="contact" domain="EntityClass" mnemonic="ORG" type="CMET" rimName="Organization" id="COCT_MT150003UV"><graphics shapeId="Sheet.836" width="1.16131675175955" height="0.627825234646268" x="7.26985741495195" y="6.8466903951009" flipX="FALSE" flipY="FALSE" autoWidth="1" autoHeight="1"/><annotations/><associations><association name="patient" endX="4.63904354897823" endY="6.75481585774737" beginX="6.68919903907218" beginY="6.72112534817165" target="Patient" targetShapeId="Sheet.11" rimTarget="Entity" rimName="scopedRole" source="E_OrganizationContact" cardinality="" required="0" mandatory="0" blocked="-1" businessName=""><annotations/></association></associations></class><class name="Patient" type="Role" rimName="Patient"><graphics shapeId="Sheet.11" width="1.44822098081771" height="0.781484088812934" x="4.05975515665115" y="6.4422222222222" flipX="TRUE" flipY="FALSE" autoWidth="1" autoHeight="1"/><description>The primary record for the focal living subject in a Patient Registry</description><annotations><description>The primary record for the focal living subject in a Patient Registry</description></annotations><attributes><attribute name="classCode" rimClassName="Role" datatype="CS" cardinality="1..1" conformance="R" mandatory="true" strength="CNE" codeSystem="RoleClass" domainCode="PAT" maxLength="0" historyAllowed="false"><description>Structural attribute; this is a "patient" role</description><annotations><description>Structural attribute; this is a "patient" role</description></annotations></attribute><attribute name="id" rimClassName="Role" datatype="DSET&lt;II&gt;" cardinality="1..*" conformance="R" mandatory="true" maxLength="0" historyAllowed="false"><description>Identifiers designated by this patient registry for the focal living subject</description><annotations><description>Identifiers designated by this patient registry for the focal living subject</description></annotations></attribute><attribute name="addr" rimClassName="Role" datatype="COLL&lt;AD&gt;" cardinality="0..*" conformance="" mandatory="false" maxLength="0" historyAllowed="false"><description>Address(es) for corresponding with the focal living subject in the context of this patient registry</description><annotations><description>Address(es) for corresponding with the focal living subject in the context of this patient registry</description></annotations></attribute><attribute name="telecom" rimClassName="Role" datatype="COLL&lt;TEL&gt;" cardinality="0..*" conformance="" mandatory="false" maxLength="0" historyAllowed="false"><description>Telecommunication address(es) for communicating with the focal living subject in the context of this patient registry</description><annotations><description>Telecommunication address(es) for communicating with the focal living subject in the context of this patient registry</description></annotations></attribute></attributes><associations><association name="patientEntityChoiceSubject" beginX="4.63904354897823" beginY="6.12962858669703" endX="4.87890120649835" endY="5.28939962700738" target="EntityChoiceSubject" targetShapeId="Sheet.52" rimTarget="Role" rimName="player" source="Patient" cardinality="1..1" required="-1" mandatory="0" blocked="0" businessName=""><annotations/></association><association name="providerOrganization" beginX="4.63904354897823" beginY="6.75481585774737" endX="6.68919903907218" endY="6.72112534817165" target="E_OrganizationContact" targetShapeId="Sheet.836" rimTarget="Role" rimName="scoper" source="Patient" cardinality="0..1" required="-1" mandatory="0" blocked="0" businessName=""><annotations/></association></associations></class><class name="EntityChoiceSubject" type="Choice" rimName="Entity"><graphics shapeId="Sheet.52" width="7.43950226436979" height="1.55713258734809" x="4.87890120649835" y="4.51083333333333" flipX="GUARD(FALSE)" flipY="GUARD(FALSE)" vertical="0" autoWidth="1" autoHeight="1"/><annotations/><children><childClass name="Person" shapeId="Sheet.21"/><childClass name="NonPersonLivingSubject" shapeId="Sheet.25"/></children><associations><association name="contactParty" endX="1.73542564603012" endY="2.77861520195855" beginX="1.90310030075043" beginY="3.73226703965929" target="ContactParty" targetShapeId="Sheet.1" rimTarget="Entity" rimName="scopedRole" source="EntityChoiceSubject" cardinality="0..*" required="0" mandatory="0" blocked="0" businessName=""><annotations/></association><association name="asPatient" endX="4.63904354897823" endY="6.12962858669703" beginX="4.87890120649835" beginY="5.28939962700738" target="Patient" targetShapeId="Sheet.11" rimTarget="Entity" rimName="playedRole" source="EntityChoiceSubject" cardinality="" required="0" mandatory="0" blocked="-1" businessName=""><annotations/></association></associations></class><class name="Person" type="Entity" rimName="Person"><graphics shapeId="Sheet.21" width="3.5322511321849" height="1.048149738227" x="3.0502756404059" y="4.43583333333333" flipX="FALSE" flipY="FALSE" autoWidth="1" autoHeight="1"/><description>A subtype of LivingSubject representing a human being</description><annotations><description>A subtype of LivingSubject representing a human being</description></annotations><attributes><attribute name="classCode" rimClassName="Entity" datatype="CS" cardinality="1..1" conformance="R" mandatory="true" strength="CNE" codeSystem="EntityClass" domainCode="C:EntityClass" fixed="PSN" maxLength="0" historyAllowed="false"><description>Structural attribute; this is a "person" entity</description><annotations><description>Structural attribute; this is a "person" entity</description></annotations></attribute><attribute name="determinerCode" rimClassName="Entity" datatype="CS" cardinality="1..1" conformance="R" mandatory="true" strength="CNE" codeSystem="EntityDeterminer" domainCode="C:EntityDeterminer" fixed="INSTANCE" maxLength="0" historyAllowed="false"><description>Structural attribute; this is a specific person</description><annotations><description>Structural attribute; this is a specific person</description></annotations></attribute><attribute name="id" rimClassName="Entity" datatype="DSET&lt;II&gt;" cardinality="0..*" conformance="" mandatory="false" maxLength="0" historyAllowed="false"><description>Identifier(s) for this person.  Note that these identifiers can only be used for matching purposes since no scoping organization or status information is included.</description><annotations><description>Identifier(s) for this person.  Note that these identifiers can only be used for matching purposes since no scoping organization or status information is included.</description></annotations></attribute><attribute name="name" rimClassName="Entity" datatype="COLL&lt;PN&gt;" cardinality="1..*" conformance="R" mandatory="false" maxLength="0" historyAllowed="false"><description>Name(s) for this person</description><annotations><description>Name(s) for this person</description></annotations></attribute><attribute name="administrativeGenderCode" rimClassName="LivingSubject" datatype="CD" cardinality="0..1" conformance="" mandatory="false" strength="CWE" conceptDomain="AdministrativeGender" maxLength="0" historyAllowed="false"><description>A value representing the gender (sex) of this person. Note: this attribute does not include terms related to clinical gender which is a complex physiological, genetic and sociological concept that requires multiple observations in order to be comprehensively described.</description><annotations><description>A value representing the gender (sex) of this person. Note: this attribute does not include terms related to clinical gender which is a complex physiological, genetic and sociological concept that requires multiple observations in order to be comprehensively described.</description></annotations></attribute><attribute name="birthTime" rimClassName="LivingSubject" datatype="TS" cardinality="0..1" conformance="" mandatory="false" maxLength="0" historyAllowed="false"><description>The date and time this person was born.  This could be an exact moment such as January 1, 1960 @ 03:00:00 EST or an approximate date such as January 1960.</description><annotations><description>The date and time this person was born.  This could be an exact moment such as January 1, 1960 @ 03:00:00 EST or an approximate date such as January 1960.</description></annotations></attribute></attributes><associations><association name="languageCommunication" beginX="3.93333842345213" beginY="3.91175846421983" endX="5.96447717728955" endY="2.61" target="LanguageCommunication" targetShapeId="Sheet.36" rimTarget="Entity" rimName="languageCommunication" shapeId="Sheet.40" source="Person" cardinality="0..*" required="0" mandatory="0" blocked="0" businessName=""><traversal x="0" y="-0.650879232109916"/><traversal x="1.01556937691871" y="-0.650879232109916"/><traversal x="2.03113875383742" y="-0.650879232109916"/><annotations/></association></associations></class><class name="LanguageCommunication" type="OtherClass" rimName="LanguageCommunication"><graphics shapeId="Sheet.36" width="3.5387094146556" height="0.978851797146268" x="6.84915453095345" y="2.12057410142687" flipX="FALSE" flipY="FALSE" autoWidth="1" autoHeight="1"/><description>A language communication capability of the focal person</description><annotations><description>A language communication capability of the focal person</description></annotations><attributes><attribute name="languageCode" rimClassName="LanguageCommunication" datatype="CD" cardinality="1..1" conformance="R" mandatory="true" strength="CWE" conceptDomain="HumanLanguage" maxLength="0" historyAllowed="false"><description>A value representing a language for which the focal person has some level of proficiency for written or spoken communication.  Examples: Spanish, Italian, German, English, American Sign</description><annotations><description>A value representing a language for which the focal person has some level of proficiency for written or spoken communication.  Examples: Spanish, Italian, German, English, American Sign</description></annotations></attribute><attribute name="modeCode" rimClassName="LanguageCommunication" datatype="CD" cardinality="0..1" conformance="" mandatory="false" strength="CWE" conceptDomain="LanguageAbilityMode" maxLength="0" historyAllowed="false"><description>A value representing the person's method of expression of this language  Examples: expressed spoken, expressed written, expressed signed, received spoken, received written, received signed</description><annotations><description>A value representing the person's method of expression of this language  Examples: expressed spoken, expressed written, expressed signed, received spoken, received written, received signed</description></annotations></attribute><attribute name="proficiencyLevelCode" rimClassName="LanguageCommunication" datatype="CD" cardinality="0..1" conformance="" mandatory="false" strength="CWE" conceptDomain="LanguageAbilityProficiency" maxLength="0" historyAllowed="false"><description>A value representing the person's level of proficiency in this language.  Examples: excellent, good, fair, poor</description><annotations><description>A value representing the person's level of proficiency in this language.  Examples: excellent, good, fair, poor</description></annotations></attribute><attribute name="preferenceInd" rimClassName="LanguageCommunication" datatype="BL" cardinality="0..1" conformance="" mandatory="false" maxLength="0" historyAllowed="false"><description>An indicator specifying whether or not this language is preferred by the focal person for the associated mode</description><annotations><description>An indicator specifying whether or not this language is preferred by the focal person for the associated mode</description></annotations></attribute></attributes><associations><association name="person" beginX="5.96447717728955" beginY="2.61" endX="3.93333842345213" endY="3.91175846421983" target="Person" targetShapeId="Sheet.21" rimTarget="LanguageCommunication" rimName="entity" shapeId="Sheet.40" source="LanguageCommunication" cardinality="" required="0" mandatory="0" blocked="-1" businessName=""><traversal x="0" y="-0.650879232109916"/><traversal x="1.01556937691871" y="-0.650879232109916"/><traversal x="2.03113875383742" y="-0.650879232109916"/><annotations/></association></associations></class><class name="NonPersonLivingSubject" type="Entity" rimName="NonPersonLivingSubject"><graphics shapeId="Sheet.25" width="3.5322511321849" height="1.18213258734809" x="6.7075267725908" y="4.43583333333333" flipX="FALSE" flipY="FALSE" autoWidth="1" autoHeight="1"/><description>A subtype of LivingSubject representing a non-person living subject (e.g., animal, microorganism, plant)</description><annotations><description>A subtype of LivingSubject representing a non-person living subject (e.g., animal, microorganism, plant)</description></annotations><attributes><attribute name="classCode" rimClassName="Entity" datatype="CS" cardinality="1..1" conformance="R" mandatory="true" strength="CNE" codeSystem="EntityClass" domainCode="NLIV" maxLength="0" historyAllowed="false"><description>Structural attribute; this is a "non-person living subject" entity</description><annotations><description>Structural attribute; this is a "non-person living subject" entity</description></annotations></attribute><attribute name="determinerCode" rimClassName="Entity" datatype="CS" cardinality="1..1" conformance="R" mandatory="true" strength="CNE" codeSystem="EntityDeterminer" domainCode="C:EntityDeterminer" fixed="INSTANCE" maxLength="0" historyAllowed="false"><description>Structural attribute; this is a specific non-person living subject</description><annotations><description>Structural attribute; this is a specific non-person living subject</description></annotations></attribute><attribute name="id" rimClassName="Entity" datatype="DSET&lt;II&gt;" cardinality="0..*" conformance="" mandatory="false" maxLength="0" historyAllowed="false"><description>Identifier(s) for this non-person living subject.  Note that these identifiers can only be used for matching purposes since no scoping organization or status information is included.</description><annotations><description>Identifier(s) for this non-person living subject.  Note that these identifiers can only be used for matching purposes since no scoping organization or status information is included.</description></annotations></attribute><attribute name="code" rimClassName="Entity" datatype="CD" cardinality="1..1" conformance="R" mandatory="false" strength="CWE" conceptDomain="EntityCode" maxLength="0" historyAllowed="false"><description>A value representing the specific kind of non-person living subject the instance represents, for example animal or plant taxonomy.</description><annotations><description>A value representing the specific kind of non-person living subject the instance represents, for example animal or plant taxonomy.</description></annotations></attribute><attribute name="name" rimClassName="Entity" datatype="COLL&lt;EN&gt;" cardinality="0..*" conformance="" mandatory="false" maxLength="0" historyAllowed="false"><description>The name(s) of this non-person living subject</description><annotations><description>The name(s) of this non-person living subject</description></annotations></attribute><attribute name="administrativeGenderCode" rimClassName="LivingSubject" datatype="CD" cardinality="0..1" conformance="" mandatory="false" strength="CWE" conceptDomain="AdministrativeGender" maxLength="0" historyAllowed="false"><description>A value representing the gender (sex) of this non-person living subject. This attribute does not include terms related to clinical gender which is a complex physiological, genetic and sociological concept that requires multiple observations in order to be comprehensively described.</description><annotations><description>A value representing the gender (sex) of this non-person living subject. This attribute does not include terms related to clinical gender which is a complex physiological, genetic and sociological concept that requires multiple observations in order to be comprehensively described.</description></annotations></attribute><attribute name="birthTime" rimClassName="LivingSubject" datatype="TS" cardinality="0..1" conformance="" mandatory="false" maxLength="0" historyAllowed="false"><description>The date and time this non-person living subject was born. This could be an exact moment such as January 1, 1960 @ 03:00:00 EST or an approximate date such as January 1960.</description><annotations><description>The date and time this non-person living subject was born. This could be an exact moment such as January 1, 1960 @ 03:00:00 EST or an approximate date such as January 1960.</description></annotations></attribute></attributes></class><class name="ContactParty" type="Role" rimName="RoleHeir"><graphics shapeId="Sheet.1" width="2.20770898062782" height="1.31546541205512" x="2.61850923828125" y="2.2524290371365" flipX="FALSE" flipY="FALSE" autoWidth="1" autoHeight="1"/><description>A person or organization (playing entity) that is authorized to provide or receive information about the focal living subject (scoping entity)</description><annotations><description>A person or organization (playing entity) that is authorized to provide or receive information about the focal living subject (scoping entity)</description></annotations><attributes><attribute name="classCode" rimClassName="Role" datatype="CS" cardinality="1..1" conformance="R" mandatory="true" strength="CNE" codeSystem="RoleClass" domainCode="CON" maxLength="0" historyAllowed="false"><description>Structural attribute; this is a "contact party" role. The type of contact is conveyed by the specialization of CON -- NOK for Next of Kin or ECON for Emergency Contact.</description><annotations><description>Structural attribute; this is a "contact party" role. The type of contact is conveyed by the specialization of CON -- NOK for Next of Kin or ECON for Emergency Contact.</description></annotations></attribute><attribute name="id" rimClassName="Role" datatype="DSET&lt;II&gt;" cardinality="0..*" conformance="" mandatory="false" maxLength="0" historyAllowed="false"><description>Identifier(s) for this contact party relationship</description><annotations><description>Identifier(s) for this contact party relationship</description></annotations></attribute><attribute name="code" rimClassName="Role" datatype="CD" cardinality="0..1" conformance="" mandatory="false" strength="CWE" valueSet="ContactRoleType" maxLength="0" historyAllowed="false"><description>A value specifying the type of relationship a contact person has to the patient for whom they are a contact; for example, spouse, parent, neighbor.</description><annotations><description>A value specifying the type of relationship a contact person has to the patient for whom they are a contact; for example, spouse, parent, neighbor.</description></annotations></attribute><attribute name="negationInd" rimClassName="Role" datatype="BL" cardinality="0..1" conformance="" mandatory="false" maxLength="0" historyAllowed="false"><description>A ContactParty with negationInd of "true" and a contactPartyChoice association of "not applicable" null flavor conveys that the scoping living subject does not have a contact party relationship of the type characterized by the ContactParty.code value; for example, "no next of kin" or "no emergency contact"</description><annotations><description>A ContactParty with negationInd of "true" and a contactPartyChoice association of "not applicable" null flavor conveys that the scoping living subject does not have a contact party relationship of the type characterized by the ContactParty.code value; for example, "no next of kin" or "no emergency contact"</description></annotations></attribute><attribute name="addr" rimClassName="Role" datatype="COLL&lt;AD&gt;" cardinality="0..*" conformance="" mandatory="false" maxLength="0" historyAllowed="false"><description>Address(es) for corresponding with this contact party</description><annotations><description>Address(es) for corresponding with this contact party</description></annotations></attribute><attribute name="telecom" rimClassName="Role" datatype="COLL&lt;TEL&gt;" cardinality="0..*" conformance="R" mandatory="false" maxLength="0" historyAllowed="false"><description>Telecommunication address(es) for communicating with this contact party</description><annotations><description>Telecommunication address(es) for communicating with this contact party</description></annotations></attribute><attribute name="statusCode" rimClassName="Role" datatype="CS" cardinality="0..1" conformance="" mandatory="false" strength="CNE" conceptDomain="RoleStatus" maxLength="0" historyAllowed="false"><description>A value specifying the state of this contact party relationship (based on the RIM Role class state-machine), for example, active, suspended, terminated</description><annotations><description>A value specifying the state of this contact party relationship (based on the RIM Role class state-machine), for example, active, suspended, terminated</description></annotations></attribute><attribute name="effectiveTime" rimClassName="Role" datatype="IVL&lt;TS&gt;" cardinality="0..1" conformance="" mandatory="false" maxLength="0" historyAllowed="false"><description>An interval of time specifying the period during which this contact party relationship is in effect, if such time limit is applicable and known</description><annotations><description>An interval of time specifying the period during which this contact party relationship is in effect, if such time limit is applicable and known</description></annotations></attribute></attributes><associations><association name="contactChoice" beginX="1.73542564603012" beginY="1.72624287231445" endX="2.61850923828125" endY="1.01282523464627" target="ContactChoice" targetShapeId="Sheet.50" rimTarget="Role" rimName="player" source="ContactParty" cardinality="1..1" required="-1" mandatory="0" blocked="0" businessName=""><annotations/></association><association name="representedEntityChoiceSubject" beginX="1.73542564603012" beginY="2.77861520195855" endX="1.90310030075043" endY="3.73226703965929" target="EntityChoiceSubject" targetShapeId="Sheet.52" rimTarget="Role" rimName="scoper" source="ContactParty" cardinality="" required="0" mandatory="0" blocked="-1" businessName=""><annotations/></association></associations></class><class name="ContactChoice" type="Choice" rimName="Entity"><graphics shapeId="Sheet.50" width="2.6976335035191" height="1.00282523464627" x="2.61850923828125" y="0.511412617323135" flipX="GUARD(FALSE)" flipY="GUARD(FALSE)" vertical="0" autoWidth="1" autoHeight="1"/><annotations/><children><childClass name="E_PersonInformational" shapeId="Sheet.75"/><childClass name="E_OrganizationInformational" shapeId="Sheet.69"/></children><associations><association name="asContactParty" endX="1.73542564603012" endY="1.72624287231445" beginX="2.61850923828125" beginY="1.01282523464627" target="ContactParty" targetShapeId="Sheet.1" rimTarget="Entity" rimName="playedRole" source="ContactChoice" cardinality="" required="0" mandatory="0" blocked="-1" businessName=""><annotations/></association></associations></class><class name="E_PersonInformational" cmetId="COCT_MT030207UV" cmetType="Entity" attLevel="informational" domain="EntityClass" mnemonic="PSN" type="CMET" rimName="Person" id="COCT_MT030207UV"><graphics shapeId="Sheet.75" width="1.16131675175955" height="0.627825234646268" x="1.97535086240148" y="0.436412617323135" flipX="FALSE" flipY="FALSE" autoWidth="1" autoHeight="1"/><annotations/></class><class name="E_OrganizationInformational" cmetId="COCT_MT150007UV" cmetType="Entity" attLevel="informational" domain="EntityClass" mnemonic="ORG" type="CMET" rimName="Organization" id="COCT_MT150007UV"><graphics shapeId="Sheet.69" width="1.16131675175955" height="0.627825234646268" x="3.26166761416102" y="0.436412617323135" flipX="FALSE" flipY="FALSE" autoWidth="1" autoHeight="1"/><annotations/></class><entryPoint entryClass="Patient" name="R_Patient contact" type="EntryPoint" id="COCT_RM050003UV"><graphics shapeId="Sheet.29" connectedShape="Sheet.11" width="4.09426200322439" height="1.03348028157552" beginX="3.85051579083165" beginY="7.5327777777778" endX="3.91493305856938" endY="6.83296426662867"/><annotations/><notes><text>This CMET is used where the receiver is assumed to need to communicate with the patient or, in the case of a non-person living subject patient, the patient’s representative (e.g., via phone, email or postal mail) Property-contextConductionStyle: I </text></notes></entryPoint></page></pages></hl7model>
