<?xml version="1.0"?>
<hl7model rendered="7/1/2012 8:48:08 AM" datatypesRelease="R2"><pages><page name="Pg-1" width="8.5" height="11"><class name="E_OrganizationInformational" cmetId="COCT_MT150007UV" cmetType="Entity" attLevel="informational" domain="EntityClass" mnemonic="ORG" type="CMET" rimName="Organization" id="COCT_MT150007UV"><graphics shapeId="Sheet.81" width="1.16131675175955" height="0.627825234646268" x="5.40223307366667" y="6.97388888888889" flipX="FALSE" flipY="FALSE" autoWidth="1" autoHeight="1"/><annotations/><associations><association name="patient" endX="3.70066751584097" endY="6.19092696885851" beginX="4.82157469778689" beginY="6.65997627156576" target="Patient" targetShapeId="Sheet.189" rimTarget="Entity" rimName="scopedRole" source="E_OrganizationInformational" cardinality="" required="0" mandatory="0" blocked="-1" businessName=""><annotations/></association></associations></class><class name="Patient" type="Role" rimName="Patient"><graphics shapeId="Sheet.189" width="1.44822098081771" height="0.781484088812934" x="3.12137912351389" y="5.87833333333334" flipX="TRUE" flipY="FALSE" autoWidth="1" autoHeight="1"/><description>The primary record for the focal living subject in a Patient Registry</description><annotations><description>The primary record for the focal living subject in a Patient Registry</description></annotations><attributes><attribute name="classCode" rimClassName="Role" datatype="CS" cardinality="1..1" conformance="R" mandatory="true" strength="CNE" codeSystem="RoleClass" domainCode="PAT" maxLength="0" historyAllowed="false"><description>Structural attribute; this is a "patient" role</description><annotations><description>Structural attribute; this is a "patient" role</description></annotations></attribute><attribute name="id" rimClassName="Role" datatype="DSET&lt;II&gt;" cardinality="1..*" conformance="R" mandatory="true" maxLength="0" historyAllowed="false"><description>Identifiers designated by this patient registry for the focal living subject</description><annotations><description>Identifiers designated by this patient registry for the focal living subject</description></annotations></attribute><attribute name="addr" rimClassName="Role" datatype="COLL&lt;AD&gt;" cardinality="0..*" conformance="" mandatory="false" maxLength="0" historyAllowed="false"><description>Address(es) for corresponding with the focal living subject in the context of this patient registry</description><annotations><description>Address(es) for corresponding with the focal living subject in the context of this patient registry</description></annotations></attribute><attribute name="telecom" rimClassName="Role" datatype="COLL&lt;TEL&gt;" cardinality="0..*" conformance="" mandatory="false" maxLength="0" historyAllowed="false"><description>Telecommunication address(es) for communicating with the focal living subject in the context of this patient registry</description><annotations><description>Telecommunication address(es) for communicating with the focal living subject in the context of this patient registry</description></annotations></attribute></attributes><associations><association name="patientPerson" beginX="3.70066751584097" beginY="5.56573969780816" endX="2.94510328504774" endY="4.31446817287869" target="E_PersonInformational" targetShapeId="Sheet.199" rimTarget="Role" rimName="player" source="Patient" cardinality="1..1" required="-1" mandatory="0" blocked="0" businessName=""><annotations/></association><association name="providerOrganization" beginX="3.70066751584097" beginY="6.19092696885851" endX="4.82157469778689" endY="6.65997627156576" target="E_OrganizationInformational" targetShapeId="Sheet.81" rimTarget="Role" rimName="scoper" source="Patient" cardinality="0..1" required="-1" mandatory="0" blocked="0" businessName=""><annotations/></association></associations></class><class name="E_PersonInformational" cmetId="COCT_MT030207UV" cmetType="Entity" attLevel="informational" domain="EntityClass" mnemonic="PSN" type="CMET" rimName="Person" id="COCT_MT030207UV"><graphics shapeId="Sheet.199" width="1.16131675175955" height="0.627825234646268" x="2.94510328504774" y="4.00055555555556" flipX="FALSE" flipY="FALSE" autoWidth="1" autoHeight="1"/><annotations/><associations><association name="asPatient" endX="3.70066751584097" endY="5.56573969780816" beginX="2.94510328504774" beginY="4.31446817287869" target="Patient" targetShapeId="Sheet.189" rimTarget="Entity" rimName="playedRole" source="E_PersonInformational" cardinality="" required="0" mandatory="0" blocked="-1" businessName=""><annotations/></association></associations></class><entryPoint entryClass="Patient" name="R_PatientPerson identified-informational" type="EntryPoint" id="COCT_RM050208UV"><graphics shapeId="Sheet.139" connectedShape="Sheet.189" width="2.81519104307357" height="1.03348028157552" beginX="3.36435329976111" beginY="7.31333333333333" endX="2.97655702543212" endY="6.2690753777398"/><annotations/><notes><text>This CMET is used where the receiver is assumed to have one of the patient identifiers of the sending system Property-contextConductionStyle: I </text></notes></entryPoint></page></pages></hl7model>
