<?xml version="1.0"?>
<hl7model rendered="7/1/2012 8:57:30 AM" datatypesRelease="R2"><pages><page name="A_Cov basic RM510005" width="19.80875" height="13.1438888888889"><class name="Payor" type="Role" rimName="RoleHeir"><graphics shapeId="Sheet.14" width="2.2" height="1.4" x="7.16" y="3.59111111111111" flipX="TRUE" flipY="FALSE" autoWidth="0" autoHeight="0"/><annotations/><attributes><attribute name="classCode" rimClassName="Role" datatype="CS" cardinality="1..1" conformance="R" mandatory="true" strength="CNE" codeSystem="RoleClass" domainCode="PAYOR" maxLength="0" historyAllowed="false"><annotations/></attribute><attribute name="id" rimClassName="Role" datatype="DSET&lt;II&gt;" cardinality="0..*" conformance="R" mandatory="false" maxLength="0" historyAllowed="false"><annotations/></attribute><attribute name="code" rimClassName="Role" datatype="CD" cardinality="0..1" conformance="" mandatory="false" strength="CWE" conceptDomain="RoleCode" maxLength="0" historyAllowed="false"><annotations/></attribute><attribute name="name" rimClassName="Role" datatype="COLL&lt;ON&gt;" cardinality="0..*" conformance="" mandatory="false" maxLength="0" historyAllowed="false"><annotations/></attribute><attribute name="addr" rimClassName="Role" datatype="COLL&lt;AD&gt;" cardinality="0..*" conformance="" mandatory="false" maxLength="0" historyAllowed="false"><annotations/></attribute><attribute name="telecom" rimClassName="Role" datatype="COLL&lt;TEL&gt;" cardinality="0..*" conformance="" mandatory="false" maxLength="0" historyAllowed="false"><annotations/></attribute><attribute name="effectiveTime" rimClassName="Role" datatype="IVL&lt;TS&gt;" cardinality="0..1" conformance="" mandatory="false" maxLength="0" historyAllowed="false"><annotations/></attribute></attributes><associations><association name="invoicePayorOrganization" beginX="8.04" beginY="3.03111111111111" endX="3.2" endY="2" target="E_OrganizationUniversal" targetShapeId="Sheet.222" rimTarget="Role" rimName="player" source="Payor" cardinality="0..1" required="0" mandatory="0" blocked="0" businessName=""><annotations/></association><association name="performance" beginX="8.26" beginY="4.15111111111111" endX="8.26" endY="4.15111111111111" target="PrimaryPerformer" targetShapeId="Sheet.133" rimTarget="Role" rimName="participation" source="Payor" cardinality="" required="0" mandatory="0" blocked="-1" businessName=""><annotations/></association></associations></class><class name="E_OrganizationUniversal" cmetId="COCT_MT150000UV" cmetType="Entity" attLevel="universal" domain="EntityClass" mnemonic="ORG" type="CMET" rimName="Organization" id="COCT_MT150000UV"><graphics shapeId="Sheet.222" width="1.8" height="1.49" x="2.3" y="2.745" flipX="FALSE" flipY="FALSE" autoWidth="0" autoHeight="0"/><annotations/><associations><association name="policyHolder" endX="5.65980555555556" endY="7.54314878417969" beginX="1.4" beginY="2.894" target="PolicyHolder" targetShapeId="Sheet.61" rimTarget="Entity" rimName="scopedRole" source="E_OrganizationUniversal" cardinality="" required="0" mandatory="0" blocked="-1" businessName=""><annotations/></association><association name="coveredParty" endX="7.45048461357274" endY="9.93236961159474" beginX="1.4" beginY="3.49" target="CoveredParty" targetShapeId="Sheet.34" rimTarget="Entity" rimName="scopedRole" source="E_OrganizationUniversal" cardinality="" required="0" mandatory="0" blocked="-1" businessName=""><annotations/></association><association name="asPayor" endX="8.04" endY="3.03111111111111" beginX="3.2" beginY="2" target="Payor" targetShapeId="Sheet.14" rimTarget="Entity" rimName="playedRole" source="E_OrganizationUniversal" cardinality="" required="0" mandatory="0" blocked="-1" businessName=""><annotations/></association><association name="asSponsor" endX="8.02717857142857" endY="5.08481426328289" beginX="3.2" beginY="3.341" target="Sponsor" targetShapeId="Sheet.150" rimTarget="Entity" rimName="playedRole" source="E_OrganizationUniversal" cardinality="" required="0" mandatory="0" blocked="-1" businessName=""><annotations/></association></associations></class><class name="EntityChoice" type="Choice" rimName="Entity"><graphics shapeId="Sheet.11" width="3.90060764088889" height="1.42277777777778" x="2.4" y="6.4" flipX="GUARD(FALSE)" flipY="GUARD(FALSE)" vertical="0" autoWidth="1" autoHeight="1"/><annotations/><children><childClass name="Person" shapeId="Sheet.71"/><childClass name="Organization" shapeId="Sheet.75"/></children><associations><association name="asPolicyHolder" endX="5.65980555555556" endY="6.70462899359809" beginX="4.35030382044445" beginY="6.96911111111111" target="PolicyHolder" targetShapeId="Sheet.61" rimTarget="Entity" rimName="playedRole" source="EntityChoice" cardinality="" required="0" mandatory="0" blocked="-1" businessName=""><annotations/></association><association name="responsibleParty" endX="2.92546172538915" endY="8.87383414116754" beginX="3.18012152817778" beginY="7.11138888888889" target="ResponsibleParty" targetShapeId="Sheet.170" rimTarget="Entity" rimName="scopedRole" source="EntityChoice" cardinality="" required="0" mandatory="0" blocked="-1" businessName=""><annotations/></association></associations></class><class name="Person" type="Entity" rimName="Person"><graphics shapeId="Sheet.71" width="1.7937142974681" height="1.04847475043403" x="1.47155332828961" y="6.325" flipX="TRUE" flipY="FALSE" autoWidth="1" autoHeight="1"/><annotations/><attributes><attribute name="classCode" rimClassName="Entity" datatype="CS" cardinality="1..1" conformance="R" mandatory="true" strength="CNE" codeSystem="EntityClass" domainCode="PSN" maxLength="0" historyAllowed="false"><annotations/></attribute><attribute name="determinerCode" rimClassName="Entity" datatype="CS" cardinality="1..1" conformance="R" mandatory="true" strength="CNE" codeSystem="EntityDeterminer" domainCode="INSTANCE" maxLength="0" historyAllowed="false"><annotations/></attribute><attribute name="name" rimClassName="Entity" datatype="COLL&lt;PN&gt;" cardinality="1..*" conformance="R" mandatory="false" maxLength="0" historyAllowed="false"><annotations/></attribute><attribute name="telecom" rimClassName="Entity" datatype="COLL&lt;TEL&gt;" cardinality="0..*" conformance="" mandatory="false" maxLength="0" historyAllowed="false"><annotations/></attribute><attribute name="birthTime" rimClassName="LivingSubject" datatype="TS" cardinality="0..1" conformance="" mandatory="false" maxLength="0" historyAllowed="false"><annotations/></attribute><attribute name="addr" rimClassName="Person" datatype="COLL&lt;AD&gt;" cardinality="0..*" conformance="" mandatory="false" maxLength="0" historyAllowed="false"><annotations/></attribute></attributes><associations><association name="asResponsibleParty" endX="2.92546172538915" endY="7.92838808105469" beginX="1.47155332828961" beginY="6.84923737521701" target="ResponsibleParty" targetShapeId="Sheet.170" rimTarget="Entity" rimName="playedRole" source="Person" cardinality="" required="0" mandatory="0" blocked="-1" businessName=""><annotations/></association></associations></class><class name="ResponsibleParty" type="Role" rimName="RoleHeir"><graphics shapeId="Sheet.170" width="3.23309875791732" height="1.18180757514106" x="1.63222222222222" y="8.40111111111111" flipX="TRUE" flipY="FALSE" autoWidth="1" autoHeight="1"/><annotations/><attributes><attribute name="classCode" rimClassName="Role" datatype="CS" cardinality="1..1" conformance="R" mandatory="true" strength="CNE" codeSystem="RoleClass" domainCode="AGNT" maxLength="0" historyAllowed="false"><annotations/></attribute><attribute name="id" rimClassName="Role" datatype="DSET&lt;II&gt;" cardinality="0..*" conformance="" mandatory="false" maxLength="0" historyAllowed="false"><annotations/></attribute><attribute name="code" rimClassName="Role" datatype="CD" cardinality="0..1" conformance="R" mandatory="false" strength="CWE" conceptDomain="ResponsiblePartyRoleType" maxLength="0" historyAllowed="false" businessName=" (Party responsible for the status of an entity as a covered party&#xA;   dependent, e.g., subscriber, guardian, executor"><annotations/></attribute><attribute name="addr" rimClassName="Role" datatype="COLL&lt;AD&gt;" cardinality="0..*" conformance="" mandatory="false" maxLength="0" historyAllowed="false"><annotations/></attribute><attribute name="telecom" rimClassName="Role" datatype="COLL&lt;TEL&gt;" cardinality="0..*" conformance="" mandatory="false" maxLength="0" historyAllowed="false"><annotations/></attribute></attributes><associations><association name="agentPerson" beginX="2.92546172538915" beginY="7.92838808105469" endX="1.47155332828961" endY="6.84923737521701" target="Person" targetShapeId="Sheet.71" rimTarget="Role" rimName="player" source="ResponsibleParty" cardinality="0..1" required="0" mandatory="0" blocked="0" businessName=""><annotations/></association><association name="representedEntityChoice" beginX="2.92546172538915" beginY="8.87383414116754" endX="3.18012152817778" endY="7.11138888888889" target="EntityChoice" targetShapeId="Sheet.11" rimTarget="Role" rimName="scoper" source="ResponsibleParty" cardinality="0..1" required="0" mandatory="0" blocked="0" businessName=""><annotations/></association><association name="indirectAuthorithyOver" beginX="3.24877160118088" beginY="8.28293035359701" endX="3.24877160118088" endY="8.28293035359701" target="IndirectAuthorithyOver" targetShapeId="Sheet.180" rimTarget="Role" rimName="outboundLink" source="ResponsibleParty" cardinality="" required="0" mandatory="0" blocked="-1" businessName=""><annotations/></association></associations></class><class name="IndirectAuthorithyOver" type="RoleLink" rimName="RoleLink"><graphics shapeId="Sheet.180" width="1.76999763185319" height="0.303152281358507" x="4.13377041710748" y="8.56389714910133" beginX="3.24877160118088" beginY="8.28293035359701" endX="5.01876923303407" endY="8.84486394460566" arrowWidth="66 in."/><annotations/><attributes><attribute name="typeCode" rimClassName="RoleLink" datatype="CS" cardinality="1..1" conformance="R" mandatory="true" strength="CNE" codeSystem="RoleLinkType" domainCode="INDAUTH" maxLength="0" historyAllowed="false"><annotations/></attribute></attributes><associations><association name="responsibleParty" beginX="3.24877160118088" beginY="8.28293035359701" endX="3.24877160118088" endY="8.28293035359701" target="ResponsibleParty" targetShapeId="Sheet.170" rimTarget="RoleLink" rimName="source" source="IndirectAuthorithyOver" cardinality="1..1" required="0" mandatory="0" blocked="0" businessName=""><annotations/></association><association name="coveredParty" beginX="5.01876923303407" beginY="8.84486394460566" endX="5.01876923303407" endY="8.84486394460566" target="CoveredParty" targetShapeId="Sheet.34" rimTarget="RoleLink" rimName="target" source="IndirectAuthorithyOver" cardinality="" required="0" mandatory="0" blocked="-1" businessName=""><annotations/></association></associations></class><class name="CoveredParty" type="Role" rimName="RoleHeir"><graphics shapeId="Sheet.34" width="2.7019059783763" height="1.81250944498181" x="6.36972222222222" y="9.20736583360202" flipX="TRUE" flipY="FALSE" autoWidth="0" autoHeight="0"/><annotations/><attributes><attribute name="classCode" rimClassName="Role" datatype="CS" cardinality="1..1" conformance="R" mandatory="true" strength="CNE" codeSystem="RoleClass" domainCode="COVPTY" maxLength="0" historyAllowed="false" businessName="program eligible, claimant, subscriber, dependent"><annotations/></attribute><attribute name="id" rimClassName="Role" datatype="II" cardinality="1..1" conformance="R" mandatory="false" maxLength="0" historyAllowed="false" businessName="primary identifier for coverage role"><annotations/></attribute><attribute name="code" rimClassName="Role" datatype="CD" cardinality="0..1" conformance="R" mandatory="false" strength="CNE" conceptDomain="CoverageRoleType" maxLength="0" historyAllowed="false" businessName="e.g., handicapped, student, military, injured worker"><annotations/></attribute><attribute name="addr" rimClassName="Role" datatype="COLL&lt;AD&gt;" cardinality="0..*" conformance="" mandatory="false" maxLength="0" historyAllowed="false"><annotations/></attribute><attribute name="telecom" rimClassName="Role" datatype="COLL&lt;TEL&gt;" cardinality="0..*" conformance="" mandatory="false" maxLength="0" historyAllowed="false"><annotations/></attribute><attribute name="effectiveTime" rimClassName="Role" datatype="IVL&lt;TS&gt;" cardinality="0..1" conformance="" mandatory="false" maxLength="0" historyAllowed="false"><annotations/></attribute></attributes><associations><association name="coveredPartyChoice" beginX="7.45048461357274" beginY="8.48236205560929" endX="6.67617567314305" endY="10.5883333333333" target="CoveredPartyChoice" targetShapeId="Sheet.1" rimTarget="Role" rimName="player" source="CoveredParty" cardinality="0..1" required="0" mandatory="0" blocked="0" businessName=""><annotations/></association><association name="underwritingOrganization" beginX="7.45048461357274" beginY="9.93236961159474" endX="1.4" endY="3.49" target="E_OrganizationUniversal" targetShapeId="Sheet.222" rimTarget="Role" rimName="scoper" source="CoveredParty" cardinality="0..1" required="0" mandatory="0" blocked="0" businessName=""><annotations/></association><association name="coveredPartyOf" beginX="7.72067521141037" beginY="9.75111866709656" endX="7.72067521141037" endY="9.75111866709656" target="CoveredParty2" targetShapeId="Sheet.49" rimTarget="Role" rimName="participation" source="CoveredParty" cardinality="" required="0" mandatory="0" blocked="-1" businessName=""><annotations/></association><association name="indirectAuthority1" beginX="5.01876923303407" beginY="8.84486394460566" endX="5.01876923303407" endY="8.84486394460566" target="IndirectAuthorithyOver" targetShapeId="Sheet.180" rimTarget="Role" rimName="inboundLink" source="CoveredParty" cardinality="0..*" required="0" mandatory="0" blocked="0" businessName=""><annotations/></association><association name="subjectOf" beginX="5.01876923303407" beginY="9.20736583360202" endX="5.01876923303407" endY="9.20736583360202" target="Subject2" targetShapeId="Sheet.89" rimTarget="Role" rimName="participation" source="CoveredParty" cardinality="0..*" required="0" mandatory="0" blocked="0" businessName=""><annotations/></association><association name="indirectAuthority2" beginX="6.91010341789748" beginY="8.30111111111111" endX="6.91010341789748" endY="8.30111111111111" target="IndirectAuthorithyOver2" targetShapeId="Sheet.195" rimTarget="Role" rimName="inboundLink" source="CoveredParty" cardinality="0..1" required="0" mandatory="0" blocked="0" businessName=""><annotations/></association></associations></class><class name="CoveredPartyChoice" type="Choice" rimName="Entity"><graphics shapeId="Sheet.1" width="2.58087836571527" height="1.00277777777777" x="6.16" y="11.0897222222222" flipX="GUARD(FALSE)" flipY="GUARD(FALSE)" vertical="0" autoWidth="1" autoHeight="1"/><annotations/><children><childClass name="E_OrganizationUniversal" shapeId="Sheet.240"/><childClass name="E_LivingSubjectInformational" shapeId="Sheet.3"/></children><associations><association name="asCoveredParty" endX="7.45048461357274" endY="8.48236205560929" beginX="6.67617567314305" beginY="10.5883333333333" target="CoveredParty" targetShapeId="Sheet.34" rimTarget="Entity" rimName="playedRole" source="CoveredPartyChoice" cardinality="" required="0" mandatory="0" blocked="-1" businessName=""><annotations/></association></associations></class><class name="E_OrganizationUniversal" cmetId="COCT_MT150000UV" cmetType="Entity" attLevel="universal" domain="EntityClass" mnemonic="ORG" type="CMET" rimName="Organization" id="COCT_MT150000UV"><graphics shapeId="Sheet.240" width="1.16131675175955" height="0.627825234646268" x="5.57521919302214" y="11.0147222222222" flipX="FALSE" flipY="FALSE" autoWidth="1" autoHeight="1"/><annotations/><associations><association name="policyHolder" endX="5.65980555555556" endY="7.54314878417969" beginX="1.4" beginY="2.894" target="PolicyHolder" targetShapeId="Sheet.61" rimTarget="Entity" rimName="scopedRole" source="E_OrganizationUniversal" cardinality="" required="0" mandatory="0" blocked="-1" businessName=""><annotations/></association><association name="coveredParty" endX="7.45048461357274" endY="9.93236961159474" beginX="1.4" beginY="3.49" target="CoveredParty" targetShapeId="Sheet.34" rimTarget="Entity" rimName="scopedRole" source="E_OrganizationUniversal" cardinality="" required="0" mandatory="0" blocked="-1" businessName=""><annotations/></association><association name="asPayor" endX="8.04" endY="3.03111111111111" beginX="3.2" beginY="2" target="Payor" targetShapeId="Sheet.14" rimTarget="Entity" rimName="playedRole" source="E_OrganizationUniversal" cardinality="" required="0" mandatory="0" blocked="-1" businessName=""><annotations/></association><association name="asSponsor" endX="8.02717857142857" endY="5.08481426328289" beginX="3.2" beginY="3.341" target="Sponsor" targetShapeId="Sheet.150" rimTarget="Entity" rimName="playedRole" source="E_OrganizationUniversal" cardinality="" required="0" mandatory="0" blocked="-1" businessName=""><annotations/></association></associations></class><class name="PolicyHolder" type="Role" rimName="RoleHeir"><graphics shapeId="Sheet.61" width="2.59805555555555" height="1.048149738227" x="6.69902777777778" y="7.12388888888889" flipX="FALSE" flipY="FALSE" autoWidth="0" autoHeight="1"/><annotations/><attributes><attribute name="classCode" rimClassName="Role" datatype="CS" cardinality="1..1" conformance="R" mandatory="true" strength="CNE" codeSystem="RoleClass" domainCode="POLHOLD" maxLength="0" historyAllowed="false"><annotations/></attribute><attribute name="id" rimClassName="Role" datatype="II" cardinality="0..1" conformance="R" mandatory="false" maxLength="0" historyAllowed="false"><annotations/></attribute><attribute name="addr" rimClassName="Role" datatype="COLL&lt;AD&gt;" cardinality="0..*" conformance="" mandatory="false" maxLength="0" historyAllowed="false" businessName="May be different from the address of the playing entity"><annotations/></attribute><attribute name="telecom" rimClassName="Role" datatype="COLL&lt;TEL&gt;" cardinality="0..*" conformance="" mandatory="false" maxLength="0" historyAllowed="false"><annotations/></attribute></attributes><associations><association name="policyHolderEntityChoice" beginX="5.65980555555556" beginY="6.70462899359809" endX="4.35030382044445" endY="6.96911111111111" target="EntityChoice" targetShapeId="Sheet.11" rimTarget="Role" rimName="player" source="PolicyHolder" cardinality="0..1" required="0" mandatory="0" blocked="0" businessName=""><annotations/></association><association name="underwritingOrganization" beginX="5.65980555555556" beginY="7.54314878417969" endX="1.4" endY="2.894" target="E_OrganizationUniversal" targetShapeId="Sheet.222" rimTarget="Role" rimName="scoper" source="PolicyHolder" cardinality="0..1" required="0" mandatory="0" blocked="0" businessName=""><annotations/></association><association name="contractHeld" beginX="7.99805555555556" beginY="6.70462899359809" endX="7.99805555555556" endY="6.70462899359809" target="Holder" targetShapeId="Sheet.55" rimTarget="Role" rimName="participation" source="PolicyHolder" cardinality="" required="0" mandatory="0" blocked="-1" businessName=""><annotations/></association><association name="indirectAuthorithyOver" beginX="6.95883333333333" beginY="7.64796375800239" endX="6.95883333333333" endY="7.64796375800239" target="IndirectAuthorithyOver2" targetShapeId="Sheet.195" rimTarget="Role" rimName="outboundLink" source="PolicyHolder" cardinality="" required="0" mandatory="0" blocked="-1" businessName=""><annotations/></association></associations></class><class name="Holder" type="Participation" rimName="Participation"><graphics shapeId="Sheet.55" width="3.21194444444445" height="0.303152281358507" x="9.60402777777778" y="7.17425894124349" beginX="11.21" beginY="7.64388888888889" endX="7.99805555555556" endY="6.70462899359809" arrowWidth="66 in."/><annotations/><attributes><attribute name="typeCode" rimClassName="Participation" datatype="CS" cardinality="1..1" conformance="R" mandatory="true" strength="CNE" codeSystem="ParticipationType" domainCode="HLD" maxLength="0" historyAllowed="false"><annotations/></attribute></attributes><associations><association name="policyOrProgram" beginX="11.21" beginY="7.64388888888889" endX="11.21" endY="7.64388888888889" target="PolicyOrProgram" targetShapeId="Sheet.92" rimTarget="Participation" rimName="act" source="Holder" cardinality="" required="0" mandatory="0" blocked="-1" businessName=""><annotations/></association><association name="policyHolder" beginX="7.99805555555556" beginY="6.70462899359809" endX="7.99805555555556" endY="6.70462899359809" target="PolicyHolder" targetShapeId="Sheet.61" rimTarget="Participation" rimName="role" source="Holder" cardinality="1..1" required="0" mandatory="0" blocked="0" businessName=""><annotations/></association></associations></class><class name="PolicyOrProgram" type="Act" rimName="FinancialContract"><graphics shapeId="Sheet.92" width="3.8" height="8.3" x="13.11" y="5.98388888888889" flipX="FALSE" flipY="FALSE" autoWidth="0" autoHeight="0"/><annotations/><attributes><attribute name="classCode" rimClassName="Act" datatype="CS" cardinality="1..1" conformance="R" mandatory="true" strength="CNE" codeSystem="ActClass" domainCode="COV" maxLength="0" historyAllowed="false"><annotations/></attribute><attribute name="moodCode" rimClassName="Act" datatype="CS" cardinality="1..1" conformance="R" mandatory="true" strength="CNE" codeSystem="ActMood" domainCode="EVN" maxLength="0" historyAllowed="false"><annotations/></attribute><attribute name="id" rimClassName="Act" datatype="DSET&lt;II&gt;" cardinality="0..*" conformance="R" mandatory="false" maxLength="0" historyAllowed="false" businessName=" (identifier for this instance of a policy or program) (e.g.,&#xA;   group identifier"><annotations/></attribute><attribute name="code" rimClassName="Act" datatype="CD" cardinality="1..1" conformance="R" mandatory="true" strength="CWE" conceptDomain="ActCoverageTypeCode" maxLength="0" historyAllowed="false"><annotations/></attribute><attribute name="statusCode" rimClassName="Act" datatype="CS" cardinality="0..1" conformance="" mandatory="false" strength="CNE" valueSet="ActStatus" maxLength="0" historyAllowed="false"><annotations/></attribute><attribute name="effectiveTime" rimClassName="Act" datatype="IVL&lt;TS&gt;" cardinality="0..1" conformance="" mandatory="false" maxLength="0" historyAllowed="false"><annotations/></attribute></attributes><associations><association name="limitation" beginX="11.21" beginY="2.66388888888889" endX="11.21" endY="2.66388888888889" target="Limitation3" targetShapeId="Sheet.286" rimTarget="Act" rimName="outboundRelationship" source="PolicyOrProgram" cardinality="0..*" required="0" mandatory="0" blocked="0" businessName=""><annotations/></association><association name="primaryPerformer" beginX="11.21" beginY="3.49388888888889" endX="11.21" endY="3.49388888888889" target="PrimaryPerformer" targetShapeId="Sheet.133" rimTarget="Act" rimName="participation" source="PolicyOrProgram" cardinality="0..*" required="0" mandatory="0" blocked="0" businessName=""><annotations/></association><association name="responsibleParty" beginX="11.21" beginY="5.98388888888889" endX="11.21" endY="5.98388888888889" target="ResponsibleParty1" targetShapeId="Sheet.127" rimTarget="Act" rimName="participation" source="PolicyOrProgram" cardinality="0..1" required="0" mandatory="0" blocked="0" businessName=""><annotations/></association><association name="holder" beginX="11.21" beginY="7.64388888888889" endX="11.21" endY="7.64388888888889" target="Holder" targetShapeId="Sheet.55" rimTarget="Act" rimName="participation" source="PolicyOrProgram" cardinality="0..1" required="0" mandatory="0" blocked="0" businessName=""><annotations/></association><association name="coveredParty" beginX="11.21" beginY="9.30388888888889" endX="11.21" endY="9.30388888888889" target="CoveredParty2" targetShapeId="Sheet.49" rimTarget="Act" rimName="participation" source="PolicyOrProgram" cardinality="1..1" required="-1" mandatory="0" blocked="0" businessName=""><annotations/></association><association name="coverage" beginX="15.01" beginY="6.81388888888889" endX="15.01" endY="6.81388888888889" target="Coverage2" targetShapeId="Sheet.115" rimTarget="Act" rimName="outboundRelationship" source="PolicyOrProgram" cardinality="0..*" required="0" mandatory="0" blocked="0" businessName=""><annotations/></association><association name="replacementOf" beginX="11.97" beginY="1.83388888888889" endX="11.97" endY="1.83388888888889" target="ReplacementOf" targetShapeId="Sheet.96" rimTarget="Act" rimName="outboundRelationship" source="PolicyOrProgram" cardinality="0..1" required="0" mandatory="0" blocked="0" businessName=""><annotations/></association><association name="definition" beginX="14.25" beginY="1.83388888888889" endX="14.25" endY="1.83388888888889" target="Definition2" targetShapeId="Sheet.238" rimTarget="Act" rimName="outboundRelationship" source="PolicyOrProgram" cardinality="0..1" required="0" mandatory="0" blocked="0" businessName=""><annotations/></association><association name="componentOf" beginX="13.11" beginY="10.1338888888889" endX="13.11" endY="10.1338888888889" target="Component" targetShapeId="Sheet.232" rimTarget="Act" rimName="inboundRelationship" source="PolicyOrProgram" cardinality="" required="0" mandatory="0" blocked="-1" businessName=""><annotations/></association></associations></class><class name="Limitation3" type="ActRelationship" rimName="ActRelationship"><graphics shapeId="Sheet.286" width="1.92600143280892" height="0.303152281358507" x="10.2469992835955" y="1.93457588080512" beginX="11.21" beginY="2.66388888888889" endX="9.28399856719108" endY="1.20526287272135" arrowWidth="66 in."/><annotations/><attributes><attribute name="typeCode" rimClassName="ActRelationship" datatype="CS" cardinality="1..1" conformance="R" mandatory="true" strength="CNE" codeSystem="ActRelationshipType" domainCode="LIMIT" maxLength="0" historyAllowed="false"><annotations/></attribute></attributes><associations><association name="policyOrProgram" beginX="11.21" beginY="2.66388888888889" endX="11.21" endY="2.66388888888889" target="PolicyOrProgram" targetShapeId="Sheet.92" rimTarget="ActRelationship" rimName="source" source="Limitation3" cardinality="" required="0" mandatory="0" blocked="-1" businessName=""><annotations/></association><association name="coverageLimitObservation" beginX="9.28399856719108" beginY="1.20526287272135" endX="9.28399856719108" endY="1.20526287272135" target="CoverageLimitObservation" targetShapeId="Sheet.282" rimTarget="ActRelationship" rimName="target" source="Limitation3" cardinality="1..1" required="0" mandatory="0" blocked="0" businessName=""><annotations/></association></associations></class><class name="CoverageLimitObservation" type="Act" rimName="Observation"><graphics shapeId="Sheet.282" width="3.16799713438216" height="1.31579042426215" x="7.7" y="1.6" flipX="FALSE" flipY="FALSE" autoWidth="1" autoHeight="1"/><annotations/><attributes><attribute name="classCode" rimClassName="Act" datatype="CS" cardinality="1..1" conformance="R" mandatory="true" strength="CNE" codeSystem="ActClass" domainCode="OBS" maxLength="0" historyAllowed="false"><annotations/></attribute><attribute name="moodCode" rimClassName="Act" datatype="CS" cardinality="1..1" conformance="R" mandatory="true" strength="CNE" codeSystem="ActMood" domainCode="DEF" maxLength="0" historyAllowed="false"><annotations/></attribute><attribute name="id" rimClassName="Act" datatype="DSET&lt;II&gt;" cardinality="0..*" conformance="" mandatory="false" maxLength="0" historyAllowed="false"><annotations/></attribute><attribute name="code" rimClassName="Act" datatype="CD" cardinality="0..1" conformance="R" mandatory="false" strength="CWE" conceptDomain="ActCoverageLimitObservationCode" maxLength="0" historyAllowed="false" businessName="e.g., Coverage Level"><annotations/></attribute><attribute name="effectiveTime" rimClassName="Act" datatype="IVL&lt;TS&gt;" cardinality="0..1" conformance="" mandatory="false" maxLength="0" historyAllowed="false"><annotations/></attribute><attribute name="value" rimClassName="Observation" datatype="CD" cardinality="0..1" conformance="R" mandatory="false" strength="CWE" conceptDomain="CoverageLimitObservationValue" maxLength="0" historyAllowed="false" businessName="e.g., family, employee only, employee and children"><annotations/></attribute></attributes><associations><association name="limitationOf" beginX="9.28399856719108" beginY="1.20526287272135" endX="9.28399856719108" endY="1.20526287272135" target="Limitation3" targetShapeId="Sheet.286" rimTarget="Act" rimName="inboundRelationship" source="CoverageLimitObservation" cardinality="" required="0" mandatory="0" blocked="-1" businessName=""><annotations/></association></associations></class><class name="PrimaryPerformer" type="Participation" rimName="Participation"><graphics shapeId="Sheet.133" width="2.95" height="0.303152281358507" x="9.735" y="3.8225" beginX="11.21" beginY="3.49388888888889" endX="8.26" endY="4.15111111111111" arrowWidth="66 in."/><annotations/><attributes><attribute name="typeCode" rimClassName="Participation" datatype="CS" cardinality="1..1" conformance="R" mandatory="true" strength="CNE" codeSystem="ParticipationType" domainCode="PPRF" maxLength="0" historyAllowed="false"><annotations/></attribute></attributes><associations><association name="policyOrProgram" beginX="11.21" beginY="3.49388888888889" endX="11.21" endY="3.49388888888889" target="PolicyOrProgram" targetShapeId="Sheet.92" rimTarget="Participation" rimName="act" source="PrimaryPerformer" cardinality="" required="0" mandatory="0" blocked="-1" businessName=""><annotations/></association><association name="payor" beginX="8.26" beginY="4.15111111111111" endX="8.26" endY="4.15111111111111" target="Payor" targetShapeId="Sheet.14" rimTarget="Participation" rimName="role" source="PrimaryPerformer" cardinality="1..1" required="0" mandatory="0" blocked="0" businessName=""><annotations/></association></associations></class><class name="ResponsibleParty1" type="Participation" rimName="Participation"><graphics shapeId="Sheet.127" width="2.95" height="0.303152281358507" x="9.735" y="5.59581251207634" beginX="11.21" beginY="5.98388888888889" endX="8.26" endY="5.2077361352638" arrowWidth="66 in."/><annotations/><attributes><attribute name="typeCode" rimClassName="Participation" datatype="CS" cardinality="1..1" conformance="R" mandatory="true" strength="CNE" codeSystem="ParticipationType" domainCode="RESP" maxLength="0" historyAllowed="false"><annotations/></attribute></attributes><associations><association name="policyOrProgram" beginX="11.21" beginY="5.98388888888889" endX="11.21" endY="5.98388888888889" target="PolicyOrProgram" targetShapeId="Sheet.92" rimTarget="Participation" rimName="act" source="ResponsibleParty1" cardinality="" required="0" mandatory="0" blocked="-1" businessName=""><annotations/></association><association name="sponsor" beginX="8.26" beginY="5.2077361352638" endX="8.26" endY="5.2077361352638" target="Sponsor" targetShapeId="Sheet.150" rimTarget="Participation" rimName="role" source="ResponsibleParty1" cardinality="1..1" required="0" mandatory="0" blocked="0" businessName=""><annotations/></association></associations></class><class name="Sponsor" type="Role" rimName="RoleHeir"><graphics shapeId="Sheet.150" width="2.32821428571429" height="1.22921871980914" x="7.09589285714286" y="5.57650175120654" flipX="TRUE" flipY="FALSE" autoWidth="0" autoHeight="0"/><annotations/><attributes><attribute name="classCode" rimClassName="Role" datatype="CS" cardinality="1..1" conformance="R" mandatory="true" strength="CNE" codeSystem="RoleClass" domainCode="SPNSR" maxLength="0" historyAllowed="false"><annotations/></attribute><attribute name="id" rimClassName="Role" datatype="DSET&lt;II&gt;" cardinality="0..*" conformance="R" mandatory="false" maxLength="0" historyAllowed="false"><annotations/></attribute><attribute name="code" rimClassName="Role" datatype="CD" cardinality="0..1" conformance="" mandatory="false" strength="CWE" conceptDomain="RoleCode" maxLength="0" historyAllowed="false"><annotations/></attribute><attribute name="name" rimClassName="Role" datatype="COLL&lt;ON&gt;" cardinality="0..*" conformance="" mandatory="false" maxLength="0" historyAllowed="false"><annotations/></attribute><attribute name="addr" rimClassName="Role" datatype="COLL&lt;AD&gt;" cardinality="0..*" conformance="" mandatory="false" maxLength="0" historyAllowed="false"><annotations/></attribute><attribute name="telecom" rimClassName="Role" datatype="COLL&lt;TEL&gt;" cardinality="0..*" conformance="" mandatory="false" maxLength="0" historyAllowed="false"><annotations/></attribute><attribute name="effectiveTime" rimClassName="Role" datatype="IVL&lt;TS&gt;" cardinality="0..1" conformance="" mandatory="false" maxLength="0" historyAllowed="false"><annotations/></attribute></attributes><associations><association name="sponsorOrganization" beginX="8.02717857142857" beginY="5.08481426328289" endX="3.2" endY="3.341" target="E_OrganizationUniversal" targetShapeId="Sheet.222" rimTarget="Role" rimName="player" source="Sponsor" cardinality="0..1" required="0" mandatory="0" blocked="0" businessName=""><annotations/></association><association name="responsibleFor" beginX="8.26" beginY="5.2077361352638" endX="8.26" endY="5.2077361352638" target="ResponsibleParty1" targetShapeId="Sheet.127" rimTarget="Role" rimName="participation" source="Sponsor" cardinality="" required="0" mandatory="0" blocked="-1" businessName=""><annotations/></association></associations></class><class name="CoveredParty2" type="Participation" rimName="Participation"><graphics shapeId="Sheet.49" width="3.48932478858963" height="0.436485106065539" x="9.46533760570519" y="9.52750377799273" beginX="11.21" beginY="9.30388888888889" endX="7.72067521141037" endY="9.75111866709656" arrowWidth="66 in."/><annotations/><attributes><attribute name="typeCode" rimClassName="Participation" datatype="CS" cardinality="1..1" conformance="R" mandatory="true" strength="CNE" codeSystem="ParticipationType" domainCode="COV" maxLength="0" historyAllowed="false"><annotations/></attribute><attribute name="negationInd" rimClassName="Participation" datatype="BL" cardinality="0..1" conformance="" mandatory="false" default="True" maxLength="0" historyAllowed="false" businessName="P/P is not applicable to encounter"><description>If the optional negationInd is sent, the value should be "true".  The receiving application will interpret this as meaning that the coverage participation is negated.  If the optional negationInd is not sent, then the receiving application assumes the negationInd value is "false" meaning that the participation is correct.</description><annotations><description>If the optional negationInd is sent, the value should be "true".  The receiving application will interpret this as meaning that the coverage participation is negated.  If the optional negationInd is not sent, then the receiving application assumes the negationInd value is "false" meaning that the participation is correct.</description></annotations></attribute></attributes><associations><association name="policyOrProgram" beginX="11.21" beginY="9.30388888888889" endX="11.21" endY="9.30388888888889" target="PolicyOrProgram" targetShapeId="Sheet.92" rimTarget="Participation" rimName="act" source="CoveredParty2" cardinality="" required="0" mandatory="0" blocked="-1" businessName=""><annotations/></association><association name="coveredParty" beginX="7.72067521141037" beginY="9.75111866709656" endX="7.72067521141037" endY="9.75111866709656" target="CoveredParty" targetShapeId="Sheet.34" rimTarget="Participation" rimName="role" source="CoveredParty2" cardinality="1..1" required="-1" mandatory="0" blocked="0" businessName=""><annotations/></association></associations></class><class name="Coverage2" type="ActRelationship" rimName="ActRelationship"><graphics shapeId="Sheet.115" width="1.40010620420638" height="0.436485106065539" x="15.7100531021032" y="6.80694444444445" beginX="15.01" beginY="6.81388888888889" endX="16.3292317354077" endY="6.8" arrowWidth="66 in."/><annotations/><attributes><attribute name="typeCode" rimClassName="ActRelationship" datatype="CS" cardinality="1..1" conformance="R" mandatory="true" strength="CNE" codeSystem="ActRelationshipType" domainCode="COVBY" maxLength="0" historyAllowed="false"><annotations/></attribute><attribute name="negationInd" rimClassName="ActRelationship" datatype="BL" cardinality="0..1" conformance="" mandatory="false" maxLength="0" historyAllowed="false"><annotations/></attribute></attributes><associations><association name="policyOrProgram" beginX="15.01" beginY="6.81388888888889" endX="15.01" endY="6.81388888888889" target="PolicyOrProgram" targetShapeId="Sheet.92" rimTarget="ActRelationship" rimName="source" source="Coverage2" cardinality="" required="0" mandatory="0" blocked="-1" businessName=""><annotations/></association><association name="benefit" beginX="16.3292317354077" beginY="6.8" endX="16.3292317354077" endY="6.8" target="Benefit" targetShapeId="Sheet.207" rimTarget="ActRelationship" rimName="target" source="Coverage2" cardinality="1..1" required="0" mandatory="0" blocked="0" businessName=""><annotations/></association></associations></class><class name="Benefit" type="Act" rimName="ActHeir"><graphics shapeId="Sheet.207" width="3.18042541807357" height="1.04912477484809" x="17.9194444444444" y="6.8" flipX="FALSE" flipY="FALSE" autoWidth="1" autoHeight="1"/><annotations/><attributes><attribute name="classCode" rimClassName="Act" datatype="CS" cardinality="1..1" conformance="R" mandatory="true" strength="CNE" codeSystem="ActClass" domainCode="PCPR" maxLength="0" historyAllowed="false"><annotations/></attribute><attribute name="moodCode" rimClassName="Act" datatype="CS" cardinality="1..1" conformance="R" mandatory="true" strength="CNE" valueSet="ActMoodCompletionTrack" maxLength="0" historyAllowed="false"><annotations/></attribute><attribute name="code" rimClassName="Act" datatype="CD" cardinality="0..1" conformance="R" mandatory="false" strength="CWE" conceptDomain="x_ActBillableCode" maxLength="0" historyAllowed="false"><annotations/></attribute><attribute name="negationInd" rimClassName="Act" datatype="BL" cardinality="0..1" conformance="" mandatory="false" maxLength="0" historyAllowed="false"><annotations/></attribute><attribute name="effectiveTime" rimClassName="Act" datatype="IVL&lt;TS&gt;" cardinality="0..1" conformance="" mandatory="false" maxLength="0" historyAllowed="false"><annotations/></attribute><attribute name="reasonCode" rimClassName="Act" datatype="DSET&lt;CD&gt;" cardinality="0..*" conformance="" mandatory="false" strength="CWE" conceptDomain="ActCoverageReason" maxLength="0" historyAllowed="false"><annotations/></attribute></attributes><associations><association name="coverageOf" beginX="16.3292317354077" beginY="6.8" endX="16.3292317354077" endY="6.8" target="Coverage2" targetShapeId="Sheet.115" rimTarget="Act" rimName="inboundRelationship" source="Benefit" cardinality="" required="0" mandatory="0" blocked="-1" businessName=""><annotations/></association><association name="limitation" beginX="18.2374869862518" beginY="6.27543761257596" endX="18.2374869862518" endY="6.27543761257596" target="Limitation" targetShapeId="Sheet.211" rimTarget="Act" rimName="outboundRelationship" source="Benefit" cardinality="0..*" required="0" mandatory="0" blocked="0" businessName=""><annotations/></association><association name="definition" beginX="17.9194444444444" beginY="7.32456238742405" endX="17.9194444444444" endY="7.32456238742405" target="Definition" targetShapeId="Sheet.121" rimTarget="Act" rimName="outboundRelationship" source="Benefit" cardinality="0..*" required="0" mandatory="0" blocked="0" businessName=""><annotations/></association></associations></class><class name="Limitation" type="ActRelationship" rimName="ActRelationship"><graphics shapeId="Sheet.211" width="0.746548723687066" height="1.17007232969466" x="17.8805490486815" y="5.90216325073242" beginX="18.2374869862518" beginY="6.27543761257596" endX="17.5236111111111" endY="5.52888888888889" arrowWidth="66 in."/><annotations/><attributes><attribute name="typeCode" rimClassName="ActRelationship" datatype="CS" cardinality="1..1" conformance="R" mandatory="true" strength="CNE" codeSystem="ActRelationshipType" domainCode="LIMIT" maxLength="0" historyAllowed="false"><annotations/></attribute></attributes><associations><association name="benefit" beginX="18.2374869862518" beginY="6.27543761257596" endX="18.2374869862518" endY="6.27543761257596" target="Benefit" targetShapeId="Sheet.207" rimTarget="ActRelationship" rimName="source" source="Limitation" cardinality="" required="0" mandatory="0" blocked="-1" businessName=""><annotations/></association><association name="coverageChargeChoice" beginX="17.5236111111111" beginY="5.52888888888889" endX="17.5236111111111" endY="5.52888888888889" target="CoverageChargeChoice" targetShapeId="Sheet.139" rimTarget="ActRelationship" rimName="target" source="Limitation" cardinality="1..1" required="0" mandatory="0" blocked="0" businessName=""><annotations/></association></associations></class><class name="CoverageChargeChoice" type="Choice" rimName="Act"><graphics shapeId="Sheet.139" width="3.54161241419444" height="3.26222222222222" x="17.5236111111111" y="3.89777777777778" flipX="GUARD(FALSE)" flipY="GUARD(FALSE)" vertical="1" autoWidth="1" autoHeight="1"/><annotations/><children><childClass name="CoverageCharge" shapeId="Sheet.218"/><childClass name="FinancialParticipationCharge" shapeId="Sheet.141"/></children><associations><association name="limitationOf" beginX="17.5236111111111" beginY="5.52888888888889" endX="17.5236111111111" endY="5.52888888888889" target="Limitation" targetShapeId="Sheet.211" rimTarget="Act" rimName="inboundRelationship" source="CoverageChargeChoice" cardinality="" required="0" mandatory="0" blocked="-1" businessName=""><annotations/></association></associations></class><class name="CoverageCharge" type="Act" rimName="InvoiceElement"><graphics shapeId="Sheet.218" width="2.56892944639388" height="1.44879823676215" x="17.1067142835829" y="4.55448977050781" flipX="FALSE" flipY="FALSE" autoWidth="1" autoHeight="1"/><annotations/><attributes><attribute name="classCode" rimClassName="Act" datatype="CS" cardinality="1..1" conformance="R" mandatory="true" strength="CNE" codeSystem="ActClass" domainCode="INVE" maxLength="0" historyAllowed="false"><annotations/></attribute><attribute name="moodCode" rimClassName="Act" datatype="CS" cardinality="1..1" conformance="R" mandatory="true" strength="CNE" codeSystem="ActMood" domainCode="CRT" maxLength="0" historyAllowed="false"><annotations/></attribute><attribute name="id" rimClassName="Act" datatype="DSET&lt;II&gt;" cardinality="0..*" conformance="" mandatory="false" maxLength="0" historyAllowed="false"><annotations/></attribute><attribute name="code" rimClassName="Act" datatype="CD" cardinality="0..1" conformance="R" mandatory="false" strength="CWE" conceptDomain="ActCoverageLimitCode" maxLength="0" historyAllowed="false"><annotations/></attribute><attribute name="effectiveTime" rimClassName="Act" datatype="IVL&lt;TS&gt;" cardinality="0..1" conformance="" mandatory="false" maxLength="0" historyAllowed="false"><annotations/></attribute><attribute name="unitQuantity" rimClassName="InvoiceElement" datatype="RTO&lt;PQ,PQ&gt;" cardinality="0..1" conformance="" mandatory="false" maxLength="0" historyAllowed="false"><annotations/></attribute><attribute name="unitPriceAmt" rimClassName="InvoiceElement" datatype="RTO&lt;MO,PQ&gt;" cardinality="0..1" conformance="" mandatory="false" maxLength="0" historyAllowed="false"><annotations/></attribute><attribute name="netAmt" rimClassName="InvoiceElement" datatype="MO" cardinality="0..1" conformance="" mandatory="false" maxLength="0" historyAllowed="false"><annotations/></attribute><attribute name="factorNumber" rimClassName="InvoiceElement" datatype="REAL" cardinality="0..1" conformance="" mandatory="false" maxLength="0" historyAllowed="false"><annotations/></attribute></attributes></class><class name="FinancialParticipationCharge" type="Act" rimName="InvoiceElement"><graphics shapeId="Sheet.141" width="3.4336183196849" height="1.31546541205512" x="17.5390587202284" y="3.04735794609918" flipX="FALSE" flipY="FALSE" autoWidth="1" autoHeight="1"/><annotations/><attributes><attribute name="classCode" rimClassName="Act" datatype="CS" cardinality="1..1" conformance="R" mandatory="true" strength="CNE" codeSystem="ActClass" domainCode="INVE" maxLength="0" historyAllowed="false"><annotations/></attribute><attribute name="moodCode" rimClassName="Act" datatype="CS" cardinality="1..1" conformance="R" mandatory="true" strength="CNE" codeSystem="ActMood" domainCode="CRT" maxLength="0" historyAllowed="false"><annotations/></attribute><attribute name="code" rimClassName="Act" datatype="CD" cardinality="0..1" conformance="R" mandatory="false" strength="CWE" conceptDomain="ActInvoiceDetailGenericAdjudicatorCode" maxLength="0" historyAllowed="false" businessName="copay, coinsurance, dedcutible"><annotations/></attribute><attribute name="effectiveTime" rimClassName="Act" datatype="IVL&lt;TS&gt;" cardinality="0..1" conformance="" mandatory="false" maxLength="0" historyAllowed="false"><annotations/></attribute><attribute name="unitQuantity" rimClassName="InvoiceElement" datatype="RTO&lt;PQ,PQ&gt;" cardinality="0..1" conformance="" mandatory="false" maxLength="0" historyAllowed="false"><annotations/></attribute><attribute name="unitPriceAmt" rimClassName="InvoiceElement" datatype="RTO&lt;MO,PQ&gt;" cardinality="0..1" conformance="" mandatory="false" maxLength="0" historyAllowed="false"><annotations/></attribute><attribute name="netAmt" rimClassName="InvoiceElement" datatype="MO" cardinality="0..1" conformance="" mandatory="false" maxLength="0" historyAllowed="false"><annotations/></attribute></attributes></class><class name="Definition" type="ActRelationship" rimName="ActRelationship"><graphics shapeId="Sheet.121" width="0.561548723687076" height="1.13920379942122" x="17.6895833333333" y="7.60533674926758" beginX="17.9194444444444" beginY="7.32456238742405" endX="17.4597222222222" endY="7.88611111111112" arrowWidth="66 in."/><annotations/><attributes><attribute name="typeCode" rimClassName="ActRelationship" datatype="CS" cardinality="1..1" conformance="R" mandatory="true" strength="CNE" codeSystem="ActRelationshipType" domainCode="INST" maxLength="0" historyAllowed="false"><annotations/></attribute></attributes><associations><association name="benefit" beginX="17.9194444444444" beginY="7.32456238742405" endX="17.9194444444444" endY="7.32456238742405" target="Benefit" targetShapeId="Sheet.207" rimTarget="ActRelationship" rimName="source" source="Definition" cardinality="" required="0" mandatory="0" blocked="-1" businessName=""><annotations/></association><association name="benefitChoice" beginX="17.4597222222222" beginY="7.88611111111112" endX="17.4597222222222" endY="7.88611111111112" target="BenefitChoice" targetShapeId="Sheet.9" rimTarget="ActRelationship" rimName="target" source="Definition" cardinality="1..1" required="0" mandatory="0" blocked="0" businessName=""><annotations/></association></associations></class><class name="BenefitChoice" type="Choice" rimName="Act"><graphics shapeId="Sheet.9" width="2.34044053919445" height="3.38333333333332" x="17.4597222222222" y="9.57777777777778" flipX="GUARD(FALSE)" flipY="GUARD(FALSE)" vertical="1" autoWidth="0" autoHeight="0"/><annotations/><notes><Note name="Sheet.84" type="Note" noteType="Note"><graphics shapeId="Sheet.84" connectedShape="Sheet.9" x="17.4763888888889" y="11.8388888888889" width="1.89586892325477" height="0.722319679090712" beginX="0.947934461627387" beginY="0.361159839545356" endX="1.39935590279961" endY="-0.208284604899093"/><annotations/><notes><text>The A_SupportingClinicalStatement 
and A_TransportationCMETs will be 
replaced with the A_CareStatement 
CMET RM00100 in DEF ActMood</text></notes></Note></notes><children><childClass name="ServiceDefinition" shapeId="Sheet.266"/><childClass name="A_BillableUniversal" shapeId="Sheet.260"/><childClass name="A_SupportingClinicalStatementUniversal" shapeId="Sheet.13"/><childClass name="A_TransportationUniversal" shapeId="Sheet.186"/></children><associations><association name="instantiation" beginX="17.4597222222222" beginY="7.88611111111112" endX="17.4597222222222" endY="7.88611111111112" target="Definition" targetShapeId="Sheet.121" rimTarget="Act" rimName="inboundRelationship" source="BenefitChoice" cardinality="" required="0" mandatory="0" blocked="-1" businessName=""><annotations/></association></associations></class><class name="ServiceDefinition" type="Act" rimName="ActHeir"><graphics shapeId="Sheet.266" width="2.16755844419662" height="0.75" x="17.4751698313395" y="10.6444444444444" flipX="FALSE" flipY="FALSE" autoWidth="1" autoHeight="1"/><annotations/><attributes><attribute name="classCode" rimClassName="Act" datatype="CS" cardinality="1..1" conformance="R" mandatory="true" strength="CNE" codeSystem="ActClass" domainCode="ACT" maxLength="0" historyAllowed="false"><annotations/></attribute><attribute name="moodCode" rimClassName="Act" datatype="CS" cardinality="1..1" conformance="R" mandatory="true" strength="CNE" codeSystem="ActMood" domainCode="DEF" maxLength="0" historyAllowed="false"><annotations/></attribute><attribute name="code" rimClassName="Act" datatype="CD" cardinality="0..1" conformance="" mandatory="false" strength="CWE" conceptDomain="ActBillableCode" maxLength="0" historyAllowed="false"><annotations/></attribute></attributes></class><class name="A_BillableUniversal" cmetId="COCT_MT280000UV" cmetType="Act" attLevel="universal" domain="ActClass" mnemonic="ACT" type="CMET" rimName="ActHeir" id="COCT_MT280000UV"><graphics shapeId="Sheet.260" width="1.16131675175955" height="0.627825234646268" x="16.9951603285048" y="9.83053182712131" flipX="FALSE" flipY="FALSE" autoWidth="1" autoHeight="1"/><annotations/></class><class name="A_SupportingClinicalStatementUniversal" cmetId="COCT_MT530000UV" cmetType="Act" attLevel="universal" domain="ActClass" mnemonic="ACT" type="CMET" rimName="ActHeir" id="COCT_MT530000UV"><graphics shapeId="Sheet.13" width="1.87059104375174" height="0.627825234646268" x="17.3497974745009" y="9.07770659247504" flipX="FALSE" flipY="FALSE" autoWidth="1" autoHeight="1"/><annotations/></class><class name="A_TransportationUniversal" cmetId="COCT_MT060000UV" cmetType="Act" attLevel="universal" domain="ActClass" mnemonic="TRNS" type="CMET" rimName="ActHeir" id="COCT_MT060000UV"><graphics shapeId="Sheet.186" width="1.16131675175955" height="0.627825234646268" x="16.9951603285048" y="8.32488135782877" flipX="FALSE" flipY="FALSE" autoWidth="1" autoHeight="1"/><annotations/></class><class name="ReplacementOf" type="ActRelationship" rimName="ActRelationship"><graphics shapeId="Sheet.96" width="0.785044308810764" height="1.18250061338607" x="11.7754397886666" y="1.44136673448351" beginX="11.97" beginY="1.83388888888889" endX="11.5808795773333" endY="1.04884458007813" arrowWidth="66 in."/><annotations/><attributes><attribute name="typeCode" rimClassName="ActRelationship" datatype="CS" cardinality="1..1" conformance="R" mandatory="true" strength="CNE" codeSystem="ActRelationshipType" domainCode="RPLC" maxLength="0" historyAllowed="false"><annotations/></attribute></attributes><associations><association name="policyOrProgram" beginX="11.97" beginY="1.83388888888889" endX="11.97" endY="1.83388888888889" target="PolicyOrProgram" targetShapeId="Sheet.92" rimTarget="ActRelationship" rimName="source" source="ReplacementOf" cardinality="" required="0" mandatory="0" blocked="-1" businessName=""><annotations/></association><association name="previousPolicyOrProgram" beginX="11.5808795773333" beginY="1.04884458007813" endX="11.5808795773333" endY="1.04884458007813" target="PreviousPolicyOrProgram" targetShapeId="Sheet.102" rimTarget="ActRelationship" rimName="target" source="ReplacementOf" cardinality="1..1" required="0" mandatory="0" blocked="0" businessName=""><annotations/></association></associations></class><class name="PreviousPolicyOrProgram" type="Act" rimName="FinancialContract"><graphics shapeId="Sheet.102" width="2.29120422666732" height="0.915466937934028" x="11.81" y="0.591111111111111" flipX="FALSE" flipY="FALSE" autoWidth="1" autoHeight="1"/><annotations/><attributes><attribute name="classCode" rimClassName="Act" datatype="CS" cardinality="1..1" conformance="R" mandatory="true" strength="CNE" codeSystem="ActClass" domainCode="COV" maxLength="0" historyAllowed="false"><annotations/></attribute><attribute name="moodCode" rimClassName="Act" datatype="CS" cardinality="1..1" conformance="R" mandatory="true" strength="CNE" codeSystem="ActMood" domainCode="EVN" maxLength="0" historyAllowed="false"><annotations/></attribute><attribute name="id" rimClassName="Act" datatype="DSET&lt;II&gt;" cardinality="0..*" conformance="R" mandatory="false" maxLength="0" historyAllowed="false"><annotations/></attribute><attribute name="statusCode" rimClassName="Act" datatype="CS" cardinality="1..1" conformance="" mandatory="false" strength="CNE" conceptDomain="_NotDefined" maxLength="0" historyAllowed="false"><annotations/></attribute><attribute name="effectiveTime" rimClassName="Act" datatype="IVL&lt;TS&gt;" cardinality="0..1" conformance="" mandatory="false" maxLength="0" historyAllowed="false"><annotations/></attribute></attributes><associations><association name="replacement" beginX="11.5808795773333" beginY="1.04884458007813" endX="11.5808795773333" endY="1.04884458007813" target="ReplacementOf" targetShapeId="Sheet.96" rimTarget="Act" rimName="inboundRelationship" source="PreviousPolicyOrProgram" cardinality="" required="0" mandatory="0" blocked="-1" businessName=""><annotations/></association></associations></class><class name="Definition2" type="ActRelationship" rimName="ActRelationship"><graphics shapeId="Sheet.238" width="0.775762624782987" height="1.13920379942122" x="14.4319247062014" y="1.4460075764974" beginX="14.25" beginY="1.83388888888889" endX="14.6138494124027" endY="1.0581262641059" arrowWidth="66 in."/><annotations/><attributes><attribute name="typeCode" rimClassName="ActRelationship" datatype="CS" cardinality="1..1" conformance="R" mandatory="true" strength="CNE" codeSystem="ActRelationshipType" domainCode="INST" maxLength="0" historyAllowed="false"><annotations/></attribute></attributes><associations><association name="policyOrProgram" beginX="14.25" beginY="1.83388888888889" endX="14.25" endY="1.83388888888889" target="PolicyOrProgram" targetShapeId="Sheet.92" rimTarget="ActRelationship" rimName="source" source="Definition2" cardinality="" required="0" mandatory="0" blocked="-1" businessName=""><annotations/></association><association name="coverageDefinition" beginX="14.6138494124027" beginY="1.0581262641059" endX="14.6138494124027" endY="1.0581262641059" target="CoverageDefinition" targetShapeId="Sheet.250" rimTarget="ActRelationship" rimName="target" source="Definition2" cardinality="1..1" required="0" mandatory="0" blocked="0" businessName=""><annotations/></association></associations></class><class name="CoverageDefinition" type="Act" rimName="FinancialContract"><graphics shapeId="Sheet.250" width="3.40595032041732" height="1.04847475043403" x="14.9544444444444" y="0.533888888888889" flipX="FALSE" flipY="FALSE" autoWidth="1" autoHeight="1"/><annotations/><attributes><attribute name="classCode" rimClassName="Act" datatype="CS" cardinality="1..1" conformance="R" mandatory="true" strength="CNE" codeSystem="ActClass" domainCode="COV" maxLength="0" historyAllowed="false"><annotations/></attribute><attribute name="moodCode" rimClassName="Act" datatype="CS" cardinality="1..1" conformance="R" mandatory="true" strength="CNE" codeSystem="ActMood" domainCode="DEF" maxLength="0" historyAllowed="false"><annotations/></attribute><attribute name="id" rimClassName="Act" datatype="DSET&lt;II&gt;" cardinality="0..*" conformance="R" mandatory="false" maxLength="0" historyAllowed="false" businessName=" (identifier assigned to the policy or program master document by&#xA;   a jurisdictional regulator of insurance products, e.g., plan&#xA;   identifer"><annotations/></attribute></attributes><associations><association name="instantiation" beginX="14.6138494124027" beginY="1.0581262641059" endX="14.6138494124027" endY="1.0581262641059" target="Definition2" targetShapeId="Sheet.238" rimTarget="Act" rimName="inboundRelationship" source="CoverageDefinition" cardinality="" required="0" mandatory="0" blocked="-1" businessName=""><annotations/></association></associations></class><class name="Component" type="ActRelationship" rimName="ActRelationship"><graphics shapeId="Sheet.232" width="0.632822340901694" height="2.15172745054427" x="13.01" y="10.4503000593397" beginX="12.91" beginY="10.7667112297906" endX="13.11" endY="10.1338888888889" arrowWidth="66 in."/><annotations/><attributes><attribute name="typeCode" rimClassName="ActRelationship" datatype="CS" cardinality="1..1" conformance="R" mandatory="true" strength="CNE" codeSystem="ActRelationshipType" domainCode="COMP" maxLength="0" historyAllowed="false"><annotations/></attribute><attribute name="priorityNumber" rimClassName="ActRelationship" datatype="INT" cardinality="0..1" conformance="" mandatory="false" maxLength="0" historyAllowed="false" businessName="prioritizes P/P"><annotations/></attribute></attributes><associations><association name="coverageRecord" beginX="12.91" beginY="10.7667112297906" endX="12.91" endY="10.7667112297906" target="CoverageRecord" targetShapeId="Sheet.228" rimTarget="ActRelationship" rimName="source" source="Component" cardinality="" required="0" mandatory="0" blocked="-1" businessName=""><annotations/></association><association name="policyOrProgram" beginX="13.11" beginY="10.1338888888889" endX="13.11" endY="10.1338888888889" target="PolicyOrProgram" targetShapeId="Sheet.92" rimTarget="ActRelationship" rimName="target" source="Component" cardinality="1..1" required="0" mandatory="0" blocked="0" businessName=""><annotations/></association></associations></class><class name="CoverageRecord" type="Act" rimName="FinancialContract"><graphics shapeId="Sheet.228" width="2.5" height="1.04879976264106" x="12.91" y="11.2911111111111" flipX="FALSE" flipY="FALSE" autoWidth="0" autoHeight="1"/><annotations/><attributes><attribute name="classCode" rimClassName="Act" datatype="CS" cardinality="1..1" conformance="R" mandatory="true" strength="CNE" codeSystem="ActClass" domainCode="COV" maxLength="0" historyAllowed="false"><annotations/></attribute><attribute name="moodCode" rimClassName="Act" datatype="CS" cardinality="1..1" conformance="R" mandatory="true" strength="CNE" codeSystem="ActMood" domainCode="EVN" maxLength="0" historyAllowed="false"><annotations/></attribute><attribute name="id" rimClassName="Act" datatype="DSET&lt;II&gt;" cardinality="0..*" conformance="" mandatory="false" maxLength="0" historyAllowed="false"><annotations/></attribute><attribute name="statusCode" rimClassName="Act" datatype="CS" cardinality="0..1" conformance="" mandatory="false" strength="CNE" valueSet="ActStatus" maxLength="0" historyAllowed="false" businessName="e.g., active, active pending investigation"><annotations/></attribute><attribute name="effectiveTime" rimClassName="Act" datatype="IVL&lt;TS&gt;" cardinality="0..1" conformance="" mandatory="false" maxLength="0" historyAllowed="false"><annotations/></attribute></attributes><associations><association name="component" beginX="12.91" beginY="10.7667112297906" endX="12.91" endY="10.7667112297906" target="Component" targetShapeId="Sheet.232" rimTarget="Act" rimName="outboundRelationship" source="CoverageRecord" cardinality="0..*" required="0" mandatory="0" blocked="0" businessName=""><annotations/></association></associations></class><entryPoint entryClass="CoverageRecord" name="A_Coverage basic" type="EntryPoint" id="COCT_RM510005UV"><graphics shapeId="Sheet.270" connectedShape="Sheet.228" width="1.89267051152517" height="1.16681310628255" beginX="12.81" beginY="12.3338888888889" endX="12.91" endY="11.8155109924316"/><annotations/><notes><text>Supports conveyance of an entity's coverage record, which may be composed of 0...* policies or programs Property-contextConductionStyle: I </text></notes></entryPoint><class name="IndirectAuthorithyOver2" type="RoleLink" rimName="RoleLink"><graphics shapeId="Sheet.195" width="0.653147353108723" height="1.37993027036849" x="6.93446837561541" y="7.97453743455675" beginX="6.95883333333333" beginY="7.64796375800239" endX="6.91010341789748" endY="8.30111111111111" arrowWidth="66 in."/><annotations/><constraints><Constraint name="Sheet.292" type="Constraint"><graphics shapeId="Sheet.292" connectedShape="Sheet.195" x="9.6965352381302" y="8.56944444444445" width="2.82397332388954" height="0.862659524197049" beginX="1.41198666194477" beginY="0.431329762098525" endX="-0.660115065385774" endY="-0.226077247789171"/><annotations/><constraints><text>invariant( x) {
  x.;Rolelink is not applicable where the covered party
 is not a dependent of the policy holder e.g., the 
claimant against the policy holder of an 
auto insurance policy.  </text></constraints></Constraint></constraints><attributes><attribute name="typeCode" rimClassName="RoleLink" datatype="CS" cardinality="1..1" conformance="R" mandatory="true" strength="CNE" codeSystem="RoleLinkType" domainCode="INDAUTH" maxLength="0" historyAllowed="false"><annotations/></attribute></attributes><associations><association name="policyHolder" beginX="6.95883333333333" beginY="7.64796375800239" endX="6.95883333333333" endY="7.64796375800239" target="PolicyHolder" targetShapeId="Sheet.61" rimTarget="RoleLink" rimName="source" source="IndirectAuthorithyOver2" cardinality="1..1" required="0" mandatory="0" blocked="0" businessName=""><annotations/></association><association name="coveredParty" beginX="6.91010341789748" beginY="8.30111111111111" endX="6.91010341789748" endY="8.30111111111111" target="CoveredParty" targetShapeId="Sheet.34" rimTarget="RoleLink" rimName="target" source="IndirectAuthorithyOver2" cardinality="" required="0" mandatory="0" blocked="-1" businessName=""><annotations/></association></associations></class><class name="E_LivingSubjectInformational" cmetId="COCT_MT030007UV" cmetType="Entity" attLevel="informational" domain="EntityClass" mnemonic="LIV" type="CMET" rimName="LivingSubject" id="COCT_MT030007UV"><graphics shapeId="Sheet.3" width="1.16131675175955" height="0.627825234646268" x="6.86153594478169" y="11.0147222222222" flipX="FALSE" flipY="FALSE" autoWidth="1" autoHeight="1"/><annotations/></class><class name="Subject2" type="Participation" rimName="Participation"><graphics shapeId="Sheet.89" width="1.4381108571543" height="0.303152281358507" x="4.29971380445692" y="9.52340988471008" beginX="3.58065837587977" beginY="9.83945393581814" endX="5.01876923303407" endY="9.20736583360202" arrowWidth="66 in."/><annotations/><attributes><attribute name="typeCode" rimClassName="Participation" datatype="CS" cardinality="1..1" conformance="R" mandatory="true" strength="CNE" codeSystem="ParticipationType" domainCode="SBJ" maxLength="0" historyAllowed="false"><annotations/></attribute></attributes><associations><association name="verification" beginX="3.58065837587977" beginY="9.83945393581814" endX="3.58065837587977" endY="9.83945393581814" target="A_VerificationUniversal" targetShapeId="Sheet.24" rimTarget="Participation" rimName="act" source="Subject2" cardinality="1..1" required="0" mandatory="0" blocked="0" businessName=""><annotations/></association><association name="coveredParty" beginX="5.01876923303407" beginY="9.20736583360202" endX="5.01876923303407" endY="9.20736583360202" target="CoveredParty" targetShapeId="Sheet.34" rimTarget="Participation" rimName="role" source="Subject2" cardinality="" required="0" mandatory="0" blocked="-1" businessName=""><annotations/></association></associations></class><class name="A_VerificationUniversal" cmetId="COCT_MT810000UV" cmetType="Act" attLevel="universal" domain="ActClass" mnemonic="VERIF" type="CMET" rimName="Observation" id="COCT_MT810000UV"><graphics shapeId="Sheet.24" width="1.16131675175955" height="0.627825234646268" x="3" y="9.71388888888889" flipX="FALSE" flipY="FALSE" autoWidth="1" autoHeight="1"/><annotations/><associations><association name="subject" beginX="3.58065837587977" beginY="9.83945393581814" endX="3.58065837587977" endY="9.83945393581814" target="Subject2" targetShapeId="Sheet.89" rimTarget="Act" rimName="participation" source="A_VerificationUniversal" cardinality="" required="0" mandatory="0" blocked="-1" businessName=""><annotations/></association></associations></class><class name="Organization" type="Entity" rimName="Organization"><graphics shapeId="Sheet.75" width="1.7937142974681" height="0.915141925726997" x="3.3902676257577" y="6.325" flipX="FALSE" flipY="FALSE" autoWidth="1" autoHeight="1"/><annotations/><attributes><attribute name="classCode" rimClassName="Entity" datatype="CS" cardinality="1..1" conformance="R" mandatory="true" strength="CNE" codeSystem="EntityClass" domainCode="ORG" maxLength="0" historyAllowed="false"><annotations/></attribute><attribute name="determinerCode" rimClassName="Entity" datatype="CS" cardinality="1..1" conformance="R" mandatory="true" strength="CNE" codeSystem="EntityDeterminer" domainCode="INSTANCE" maxLength="0" historyAllowed="false"><annotations/></attribute><attribute name="name" rimClassName="Entity" datatype="COLL&lt;ON&gt;" cardinality="1..*" conformance="R" mandatory="false" maxLength="0" historyAllowed="false"><annotations/></attribute><attribute name="telecom" rimClassName="Entity" datatype="COLL&lt;TEL&gt;" cardinality="0..*" conformance="" mandatory="false" maxLength="0" historyAllowed="false"><annotations/></attribute><attribute name="addr" rimClassName="Organization" datatype="AD" cardinality="0..1" conformance="" mandatory="false" maxLength="0" historyAllowed="false"><annotations/></attribute></attributes></class></page></pages></hl7model>
