<?xml version="1.0"?>
<hl7model rendered="7/1/2012 8:57:05 AM" datatypesRelease="R2"><pages><page name="A_Cov identified RM510001" width="7.5185353823489" height="4.16"><class name="CoveredParty" type="Role" rimName="RoleHeir"><graphics shapeId="Sheet.21" width="2.64635635679427" height="0.915141925726997" x="1.32161458383333" y="0.990555555555556" flipX="TRUE" flipY="FALSE" autoWidth="1" autoHeight="1"/><annotations/><attributes><attribute name="classCode" rimClassName="Role" datatype="CS" cardinality="1..1" conformance="R" mandatory="true" strength="CNE" codeSystem="RoleClass" domainCode="COVPTY" maxLength="0" historyAllowed="false" businessName="program eligible, claimant, subscriber, dependent"><annotations/></attribute><attribute name="id" rimClassName="Role" datatype="II" cardinality="1..1" conformance="R" mandatory="false" maxLength="0" historyAllowed="false" businessName="primary identifier for coverage role"><annotations/></attribute><attribute name="code" rimClassName="Role" datatype="CD" cardinality="0..1" conformance="" mandatory="false" strength="CWE" conceptDomain="CoverageRoleType" maxLength="0" historyAllowed="false"><annotations/></attribute><attribute name="effectiveTime" rimClassName="Role" datatype="IVL&lt;TS&gt;" cardinality="0..1" conformance="" mandatory="false" maxLength="0" historyAllowed="false"><annotations/></attribute></attributes><associations><association name="coveredPartyOf" beginX="2.64479276223047" beginY="0.807527170410156" endX="2.64479276223047" endY="0.807527170410156" target="CoveredParty2" targetShapeId="Sheet.36" rimTarget="Role" rimName="participation" source="CoveredParty" cardinality="" required="0" mandatory="0" blocked="-1" businessName=""><annotations/></association></associations></class><class name="CoveredParty2" type="Participation" rimName="Participation"><graphics shapeId="Sheet.36" width="1.36425674105294" height="0.303152281358507" x="3.32692113275694" y="1.05007608520508" beginX="4.00904950328341" beginY="1.292625" endX="2.64479276223047" endY="0.807527170410156" arrowWidth="66 in."/><annotations/><attributes><attribute name="typeCode" rimClassName="Participation" datatype="CS" cardinality="1..1" conformance="R" mandatory="true" strength="CNE" codeSystem="ParticipationType" domainCode="COV" maxLength="0" historyAllowed="false"><annotations/></attribute></attributes><associations><association name="policyOrProgram" beginX="4.00904950328341" beginY="1.292625" endX="4.00904950328341" endY="1.292625" target="PolicyOrProgram" targetShapeId="Sheet.79" rimTarget="Participation" rimName="act" source="CoveredParty2" cardinality="" required="0" mandatory="0" blocked="-1" businessName=""><annotations/></association><association name="coveredParty" beginX="2.64479276223047" beginY="0.807527170410156" endX="2.64479276223047" endY="0.807527170410156" target="CoveredParty" targetShapeId="Sheet.21" rimTarget="Participation" rimName="role" source="CoveredParty2" cardinality="1..1" required="-1" mandatory="0" blocked="0" businessName=""><annotations/></association></associations></class><class name="PolicyOrProgram" type="Act" rimName="FinancialContract"><graphics shapeId="Sheet.79" width="2.69617619166104" height="1.42513888888889" x="5.35713759911393" y="0.722569444444446" flipX="FALSE" flipY="FALSE" autoWidth="0" autoHeight="0"/><annotations/><attributes><attribute name="classCode" rimClassName="Act" datatype="CS" cardinality="1..1" conformance="R" mandatory="true" strength="CNE" codeSystem="ActClass" domainCode="COV" maxLength="0" historyAllowed="false"><annotations/></attribute><attribute name="moodCode" rimClassName="Act" datatype="CS" cardinality="1..1" conformance="R" mandatory="true" strength="CNE" codeSystem="ActMood" domainCode="EVN" maxLength="0" historyAllowed="false"><annotations/></attribute><attribute name="id" rimClassName="Act" datatype="DSET&lt;II&gt;" cardinality="1..*" conformance="R" mandatory="false" maxLength="0" historyAllowed="false"><annotations/></attribute><attribute name="code" rimClassName="Act" datatype="CD" cardinality="1..1" conformance="R" mandatory="true" strength="CWE" conceptDomain="ActCoverageTypeCode" maxLength="0" historyAllowed="false"><annotations/></attribute><attribute name="statusCode" rimClassName="Act" datatype="CS" cardinality="0..1" conformance="" mandatory="false" strength="CNE" valueSet="ActStatus" maxLength="0" historyAllowed="false"><annotations/></attribute><attribute name="effectiveTime" rimClassName="Act" datatype="IVL&lt;TS&gt;" cardinality="0..1" conformance="" mandatory="false" maxLength="0" historyAllowed="false"><annotations/></attribute></attributes><associations><association name="coveredParty" beginX="4.00904950328341" beginY="1.292625" endX="4.00904950328341" endY="1.292625" target="CoveredParty2" targetShapeId="Sheet.36" rimTarget="Act" rimName="participation" source="PolicyOrProgram" cardinality="1..1" required="-1" mandatory="0" blocked="0" businessName=""><annotations/></association><association name="componentOf" beginX="5.08751997994782" beginY="1.43513888888889" endX="5.08751997994782" endY="1.43513888888889" target="Component" targetShapeId="Sheet.205" rimTarget="Act" rimName="inboundRelationship" source="PolicyOrProgram" cardinality="" required="0" mandatory="0" blocked="-1" businessName=""><annotations/></association></associations></class><class name="Component" type="ActRelationship" rimName="ActRelationship"><graphics shapeId="Sheet.205" width="0.624861111111109" height="2.15172745054427" x="5.36137283744613" y="1.74756944444445" beginX="5.63522569494444" beginY="2.06" endX="5.08751997994782" endY="1.43513888888889" arrowWidth="66 in."/><annotations/><attributes><attribute name="typeCode" rimClassName="ActRelationship" datatype="CS" cardinality="1..1" conformance="R" mandatory="true" strength="CNE" codeSystem="ActRelationshipType" domainCode="COMP" maxLength="0" historyAllowed="false"><annotations/></attribute><attribute name="priorityNumber" rimClassName="ActRelationship" datatype="INT" cardinality="0..1" conformance="" mandatory="false" maxLength="0" historyAllowed="false" businessName="prioritizes P/P"><annotations/></attribute></attributes><associations><association name="coverageRecord" beginX="5.63522569494444" beginY="2.06" endX="5.63522569494444" endY="2.06" target="CoverageRecord" targetShapeId="Sheet.201" rimTarget="ActRelationship" rimName="source" source="Component" cardinality="" required="0" mandatory="0" blocked="-1" businessName=""><annotations/></association><association name="policyOrProgram" beginX="5.08751997994782" beginY="1.43513888888889" endX="5.08751997994782" endY="1.43513888888889" target="PolicyOrProgram" targetShapeId="Sheet.79" rimTarget="ActRelationship" rimName="target" source="Component" cardinality="1..1" required="0" mandatory="0" blocked="0" businessName=""><annotations/></association></associations></class><class name="CoverageRecord" type="Act" rimName="FinancialContract"><graphics shapeId="Sheet.201" width="2.5" height="0.75" x="5.38522569494444" y="2.435" flipX="FALSE" flipY="FALSE" autoWidth="0" autoHeight="1"/><annotations/><attributes><attribute name="classCode" rimClassName="Act" datatype="CS" cardinality="1..1" conformance="R" mandatory="true" strength="CNE" codeSystem="ActClass" domainCode="COV" maxLength="0" historyAllowed="false"><annotations/></attribute><attribute name="moodCode" rimClassName="Act" datatype="CS" cardinality="1..1" conformance="R" mandatory="true" strength="CNE" codeSystem="ActMood" domainCode="EVN" maxLength="0" historyAllowed="false"><annotations/></attribute><attribute name="id" rimClassName="Act" datatype="DSET&lt;II&gt;" cardinality="1..*" conformance="" mandatory="false" maxLength="0" historyAllowed="false"><annotations/></attribute></attributes><associations><association name="component" beginX="5.63522569494444" beginY="2.06" endX="5.63522569494444" endY="2.06" target="Component" targetShapeId="Sheet.205" rimTarget="Act" rimName="outboundRelationship" source="CoverageRecord" cardinality="0..*" required="0" mandatory="0" blocked="0" businessName=""><annotations/></association></associations></class><entryPoint entryClass="CoverageRecord" name="A_Coverage identified" type="EntryPoint" id="COCT_RM510001UV"><graphics shapeId="Sheet.241" connectedShape="Sheet.201" width="1.89267051152517" height="1.16681310628255" beginX="5.53335505883897" beginY="3.49736111111111" endX="5.13522569494444" endY="2.81"/><annotations/><notes><text>Supports conveyance of an entity's coverage record, which may be composed of 0...* policies or programs Property-contextConductionStyle: I </text></notes></entryPoint></page></pages></hl7model>
