<?xml version="1.0"?>
<hl7model rendered="4/18/2014 10:20:08 PM" datatypesRelease="R2"><pages><page name="Pg-1" width="9.91" height="2.8256268667295"><class name="PatientOrInvestigatedOrRelated" type="Role" rimName="RoleHeir"><graphics shapeId="Sheet.3" width="2.56682510375977" height="0.924976397436962" x="5.04775175913434" y="1.35031343336475" flipX="TRUE" flipY="TRUE" autoWidth="0" autoHeight="0"/><annotations/><attributes><attribute name="classCode" rimClassName="Role" datatype="CS" cardinality="1..1" conformance="R" mandatory="true" strength="CNE" codeSystem="RoleClass" domainCode="INVSBJ" maxLength="0" historyAllowed="false"><annotations/></attribute><attribute name="id" rimClassName="Role" datatype="II" cardinality="0..1" conformance="R" mandatory="false" maxLength="0" historyAllowed="false"><annotations/></attribute><attribute name="code" rimClassName="Role" datatype="CD" cardinality="0..1" conformance="" mandatory="false" strength="CWE" conceptDomain="RoleCode" maxLength="0" historyAllowed="false"><annotations/></attribute><attribute name="effectiveTime" rimClassName="Role" datatype="IVL&lt;TS&gt;" cardinality="0..1" conformance="" mandatory="false" maxLength="0" historyAllowed="false"><annotations/></attribute></attributes><associations><association name="subjectPublicHealthPerson" beginX="6.07448180063824" beginY="1.72030399233954" endX="8.4" endY="1.74391261732314" target="E_PublicHealthPersonUniversal" targetShapeId="Sheet.29" rimTarget="Role" rimName="player" source="PatientOrInvestigatedOrRelated" cardinality="0..1" required="0" mandatory="0" blocked="0" businessName=""><annotations/></association><association name="investigationSponsor" beginX="6.07448180063824" beginY="0.980322874389966" endX="8.4" endY="0.993912617323135" target="E_OrganizationUniversal" targetShapeId="Sheet.23" rimTarget="Role" rimName="scoper" source="PatientOrInvestigatedOrRelated" cardinality="0..1" required="0" mandatory="0" blocked="0" businessName=""><annotations/></association></associations></class><class name="E_PublicHealthPersonUniversal" cmetId="COCT_MT840200UV" cmetType="Entity" attLevel="universal" domain="EntityClass" mnemonic="PSN" type="CMET" rimName="Person" id="COCT_MT840200UV"><graphics shapeId="Sheet.29" width="1.5" height="0.75" x="9.15" y="1.96891261732314" flipX="FALSE" flipY="FALSE" autoWidth="0" autoHeight="0"/><annotations/><associations><association name="asPatientOrInvestigatedOrRelated" endX="6.07448180063824" endY="1.72030399233954" beginX="8.4" beginY="1.74391261732314" target="PatientOrInvestigatedOrRelated" targetShapeId="Sheet.3" rimTarget="Entity" rimName="playedRole" source="E_PublicHealthPersonUniversal" cardinality="" required="0" mandatory="0" blocked="-1" businessName=""><annotations/></association></associations></class><class name="E_OrganizationUniversal" cmetId="COCT_MT150000UV" cmetType="Entity" attLevel="universal" domain="EntityClass" mnemonic="ORG" type="CMET" rimName="Organization" id="COCT_MT150000UV"><graphics shapeId="Sheet.23" width="1.5" height="0.75" x="9.15" y="0.768912617323135" flipX="FALSE" flipY="FALSE" autoWidth="0" autoHeight="0"/><annotations/><associations><association name="patientOrInvestigatedOrRelated" endX="6.07448180063824" endY="0.980322874389966" beginX="8.4" beginY="0.993912617323135" target="PatientOrInvestigatedOrRelated" targetShapeId="Sheet.3" rimTarget="Entity" rimName="scopedRole" source="E_OrganizationUniversal" cardinality="" required="0" mandatory="0" blocked="-1" businessName=""><annotations/></association></associations></class><class name="PatientOrInvestigatedOrRelatedPerson" type="Choice" rimName="Role"><graphics shapeId="Sheet.47" width="2.9699486487322" height="2.8056268667295" x="5.12431353162055" y="1.41281343336475" flipX="GUARD(FALSE)" flipY="GUARD(FALSE)" vertical="1" autoWidth="1" autoHeight="1"/><annotations/><children><childClass name="R_PatientUniversal" shapeId="Sheet.37"/><childClass name="PatientOrInvestigatedOrRelated" shapeId="Sheet.3"/><childClass name="R_RelatedEntityUniversal" shapeId="Sheet.1"/></children></class><class name="R_PatientUniversal" cmetId="COCT_MT050000UV" cmetType="Role(Performed only)" attLevel="universal" domain="RoleClass" mnemonic="PAT" type="CMET" rimName="Patient" id="COCT_MT050000UV"><graphics shapeId="Sheet.37" width="2.56682510375977" height="0.627825234646268" x="5.04775175913434" y="2.25171424940637" flipX="FALSE" flipY="FALSE" autoWidth="0" autoHeight="1"/><annotations/></class><class name="R_RelatedEntityUniversal" cmetId="COCT_MT530600UV" cmetType="Role(Performed only)" attLevel="universal" domain="RoleClass" mnemonic="ROL" type="CMET" rimName="RoleHeir" id="COCT_MT530600UV"><graphics shapeId="Sheet.1" width="2.56682510375977" height="0.627825234646268" x="5.04775175913434" y="0.448912617323136" flipX="FALSE" flipY="FALSE" autoWidth="0" autoHeight="1"/><annotations/></class><entryPoint entryClass="PatientOrInvestigatedOrRelatedPerson" name="PatientOrInvestigatedOrRelatedPerson" type="EntryPoint" id="COCT_MT530500UV"><graphics shapeId="Sheet.56" connectedShape="Sheet.47" width="2.69217087095443" height="0.766814632161459" beginX="2.7" beginY="1.8" endX="3.63933920725445" endY="1.6933761200377"/><annotations/><notes><text> Property-contextConductionStyle: I </text></notes></entryPoint></page></pages></hl7model>
