<?xml version="1.0"?>
<hl7model rendered="7/1/2012 8:47:21 AM" datatypesRelease="R2"><pages><page name="Pg-1" width="6.42742621627784" height="5.89777777777775"><class name="E_OrganizationUniversal" cmetId="COCT_MT150000UV" cmetType="Entity" attLevel="universal" domain="EntityClass" mnemonic="ORG" type="CMET" rimName="Organization" id="COCT_MT150000UV"><graphics shapeId="Sheet.103" width="1.16131675175955" height="0.627825234646268" x="5.44225776824093" y="0.448817703586148" flipX="FALSE" flipY="TRUE" autoWidth="1" autoHeight="1"/><annotations/></class><class name="EntityChoiceScoper" type="Choice" rimName="Entity"><graphics shapeId="Sheet.1" width="1.68082682391668" height="1.75555555555555" x="5.5770128043195" y="0.887777777777775" flipX="GUARD(FALSE)" flipY="GUARD(FALSE)" vertical="1" autoWidth="1" autoHeight="1"/><annotations/><children><childClass name="E_PersonUniversal" shapeId="Sheet.17"/><childClass name="E_OrganizationUniversal" shapeId="Sheet.103"/></children><associations><association name="responsible" endX="4.45931752215999" endY="2.50755413736978" beginX="4.73659939236116" beginY="1.23888888888888" target="Responsible" targetShapeId="Sheet.36" rimTarget="Entity" rimName="scopedRole" source="EntityChoiceScoper" cardinality="" required="0" mandatory="0" blocked="-1" businessName=""><annotations/></association></associations></class><class name="E_PersonUniversal" cmetId="COCT_MT030200UV" cmetType="Entity" attLevel="universal" domain="EntityClass" mnemonic="PSN" type="CMET" rimName="Person" id="COCT_MT030200UV"><graphics shapeId="Sheet.17" width="1.16131675175955" height="0.627825234646268" x="5.44225776824093" y="1.20164293823242" flipX="FALSE" flipY="TRUE" autoWidth="1" autoHeight="1"/><annotations/></class><class name="EntityChoicePlayer" type="Choice" rimName="Entity"><graphics shapeId="Sheet.3" width="1.62698025273612" height="2.50833333333332" x="5.5622884119584" y="4.63361111111109" flipX="GUARD(FALSE)" flipY="GUARD(FALSE)" vertical="1" autoWidth="1" autoHeight="1"/><annotations/><children><childClass name="E_OrganizationUniversal" shapeId="Sheet.11"/><childClass name="E_PersonUniversal" shapeId="Sheet.30"/><childClass name="E_DeviceUniversal" shapeId="Sheet.5"/></children><associations><association name="asResponsible" endX="4.45931752215999" endY="3.13300141818576" beginX="4.74879828559034" beginY="3.8811111111111" target="Responsible" targetShapeId="Sheet.36" rimTarget="Entity" rimName="playedRole" source="EntityChoicePlayer" cardinality="" required="0" mandatory="0" blocked="-1" businessName=""><annotations/></association></associations></class><class name="E_OrganizationUniversal" cmetId="COCT_MT150000UV" cmetType="Entity" attLevel="universal" domain="EntityClass" mnemonic="ORG" type="CMET" rimName="Organization" id="COCT_MT150000UV"><graphics shapeId="Sheet.11" width="1.16131675175955" height="0.627825234646268" x="5.45445666147011" y="5.32386516045462" flipX="FALSE" flipY="TRUE" autoWidth="1" autoHeight="1"/><annotations/></class><class name="E_PersonUniversal" cmetId="COCT_MT030200UV" cmetType="Entity" attLevel="universal" domain="EntityClass" mnemonic="PSN" type="CMET" rimName="Person" id="COCT_MT030200UV"><graphics shapeId="Sheet.30" width="1.16131675175955" height="0.627825234646268" x="5.45445666147011" y="4.57103992580835" flipX="FALSE" flipY="TRUE" autoWidth="1" autoHeight="1"/><annotations/></class><class name="E_DeviceUniversal" cmetId="COCT_MT140000UV" cmetType="Entity" attLevel="universal" domain="EntityClass" mnemonic="DEV" type="CMET" rimName="Device" id="COCT_MT140000UV"><graphics shapeId="Sheet.5" width="1.16131675175955" height="0.627825234646268" x="5.45445666147011" y="3.81821469116208" flipX="FALSE" flipY="TRUE" autoWidth="1" autoHeight="1"/><annotations/></class><class name="Responsible" type="Role" rimName="RoleHeir"><graphics shapeId="Sheet.36" width="3.27600647276107" height="0.781809101019965" x="3.14891493305557" y="2.82027777777777" flipX="TRUE" flipY="TRUE" autoWidth="1" autoHeight="1"/><annotations/><attributes><attribute name="classCode" rimClassName="Role" datatype="CS" cardinality="1..1" conformance="R" mandatory="true" strength="CNE" codeSystem="RoleClass" domainCode="AGNT" maxLength="0" historyAllowed="false"><annotations/></attribute><attribute name="id" rimClassName="Role" datatype="DSET&lt;II&gt;" cardinality="0..*" conformance="" mandatory="false" maxLength="0" historyAllowed="false"><annotations/></attribute><attribute name="code" rimClassName="Role" datatype="CD" cardinality="0..1" conformance="" mandatory="false" strength="CWE" conceptDomain="RoleCode" maxLength="0" historyAllowed="false" businessName="Living Situational + Family"><annotations/></attribute><attribute name="effectiveTime" rimClassName="Role" datatype="IVL&lt;TS&gt;" cardinality="0..1" conformance="" mandatory="false" maxLength="0" historyAllowed="false"><annotations/></attribute></attributes><associations><association name="agentEntityChoicePlayer" beginX="4.45931752215999" beginY="3.13300141818576" endX="4.74879828559034" endY="3.8811111111111" target="EntityChoicePlayer" targetShapeId="Sheet.3" rimTarget="Role" rimName="player" source="Responsible" cardinality="1..1" required="0" mandatory="0" blocked="0" businessName=""><annotations/></association><association name="representedEntityChoiceScoper" beginX="4.45931752215999" beginY="2.50755413736978" endX="4.73659939236116" endY="1.23888888888888" target="EntityChoiceScoper" targetShapeId="Sheet.1" rimTarget="Role" rimName="scoper" source="Responsible" cardinality="0..1" required="0" mandatory="0" blocked="0" businessName=""><annotations/></association></associations></class><entryPoint entryClass="Responsible" name="R_Responsible" type="EntryPoint" id="COCT_RM040000UV"><graphics shapeId="Sheet.19" connectedShape="Sheet.36" width="1.93947684697439" height="0.90014745686849" beginX="1.41742621627777" beginY="2.83777777777777" endX="1.51091169667503" endY="2.89845868787977"/><annotations/><notes><text>Identifies any entity acting on behalf of a person or organization. Property-contextConductionStyle: I </text></notes></entryPoint></page></pages></hl7model>
