<?xml version="1.0"?>
<hl7model rendered="7/1/2012 8:54:52 AM" datatypesRelease="R2"><pages><page name="Pg-11" width="11" height="8.5"><class name="Vector" type="Role" rimName="RoleHeir"><graphics shapeId="Sheet.1" width="2.21090484922591" height="0.915141925726997" x="5.975" y="4.85" flipX="TRUE" flipY="TRUE" autoWidth="1" autoHeight="1"/><description>The Vector role is played by an living subject entity. The role is scoped by the exposure agent entity.</description><annotations><description>The Vector role is played by an living subject entity. The role is scoped by the exposure agent entity.</description></annotations><notes><Note name="Sheet.38" type="Note" noteType="Note"><graphics shapeId="Sheet.38" connectedShape="Sheet.1" x="3.9" y="5.6" width="1.73554864127235" height="0.988985328504775" beginX="0.867774320636177" beginY="0.494492664252387" endX="1.83732189602322" endY="0.202063627115886"/><annotations/><notes><text>The EXPVECTOR role
class code was approved
in the March 2007 harmonization,
but at design time 8 months later
is still not available in the RIM 
repository for use in designs.</text></notes></Note></notes><attributes><attribute name="classCode" rimClassName="Role" datatype="CS" cardinality="1..1" conformance="R" mandatory="true" strength="CNE" codeSystem="RoleClass" domainCode="EXPVECTOR" maxLength="0" historyAllowed="false"><annotations/></attribute><attribute name="negationInd" rimClassName="Role" datatype="BL" cardinality="0..1" conformance="" mandatory="false" maxLength="0" historyAllowed="false"><description>A true value for the negationInd in the Vector role asserts that the entity playing the role is not a carrier of the exposure agent scoping the role. A value of false asserts the entity is an exposure agent carrier.</description><annotations><description>A true value for the negationInd in the Vector role asserts that the entity playing the role is not a carrier of the exposure agent scoping the role. A value of false asserts the entity is an exposure agent carrier.</description></annotations></attribute><attribute name="name" rimClassName="Role" datatype="TN" cardinality="0..1" conformance="" mandatory="false" maxLength="0" historyAllowed="false"><description>A trivial name for the entity in the role of vector. An example name would be "Plague Mary".</description><annotations><description>A trivial name for the entity in the role of vector. An example name would be "Plague Mary".</description></annotations></attribute><attribute name="statusCode" rimClassName="Role" datatype="CS" cardinality="0..1" conformance="" mandatory="false" strength="CNE" valueSet="RoleStatus" maxLength="0" historyAllowed="false"><description>The status of the this record of a vector.</description><annotations><description>The status of the this record of a vector.</description></annotations></attribute><attribute name="effectiveTime" rimClassName="Role" datatype="IVL&lt;TS&gt;" cardinality="0..1" conformance="" mandatory="false" maxLength="0" historyAllowed="false"><description>The interval of time during which this role is being played by the entity.</description><annotations><description>The interval of time during which this role is being played by the entity.</description></annotations></attribute></attributes><associations><association name="player" beginX="6.85936193969037" beginY="5.2160567702908" endX="7.95701909181413" endY="5.49776354071723" target="E_PublicHealthVectorUniversal" targetShapeId="Sheet.24" rimTarget="Role" rimName="player" source="Vector" cardinality="0..1" required="-1" mandatory="0" blocked="0" businessName=""><annotations/></association><association name="scoper" beginX="6.85936193969037" beginY="4.4839432297092" endX="7.99664561599762" endY="4.32780150621202" target="E_PublicHealthPathogenUniversal" targetShapeId="Sheet.32" rimTarget="Role" rimName="scoper" source="Vector" cardinality="0..1" required="-1" mandatory="0" blocked="0" businessName=""><annotations/></association></associations></class><class name="E_PublicHealthVectorUniversal" cmetId="COCT_MT840300UV" cmetType="Entity" attLevel="universal" domain="EntityClass" mnemonic="ENT" type="CMET" rimName="EntityHeir" id="COCT_MT840300UV"><graphics shapeId="Sheet.24" width="1.35843360356619" height="0.627825234646268" x="8.63623589359723" y="5.68611111111111" flipX="FALSE" flipY="FALSE" autoWidth="1" autoHeight="1"/><annotations/><associations><association name="asVector" endX="6.85936193969037" endY="5.2160567702908" beginX="7.95701909181413" beginY="5.49776354071723" target="Vector" targetShapeId="Sheet.1" rimTarget="Entity" rimName="playedRole" source="E_PublicHealthVectorUniversal" cardinality="" required="0" mandatory="0" blocked="-1" businessName=""><annotations/></association></associations></class><class name="E_PublicHealthPathogenUniversal" cmetId="COCT_MT840500UV" cmetType="Entity" attLevel="universal" domain="EntityClass" mnemonic="ENT" type="CMET" rimName="EntityHeir" id="COCT_MT840500UV"><graphics shapeId="Sheet.32" width="1.51880729131033" height="0.627825234646268" x="8.75604926165279" y="4.01388888888889" flipX="FALSE" flipY="FALSE" autoWidth="1" autoHeight="1"/><annotations/><associations><association name="vector" endX="6.85936193969037" endY="4.4839432297092" beginX="7.99664561599762" beginY="4.32780150621202" target="Vector" targetShapeId="Sheet.1" rimTarget="Entity" rimName="scopedRole" source="E_PublicHealthPathogenUniversal" cardinality="" required="0" mandatory="0" blocked="-1" businessName=""><annotations/></association></associations></class><entryPoint entryClass="Vector" name="R_ExposureAgentVector universal" type="EntryPoint" id="COCT_MT410300UV"><graphics shapeId="Sheet.11" connectedShape="Sheet.1" width="2.40666366880599" height="0.766814632161459" beginX="6" beginY="6" endX="5.975" endY="5.3075709628635"/><annotations/><notes><text>An entity in the role of a vector. Property-contextConductionStyle: I </text></notes></entryPoint></page></pages></hl7model>
