<?xml version="1.0"?>
<hl7model rendered="7/1/2012 8:51:23 AM" datatypesRelease="R2"><pages><page name="Pg-1" width="11" height="8.5"><class name="Reason" type="ActRelationship" rimName="ActRelationship"><graphics shapeId="Sheet.39" width="1.17271027376677" height="1.20713211363021" x="4.67285156150029" y="5.1948412698413" beginX="4.67632378372279" beginY="5.78119640672468" endX="4.66937933927779" endY="4.60848613295792" arrowWidth="66 in."/><annotations/><attributes><attribute name="typeCode" rimClassName="ActRelationship" datatype="CS" cardinality="1..1" conformance="R" mandatory="true" strength="CNE" codeSystem="ActRelationshipType" domainCode="RSON" maxLength="0" historyAllowed="false"><annotations/></attribute></attributes><associations><association name="financialTransaction" beginX="4.67632378372279" beginY="5.78119640672468" endX="4.67632378372279" endY="5.78119640672468" target="FinancialTransaction" targetShapeId="Sheet.16" rimTarget="ActRelationship" rimName="source" source="Reason" cardinality="" required="0" mandatory="0" blocked="-1" businessName=""><annotations/></association><association name="invoiceElement" beginX="4.66937933927779" beginY="4.60848613295792" endX="4.66937933927779" endY="4.60848613295792" target="InvoiceElement" targetShapeId="Sheet.12" rimTarget="ActRelationship" rimName="target" source="Reason" cardinality="1..1" required="0" mandatory="0" blocked="0" businessName=""><annotations/></association></associations></class><class name="FinancialTransaction" type="Act" rimName="FinancialTransaction"><graphics shapeId="Sheet.16" width="2.87774063413802" height="1.10427385321723" x="4.67632378372279" y="6.3333333333333" flipX="FALSE" flipY="FALSE" autoWidth="1" autoHeight="1"/><annotations/><attributes><attribute name="classCode" rimClassName="Act" datatype="CS" cardinality="1..1" conformance="R" mandatory="true" strength="CNE" codeSystem="ActClass" domainCode="XACT" maxLength="0" historyAllowed="false"><annotations/></attribute><attribute name="moodCode" rimClassName="Act" datatype="CS" cardinality="1..1" conformance="R" mandatory="true" strength="CNE" codeSystem="ActMood" domainCode="RQO" maxLength="0" historyAllowed="false"><annotations/></attribute><attribute name="id" rimClassName="Act" datatype="DSET&lt;II&gt;" cardinality="0..*" conformance="R" mandatory="false" maxLength="0" historyAllowed="false"><annotations/></attribute><attribute name="code" rimClassName="Act" datatype="CD" cardinality="0..1" conformance="R" mandatory="false" strength="CWE" conceptDomain="ActFinancialTransactionCode" maxLength="0" historyAllowed="false"><annotations/></attribute><attribute name="amt" rimClassName="FinancialTransaction" datatype="MO" cardinality="0..1" conformance="R" mandatory="false" maxLength="0" historyAllowed="false"><annotations/></attribute><attribute name="creditExchangeRateQuantity" rimClassName="FinancialTransaction" datatype="REAL" cardinality="0..1" conformance="R" mandatory="false" maxLength="0" historyAllowed="false"><annotations/></attribute><attribute name="debitExchangeRateQuantity" rimClassName="FinancialTransaction" datatype="REAL" cardinality="0..1" conformance="R" mandatory="false" maxLength="0" historyAllowed="false"><annotations/></attribute></attributes><associations><association name="credit" beginX="6.1151941007918" beginY="5.89162379204641" endX="6.1151941007918" endY="5.89162379204641" target="Credit" targetShapeId="Sheet.27" rimTarget="Act" rimName="outboundRelationship" source="FinancialTransaction" cardinality="0..1" required="0" mandatory="0" blocked="0" businessName=""><annotations/></association><association name="debit" beginX="6.1151941007918" beginY="6.66461548929847" endX="6.1151941007918" endY="6.66461548929847" target="Debit" targetShapeId="Sheet.41" rimTarget="Act" rimName="outboundRelationship" source="FinancialTransaction" cardinality="0..1" required="0" mandatory="0" blocked="0" businessName=""><annotations/></association><association name="reason" beginX="4.67632378372279" beginY="5.78119640672468" endX="4.67632378372279" endY="5.78119640672468" target="Reason" targetShapeId="Sheet.39" rimTarget="Act" rimName="outboundRelationship" source="FinancialTransaction" cardinality="0..*" required="0" mandatory="0" blocked="0" businessName=""><annotations/></association></associations></class><entryPoint entryClass="FinancialTransaction" name="A_FinancialTransaction universal" type="EntryPoint" id="COCT_RM190000"><graphics shapeId="Sheet.8" connectedShape="Sheet.16" width="2.33722473447982" height="1.03348028157552" beginX="2.71937933927779" beginY="6.4" endX="3.23745346665378" endY="6.44376071865502"/><annotations/><notes><text>Used to associate costs, charges or other financial transactions with an Act or entity. Property-contextConductionStyle: I </text></notes></entryPoint><class name="Credit" type="ActRelationship" rimName="ActRelationship"><graphics shapeId="Sheet.27" width="1.42468811338607" height="0.303152281358507" x="6.82753815748483" y="6.03998568122014" beginX="6.1151941007918" beginY="5.89162379204641" endX="7.10392219341732" endY="6.18834757039388" arrowWidth="66 in."/><annotations/><attributes><attribute name="typeCode" rimClassName="ActRelationship" datatype="CS" cardinality="1..1" conformance="R" mandatory="true" strength="CNE" codeSystem="ActRelationshipType" domainCode="CREDIT" maxLength="0" historyAllowed="false"><annotations/></attribute></attributes><associations><association name="financialTransaction" beginX="6.1151941007918" beginY="5.89162379204641" endX="6.1151941007918" endY="5.89162379204641" target="FinancialTransaction" targetShapeId="Sheet.16" rimTarget="ActRelationship" rimName="source" source="Credit" cardinality="" required="0" mandatory="0" blocked="-1" businessName=""><annotations/></association><association name="accountPayee" beginX="7.10392219341732" beginY="6.18834757039388" endX="7.10392219341732" endY="6.18834757039388" target="A_AccountPayeeUniversal" targetShapeId="Sheet.49" rimTarget="ActRelationship" rimName="target" source="Credit" cardinality="1..1" required="0" mandatory="0" blocked="0" businessName=""><annotations/></association></associations></class><class name="A_AccountPayeeUniversal" cmetId="COCT_MT110200" cmetType="Act" attLevel="universal" domain="ActClass" mnemonic="ACCT" type="CMET" rimName="Account" id="COCT_MT110200"><graphics shapeId="Sheet.49" width="1.11153495244314" height="0.627825234646268" x="7.65968966963889" y="6" flipX="FALSE" flipY="FALSE" autoWidth="1" autoHeight="1"/><annotations/><associations><association name="creditTo" beginX="7.10392219341732" beginY="6.18834757039388" endX="7.10392219341732" endY="6.18834757039388" target="Credit" targetShapeId="Sheet.27" rimTarget="Act" rimName="inboundRelationship" source="A_AccountPayeeUniversal" cardinality="" required="0" mandatory="0" blocked="-1" businessName=""><annotations/></association></associations></class><class name="Debit" type="ActRelationship" rimName="ActRelationship"><graphics shapeId="Sheet.41" width="1.33831192320052" height="0.303152281358507" x="6.78435006239206" y="6.67536330020479" beginX="6.1151941007918" beginY="6.66461548929847" endX="7.10088378704525" endY="6.68611111111111" arrowWidth="66 in."/><annotations/><attributes><attribute name="typeCode" rimClassName="ActRelationship" datatype="CS" cardinality="1..1" conformance="R" mandatory="true" strength="CNE" codeSystem="ActRelationshipType" domainCode="DEBIT" maxLength="0" historyAllowed="false"><annotations/></attribute></attributes><associations><association name="financialTransaction" beginX="6.1151941007918" beginY="6.66461548929847" endX="6.1151941007918" endY="6.66461548929847" target="FinancialTransaction" targetShapeId="Sheet.16" rimTarget="ActRelationship" rimName="source" source="Debit" cardinality="" required="0" mandatory="0" blocked="-1" businessName=""><annotations/></association><association name="accountPayor" beginX="7.10088378704525" beginY="6.68611111111111" endX="7.10088378704525" endY="6.68611111111111" target="A_AccountPayorUniversal" targetShapeId="Sheet.33" rimTarget="ActRelationship" rimName="target" source="Debit" cardinality="1..1" required="0" mandatory="0" blocked="0" businessName=""><annotations/></association></associations></class><class name="A_AccountPayorUniversal" cmetId="COCT_MT110100" cmetType="Act" attLevel="universal" domain="ActClass" mnemonic="ACCT" type="CMET" rimName="Account" id="COCT_MT110100"><graphics shapeId="Sheet.33" width="1.09905707768728" height="0.627825234646268" x="7.65041232588889" y="6.68611111111111" flipX="FALSE" flipY="FALSE" autoWidth="1" autoHeight="1"/><annotations/><associations><association name="debitTo" beginX="7.10088378704525" beginY="6.68611111111111" endX="7.10088378704525" endY="6.68611111111111" target="Debit" targetShapeId="Sheet.41" rimTarget="Act" rimName="inboundRelationship" source="A_AccountPayorUniversal" cardinality="" required="0" mandatory="0" blocked="-1" businessName=""><annotations/></association></associations></class><class name="InvoiceElement" type="Act" rimName="InvoiceElement"><graphics shapeId="Sheet.12" width="2.58759094541732" height="1.10427385321723" x="4.66937933927779" y="4.0563492063493" flipX="FALSE" flipY="FALSE" autoWidth="1" autoHeight="1"/><annotations/><notes><Note name="Sheet.21" type="Note" noteType="Note"><graphics shapeId="Sheet.21" connectedShape="Sheet.12" x="7.17320963491667" y="4.05" width="1.2847048302372" height="0.5" beginX="0.642352415118598" beginY="0.25" endX="-0.567682407811627" endY="0.2563492063493"/><annotations/><notes><text>Provides justificiation for
the financial transaction </text></notes></Note></notes><attributes><attribute name="classCode" rimClassName="Act" datatype="CS" cardinality="1..1" conformance="R" mandatory="true" strength="CNE" codeSystem="ActClass" domainCode="INVE" maxLength="0" historyAllowed="false"><annotations/></attribute><attribute name="moodCode" rimClassName="Act" datatype="CS" cardinality="1..1" conformance="R" mandatory="true" strength="CNE" codeSystem="ActMood" domainCode="RQO" maxLength="0" historyAllowed="false"><annotations/></attribute><attribute name="id" rimClassName="Act" datatype="DSET&lt;II&gt;" cardinality="0..*" conformance="R" mandatory="false" maxLength="0" historyAllowed="false"><annotations/></attribute><attribute name="code" rimClassName="Act" datatype="CD" cardinality="0..1" conformance="R" mandatory="false" strength="CNE" conceptDomain="ActInvoiceElementCode" maxLength="0" historyAllowed="false"><annotations/></attribute><attribute name="unitQuantity" rimClassName="InvoiceElement" datatype="RTO&lt;PQ,PQ&gt;" cardinality="0..1" conformance="R" mandatory="false" maxLength="0" historyAllowed="false"><annotations/></attribute><attribute name="factorNumber" rimClassName="InvoiceElement" datatype="REAL" cardinality="0..1" conformance="R" mandatory="false" maxLength="0" historyAllowed="false"><annotations/></attribute><attribute name="pointsNumber" rimClassName="InvoiceElement" datatype="REAL" cardinality="0..1" conformance="R" mandatory="false" maxLength="0" historyAllowed="false"><annotations/></attribute></attributes><associations><association name="reasonOf" beginX="4.66937933927779" beginY="4.60848613295792" endX="4.66937933927779" endY="4.60848613295792" target="Reason" targetShapeId="Sheet.39" rimTarget="Act" rimName="inboundRelationship" source="InvoiceElement" cardinality="" required="0" mandatory="0" blocked="-1" businessName=""><annotations/></association></associations></class></page></pages></hl7model>
