<?xml version="1.0"?>
<hl7model rendered="7/1/2012 8:52:38 AM" datatypesRelease="R2"><pages><page name="Pg-1" width="3.81828993255553" height="2.94483159722225"><class name="ServiceDeliveryLocation" type="Role" rimName="RoleHeir"><graphics shapeId="Sheet.36" width="3.05059982603255" height="0.648476276312934" x="1.57413194494443" y="2.55972222222225" flipX="TRUE" flipY="TRUE" autoWidth="1" autoHeight="1"/><annotations/><attributes><attribute name="classCode" rimClassName="Role" datatype="CS" cardinality="1..1" conformance="R" mandatory="true" strength="CNE" codeSystem="RoleClass" domainCode="SDLOC" maxLength="0" historyAllowed="false"><annotations/></attribute><attribute name="id" rimClassName="Role" datatype="DSET&lt;II&gt;" cardinality="1..*" conformance="R" mandatory="true" maxLength="0" historyAllowed="false"><annotations/></attribute><attribute name="code" rimClassName="Role" datatype="CD" cardinality="0..1" conformance="" mandatory="false" strength="CWE" conceptDomain="ServiceDeliveryLocationRoleType" maxLength="0" historyAllowed="false"><annotations/></attribute></attributes></class><entryPoint entryClass="ServiceDeliveryLocation" name="R_ServiceDeliveryLocation identified" type="EntryPoint" id="COCT_RM240001UV"><graphics shapeId="Sheet.8" connectedShape="Sheet.36" width="2.56881882017318" height="1.30014593098958" beginX="1.17413194494443" beginY="0.880555555555552" endX="1.57413194494443" endY="2.23548408406578"/><annotations/><notes><text>Used to identify a service delivery location used as a participation to an act (e.g. a designated health care facility, a specific work or accident site, bed, nursing station, floor). Property-contextConductionStyle: I </text></notes></entryPoint></page></pages></hl7model>
