<?xml version="1.0"?>
<hl7model rendered="7/1/2012 9:01:39 AM" datatypesRelease="R2"><pages><page name="COCT_RM820000" width="9.28870659872222" height="8.6925"><class name="CareProvision" type="Act" rimName="ActHeir"><graphics shapeId="Sheet.1" width="2.56269241636458" height="1.04912477484809" x="1.25278428869444" y="3.53722222222218" flipX="FALSE" flipY="FALSE" autoWidth="1" autoHeight="1"/><annotations/><attributes><attribute name="classCode" rimClassName="Act" datatype="CS" cardinality="1..1" conformance="R" mandatory="true" strength="CNE" codeSystem="ActClass" domainCode="PCPR" maxLength="0" historyAllowed="false"><annotations/></attribute><attribute name="moodCode" rimClassName="Act" datatype="CS" cardinality="1..1" conformance="R" mandatory="true" strength="CNE" codeSystem="ActMood" domainCode="EVN" maxLength="0" historyAllowed="false"><annotations/></attribute><attribute name="id" rimClassName="Act" datatype="II" cardinality="0..1" conformance="" mandatory="false" maxLength="0" historyAllowed="false"><annotations/></attribute><attribute name="code" rimClassName="Act" datatype="CD" cardinality="0..1" conformance="" mandatory="false" strength="CWE" conceptDomain="ActMedicalServiceCode" maxLength="0" historyAllowed="false"><annotations/></attribute><attribute name="statusCode" rimClassName="Act" datatype="CS" cardinality="0..1" conformance="" mandatory="false" strength="CNE" valueSet="ActStatus" maxLength="0" historyAllowed="false"><annotations/></attribute><attribute name="effectiveTime" rimClassName="Act" datatype="IVL&lt;TS&gt;" cardinality="0..1" conformance="" mandatory="false" maxLength="0" historyAllowed="false"><annotations/></attribute></attributes><associations><association name="performer" beginX="2.53413049687674" beginY="3.53722222222218" endX="2.53413049687674" endY="3.53722222222218" target="Performer" targetShapeId="Sheet.37" rimTarget="Act" rimName="participation" source="CareProvision" cardinality="1..1" required="0" mandatory="0" blocked="0" businessName=""><annotations/></association></associations></class><class name="Performer" type="Participation" rimName="Participation"><graphics shapeId="Sheet.37" width="1.67814041441146" height="0.570142942979601" x="3.37320070408247" y="3.78984732245549" beginX="2.53413049687674" beginY="3.53722222222218" endX="4.19688049426406" endY="4.0424724226888" arrowWidth="50 in."/><annotations/><attributes><attribute name="typeCode" rimClassName="Participation" datatype="CS" cardinality="1..1" conformance="R" mandatory="true" strength="CNE" codeSystem="ParticipationType" domainCode="PRF" maxLength="0" historyAllowed="false"><annotations/></attribute><attribute name="functionCode" rimClassName="Participation" datatype="CV" cardinality="0..1" conformance="" mandatory="false" strength="CWE" conceptDomain="ParticipationFunction" maxLength="0" historyAllowed="false"><annotations/></attribute></attributes><associations><association name="careProvision" beginX="2.53413049687674" beginY="3.53722222222218" endX="2.53413049687674" endY="3.53722222222218" target="CareProvision" targetShapeId="Sheet.1" rimTarget="Participation" rimName="act" source="Performer" cardinality="" required="0" mandatory="0" blocked="-1" businessName=""><annotations/></association><association name="assignedProvider" beginX="4.19688049426406" beginY="4.0424724226888" endX="4.19688049426406" endY="4.0424724226888" target="AssignedProvider" targetShapeId="Sheet.100" rimTarget="Participation" rimName="role" source="Performer" cardinality="1..1" required="0" mandatory="0" blocked="0" businessName=""><annotations/></association></associations></class><class name="AssignedProvider" type="Role" rimName="RoleHeir"><graphics shapeId="Sheet.100" width="2.2" height="1.44847322455512" x="5.29688049426406" y="3.75277777777778" flipX="TRUE" flipY="FALSE" autoWidth="0" autoHeight="1"/><annotations/><attributes><attribute name="classCode" rimClassName="Role" datatype="CS" cardinality="1..1" conformance="R" mandatory="true" strength="CNE" codeSystem="RoleClass" domainCode="ASSIGNED" maxLength="0" historyAllowed="false"><annotations/></attribute><attribute name="id" rimClassName="Role" datatype="DSET&lt;II&gt;" cardinality="0..*" conformance="R" mandatory="false" maxLength="0" historyAllowed="false" businessName="Provider Id within scoping organization"><annotations/></attribute><attribute name="code" rimClassName="Role" datatype="CD" cardinality="0..1" conformance="R" mandatory="false" strength="CWE" conceptDomain="RoleCode" maxLength="0" historyAllowed="false" businessName="role in organization"><annotations/></attribute><attribute name="addr" rimClassName="Role" datatype="DSET&lt;AD&gt;" cardinality="0..*" conformance="" mandatory="false" maxLength="0" historyAllowed="false" businessName="mailing address"><annotations/></attribute><attribute name="telecom" rimClassName="Role" datatype="DSET&lt;TEL&gt;" cardinality="0..*" conformance="" mandatory="false" maxLength="0" historyAllowed="false"><annotations/></attribute><attribute name="effectiveTime" rimClassName="Role" datatype="IVL&lt;TS&gt;" cardinality="0..1" conformance="" mandatory="false" maxLength="0" historyAllowed="false"><annotations/></attribute><attribute name="certificateText" rimClassName="Role" datatype="ED" cardinality="0..1" conformance="" mandatory="false" maxLength="0" historyAllowed="false" businessName="digital signature"><annotations/></attribute></attributes><associations><association name="assignedPerson" beginX="6.17688049426406" beginY="3.17338848795573" endX="5.66573809279964" endY="1.345" target="Person" targetShapeId="Sheet.142" rimTarget="Role" rimName="player" source="AssignedProvider" cardinality="0..1" required="0" mandatory="0" blocked="0" businessName=""><annotations/></association><association name="representedOrganization" beginX="6.17688049426406" beginY="4.33216706759983" endX="7.51456409836476" endY="5.14945393581814" target="E_OrganizationUniversal" targetShapeId="Sheet.126" rimTarget="Role" rimName="scoper" source="AssignedProvider" cardinality="0..1" required="0" mandatory="0" blocked="0" businessName=""><annotations/></association><association name="performance" beginX="4.19688049426406" beginY="4.0424724226888" endX="4.19688049426406" endY="4.0424724226888" target="Performer" targetShapeId="Sheet.37" rimTarget="Role" rimName="participation" source="AssignedProvider" cardinality="" required="0" mandatory="0" blocked="-1" businessName=""><annotations/></association></associations></class><class name="Person" type="Entity" rimName="Person"><graphics shapeId="Sheet.142" width="1.7937142974681" height="0.75" x="6.11416666716667" y="0.97" flipX="FALSE" flipY="FALSE" autoWidth="1" autoHeight="1"/><annotations/><attributes><attribute name="classCode" rimClassName="Entity" datatype="CS" cardinality="1..1" conformance="R" mandatory="true" strength="CNE" codeSystem="EntityClass" domainCode="PSN" maxLength="0" historyAllowed="false"><annotations/></attribute><attribute name="determinerCode" rimClassName="Entity" datatype="CS" cardinality="1..1" conformance="R" mandatory="true" strength="CNE" codeSystem="EntityDeterminer" domainCode="INSTANCE" maxLength="0" historyAllowed="false"><annotations/></attribute><attribute name="name" rimClassName="Entity" datatype="DSET&lt;PN&gt;" cardinality="1..*" conformance="R" mandatory="false" maxLength="0" historyAllowed="false"><annotations/></attribute></attributes><associations><association name="asRoleOther" endX="3.7543800143783" endY="1.30685040201823" beginX="5.21730951843262" beginY="0.7825" target="RoleOther" targetShapeId="Sheet.110" rimTarget="Entity" rimName="playedRole" source="Person" cardinality="0..*" required="0" mandatory="0" blocked="0" businessName=""><annotations/></association><association name="assignedProvider" endX="6.17688049426406" endY="3.17338848795573" beginX="5.66573809279964" beginY="1.345" target="AssignedProvider" targetShapeId="Sheet.100" rimTarget="Entity" rimName="playedRole" source="Person" cardinality="" required="0" mandatory="0" blocked="-1" businessName=""><annotations/></association><association name="asHealthCareProvider" endX="7.6446230466612" endY="1.74172080403646" beginX="6.56259524153369" beginY="1.345" target="HealthCareProvider" targetShapeId="Sheet.162" rimTarget="Entity" rimName="playedRole" source="Person" cardinality="1..*" required="0" mandatory="0" blocked="0" businessName=""><annotations/></association></associations></class><class name="RoleOther" type="Role" rimName="RoleHeir"><graphics shapeId="Sheet.110" width="1.5715348846263" height="0.514818439398872" x="3.12576606052778" y="1.51277777777778" flipX="TRUE" flipY="FALSE" autoWidth="1" autoHeight="1"/><annotations/><notes><Note name="Sheet.178" type="Note" noteType="Note"><graphics shapeId="Sheet.178" connectedShape="Sheet.110" x="3.29880208383334" y="0.47" width="1.62444176871376" height="0.5" beginX="0.81222088435688" beginY="0.25" endX="0.324877884126056" endY="1.03536855807834"/><annotations/><notes><text>Multiple IDs may be issued by
the same scoping organization.</text></notes></Note></notes><attributes><attribute name="classCode" rimClassName="Role" datatype="CS" cardinality="1..1" conformance="R" mandatory="true" strength="CNE" codeSystem="RoleClass" domainCode="ROL" maxLength="0" historyAllowed="false"><annotations/></attribute><attribute name="id" rimClassName="Role" datatype="DSET&lt;II&gt;" cardinality="1..*" conformance="" mandatory="false" maxLength="0" historyAllowed="false" businessName="Other Ids"><annotations/></attribute></attributes><associations><association name="playingPerson" beginX="3.7543800143783" beginY="1.30685040201823" endX="5.21730951843262" endY="0.7825" target="Person" targetShapeId="Sheet.142" rimTarget="Role" rimName="player" source="RoleOther" cardinality="" required="0" mandatory="0" blocked="-1" businessName=""><annotations/></association><association name="scopingOrganization" beginX="3.7543800143783" beginY="1.71870515353733" endX="2.78217873984931" endY="2.26997627156575" target="E_OrganizationUniversal" targetShapeId="Sheet.132" rimTarget="Role" rimName="scoper" source="RoleOther" cardinality="0..1" required="0" mandatory="0" blocked="0" businessName=""><annotations/></association></associations></class><class name="E_OrganizationUniversal" cmetId="COCT_MT150000" cmetType="Entity" attLevel="universal" domain="EntityClass" mnemonic="ORG" type="CMET" rimName="Organization" id="COCT_MT150000"><graphics shapeId="Sheet.132" width="1.04463279179861" height="0.627825234646268" x="3.09556857738889" y="2.58388888888889" flipX="FALSE" flipY="FALSE" autoWidth="1" autoHeight="1"/><annotations/><associations><association name="assignedProvider" endX="6.17688049426406" endY="4.33216706759983" beginX="7.51456409836476" beginY="5.14945393581814" target="AssignedProvider" targetShapeId="Sheet.100" rimTarget="Entity" rimName="scopedRole" source="E_OrganizationUniversal" cardinality="" required="0" mandatory="0" blocked="-1" businessName=""><annotations/></association><association name="roleOther" endX="3.7543800143783" endY="1.71870515353733" beginX="2.78217873984931" beginY="2.26997627156575" target="RoleOther" targetShapeId="Sheet.110" rimTarget="Entity" rimName="scopedRole" source="E_OrganizationUniversal" cardinality="" required="0" mandatory="0" blocked="-1" businessName=""><annotations/></association></associations></class><class name="HealthCareProvider" type="Role" rimName="LicensedEntity"><graphics shapeId="Sheet.162" width="1.87736382681923" height="0.781809101019965" x="8.39556857738889" y="2.05444444444445" flipX="FALSE" flipY="FALSE" autoWidth="1" autoHeight="1"/><annotations/><attributes><attribute name="classCode" rimClassName="Role" datatype="CS" cardinality="1..1" conformance="R" mandatory="true" strength="CNE" codeSystem="RoleClass" domainCode="PROV" maxLength="0" historyAllowed="false"><annotations/></attribute><attribute name="id" rimClassName="Role" datatype="DSET&lt;II&gt;" cardinality="0..*" conformance="" mandatory="false" maxLength="0" historyAllowed="false" businessName="License number"><annotations/></attribute><attribute name="code" rimClassName="Role" datatype="CD" cardinality="0..1" conformance="" mandatory="false" strength="CWE" conceptDomain="RoleCode" maxLength="0" historyAllowed="false"><annotations/></attribute><attribute name="effectiveTime" rimClassName="Role" datatype="IVL&lt;TS&gt;" cardinality="0..1" conformance="" mandatory="false" maxLength="0" historyAllowed="false"><annotations/></attribute></attributes><associations><association name="healthCarePerson" beginX="7.6446230466612" beginY="1.74172080403646" endX="6.56259524153369" endY="1.345" target="Person" targetShapeId="Sheet.142" rimTarget="Role" rimName="player" source="HealthCareProvider" cardinality="" required="0" mandatory="0" blocked="-1" businessName=""><annotations/></association><association name="issuingOrganization" beginX="7.6446230466612" beginY="2.36716808485243" endX="8.17236632072952" endY="3.05608738267687" target="E_OrganizationContact" targetShapeId="Sheet.172" rimTarget="Role" rimName="scoper" source="HealthCareProvider" cardinality="0..1" required="0" mandatory="0" blocked="0" businessName=""><annotations/></association></associations></class><class name="E_OrganizationContact" cmetId="COCT_MT150003" cmetType="Entity" attLevel="contact" domain="EntityClass" mnemonic="ORG" type="CMET" rimName="Organization" id="COCT_MT150003"><graphics shapeId="Sheet.172" width="1.04463279179861" height="0.627825234646268" x="8.4857561582691" y="3.37" flipX="FALSE" flipY="FALSE" autoWidth="1" autoHeight="1"/><annotations/><associations><association name="healthCareProvider" endX="7.6446230466612" endY="2.36716808485243" beginX="8.17236632072952" beginY="3.05608738267687" target="HealthCareProvider" targetShapeId="Sheet.162" rimTarget="Entity" rimName="scopedRole" source="E_OrganizationContact" cardinality="" required="0" mandatory="0" blocked="-1" businessName=""><annotations/></association></associations></class><class name="E_OrganizationUniversal" cmetId="COCT_MT150000" cmetType="Entity" attLevel="universal" domain="EntityClass" mnemonic="ORG" type="CMET" rimName="Organization" id="COCT_MT150000"><graphics shapeId="Sheet.126" width="1.04463279179861" height="0.627825234646268" x="8.03688049426406" y="5.02388888888889" flipX="FALSE" flipY="TRUE" autoWidth="1" autoHeight="1"/><annotations/><associations><association name="assignedProvider" endX="6.17688049426406" endY="4.33216706759983" beginX="7.51456409836476" beginY="5.14945393581814" target="AssignedProvider" targetShapeId="Sheet.100" rimTarget="Entity" rimName="scopedRole" source="E_OrganizationUniversal" cardinality="" required="0" mandatory="0" blocked="-1" businessName=""><annotations/></association><association name="roleOther" endX="3.7543800143783" endY="1.71870515353733" beginX="2.78217873984931" beginY="2.26997627156575" target="RoleOther" targetShapeId="Sheet.110" rimTarget="Entity" rimName="scopedRole" source="E_OrganizationUniversal" cardinality="" required="0" mandatory="0" blocked="-1" businessName=""><annotations/></association></associations></class><entryPoint entryClass="CareProvision" name="A_PrincipalCareProvision" type="EntryPoint" id="COCT_RM820000"><graphics shapeId="Sheet.78" connectedShape="Sheet.1" width="2.04414451054861" height="2.10014287923177" beginX="1.19556857738889" beginY="4.47" endX="1.25278428869444" endY="4.06178460964623"/><annotations/><notes><text>This CMET defines the principal performer of a type of care provision. The care provision performer may generally be the primary provider or only within a specific healthcare facility. This relationship is usually solid over time and is recorded only for administrative purposes; actual care provided by this healthcare provider is recorded separately. Property-contextConductionStyle: I </text></notes></entryPoint></page></pages></hl7model>
