<?xml version="1.0"?>
<hl7model rendered="7/1/2012 8:48:12 AM" datatypesRelease="R2"><pages><page name="Pg-1" width="7.24393392052087" height="5.74722222222222"><class name="RoleTransport" type="Role" rimName="RoleHeir"><graphics shapeId="Sheet.1" width="1.25" height="0.5" x="2.83393392052082" y="1.4461111111111" flipX="FALSE" flipY="FALSE" autoWidth="1" autoHeight="1"/><annotations/><notes><Note name="Sheet.70" type="Note" noteType="Note"><graphics shapeId="Sheet.70" connectedShape="Sheet.1" x="3.63393392052082" y="0.26" width="1.11174645621376" height="0.5" beginX="0.55587322810688" beginY="0.25" endX="-0.119126771893121" endY="1.1861111111111"/><annotations/><notes><text>Enables transport of 
any type of subject</text></notes></Note></notes><attributes><attribute name="classCode" rimClassName="Role" datatype="CS" cardinality="1..1" conformance="R" mandatory="true" strength="CNE" codeSystem="RoleClass" domainCode="ROL" maxLength="0" historyAllowed="false"><annotations/></attribute></attributes><associations><association name="playingEntity" beginX="2.33393392052082" beginY="1.2461111111111" endX="0.442973335855197" endY="0.953682328287782" target="Entity" targetShapeId="Sheet.66" rimTarget="Role" rimName="player" source="RoleTransport" cardinality="0..1" required="0" mandatory="0" blocked="0" businessName=""><annotations/></association><association name="subjectOf" beginX="3.45893392052082" beginY="1.3961111111111" endX="3.45893392052082" endY="1.3961111111111" target="Subject" targetShapeId="Sheet.11" rimTarget="Role" rimName="participation" source="RoleTransport" cardinality="" required="0" mandatory="0" blocked="-1" businessName=""><annotations/></association></associations></class><class name="Entity" type="Entity" rimName="EntityHeir"><graphics shapeId="Sheet.66" width="1.7937142974681" height="0.781809101019965" x="0.891401910222222" y="0.562777777777799" flipX="FALSE" flipY="FALSE" autoWidth="1" autoHeight="1"/><annotations/><attributes><attribute name="classCode" rimClassName="Entity" datatype="CS" cardinality="1..1" conformance="R" mandatory="true" strength="CNE" codeSystem="EntityClass" domainCode="ENT" maxLength="0" historyAllowed="false"><annotations/></attribute><attribute name="determinerCode" rimClassName="Entity" datatype="CS" cardinality="1..1" conformance="R" mandatory="true" strength="CNE" codeSystem="EntityDeterminer" domainCode="INSTANCE" maxLength="0" historyAllowed="false"><annotations/></attribute><attribute name="id" rimClassName="Entity" datatype="DSET&lt;II&gt;" cardinality="0..*" conformance="" mandatory="false" maxLength="0" historyAllowed="false"><annotations/></attribute><attribute name="name" rimClassName="Entity" datatype="COLL&lt;EN&gt;" cardinality="0..*" conformance="" mandatory="false" maxLength="0" historyAllowed="false"><annotations/></attribute></attributes><associations><association name="asRoleTransport" endX="2.33393392052082" endY="1.2461111111111" beginX="0.442973335855197" beginY="0.953682328287782" target="RoleTransport" targetShapeId="Sheet.1" rimTarget="Entity" rimName="playedRole" source="Entity" cardinality="" required="0" mandatory="0" blocked="-1" businessName=""><annotations/></association></associations></class><class name="Subject" type="Participation" rimName="Participation"><graphics shapeId="Sheet.11" width="2.02274305555555" height="0.303152281358507" x="4.4703054482986" y="1.39805555555555" beginX="5.48167697607637" beginY="1.4" endX="3.45893392052082" endY="1.3961111111111" arrowWidth="66 in."/><annotations/><attributes><attribute name="typeCode" rimClassName="Participation" datatype="CS" cardinality="1..1" conformance="R" mandatory="true" strength="CNE" codeSystem="ParticipationType" domainCode="SBJ" maxLength="0" historyAllowed="false"><annotations/></attribute></attributes><associations><association name="transportation" beginX="5.48167697607637" beginY="1.4" endX="5.48167697607637" endY="1.4" target="Transportation" targetShapeId="Sheet.37" rimTarget="Participation" rimName="act" source="Subject" cardinality="" required="0" mandatory="0" blocked="-1" businessName=""><annotations/></association><association name="roleTransport" beginX="3.45893392052082" beginY="1.3961111111111" endX="3.45893392052082" endY="1.3961111111111" target="RoleTransport" targetShapeId="Sheet.1" rimTarget="Participation" rimName="role" source="Subject" cardinality="1..1" required="0" mandatory="0" blocked="0" businessName=""><annotations/></association></associations></class><class name="Transportation" type="Act" rimName="ActHeir"><graphics shapeId="Sheet.37" width="1.7522569444445" height="3.4" x="6.35780544829862" y="2.76" flipX="FALSE" flipY="FALSE" autoWidth="0" autoHeight="0"/><annotations/><attributes><attribute name="classCode" rimClassName="Act" datatype="CS" cardinality="1..1" conformance="R" mandatory="true" strength="CNE" codeSystem="ActClass" domainCode="TRNS" maxLength="0" historyAllowed="false"><annotations/></attribute><attribute name="moodCode" rimClassName="Act" datatype="CS" cardinality="1..1" conformance="R" mandatory="true" strength="CNE" valueSet="x_ActMoodIntentEvent" maxLength="0" historyAllowed="false"><annotations/></attribute><attribute name="id" rimClassName="Act" datatype="DSET&lt;II&gt;" cardinality="0..*" conformance="" mandatory="false" maxLength="0" historyAllowed="false"><annotations/></attribute><attribute name="code" rimClassName="Act" datatype="CD" cardinality="0..1" conformance="" mandatory="false" strength="CWE" conceptDomain="ActCode" maxLength="0" historyAllowed="false"><annotations/></attribute><attribute name="text" rimClassName="Act" datatype="ED" cardinality="0..1" conformance="" mandatory="false" maxLength="0" historyAllowed="false"><annotations/></attribute><attribute name="statusCode" rimClassName="Act" datatype="CS" cardinality="0..1" conformance="" mandatory="false" strength="CNE" valueSet="ActStatus" maxLength="0" historyAllowed="false"><annotations/></attribute><attribute name="effectiveTime" rimClassName="Act" datatype="QSET&lt;TS&gt;" cardinality="0..1" conformance="" mandatory="false" maxLength="0" historyAllowed="false"><annotations/></attribute><attribute name="priorityCode" rimClassName="Act" datatype="DSET&lt;CD&gt;" cardinality="0..*" conformance="" mandatory="false" strength="CWE" conceptDomain="ActPriority" maxLength="0" historyAllowed="false"><annotations/></attribute><attribute name="confidentialityCode" rimClassName="Act" datatype="DSET&lt;CD&gt;" cardinality="0..*" conformance="" mandatory="false" strength="CWE" conceptDomain="Confidentiality" maxLength="0" historyAllowed="false"><annotations/></attribute></attributes><associations><association name="subject" beginX="5.48167697607637" beginY="1.4" endX="5.48167697607637" endY="1.4" target="Subject" targetShapeId="Sheet.11" rimTarget="Act" rimName="participation" source="Transportation" cardinality="0..*" required="0" mandatory="0" blocked="0" businessName=""><annotations/></association><association name="location" beginX="5.48167697607637" beginY="2.08" endX="5.48167697607637" endY="2.08" target="Location" targetShapeId="Sheet.19" rimTarget="Act" rimName="participation" source="Transportation" cardinality="0..2" required="0" mandatory="0" blocked="0" businessName=""><annotations/></association><association name="escort" beginX="5.48167697607637" beginY="3.44" endX="5.48167697607637" endY="3.44" target="Escort" targetShapeId="Sheet.31" rimTarget="Act" rimName="participation" source="Transportation" cardinality="0..*" required="0" mandatory="0" blocked="0" businessName=""><annotations/></association><association name="performer" beginX="5.48167697607637" beginY="4.12" endX="5.48167697607637" endY="4.12" target="Performer" targetShapeId="Sheet.25" rimTarget="Act" rimName="participation" source="Transportation" cardinality="0..*" required="0" mandatory="0" blocked="0" businessName=""><annotations/></association></associations></class><class name="Location" type="Participation" rimName="Participation"><graphics shapeId="Sheet.19" width="2.11487847170496" height="0.303152281358507" x="4.4242377402239" y="2.37001186421712" beginX="5.48167697607637" beginY="2.08" endX="3.36679850437142" endY="2.66002372843423" arrowWidth="66 in."/><annotations/><notes><Note name="Sheet.75" type="Note" noteType="Note"><graphics shapeId="Sheet.75" connectedShape="Sheet.19" x="1.11896158904166" y="3.37222222222223" width="2.06904092032509" height="0.855652503797744" beginX="1.03452046016254" beginY="0.427826251898872" endX="4.40229661134478" endY="-0.422807965426984"/><annotations/><notes><text>1 location is “origin”, the
other is “destination”. You may also omit
the origin/destination completely, where 
the transportation act itself is of import,
not all details.</text></notes></Note></notes><attributes><attribute name="typeCode" rimClassName="Participation" datatype="CS" cardinality="1..1" conformance="R" mandatory="true" strength="CNE" codeSystem="ParticipationType" domainCode="LOC" maxLength="0" historyAllowed="false"><annotations/></attribute></attributes><associations><association name="transportation" beginX="5.48167697607637" beginY="2.08" endX="5.48167697607637" endY="2.08" target="Transportation" targetShapeId="Sheet.37" rimTarget="Participation" rimName="act" source="Location" cardinality="" required="0" mandatory="0" blocked="-1" businessName=""><annotations/></association><association name="locationLocatedEntity" beginX="3.36679850437142" beginY="2.66002372843423" endX="3.36679850437142" endY="2.66002372843423" target="R_LocationLocatedEntityUniversal" targetShapeId="Sheet.60" rimTarget="Participation" rimName="role" source="Location" cardinality="1..1" required="0" mandatory="0" blocked="0" businessName=""><annotations/></association></associations></class><class name="R_LocationLocatedEntityUniversal" cmetId="COCT_MT070000UV" cmetType="Role(Played or Performed)" attLevel="universal" domain="RoleClass" mnemonic="LOCE" type="CMET" rimName="RoleHeir" id="COCT_MT070000UV"><graphics shapeId="Sheet.60" width="1.51561523740951" height="0.627825234646268" x="2.60899088566667" y="2.3461111111111" flipX="FALSE" flipY="TRUE" autoWidth="1" autoHeight="1"/><annotations/><associations><association name="locationOf" beginX="3.36679850437142" beginY="2.66002372843423" endX="3.36679850437142" endY="2.66002372843423" target="Location" targetShapeId="Sheet.19" rimTarget="Role" rimName="participation" source="R_LocationLocatedEntityUniversal" cardinality="" required="0" mandatory="0" blocked="-1" businessName=""><annotations/></association></associations></class><class name="Escort" type="Participation" rimName="Participation"><graphics shapeId="Sheet.31" width="1.86948944395247" height="0.436485106065539" x="4.54693225410014" y="3.44277777777778" beginX="5.48167697607637" beginY="3.44" endX="3.64938937096028" endY="3.44555555555555" arrowWidth="66 in."/><annotations/><attributes><attribute name="typeCode" rimClassName="Participation" datatype="CS" cardinality="1..1" conformance="R" mandatory="true" strength="CNE" codeSystem="ParticipationType" domainCode="ESC" maxLength="0" historyAllowed="false"><annotations/></attribute><attribute name="time" rimClassName="Participation" datatype="IVL&lt;TS&gt;" cardinality="0..1" conformance="" mandatory="false" maxLength="0" historyAllowed="false" businessName="action time"><annotations/></attribute></attributes><associations><association name="transportation" beginX="5.48167697607637" beginY="3.44" endX="5.48167697607637" endY="3.44" target="Transportation" targetShapeId="Sheet.37" rimTarget="Participation" rimName="act" source="Escort" cardinality="" required="0" mandatory="0" blocked="-1" businessName=""><annotations/></association><association name="assignedPerson" beginX="3.64938937096028" beginY="3.44555555555555" endX="3.64938937096028" endY="3.44555555555555" target="R_AssignedPersonUniversal" targetShapeId="Sheet.48" rimTarget="Participation" rimName="role" source="Escort" cardinality="1..1" required="0" mandatory="0" blocked="0" businessName=""><annotations/></association></associations></class><class name="R_AssignedPersonUniversal" cmetId="COCT_MT090100UV" cmetType="Role(Performed only)" attLevel="universal" domain="RoleClass" mnemonic="ASSIGNED" type="CMET" rimName="RoleHeir" id="COCT_MT090100UV"><graphics shapeId="Sheet.48" width="1.22258841924002" height="0.927777777777774" x="3.03809516134027" y="3.72388888888889" flipX="FALSE" flipY="TRUE" autoWidth="1" autoHeight="0"/><annotations/><associations><association name="performance" beginX="3.64938937096028" beginY="4.00222222222222" endX="3.64938937096028" endY="4.00222222222222" target="Performer" targetShapeId="Sheet.25" rimTarget="Role" rimName="participation" source="R_AssignedPersonUniversal" cardinality="" required="0" mandatory="0" blocked="-1" businessName=""><annotations/></association><association name="escort" beginX="3.64938937096028" beginY="3.44555555555555" endX="3.64938937096028" endY="3.44555555555555" target="Escort" targetShapeId="Sheet.31" rimTarget="Role" rimName="participation" source="R_AssignedPersonUniversal" cardinality="" required="0" mandatory="0" blocked="-1" businessName=""><annotations/></association></associations></class><class name="Performer" type="Participation" rimName="Participation"><graphics shapeId="Sheet.25" width="1.83228760511609" height="0.436485106065539" x="4.56553317351833" y="4.06111111111111" beginX="5.48167697607637" beginY="4.12" endX="3.64938937096028" endY="4.00222222222222" arrowWidth="66 in."/><annotations/><attributes><attribute name="typeCode" rimClassName="Participation" datatype="CS" cardinality="1..1" conformance="R" mandatory="true" strength="CNE" codeSystem="ParticipationType" domainCode="PRF" maxLength="0" historyAllowed="false"><annotations/></attribute><attribute name="time" rimClassName="Participation" datatype="IVL&lt;TS&gt;" cardinality="0..1" conformance="" mandatory="false" maxLength="0" historyAllowed="false"><annotations/></attribute></attributes><associations><association name="transportation" beginX="5.48167697607637" beginY="4.12" endX="5.48167697607637" endY="4.12" target="Transportation" targetShapeId="Sheet.37" rimTarget="Participation" rimName="act" source="Performer" cardinality="" required="0" mandatory="0" blocked="-1" businessName=""><annotations/></association><association name="assignedPerson" beginX="3.64938937096028" beginY="4.00222222222222" endX="3.64938937096028" endY="4.00222222222222" target="R_AssignedPersonUniversal" targetShapeId="Sheet.48" rimTarget="Participation" rimName="role" source="Performer" cardinality="1..1" required="0" mandatory="0" blocked="0" businessName=""><annotations/></association></associations></class><entryPoint entryClass="Transportation" name="A_Transportation universal" type="EntryPoint" id="COCT_RM060000UV"><graphics shapeId="Sheet.41" connectedShape="Sheet.37" width="2.02579581670096" height="1.03348028157552" beginX="6" beginY="5" endX="6.18257975385417" endY="4.46"/><annotations/><notes><text>2 Dec 2003 Used to refer to the act of transportation of a patient or clinical subject Property-contextConductionStyle: I </text></notes></entryPoint></page></pages></hl7model>
