<?xml version="1.0"?>
<hl7model rendered="7/1/2012 9:01:35 AM" datatypesRelease="R2"><pages><page name="A_Verification" width="16.1237651919722" height="6.70333333333333"><class name="Verification" type="Act" rimName="Observation"><graphics shapeId="Sheet.38" width="3.10624481504622" height="2.10111111111111" x="9.44330702189931" y="3.165" flipX="FALSE" flipY="FALSE" autoWidth="1" autoHeight="0"/><annotations/><attributes><attribute name="classCode" rimClassName="Act" datatype="CS" cardinality="1..1" conformance="R" mandatory="true" strength="CNE" codeSystem="ActClass" domainCode="VERIF" maxLength="0" historyAllowed="false"><annotations/></attribute><attribute name="moodCode" rimClassName="Act" datatype="CS" cardinality="1..1" conformance="R" mandatory="true" strength="CNE" codeSystem="ActMood" domainCode="EVN" maxLength="0" historyAllowed="false"><annotations/></attribute><attribute name="id" rimClassName="Act" datatype="DSET&lt;II&gt;" cardinality="0..*" conformance="" mandatory="false" maxLength="0" historyAllowed="false"><annotations/></attribute><attribute name="code" rimClassName="Act" datatype="CD" cardinality="0..1" conformance="" mandatory="false" strength="CWE" conceptDomain="ActObservationVerificationType" maxLength="0" historyAllowed="false" businessName="e.g. credentials verification"><annotations/></attribute><attribute name="statusCode" rimClassName="Act" datatype="CS" cardinality="0..1" conformance="" mandatory="false" strength="CNE" valueSet="ActStatus" maxLength="0" historyAllowed="false"><annotations/></attribute><attribute name="effectiveTime" rimClassName="Act" datatype="TS" cardinality="0..1" conformance="" mandatory="false" maxLength="0" historyAllowed="false"><annotations/></attribute><attribute name="reasonCode" rimClassName="Act" datatype="CD" cardinality="0..1" conformance="" mandatory="false" strength="CWE" conceptDomain="ActVerificationReason" maxLength="0" historyAllowed="false"><annotations/></attribute><attribute name="value" rimClassName="Observation" datatype="CD" cardinality="0..1" conformance="" mandatory="false" strength="CNE" conceptDomain="VerificationOutcome" maxLength="0" historyAllowed="false" businessName="verified, not verified, verified with warning"><annotations/></attribute><attribute name="methodCode" rimClassName="Observation" datatype="DSET&lt;CD&gt;" cardinality="0..*" conformance="" mandatory="false" strength="CWE" conceptDomain="VerificationMethod" maxLength="0" historyAllowed="false"><annotations/></attribute></attributes><associations><association name="primaryPerformer" beginX="7.8901846143762" beginY="4.00544444444444" endX="7.8901846143762" endY="4.00544444444444" target="PrimaryPerformer" targetShapeId="Sheet.43" rimTarget="Act" rimName="participation" source="Verification" cardinality="0..*" required="0" mandatory="0" blocked="0" businessName=""><annotations/></association><association name="support" beginX="10.9964294294224" beginY="4.00544444444444" endX="10.9964294294224" endY="4.00544444444444" target="Support" targetShapeId="Sheet.54" rimTarget="Act" rimName="outboundRelationship" source="Verification" cardinality="0..*" required="0" mandatory="0" blocked="0" businessName=""><annotations/></association><association name="inFulfillmentOf" beginX="9.44330702189931" beginY="2.11444444444444" endX="9.44330702189931" endY="2.11444444444444" target="InFulfillmentOf" targetShapeId="Sheet.53" rimTarget="Act" rimName="outboundRelationship" source="Verification" cardinality="0..*" required="0" mandatory="0" blocked="0" businessName=""><annotations/></association></associations></class><class name="PrimaryPerformer" type="Participation" rimName="Participation"><graphics shapeId="Sheet.43" width="3.05237747495833" height="0.570142942979601" x="6.36399587689703" y="3.92827540493435" beginX="7.8901846143762" beginY="4.00544444444444" endX="5.05503026528222" endY="3.85110636542426" arrowWidth="66 in."/><annotations/><attributes><attribute name="typeCode" rimClassName="Participation" datatype="CS" cardinality="1..1" conformance="R" mandatory="true" strength="CNE" codeSystem="ParticipationType" domainCode="PPRF" maxLength="0" historyAllowed="false"><annotations/></attribute><attribute name="signatureCode" rimClassName="Participation" datatype="CD" cardinality="0..1" conformance="" mandatory="false" strength="CNE" conceptDomain="ParticipationSignature" maxLength="0" historyAllowed="false"><annotations/></attribute><attribute name="signatureText" rimClassName="Participation" datatype="ED" cardinality="0..1" conformance="" mandatory="false" maxLength="0" historyAllowed="false"><annotations/></attribute></attributes><associations><association name="verification" beginX="7.8901846143762" beginY="4.00544444444444" endX="7.8901846143762" endY="4.00544444444444" target="Verification" targetShapeId="Sheet.38" rimTarget="Participation" rimName="act" source="PrimaryPerformer" cardinality="" required="0" mandatory="0" blocked="-1" businessName=""><annotations/></association><association name="assignedEntity" beginX="5.05503026528222" beginY="3.85110636542426" endX="5.05503026528222" endY="3.85110636542426" target="R_AssignedEntityIdentified/confirmable" targetShapeId="Sheet.33" rimTarget="Participation" rimName="role" source="PrimaryPerformer" cardinality="1..1" required="0" mandatory="0" blocked="0" businessName=""><annotations/></association></associations></class><class name="R_AssignedEntityIdentified/confirmable" cmetId="COCT_MT090002UV" cmetType="Role(Performed only)" attLevel="identified/confirmable" domain="RoleClass" mnemonic="ASSIGNED" type="CMET" rimName="RoleHeir" id="COCT_MT090002UV"><graphics shapeId="Sheet.33" width="1.37048804692556" height="0.627825234646268" x="4.36978624181944" y="3.91388888888889" flipX="FALSE" flipY="FALSE" autoWidth="1" autoHeight="1"/><annotations/><associations><association name="performance" beginX="5.05503026528222" beginY="3.85110636542426" endX="5.05503026528222" endY="3.85110636542426" target="PrimaryPerformer" targetShapeId="Sheet.43" rimTarget="Role" rimName="participation" source="R_AssignedEntityIdentified/confirmable" cardinality="" required="0" mandatory="0" blocked="-1" businessName=""><annotations/></association></associations></class><class name="Support" type="ActRelationship" rimName="ActRelationship"><graphics shapeId="Sheet.54" width="1.80422649303949" height="0.303152281358507" x="11.8985426759422" y="3.91522222222222" beginX="10.9964294294224" beginY="4.00544444444444" endX="12.8006559224619" endY="3.825" arrowWidth="66 in."/><annotations/><attributes><attribute name="typeCode" rimClassName="ActRelationship" datatype="CS" cardinality="1..1" conformance="R" mandatory="true" strength="CNE" codeSystem="ActRelationshipType" domainCode="SPRT" maxLength="0" historyAllowed="false"><annotations/></attribute></attributes><associations><association name="verification" beginX="10.9964294294224" beginY="4.00544444444444" endX="10.9964294294224" endY="4.00544444444444" target="Verification" targetShapeId="Sheet.38" rimTarget="ActRelationship" rimName="source" source="Support" cardinality="" required="0" mandatory="0" blocked="-1" businessName=""><annotations/></association><association name="informationProvision" beginX="12.8006559224619" beginY="3.825" endX="12.8006559224619" endY="3.825" target="InformationProvision" targetShapeId="Sheet.23" rimTarget="ActRelationship" rimName="target" source="Support" cardinality="1..1" required="0" mandatory="0" blocked="0" businessName=""><annotations/></association></associations></class><class name="InformationProvision" type="Act" rimName="ActHeir"><graphics shapeId="Sheet.23" width="1.51866699522201" height="0.75" x="13.5599894200729" y="3.9" flipX="FALSE" flipY="FALSE" autoWidth="1" autoHeight="1"/><annotations/><attributes><attribute name="classCode" rimClassName="Act" datatype="CS" cardinality="1..1" conformance="R" mandatory="true" strength="CNE" codeSystem="ActClass" domainCode="INFRM" maxLength="0" historyAllowed="false"><annotations/></attribute><attribute name="moodCode" rimClassName="Act" datatype="CS" cardinality="1..1" conformance="R" mandatory="true" strength="CNE" codeSystem="ActMood" domainCode="EVN" maxLength="0" historyAllowed="false"><annotations/></attribute></attributes><associations><association name="supportOf" beginX="12.8006559224619" beginY="3.825" endX="12.8006559224619" endY="3.825" target="Support" targetShapeId="Sheet.54" rimTarget="Act" rimName="inboundRelationship" source="InformationProvision" cardinality="" required="0" mandatory="0" blocked="-1" businessName=""><annotations/></association><association name="performer" beginX="13.5599894200729" beginY="3.525" endX="13.5599894200729" endY="3.525" target="Performer" targetShapeId="Sheet.82" rimTarget="Act" rimName="participation" source="InformationProvision" cardinality="1..1" required="0" mandatory="0" blocked="0" businessName=""><annotations/></association></associations></class><class name="Performer" type="Participation" rimName="Participation"><graphics shapeId="Sheet.82" width="0.997198493787979" height="1.10833526914779" x="13.4799947100365" y="3.02640075310601" beginX="13.5599894200729" beginY="3.525" endX="13.4" endY="2.52780150621202" arrowWidth="66 in."/><annotations/><attributes><attribute name="typeCode" rimClassName="Participation" datatype="CS" cardinality="1..1" conformance="R" mandatory="true" strength="CNE" codeSystem="ParticipationType" domainCode="PRF" maxLength="0" historyAllowed="false"><annotations/></attribute></attributes><associations><association name="informationProvision" beginX="13.5599894200729" beginY="3.525" endX="13.5599894200729" endY="3.525" target="InformationProvision" targetShapeId="Sheet.23" rimTarget="Participation" rimName="act" source="Performer" cardinality="" required="0" mandatory="0" blocked="-1" businessName=""><annotations/></association><association name="agent" beginX="13.4" beginY="2.52780150621202" endX="13.4" endY="2.52780150621202" target="R_ResponsibleIdentified/informational" targetShapeId="Sheet.27" rimTarget="Participation" rimName="role" source="Performer" cardinality="1..1" required="0" mandatory="0" blocked="0" businessName=""><annotations/></association></associations></class><class name="R_ResponsibleIdentified/informational" cmetId="COCT_MT040008UV" cmetType="Role(Performed only)" attLevel="identified/informational" domain="RoleClass" mnemonic="AGNT" type="CMET" rimName="RoleHeir" id="COCT_MT040008UV"><graphics shapeId="Sheet.27" width="1.44443595341971" height="0.627825234646268" x="13.4" y="2.21388888888889" flipX="FALSE" flipY="FALSE" autoWidth="1" autoHeight="1"/><annotations/><associations><association name="performance" beginX="13.4" beginY="2.52780150621202" endX="13.4" endY="2.52780150621202" target="Performer" targetShapeId="Sheet.82" rimTarget="Role" rimName="participation" source="R_ResponsibleIdentified/informational" cardinality="" required="0" mandatory="0" blocked="-1" businessName=""><annotations/></association></associations></class><class name="InFulfillmentOf" type="ActRelationship" rimName="ActRelationship"><graphics shapeId="Sheet.53" width="0.498888888888893" height="1.15775848692122" x="9.44434868856597" y="1.865" beginX="9.44330702189931" beginY="2.11444444444444" endX="9.44539035523264" endY="1.61555555555555" arrowWidth="66 in."/><annotations/><attributes><attribute name="typeCode" rimClassName="ActRelationship" datatype="CS" cardinality="1..1" conformance="R" mandatory="true" strength="CNE" codeSystem="ActRelationshipType" domainCode="FLFS" maxLength="0" historyAllowed="false"><annotations/></attribute></attributes><associations><association name="verification" beginX="9.44330702189931" beginY="2.11444444444444" endX="9.44330702189931" endY="2.11444444444444" target="Verification" targetShapeId="Sheet.38" rimTarget="ActRelationship" rimName="source" source="InFulfillmentOf" cardinality="" required="0" mandatory="0" blocked="-1" businessName=""><annotations/></association><association name="verificationRequest" beginX="9.44539035523264" beginY="1.61555555555555" endX="9.44539035523264" endY="1.61555555555555" target="VerificationRequest" targetShapeId="Sheet.49" rimTarget="ActRelationship" rimName="target" source="InFulfillmentOf" cardinality="1..1" required="0" mandatory="0" blocked="0" businessName=""><annotations/></association></associations></class><class name="VerificationRequest" type="Act" rimName="Observation"><graphics shapeId="Sheet.49" width="1.42629791563216" height="0.75" x="9.44539035523264" y="1.24055555555555" flipX="FALSE" flipY="FALSE" autoWidth="1" autoHeight="1"/><annotations/><notes><Note name="Sheet.18" type="Note" noteType="Note"><graphics shapeId="Sheet.18" connectedShape="Sheet.49" x="11.8867097996771" y="1.17555555555555" width="1.46369042594032" height="0.722319679090712" beginX="0.731845212970161" beginY="0.361159839545356" endX="-0.996325273658202" endY="0.426159839545356"/><annotations/><notes><text>Link to the Request.
ID is mandatory.
No other attributes are
conveyed, this is only a link.</text></notes></Note></notes><attributes><attribute name="classCode" rimClassName="Act" datatype="CS" cardinality="1..1" conformance="R" mandatory="true" strength="CNE" codeSystem="ActClass" domainCode="VERIF" maxLength="0" historyAllowed="false"><annotations/></attribute><attribute name="moodCode" rimClassName="Act" datatype="CS" cardinality="1..1" conformance="R" mandatory="true" strength="CNE" codeSystem="ActMood" domainCode="RQO" maxLength="0" historyAllowed="false"><annotations/></attribute><attribute name="id" rimClassName="Act" datatype="DSET&lt;II&gt;" cardinality="1..*" conformance="R" mandatory="true" maxLength="0" historyAllowed="false"><annotations/></attribute></attributes><associations><association name="fulfillment" beginX="9.44539035523264" beginY="1.61555555555555" endX="9.44539035523264" endY="1.61555555555555" target="InFulfillmentOf" targetShapeId="Sheet.53" rimTarget="Act" rimName="inboundRelationship" source="VerificationRequest" cardinality="" required="0" mandatory="0" blocked="-1" businessName=""><annotations/></association></associations></class><entryPoint entryClass="Verification" name="A_Verification" type="EntryPoint" id="COCT_RM810000UV"><graphics shapeId="Sheet.6" connectedShape="Sheet.38" width="2.11846625737478" height="1.70014440511068" beginX="9.4640709107882" beginY="4.58555555555555" endX="9.44330702189931" endY="4.21555555555555"/><annotations/><notes><text>Describes the process of verifying the details of a Role and its associated classes, or of an Act and its associations. Verification can be done by various means and methods. Contains the verification outcome as determined by the verification process. Property-contextConductionStyle: I </text></notes></entryPoint></page></pages></hl7model>
