<?xml version="1.0"?>
<hl7model rendered="7/1/2012 8:50:24 AM" datatypesRelease="R2"><pages><page name="Pg-1" width="11" height="8.5"><class name="Holder" type="Participation" rimName="Participation"><graphics shapeId="Sheet.2" width="0.815968422445546" height="1.10839248960677" x="3.88596075098761" y="5.58928206549795" beginX="3.886515686503" beginY="5.99726627672072" endX="3.88540581547222" endY="5.18129785427517" arrowWidth="66 in."/><annotations/><attributes><attribute name="typeCode" rimClassName="Participation" datatype="CS" cardinality="1..1" conformance="R" mandatory="true" strength="CNE" codeSystem="ParticipationType" domainCode="HLD" maxLength="0" historyAllowed="false"><annotations/></attribute></attributes><associations><association name="account" beginX="3.886515686503" beginY="5.99726627672072" endX="3.886515686503" endY="5.99726627672072" target="Account" targetShapeId="Sheet.8" rimTarget="Participation" rimName="act" source="Holder" cardinality="" required="0" mandatory="0" blocked="-1" businessName=""><annotations/></association><association name="payorRole" beginX="3.88540581547222" beginY="5.18129785427517" endX="3.88540581547222" endY="5.18129785427517" target="PayorRole" targetShapeId="Sheet.19" rimTarget="Participation" rimName="role" source="Holder" cardinality="1..1" required="-1" mandatory="-1" blocked="0" businessName=""><annotations/></association></associations></class><class name="Account" type="Act" rimName="Account"><graphics shapeId="Sheet.8" width="1.84019638364974" height="0.782134113226997" x="3.886515686503" y="6.38833333333422" flipX="FALSE" flipY="FALSE" autoWidth="1" autoHeight="1"/><annotations/><attributes><attribute name="classCode" rimClassName="Act" datatype="CS" cardinality="1..1" conformance="R" mandatory="true" strength="CNE" codeSystem="ActClass" domainCode="ACCT" maxLength="0" historyAllowed="false"><annotations/></attribute><attribute name="moodCode" rimClassName="Act" datatype="CS" cardinality="1..1" conformance="R" mandatory="true" strength="CNE" codeSystem="ActMood" domainCode="EVN" maxLength="0" historyAllowed="false"><annotations/></attribute><attribute name="code" rimClassName="Act" datatype="CS" cardinality="1..1" conformance="R" mandatory="true" strength="CNE" conceptDomain="ActCode" maxLength="0" historyAllowed="false"><annotations/></attribute><attribute name="title" rimClassName="Act" datatype="ST" cardinality="0..1" conformance="R" mandatory="false" maxLength="0" historyAllowed="false"><annotations/></attribute></attributes><associations><association name="holder" beginX="3.886515686503" beginY="5.99726627672072" endX="3.886515686503" endY="5.99726627672072" target="Holder" targetShapeId="Sheet.2" rimTarget="Act" rimName="participation" source="Account" cardinality="1..1" required="-1" mandatory="-1" blocked="0" businessName=""><annotations/></association></associations></class><entryPoint entryClass="Account" name="A_AccountPayor contact" type="EntryPoint" id="COCT_RM110102"><graphics shapeId="Sheet.34" connectedShape="Sheet.8" width="2.01955497197439" height="0.90014745686849" beginX="2" beginY="6.4" endX="2.96641749467813" endY="6.54476015597962"/><annotations/><notes><text>Specification of information to contact a payor Property-contextConductionStyle: I </text></notes></entryPoint><class name="PayorRole" type="Role" rimName="RoleHeir"><graphics shapeId="Sheet.19" width="3.14031769102279" height="0.648151264105903" x="3.88540581547222" y="4.85722222222222" flipX="TRUE" flipY="TRUE" autoWidth="1" autoHeight="1"/><annotations/><attributes><attribute name="classCode" rimClassName="Role" datatype="CS" cardinality="1..1" conformance="R" mandatory="true" strength="CNE" codeSystem="RoleClass" domainCode="PAYOR" maxLength="0" historyAllowed="false"><annotations/></attribute><attribute name="id" rimClassName="Role" datatype="DSET&lt;II&gt;" cardinality="1..*" conformance="R" mandatory="true" maxLength="0" historyAllowed="false" businessName="Payor identifier, assigned by adjudicator"><annotations/></attribute><attribute name="telecom" rimClassName="Role" datatype="TEL" cardinality="0..1" conformance="" mandatory="false" maxLength="0" historyAllowed="false"><annotations/></attribute></attributes><associations><association name="invoicePayorOrganization" beginX="5.14153289188134" beginY="5.11648272786458" endX="5.98454476148817" endY="5.85" target="PayorOrganization" targetShapeId="Sheet.30" rimTarget="Role" rimName="player" source="PayorRole" cardinality="0..1" required="0" mandatory="0" blocked="0" businessName=""><annotations/></association><association name="contractHeld" beginX="3.88540581547222" beginY="5.18129785427517" endX="3.88540581547222" endY="5.18129785427517" target="Holder" targetShapeId="Sheet.2" rimTarget="Role" rimName="participation" source="PayorRole" cardinality="" required="0" mandatory="0" blocked="-1" businessName=""><annotations/></association></associations></class><class name="PayorOrganization" type="Entity" rimName="Organization"><graphics shapeId="Sheet.30" width="1.7937142974681" height="0.75" x="6.88140191022222" y="6.225" flipX="FALSE" flipY="FALSE" autoWidth="1" autoHeight="1"/><annotations/><attributes><attribute name="classCode" rimClassName="Entity" datatype="CS" cardinality="1..1" conformance="R" mandatory="true" strength="CNE" codeSystem="EntityClass" domainCode="ORG" maxLength="0" historyAllowed="false"><annotations/></attribute><attribute name="determinerCode" rimClassName="Entity" datatype="CS" cardinality="1..1" conformance="R" mandatory="true" strength="CNE" codeSystem="EntityDeterminer" domainCode="INSTANCE" maxLength="0" historyAllowed="false"><annotations/></attribute><attribute name="name" rimClassName="Entity" datatype="ON" cardinality="0..1" conformance="" mandatory="false" maxLength="0" historyAllowed="false"><annotations/></attribute></attributes><associations><association name="asPayorRole" endX="5.14153289188134" endY="5.11648272786458" beginX="5.98454476148817" beginY="5.85" target="PayorRole" targetShapeId="Sheet.19" rimTarget="Entity" rimName="playedRole" source="PayorOrganization" cardinality="" required="0" mandatory="0" blocked="-1" businessName=""><annotations/></association></associations></class></page></pages></hl7model>
