<?xml version="1.0"?>
<hl7model rendered="7/1/2012 8:48:16 AM" datatypesRelease="R2"><pages><page name="Pg-1" width="5.34273546106942" height="1.04166666666666"><class name="LocatedEntity" type="Role" rimName="RoleHeir"><graphics shapeId="Sheet.109" width="1.25" height="0.514818439398872" x="0.638888888888889" y="0.645222222222221" flipX="TRUE" flipY="TRUE" autoWidth="1" autoHeight="1"/><annotations/><attributes><attribute name="classCode" rimClassName="Role" datatype="CS" cardinality="1..1" conformance="R" mandatory="true" strength="CNE" codeSystem="RoleClass" domainCode="LOCE" maxLength="0" historyAllowed="false"><annotations/></attribute><attribute name="id" rimClassName="Role" datatype="DSET&lt;II&gt;" cardinality="1..*" conformance="R" mandatory="true" maxLength="0" historyAllowed="false"><annotations/></attribute></attributes></class><entryPoint entryClass="LocatedEntity" name="R_LocationLocatedEntity Identified" type="EntryPoint" id="COCT_RM070001UV"><graphics shapeId="Sheet.349" connectedShape="Sheet.109" width="2.45236755674544" height="1.03348028157552" beginX="2.875341796875" beginY="0.550777777777775" endX="1.26388888888889" endY="0.490776690402559"/><annotations/><notes><text>02 Dec. 2003 CMET used to identify the physical presence of an entity (e.g. location of a device). Property-contextConductionStyle: I </text></notes></entryPoint></page></pages></hl7model>
