<?xml version="1.0"?>
<hl7model rendered="4/18/2014 9:51:21 PM" datatypesRelease="R2"><pages><page name="Pg-1" width="10.5195636219044" height="3.67773346896701"><class name="AgentChoice" type="Choice" rimName="Role"><graphics shapeId="Sheet.82" width="4.89386451176931" height="1.00554258399134" x="2.69765681948329" y="0.687847890314946" flipX="GUARD(FALSE)" flipY="GUARD(FALSE)" vertical="0" autoWidth="1" autoHeight="1"/><annotations/><children><childClass name="R_ClinicalStatementProductModelUniversal" shapeId="Sheet.1"/><childClass name="AdministerableMaterial" shapeId="Sheet.99"/></children></class><class name="R_ClinicalStatementProductModelUniversal" cmetId="COCT_MT530200UV" cmetType="Role(Performed only)" attLevel="universal" domain="RoleClass" mnemonic="ROL" type="CMET" rimName="RoleHeir" id="COCT_MT530200UV"><graphics shapeId="Sheet.1" width="2.01886451176931" height="0.627825234646268" x="1.38515681948329" y="0.612847890314946" flipX="FALSE" flipY="FALSE" autoWidth="1" autoHeight="1"/><annotations/></class><class name="AdministerableMaterial" type="Role" rimName="RoleHeir"><graphics shapeId="Sheet.99" width="2.5" height="0.630542583991341" x="3.76958907536795" y="0.612847890314946" flipX="TRUE" flipY="FALSE" autoWidth="0" autoHeight="0"/><annotations/><attributes><attribute name="classCode" rimClassName="Role" datatype="CS" cardinality="1..1" conformance="R" mandatory="true" strength="CNE" codeSystem="RoleClass" domainCode="ADMM" maxLength="0" historyAllowed="false"><annotations/></attribute></attributes><associations><association name="administrableMaterialKind" beginX="4.76958907536795" beginY="0.360630856718409" endX="5.04104034256705" endY="2.75132897593247" target="MaterialKind" targetShapeId="Sheet.119" rimTarget="Role" rimName="player" source="AdministerableMaterial" cardinality="1..1" required="-1" mandatory="-1" blocked="0" businessName=""><annotations/></association></associations></class><class name="MaterialKind" type="Entity" rimName="Material"><graphics shapeId="Sheet.119" width="2.64021087949935" height="0.915466937934028" x="6.30523752534223" y="3.21" flipX="FALSE" flipY="FALSE" autoWidth="1" autoHeight="1"/><annotations/><attributes><attribute name="classCode" rimClassName="Entity" datatype="CS" cardinality="1..1" conformance="R" mandatory="true" strength="CNE" codeSystem="EntityClass" domainCode="MAT" maxLength="0" historyAllowed="false"><annotations/></attribute><attribute name="determinerCode" rimClassName="Entity" datatype="CS" cardinality="1..1" conformance="R" mandatory="true" strength="CNE" codeSystem="EntityDeterminer" domainCode="KIND" maxLength="0" historyAllowed="false"><annotations/></attribute><attribute name="code" rimClassName="Entity" datatype="CD" cardinality="0..1" conformance="R" mandatory="false" strength="CWE" conceptDomain="ExposureAgentEntityKind" maxLength="0" historyAllowed="false" businessName="Drug,food,dust,etc."><annotations/></attribute><attribute name="desc" rimClassName="Entity" datatype="ST" cardinality="0..1" conformance="" mandatory="false" maxLength="0" historyAllowed="false"><annotations/></attribute></attributes><associations><association name="materialPart" endX="7.34100174774744" endY="2.11773346896701" beginX="7.4193893152901" beginY="2.75132897593247" target="MaterialPart" targetShapeId="Sheet.89" rimTarget="Entity" rimName="scopedRole" source="MaterialKind" cardinality="0..*" required="-1" mandatory="0" blocked="0" businessName=""><annotations/></association><association name="asAdministerableMaterial" endX="4.76958907536795" endY="0.360630856718409" beginX="5.04104034256705" beginY="2.75132897593247" target="AdministerableMaterial" targetShapeId="Sheet.99" rimTarget="Entity" rimName="playedRole" source="MaterialKind" cardinality="" required="0" mandatory="0" blocked="-1" businessName=""><annotations/></association></associations></class><class name="MaterialPart" type="Role" rimName="Role"><graphics shapeId="Sheet.89" width="1.84341217344466" height="0.5" x="6.60363687836958" y="1.91773346896701" flipX="TRUE" flipY="FALSE" autoWidth="1" autoHeight="1"/><annotations/><notes><Note name="Sheet.84" type="Note" noteType="Note"><graphics shapeId="Sheet.84" connectedShape="Sheet.89" x="9.56975681948329" y="1.41701455698203" width="1" height="0.5" beginX="0.5" beginY="0.25" endX="-1.54441385439138" endY="0.600718911984985"/><annotations/><notes><text>Need x_Domain</text></notes></Note></notes><attributes><attribute name="classCode" rimClassName="Role" datatype="CS" cardinality="1..1" conformance="R" mandatory="true" strength="CNE" valueSet="RoleClassPartitive" maxLength="0" historyAllowed="false"><annotations/><constraints><Constraint name="Sheet.123" type="Constraint"><graphics shapeId="Sheet.123" connectedShape="Sheet.89" x="9.56975681948329" y="1.99757011253702" width="1.86420693595009" height="0.562659524197049" beginX="0.932103467975044" beginY="0.281329762098525" endX="-1.11231038641634" endY="0.151493118528515"/><annotations/><constraints><text>invariant( x) {
  x.classCode is {PART, INGR};
}</text></constraints></Constraint></constraints></attribute></attributes><associations><association name="partMaterialKind" beginX="7.34100174774744" beginY="1.71773346896701" endX="7.22534296509191" endY="0.925466937934028" target="MaterialKind2" targetShapeId="Sheet.115" rimTarget="Role" rimName="player" source="MaterialPart" cardinality="1..1" required="-1" mandatory="-1" blocked="0" businessName=""><annotations/></association><association name="wholeMaterialKind" beginX="7.34100174774744" beginY="2.11773346896701" endX="7.4193893152901" endY="2.75132897593247" target="MaterialKind" targetShapeId="Sheet.119" rimTarget="Role" rimName="scoper" source="MaterialPart" cardinality="" required="0" mandatory="0" blocked="-1" businessName=""><annotations/></association></associations></class><class name="MaterialKind2" type="Entity" rimName="Material"><graphics shapeId="Sheet.115" width="2.8" height="0.915466937934028" x="7.22534296509191" y="0.467733468967014" flipX="FALSE" flipY="FALSE" autoWidth="0" autoHeight="1"/><annotations/><attributes><attribute name="classCode" rimClassName="Entity" datatype="CS" cardinality="1..1" conformance="R" mandatory="true" strength="CNE" codeSystem="EntityClass" domainCode="MAT" maxLength="0" historyAllowed="false"><annotations/></attribute><attribute name="determinerCode" rimClassName="Entity" datatype="CS" cardinality="1..1" conformance="R" mandatory="true" strength="CNE" codeSystem="EntityDeterminer" domainCode="KIND" maxLength="0" historyAllowed="false"><annotations/></attribute><attribute name="code" rimClassName="Entity" datatype="CV" cardinality="0..1" conformance="R" mandatory="false" strength="CWE" conceptDomain="ExposureAgentPartEntity" maxLength="0" historyAllowed="false" businessName="Agent components"><annotations/></attribute><attribute name="desc" rimClassName="Entity" datatype="ST" cardinality="0..1" conformance="" mandatory="false" maxLength="0" historyAllowed="false"><annotations/></attribute></attributes><associations><association name="asMaterialPart" endX="7.34100174774744" endY="1.71773346896701" beginX="7.22534296509191" beginY="0.925466937934028" target="MaterialPart" targetShapeId="Sheet.89" rimTarget="Entity" rimName="playedRole" source="MaterialKind2" cardinality="" required="0" mandatory="0" blocked="-1" businessName=""><annotations/></association></associations></class><entryPoint entryClass="AgentChoice" name="ClinicalStatementConsumableMaterial" type="EntryPoint" id="COCT_RM530300UV"><graphics shapeId="Sheet.134" connectedShape="Sheet.82" width="2.64578415220443" height="0.766814632161459" beginX="1.55" beginY="2.6" endX="1.71888391712943" endY="1.19061918231062"/><annotations/><notes><text> Property-contextConductionStyle: I </text></notes></entryPoint></page></pages></hl7model>
