<?xml version="1.0"?>
<hl7model rendered="11/10/2012 8:27:22 PM" datatypesRelease="R2"><pages><page name="Pg-1" width="7.45950226436979" height="7.11850350138347"><class name="E_PlaceInformational" cmetId="COCT_MT710007UV" cmetType="Entity" attLevel="informational" domain="EntityClass" mnemonic="PLC" type="CMET" rimName="Place" id="COCT_MT710007UV"><graphics shapeId="Sheet.803" width="1.16131675175955" height="0.627825234646268" x="2.74909275630512" y="0.323912617323134" flipX="FALSE" flipY="FALSE" autoWidth="1" autoHeight="1"/><annotations/><associations><association name="asBirthPlace" endX="3.71719213710174" endY="1.5181152464464" beginX="2.86522443148108" beginY="0.637825234646268" target="BirthPlace" targetShapeId="Sheet.7" rimTarget="Entity" rimName="playedRole" source="E_PlaceInformational" cardinality="" required="0" mandatory="0" blocked="-1" businessName=""><annotations/></association></associations></class><class name="BirthPlace" type="Role" rimName="RoleHeir"><graphics shapeId="Sheet.7" width="1.2813974877079" height="0.514493427191841" x="4.2297511321849" y="1.72391261732313" flipX="FALSE" flipY="FALSE" autoWidth="1" autoHeight="1"/><description>The birthplace of the focal living subject</description><annotations><description>The birthplace of the focal living subject</description></annotations><attributes><attribute name="classCode" rimClassName="Role" datatype="CS" cardinality="1..1" conformance="R" mandatory="true" strength="CNE" codeSystem="RoleClass" domainCode="C:RoleClass" fixed="BIRTHPL" maxLength="0" historyAllowed="false"><description>Structural attribute; this is a "birthplace" role</description><annotations><description>Structural attribute; this is a "birthplace" role</description></annotations></attribute><attribute name="addr" rimClassName="Role" datatype="AD" cardinality="0..1" conformance="" mandatory="false" maxLength="0" historyAllowed="false"><description>A living subject's birth place represented as an address.  Note: Either BirthPlace.addr or an associated Place.name must be valued</description><annotations><description>A living subject's birth place represented as an address.  Note: Either BirthPlace.addr or an associated Place.name must be valued</description></annotations><constraints><Constraint name="Sheet.44" type="Constraint"><graphics shapeId="Sheet.44" connectedShape="Sheet.7" x="0.731015584131727" y="1.12391261732313" width="1.39747109610634" height="0.444492409939237" beginX="0.698735548053169" beginY="0.222246204969618" endX="3.55677235225239" endY="0.719347519531252"/><annotations/><constraints><text>Restricted to physical
address only</text></constraints></Constraint></constraints></attribute></attributes><associations><association name="birthplace" beginX="3.71719213710174" beginY="1.5181152464464" endX="2.86522443148108" endY="0.637825234646268" target="E_PlaceInformational" targetShapeId="Sheet.803" rimTarget="Role" rimName="player" source="BirthPlace" cardinality="0..1" required="0" mandatory="0" blocked="0" businessName=""><annotations/></association><association name="birthplaceForEntityChoiceSubject" beginX="3.71719213710174" beginY="1.92970998819987" endX="2.98580090574792" endY="2.92391261732313" target="EntityChoiceSubject" targetShapeId="Sheet.42" rimTarget="Role" rimName="scoper" source="BirthPlace" cardinality="" required="0" mandatory="0" blocked="-1" businessName=""><annotations/></association><association name="subjectOf" beginX="4.35789088095568" beginY="1.46666590372721" endX="4.35789088095568" endY="1.46666590372721" target="Subject" targetShapeId="Sheet.56" rimTarget="Role" rimName="participation" source="BirthPlace" cardinality="0..1" required="0" mandatory="0" blocked="0" businessName=""><annotations/></association></associations></class><class name="EntityChoiceSubject" type="Choice" rimName="Entity"><graphics shapeId="Sheet.42" width="7.43950226436979" height="1.55713258734809" x="3.7297511321849" y="3.70247891099718" flipX="GUARD(FALSE)" flipY="GUARD(FALSE)" vertical="0" autoWidth="1" autoHeight="1"/><annotations/><children><childClass name="Person" shapeId="Sheet.27"/><childClass name="NonPersonLivingSubject" shapeId="Sheet.31"/></children><associations><association name="birthPlace" endX="3.71719213710174" endY="1.92970998819987" beginX="2.98580090574792" beginY="2.92391261732313" target="BirthPlace" targetShapeId="Sheet.7" rimTarget="Entity" rimName="scopedRole" source="EntityChoiceSubject" cardinality="0..1" required="0" mandatory="0" blocked="0" businessName=""><annotations/></association><association name="asPatient" endX="2.4906947350755" endY="4.93256877834747" beginX="2.98580090574792" beginY="4.48104520467122" target="Patient" targetShapeId="Sheet.17" rimTarget="Entity" rimName="playedRole" source="EntityChoiceSubject" cardinality="" required="0" mandatory="0" blocked="-1" businessName=""><annotations/></association></associations></class><class name="Person" type="Entity" rimName="Person"><graphics shapeId="Sheet.27" width="3.5322511321849" height="1.048149738227" x="1.90112556609245" y="3.62747891099718" flipX="FALSE" flipY="FALSE" autoWidth="1" autoHeight="1"/><description>A subtype of LivingSubject representing a human being</description><annotations><description>A subtype of LivingSubject representing a human being</description></annotations><attributes><attribute name="classCode" rimClassName="Entity" datatype="CS" cardinality="1..1" conformance="R" mandatory="true" strength="CNE" codeSystem="EntityClass" domainCode="C:EntityClass" fixed="PSN" maxLength="0" historyAllowed="false"><description>Structural attribute; this is a "person" entity</description><annotations><description>Structural attribute; this is a "person" entity</description></annotations></attribute><attribute name="determinerCode" rimClassName="Entity" datatype="CS" cardinality="1..1" conformance="R" mandatory="true" strength="CNE" codeSystem="EntityDeterminer" domainCode="C:EntityDeterminer" fixed="INSTANCE" maxLength="0" historyAllowed="false"><description>Structural attribute; this is a specific person</description><annotations><description>Structural attribute; this is a specific person</description></annotations></attribute><attribute name="id" rimClassName="Entity" datatype="DSET&lt;II&gt;" cardinality="0..*" conformance="" mandatory="false" maxLength="0" historyAllowed="false"><description>Identifier(s) for this person.  Note that these identifiers can only be used for matching purposes since no scoping organization or status information is included.</description><annotations><description>Identifier(s) for this person.  Note that these identifiers can only be used for matching purposes since no scoping organization or status information is included.</description></annotations></attribute><attribute name="name" rimClassName="Entity" datatype="COLL&lt;PN&gt;" cardinality="1..*" conformance="R" mandatory="false" maxLength="0" historyAllowed="false"><description>Name(s) for this person</description><annotations><description>Name(s) for this person</description></annotations></attribute><attribute name="administrativeGenderCode" rimClassName="LivingSubject" datatype="CD" cardinality="0..1" conformance="" mandatory="false" strength="CWE" conceptDomain="AdministrativeGender" maxLength="0" historyAllowed="false"><description>A value representing the gender (sex) of this person. Note: this attribute does not include terms related to clinical gender which is a complex physiological, genetic and sociological concept that requires multiple observations in order to be comprehensively described.</description><annotations><description>A value representing the gender (sex) of this person. Note: this attribute does not include terms related to clinical gender which is a complex physiological, genetic and sociological concept that requires multiple observations in order to be comprehensively described.</description></annotations></attribute><attribute name="birthTime" rimClassName="LivingSubject" datatype="TS" cardinality="0..1" conformance="" mandatory="false" maxLength="0" historyAllowed="false"><description>The date and time this person was born.  This could be an exact moment such as January 1, 1960 @ 03:00:00 EST or an approximate date such as January 1960.</description><annotations><description>The date and time this person was born.  This could be an exact moment such as January 1, 1960 @ 03:00:00 EST or an approximate date such as January 1960.</description></annotations></attribute></attributes></class><class name="NonPersonLivingSubject" type="Entity" rimName="NonPersonLivingSubject"><graphics shapeId="Sheet.31" width="3.5322511321849" height="1.18213258734809" x="5.55837669827734" y="3.62747891099718" flipX="FALSE" flipY="FALSE" autoWidth="1" autoHeight="1"/><description>A subtype of LivingSubject representing a non-person living subject (e.g., animal, microorganism, plant)</description><annotations><description>A subtype of LivingSubject representing a non-person living subject (e.g., animal, microorganism, plant)</description></annotations><attributes><attribute name="classCode" rimClassName="Entity" datatype="CS" cardinality="1..1" conformance="R" mandatory="true" strength="CNE" codeSystem="EntityClass" domainCode="NLIV" maxLength="0" historyAllowed="false"><description>Structural attribute; this is a "non-person living subject" entity</description><annotations><description>Structural attribute; this is a "non-person living subject" entity</description></annotations></attribute><attribute name="determinerCode" rimClassName="Entity" datatype="CS" cardinality="1..1" conformance="R" mandatory="true" strength="CNE" codeSystem="EntityDeterminer" domainCode="C:EntityDeterminer" fixed="INSTANCE" maxLength="0" historyAllowed="false"><description>Structural attribute; this is a specific non-person living subject</description><annotations><description>Structural attribute; this is a specific non-person living subject</description></annotations></attribute><attribute name="id" rimClassName="Entity" datatype="DSET&lt;II&gt;" cardinality="0..*" conformance="" mandatory="false" maxLength="0" historyAllowed="false"><description>Identifier(s) for this non-person living subject.  Note that these identifiers can only be used for matching purposes since no scoping organization or status information is included.</description><annotations><description>Identifier(s) for this non-person living subject.  Note that these identifiers can only be used for matching purposes since no scoping organization or status information is included.</description></annotations></attribute><attribute name="code" rimClassName="Entity" datatype="CD" cardinality="1..1" conformance="R" mandatory="false" strength="CWE" conceptDomain="EntityCode" maxLength="0" historyAllowed="false"><description>A value representing the specific kind of non-person living subject the instance represents, for example animal or plant taxonomy.</description><annotations><description>A value representing the specific kind of non-person living subject the instance represents, for example animal or plant taxonomy.</description></annotations></attribute><attribute name="name" rimClassName="Entity" datatype="COLL&lt;EN&gt;" cardinality="0..*" conformance="" mandatory="false" maxLength="0" historyAllowed="false"><description>The name(s) of this non-person living subject</description><annotations><description>The name(s) of this non-person living subject</description></annotations></attribute><attribute name="administrativeGenderCode" rimClassName="LivingSubject" datatype="CD" cardinality="0..1" conformance="" mandatory="false" strength="CWE" conceptDomain="AdministrativeGender" maxLength="0" historyAllowed="false"><description>A value representing the gender (sex) of this non-person living subject. This attribute does not include terms related to clinical gender which is a complex physiological, genetic and sociological concept that requires multiple observations in order to be comprehensively described.</description><annotations><description>A value representing the gender (sex) of this non-person living subject. This attribute does not include terms related to clinical gender which is a complex physiological, genetic and sociological concept that requires multiple observations in order to be comprehensively described.</description></annotations></attribute><attribute name="birthTime" rimClassName="LivingSubject" datatype="TS" cardinality="0..1" conformance="" mandatory="false" maxLength="0" historyAllowed="false"><description>The date and time this non-person living subject was born. This could be an exact moment such as January 1, 1960 @ 03:00:00 EST or an approximate date such as January 1960.</description><annotations><description>The date and time this non-person living subject was born. This could be an exact moment such as January 1, 1960 @ 03:00:00 EST or an approximate date such as January 1960.</description></annotations></attribute></attributes></class><class name="Patient" type="Role" rimName="Patient"><graphics shapeId="Sheet.17" width="1.25" height="0.648151264105903" x="1.99069473507549" y="5.19182928398983" flipX="TRUE" flipY="FALSE" autoWidth="1" autoHeight="1"/><description>The primary record for the focal living subject in a Patient Registry</description><annotations><description>The primary record for the focal living subject in a Patient Registry</description></annotations><attributes><attribute name="classCode" rimClassName="Role" datatype="CS" cardinality="1..1" conformance="R" mandatory="true" strength="CNE" codeSystem="RoleClass" domainCode="PAT" maxLength="0" historyAllowed="false"><description>Structural attribute; this is a "patient" role</description><annotations><description>Structural attribute; this is a "patient" role</description></annotations></attribute><attribute name="id" rimClassName="Role" datatype="DSET&lt;II&gt;" cardinality="1..*" conformance="R" mandatory="true" maxLength="0" historyAllowed="false"><description>Identifiers designated by this patient registry for the focal living subject</description><annotations><description>Identifiers designated by this patient registry for the focal living subject</description></annotations></attribute><attribute name="addr" rimClassName="Role" datatype="COLL&lt;AD&gt;" cardinality="0..*" conformance="" mandatory="false" maxLength="0" historyAllowed="false"><description>Address(es) for corresponding with the focal living subject in the context of this patient registry</description><annotations><description>Address(es) for corresponding with the focal living subject in the context of this patient registry</description></annotations></attribute></attributes><associations><association name="patientEntityChoiceSubject" beginX="2.4906947350755" beginY="4.93256877834747" endX="2.98580090574792" endY="4.48104520467122" target="EntityChoiceSubject" targetShapeId="Sheet.42" rimTarget="Role" rimName="player" source="Patient" cardinality="1..1" required="-1" mandatory="0" blocked="0" businessName=""><annotations/></association><association name="providerOrganization" beginX="2.4906947350755" beginY="5.45108978963219" endX="4.54909275630512" endY="5.42391261732313" target="E_OrganizationContact" targetShapeId="Sheet.1" rimTarget="Role" rimName="scoper" source="Patient" cardinality="0..1" required="-1" mandatory="0" blocked="0" businessName=""><annotations/></association></associations></class><class name="E_OrganizationContact" cmetId="COCT_MT150003UV" cmetType="Entity" attLevel="contact" domain="EntityClass" mnemonic="ORG" type="CMET" rimName="Organization" id="COCT_MT150003UV"><graphics shapeId="Sheet.1" width="1.16131675175955" height="0.627825234646268" x="5.1297511321849" y="5.42391261732313" flipX="FALSE" flipY="FALSE" autoWidth="1" autoHeight="1"/><annotations/><associations><association name="patient" endX="2.4906947350755" endY="5.45108978963219" beginX="4.54909275630512" beginY="5.42391261732313" target="Patient" targetShapeId="Sheet.17" rimTarget="Entity" rimName="scopedRole" source="E_OrganizationContact" cardinality="" required="0" mandatory="0" blocked="-1" businessName=""><annotations/></association></associations></class><entryPoint entryClass="Patient" name="R_Patient identified-confirmable" type="EntryPoint" id="COCT_RM050002UV"><graphics shapeId="Sheet.35" connectedShape="Sheet.17" width="2.29702460698416" height="1.16681310628255" beginX="1.8297511321849" beginY="5.92391261732313" endX="1.8656947350755" endY="5.51590491604278"/><annotations/><notes><text>This CMET is used where the receiver may not have any of the person's identifiers and requires additional attributes to match Property-contextConductionStyle: I </text></notes></entryPoint><class name="Subject" type="Participation" rimName="Participation"><graphics shapeId="Sheet.56" width="0.828840669080946" height="1.08988739317122" x="4.29015238823323" y="1.05224556918674" beginX="4.22241389551079" beginY="0.637825234646268" endX="4.35789088095568" endY="1.46666590372721" arrowWidth="66 inch"/><description>The position of a BirthPlace can be specified using spatial coordinates</description><annotations><description>The position of a BirthPlace can be specified using spatial coordinates</description></annotations><attributes><attribute name="typeCode" rimClassName="Participation" datatype="CS" cardinality="1..1" conformance="R" mandatory="true" strength="CNE" codeSystem="ParticipationType" domainCode="SBJ" maxLength="0" historyAllowed="false"><annotations/></attribute></attributes><associations><association name="spatialCoordinate" beginX="4.22241389551079" beginY="0.637825234646268" endX="4.22241389551079" endY="0.637825234646268" target="A_SpatialCoordinateUniversal" targetShapeId="Sheet.62" rimTarget="Participation" rimName="act" source="Subject" cardinality="1..1" required="0" mandatory="0" blocked="0" businessName=""><annotations/></association><association name="birthPlace" beginX="4.35789088095568" beginY="1.46666590372721" endX="4.35789088095568" endY="1.46666590372721" target="BirthPlace" targetShapeId="Sheet.7" rimTarget="Participation" rimName="role" source="Subject" cardinality="" required="0" mandatory="0" blocked="-1" businessName=""><annotations/></association></associations></class><class name="A_SpatialCoordinateUniversal" cmetId="COCT_MT960000UV" cmetType="Act" attLevel="universal" domain="ActClass" mnemonic="OBS" type="CMET" rimName="Observation" id="COCT_MT960000UV"><graphics shapeId="Sheet.62" width="1.29653632573416" height="0.627825234646268" x="4.3520675280842" y="0.323912617323134" flipX="FALSE" flipY="FALSE" autoWidth="1" autoHeight="1"/><annotations/><associations><association name="subject" beginX="4.22241389551079" beginY="0.637825234646268" endX="4.22241389551079" endY="0.637825234646268" target="Subject" targetShapeId="Sheet.56" rimTarget="Act" rimName="participation" source="A_SpatialCoordinateUniversal" cardinality="" required="0" mandatory="0" blocked="-1" businessName=""><annotations/></association></associations></class></page></pages></hl7model>
