<?xml version="1.0"?>
<hl7model rendered="7/1/2012 8:46:04 AM" datatypesRelease="R2"><pages><page name="Pg-1" width="12.9393641518055" height="11.0094444444444"><class name="E_OrganizationUniversal" cmetId="COCT_MT150000UV" cmetType="Entity" attLevel="universal" domain="EntityClass" mnemonic="ORG" type="CMET" rimName="Organization" id="COCT_MT150000UV"><graphics shapeId="Sheet.3" width="1.16131675175955" height="0.627825234646268" x="12.0514695914288" y="6.98611111111111" flipX="FALSE" flipY="FALSE" autoWidth="1" autoHeight="1"/><annotations/><associations><association name="serviceDeliveryLocation" endX="10.9365702250519" endY="6.46327858561198" beginX="11.470811215549" beginY="7.04889363457574" target="ServiceDeliveryLocation" targetShapeId="Sheet.109" rimTarget="Entity" rimName="scopedRole" source="E_OrganizationUniversal" cardinality="" required="0" mandatory="0" blocked="-1" businessName=""><annotations/></association></associations></class><class name="ServiceDeliveryLocation" type="Role" rimName="RoleHeir"><graphics shapeId="Sheet.109" width="3.05059982603255" height="1.18180757514106" x="9.71633029463889" y="5.99055555555556" flipX="TRUE" flipY="FALSE" autoWidth="1" autoHeight="1"/><annotations/><attributes><attribute name="classCode" rimClassName="Role" datatype="CS" cardinality="1..1" conformance="R" mandatory="true" strength="CNE" codeSystem="RoleClass" domainCode="SDLOC" maxLength="0" historyAllowed="false"><annotations/></attribute><attribute name="id" rimClassName="Role" datatype="DSET&lt;II&gt;" cardinality="0..*" conformance="" mandatory="false" maxLength="0" historyAllowed="false"><annotations/></attribute><attribute name="code" rimClassName="Role" datatype="CD" cardinality="0..1" conformance="" mandatory="false" strength="CWE" conceptDomain="ServiceDeliveryLocationRoleType" maxLength="0" historyAllowed="false"><annotations/></attribute><attribute name="addr" rimClassName="Role" datatype="COLL&lt;AD&gt;" cardinality="0..*" conformance="" mandatory="false" maxLength="0" historyAllowed="false"><annotations/></attribute><attribute name="telecom" rimClassName="Role" datatype="COLL&lt;TEL&gt;" cardinality="0..*" conformance="" mandatory="false" maxLength="0" historyAllowed="false"><annotations/></attribute><attribute name="statusCode" rimClassName="Role" datatype="CS" cardinality="0..1" conformance="" mandatory="false" strength="CNE" conceptDomain="RoleStatus" maxLength="0" historyAllowed="false"><annotations/></attribute><attribute name="effectiveTime" rimClassName="Role" datatype="IVL&lt;TS&gt;" cardinality="0..1" conformance="" mandatory="false" maxLength="0" historyAllowed="false"><annotations/></attribute></attributes><associations><association name="location" beginX="10.9365702250519" beginY="5.51783252549913" endX="11.6193416241202" endY="4.91388888888889" target="E_PlaceUniversal" targetShapeId="Sheet.19" rimTarget="Role" rimName="player" source="ServiceDeliveryLocation" cardinality="0..1" required="0" mandatory="0" blocked="0" businessName=""><annotations/></association><association name="serviceProviderOrganization" beginX="10.9365702250519" beginY="6.46327858561198" endX="11.470811215549" endY="7.04889363457574" target="E_OrganizationUniversal" targetShapeId="Sheet.3" rimTarget="Role" rimName="scoper" source="ServiceDeliveryLocation" cardinality="0..1" required="0" mandatory="0" blocked="0" businessName=""><annotations/></association><association name="locationOf" beginX="8.19103038162261" beginY="5.99055555555556" endX="8.19103038162261" endY="5.99055555555556" target="Location1" targetShapeId="Sheet.271" rimTarget="Role" rimName="participation" source="ServiceDeliveryLocation" cardinality="" required="0" mandatory="0" blocked="-1" businessName=""><annotations/></association><association name="locationOf" beginX="9.71633029463889" beginY="5.39965176798503" endX="9.71633029463889" endY="5.39965176798503" target="Location3" targetShapeId="Sheet.323" rimTarget="Role" rimName="participation" source="ServiceDeliveryLocation" cardinality="0..*" required="0" mandatory="0" blocked="0" businessName=""><annotations/></association></associations></class><class name="E_PlaceUniversal" cmetId="COCT_MT710000UV" cmetType="Entity" attLevel="universal" domain="EntityClass" mnemonic="PLC" type="CMET" rimName="Place" id="COCT_MT710000UV"><graphics shapeId="Sheet.19" width="1.16131675175955" height="0.627825234646268" x="12.2" y="4.91388888888889" flipX="FALSE" flipY="FALSE" autoWidth="1" autoHeight="1"/><annotations/><associations><association name="asServiceDeliveryLocation" endX="10.9365702250519" endY="5.51783252549913" beginX="11.6193416241202" beginY="4.91388888888889" target="ServiceDeliveryLocation" targetShapeId="Sheet.109" rimTarget="Entity" rimName="playedRole" source="E_PlaceUniversal" cardinality="" required="0" mandatory="0" blocked="-1" businessName=""><annotations/></association></associations></class><class name="Location1" type="Participation" rimName="ManagedParticipation"><graphics shapeId="Sheet.271" width="1.56079651182357" height="0.703150755479601" x="7.43496205849511" y="6.06120462046205" beginX="6.65456380258333" beginY="6.13185368536854" endX="8.19103038162261" endY="5.99055555555556" arrowWidth="66 in."/><annotations/><attributes><attribute name="typeCode" rimClassName="Participation" datatype="CS" cardinality="1..1" conformance="R" mandatory="true" strength="CNE" codeSystem="ParticipationType" domainCode="LOC" maxLength="0" historyAllowed="false"><annotations/></attribute><attribute name="time" rimClassName="Participation" datatype="IVL&lt;TS&gt;" cardinality="1..1" conformance="R" mandatory="false" maxLength="0" historyAllowed="false"><annotations/></attribute><attribute name="id" rimClassName="ManagedParticipation" datatype="DSET&lt;II&gt;" cardinality="0..*" conformance="" mandatory="false" maxLength="0" historyAllowed="false"><annotations/></attribute><attribute name="statusCode" rimClassName="ManagedParticipation" datatype="CS" cardinality="0..1" conformance="" mandatory="false" strength="CNE" conceptDomain="ManagedParticipationStatus" maxLength="0" historyAllowed="false"><annotations/></attribute></attributes><associations><association name="encounter" beginX="6.65456380258333" beginY="6.13185368536854" endX="6.65456380258333" endY="6.13185368536854" target="Encounter" targetShapeId="Sheet.469" rimTarget="Participation" rimName="act" source="Location1" cardinality="" required="0" mandatory="0" blocked="-1" businessName=""><annotations/></association><association name="serviceDeliveryLocation" beginX="8.19103038162261" beginY="5.99055555555556" endX="8.19103038162261" endY="5.99055555555556" target="ServiceDeliveryLocation" targetShapeId="Sheet.109" rimTarget="Participation" rimName="role" source="Location1" cardinality="1..1" required="-1" mandatory="0" blocked="0" businessName=""><annotations/></association></associations></class><class name="Encounter" type="Act" rimName="PatientEncounter"><graphics shapeId="Sheet.469" width="2.4128472222222" height="8.6" x="5.44626519347212" y="5.70611111111111" flipX="FALSE" flipY="FALSE" autoWidth="0" autoHeight="0"/><annotations/><attributes><attribute name="classCode" rimClassName="Act" datatype="CS" cardinality="1..1" conformance="R" mandatory="true" strength="CNE" codeSystem="ActClass" domainCode="ENC" maxLength="0" historyAllowed="false"><annotations/></attribute><attribute name="moodCode" rimClassName="Act" datatype="CS" cardinality="1..1" conformance="R" mandatory="true" strength="CNE" codeSystem="ActMood" domainCode="EVN" maxLength="0" historyAllowed="false"><annotations/></attribute><attribute name="id" rimClassName="Act" datatype="DSET&lt;II&gt;" cardinality="1..*" conformance="R" mandatory="true" maxLength="0" historyAllowed="false"><annotations/></attribute><attribute name="code" rimClassName="Act" datatype="CD" cardinality="0..1" conformance="" mandatory="false" strength="CWE" conceptDomain="ActEncounterType" maxLength="0" historyAllowed="false"><annotations/></attribute><attribute name="statusCode" rimClassName="Act" datatype="CS" cardinality="1..1" conformance="R" mandatory="false" strength="CNE" valueSet="ActStatus" maxLength="0" historyAllowed="false"><annotations/></attribute><attribute name="effectiveTime" rimClassName="Act" datatype="IVL&lt;TS&gt;" cardinality="0..1" conformance="R" mandatory="false" maxLength="0" historyAllowed="false"><annotations/></attribute><attribute name="activityTime" rimClassName="Act" datatype="IVL&lt;TS&gt;" cardinality="0..1" conformance="" mandatory="false" maxLength="0" historyAllowed="false"><annotations/></attribute><attribute name="priorityCode" rimClassName="Act" datatype="DSET&lt;CD&gt;" cardinality="0..*" conformance="" mandatory="false" strength="CWE" conceptDomain="ActPriority" maxLength="0" historyAllowed="false"><annotations/></attribute><attribute name="confidentialityCode" rimClassName="Act" datatype="DSET&lt;CD&gt;" cardinality="0..*" conformance="" mandatory="false" strength="CWE" conceptDomain="Confidentiality" maxLength="0" historyAllowed="false"><annotations/></attribute><attribute name="reasonCode" rimClassName="Act" datatype="DSET&lt;CD&gt;" cardinality="0..*" conformance="" mandatory="false" strength="CWE" conceptDomain="ActReason" maxLength="0" historyAllowed="false"><annotations/></attribute><attribute name="admissionReferralSourceCode" rimClassName="PatientEncounter" datatype="CD" cardinality="0..1" conformance="" mandatory="false" strength="CWE" conceptDomain="EncounterReferralSource" maxLength="0" historyAllowed="false"><annotations/></attribute><attribute name="lengthOfStayQuantity" rimClassName="PatientEncounter" datatype="PQ.TIME" cardinality="0..1" conformance="" mandatory="false" maxLength="0" historyAllowed="false"><annotations/></attribute><attribute name="dischargeDispositionCode" rimClassName="PatientEncounter" datatype="CD" cardinality="0..1" conformance="" mandatory="false" strength="CWE" conceptDomain="EncounterDischargeDisposition" maxLength="0" historyAllowed="false"><annotations/></attribute><attribute name="preAdmitTestInd" rimClassName="PatientEncounter" datatype="BL" cardinality="0..1" conformance="" mandatory="false" maxLength="0" historyAllowed="false"><annotations/></attribute><attribute name="specialCourtesiesCode" rimClassName="PatientEncounter" datatype="DSET&lt;CD&gt;" cardinality="0..*" conformance="" mandatory="false" strength="CWE" conceptDomain="EncounterSpecialCourtesy" maxLength="0" historyAllowed="false"><annotations/></attribute><attribute name="specialArrangementCode" rimClassName="PatientEncounter" datatype="DSET&lt;CD&gt;" cardinality="0..*" conformance="" mandatory="false" strength="CWE" conceptDomain="SpecialArrangement" maxLength="0" historyAllowed="false"><annotations/></attribute></attributes><associations><association name="sequel" beginX="4.23984158236103" beginY="2.26611111111111" endX="4.23984158236103" endY="2.26611111111111" target="SequelTo" targetShapeId="Sheet.356" rimTarget="Act" rimName="inboundRelationship" source="Encounter" cardinality="" required="0" mandatory="0" blocked="-1" businessName=""><annotations/></association><association name="reference" beginX="4.23984158236103" beginY="3.12611111111111" endX="4.23984158236103" endY="3.12611111111111" target="Reference" targetShapeId="Sheet.409" rimTarget="Act" rimName="outboundRelationship" source="Encounter" cardinality="0..*" required="0" mandatory="0" blocked="0" businessName=""><annotations/></association><association name="pertinentInformation1" beginX="4.23984158236103" beginY="3.98611111111111" endX="4.23984158236103" endY="3.98611111111111" target="PertinentInformation2" targetShapeId="Sheet.395" rimTarget="Act" rimName="outboundRelationship" source="Encounter" cardinality="0..*" required="0" mandatory="0" blocked="0" businessName=""><annotations/></association><association name="authorization" beginX="4.23984158236103" beginY="4.84611111111111" endX="4.23984158236103" endY="4.84611111111111" target="Authorization" targetShapeId="Sheet.401" rimTarget="Act" rimName="outboundRelationship" source="Encounter" cardinality="0..*" required="0" mandatory="0" blocked="0" businessName=""><annotations/></association><association name="pertinentInformation2" beginX="4.23984158236103" beginY="5.70611111111111" endX="4.23984158236103" endY="5.70611111111111" target="PertinentInformation3" targetShapeId="Sheet.383" rimTarget="Act" rimName="outboundRelationship" source="Encounter" cardinality="0..*" required="0" mandatory="0" blocked="0" businessName=""><annotations/></association><association name="referrer" beginX="4.23984158236103" beginY="6.56611111111111" endX="4.23984158236103" endY="6.56611111111111" target="Referrer" targetShapeId="Sheet.295" rimTarget="Act" rimName="participation" source="Encounter" cardinality="0..1" required="0" mandatory="0" blocked="0" businessName=""><annotations/></association><association name="consultant" beginX="4.23984158236103" beginY="7.42611111111111" endX="4.23984158236103" endY="7.42611111111111" target="Consultant" targetShapeId="Sheet.457" rimTarget="Act" rimName="participation" source="Encounter" cardinality="0..*" required="0" mandatory="0" blocked="0" businessName=""><annotations/></association><association name="notificationContact" beginX="4.23984158236103" beginY="9.14611111111111" endX="4.23984158236103" endY="9.14611111111111" target="NotificationContact" targetShapeId="Sheet.289" rimTarget="Act" rimName="participation" source="Encounter" cardinality="0..*" required="0" mandatory="0" blocked="0" businessName=""><annotations/></association><association name="responsibleParty" beginX="6.65268880458323" beginY="8.28611111111111" endX="6.65268880458323" endY="8.28611111111111" target="ResponsibleParty1" targetShapeId="Sheet.283" rimTarget="Act" rimName="participation" source="Encounter" cardinality="0..*" required="0" mandatory="0" blocked="0" businessName=""><annotations/></association><association name="sequelTo" beginX="4.72241102680547" beginY="1.40611111111111" endX="4.72241102680547" endY="1.40611111111111" target="SequelTo" targetShapeId="Sheet.356" rimTarget="Act" rimName="outboundRelationship" source="Encounter" cardinality="0..1" required="0" mandatory="0" blocked="0" businessName=""><annotations/></association><association name="subject" beginX="5.68754991569435" beginY="1.40611111111111" endX="5.68754991569435" endY="1.40611111111111" target="Subject1" targetShapeId="Sheet.259" rimTarget="Act" rimName="participation" source="Encounter" cardinality="1..1" required="-1" mandatory="-1" blocked="0" businessName=""><annotations/></association><association name="component" beginX="4.48112630458325" beginY="10.0061111111111" endX="4.48112630458325" endY="10.0061111111111" target="Component" targetShapeId="Sheet.365" rimTarget="Act" rimName="outboundRelationship" source="Encounter" cardinality="" required="0" mandatory="0" blocked="-1" businessName=""><annotations/></association><association name="causeOf" beginX="6.41140408236101" beginY="10.0061111111111" endX="6.41140408236101" endY="10.0061111111111" target="CauseOf" targetShapeId="Sheet.374" rimTarget="Act" rimName="outboundRelationship" source="Encounter" cardinality="0..*" required="-1" mandatory="0" blocked="0" businessName=""><annotations/></association><association name="componentOf" beginX="4.23956380258333" beginY="9.58849794238683" endX="4.23956380258333" endY="9.58849794238683" target="Component" targetShapeId="Sheet.365" rimTarget="Act" rimName="inboundRelationship" source="Encounter" cardinality="0..*" required="0" mandatory="0" blocked="0" businessName=""><annotations/></association><association name="cause" beginX="6.65456380258333" beginY="9.58783966845584" endX="6.65456380258333" endY="9.58783966845584" target="CauseOf" targetShapeId="Sheet.374" rimTarget="Act" rimName="inboundRelationship" source="Encounter" cardinality="" required="0" mandatory="0" blocked="-1" businessName=""><annotations/></association><association name="attender" beginX="4.23956380258333" beginY="8.72303519918209" endX="4.23956380258333" endY="8.72303519918209" target="Attender" targetShapeId="Sheet.265" rimTarget="Act" rimName="participation" source="Encounter" cardinality="0..*" required="0" mandatory="0" blocked="0" businessName=""><annotations/></association><association name="admitter" beginX="6.65456380258333" beginY="8.72888338833884" endX="6.65456380258333" endY="8.72888338833884" target="Admitter" targetShapeId="Sheet.277" rimTarget="Act" rimName="participation" source="Encounter" cardinality="0..1" required="-1" mandatory="0" blocked="0" businessName=""><annotations/></association><association name="discharger" beginX="6.65456380258333" beginY="7.02591309130913" endX="6.65456380258333" endY="7.02591309130913" target="Discharger" targetShapeId="Sheet.301" rimTarget="Act" rimName="participation" source="Encounter" cardinality="0..1" required="0" mandatory="0" blocked="0" businessName=""><annotations/></association><association name="location" beginX="6.65456380258333" beginY="6.13185368536854" endX="6.65456380258333" endY="6.13185368536854" target="Location1" targetShapeId="Sheet.271" rimTarget="Act" rimName="participation" source="Encounter" cardinality="0..*" required="-1" mandatory="0" blocked="0" businessName=""><annotations/></association><association name="transportedBy" beginX="6.65456380258333" beginY="3.57739823982398" endX="6.65456380258333" endY="3.57739823982398" target="TransportedBy" targetShapeId="Sheet.389" rimTarget="Act" rimName="outboundRelationship" source="Encounter" cardinality="0..*" required="0" mandatory="0" blocked="0" businessName=""><annotations/></association><association name="inFulfillmentOf" beginX="6.65456380258333" beginY="1.87442794279428" endX="6.65456380258333" endY="1.87442794279428" target="InFulfillmentOf" targetShapeId="Sheet.552" rimTarget="Act" rimName="outboundRelationship" source="Encounter" cardinality="0..1" required="0" mandatory="0" blocked="0" businessName=""><annotations/></association></associations></class><class name="SequelTo" type="ActRelationshipR" rimName="ActRelationship"><graphics shapeId="Sheet.356" width="1.18255020445052" height="1.28542501220703" x="4.72241102680547" y="2.26611111111111" beginX="4.72241102680547" beginY="1.40611111111111" endX="4.23984158236103" endY="2.26611111111111" arrowWidth="66 in."/><annotations/><notes><Note name="Sheet.240" type="Note" noteType="Note"><graphics shapeId="Sheet.240" connectedShape="Sheet.356" x="2.04950303819445" y="1.10055555555556" width="1.71103539664345" height="0.588986854383681" beginX="0.855517698321723" beginY="0.294493427191841" endX="2.34587548248222" endY="0.817336476643876"/><annotations/><notes><text>sequelTo links two related
encounters where one encounter
closely follows the other</text></notes></Note></notes><attributes><attribute name="typeCode" rimClassName="ActRelationship" datatype="CS" cardinality="1..1" conformance="R" mandatory="true" strength="CNE" codeSystem="ActRelationshipType" domainCode="SEQL" maxLength="0" historyAllowed="false"><annotations/></attribute></attributes><associations><association name="encounter" beginX="4.72241102680547" beginY="1.40611111111111" endX="4.72241102680547" endY="1.40611111111111" target="Encounter" targetShapeId="Sheet.469" rimTarget="ActRelationship" rimName="source" source="SequelTo" cardinality="" required="0" mandatory="0" blocked="-1" businessName=""><annotations/></association><association name="encounter" beginX="4.23984158236103" beginY="2.26611111111111" endX="4.23984158236103" endY="2.26611111111111" target="Encounter" targetShapeId="Sheet.469" rimTarget="ActRelationship" rimName="target" source="SequelTo" cardinality="1..1" required="0" mandatory="0" blocked="0" businessName=""><annotations/></association></associations></class><class name="Reference" type="ActRelationship" rimName="ActRelationship"><graphics shapeId="Sheet.409" width="1.71295273723126" height="0.303152281358507" x="3.3833652137454" y="2.97610873826769" beginX="4.23984158236103" beginY="3.12611111111111" endX="2.52688884512977" endY="2.82610636542426" arrowWidth="66 in."/><annotations/><attributes><attribute name="typeCode" rimClassName="ActRelationship" datatype="CS" cardinality="1..1" conformance="R" mandatory="true" strength="CNE" codeSystem="ActRelationshipType" domainCode="REFR" maxLength="0" historyAllowed="false"><annotations/></attribute></attributes><associations><association name="encounter" beginX="4.23984158236103" beginY="3.12611111111111" endX="4.23984158236103" endY="3.12611111111111" target="Encounter" targetShapeId="Sheet.469" rimTarget="ActRelationship" rimName="source" source="Reference" cardinality="" required="0" mandatory="0" blocked="-1" businessName=""><annotations/></association><association name="account" beginX="2.52688884512977" beginY="2.82610636542426" endX="2.52688884512977" endY="2.82610636542426" target="A_AccountUniversal" targetShapeId="Sheet.352" rimTarget="ActRelationship" rimName="target" source="Reference" cardinality="1..1" required="0" mandatory="0" blocked="0" businessName=""><annotations/></association></associations></class><class name="A_AccountUniversal" cmetId="COCT_MT110000UV" cmetType="Act" attLevel="universal" domain="ActClass" mnemonic="ACCT" type="CMET" rimName="Account" id="COCT_MT110000UV"><graphics shapeId="Sheet.352" width="1.16131675175955" height="0.627825234646268" x="1.94623046924999" y="2.88888888888889" flipX="FALSE" flipY="FALSE" autoWidth="1" autoHeight="1"/><annotations/><associations><association name="referencedBy" beginX="2.52688884512977" beginY="2.82610636542426" endX="2.52688884512977" endY="2.82610636542426" target="Reference" targetShapeId="Sheet.409" rimTarget="Act" rimName="inboundRelationship" source="A_AccountUniversal" cardinality="" required="0" mandatory="0" blocked="-1" businessName=""><annotations/></association></associations></class><class name="PertinentInformation2" type="ActRelationship" rimName="ActRelationship"><graphics shapeId="Sheet.395" width="1.76557860578681" height="0.436485106065539" x="3.35705227946762" y="3.88629866913972" beginX="4.23984158236103" beginY="3.98611111111111" endX="2.47426297657422" endY="3.78648622716833" arrowWidth="66 in."/><annotations/><attributes><attribute name="typeCode" rimClassName="ActRelationship" datatype="CS" cardinality="1..1" conformance="R" mandatory="true" strength="CNE" codeSystem="ActRelationshipType" domainCode="PERT" maxLength="0" historyAllowed="false"><annotations/></attribute><attribute name="priorityNumber" rimClassName="ActRelationship" datatype="INT" cardinality="0..1" conformance="" mandatory="false" maxLength="0" historyAllowed="false"><annotations/></attribute></attributes><associations><association name="encounter" beginX="4.23984158236103" beginY="3.98611111111111" endX="4.23984158236103" endY="3.98611111111111" target="Encounter" targetShapeId="Sheet.469" rimTarget="ActRelationship" rimName="source" source="PertinentInformation2" cardinality="" required="0" mandatory="0" blocked="-1" businessName=""><annotations/></association><association name="observationDx" beginX="2.47426297657422" beginY="3.78648622716833" endX="2.47426297657422" endY="3.78648622716833" target="A_ObservationDxMinimal" targetShapeId="Sheet.21" rimTarget="ActRelationship" rimName="target" source="PertinentInformation2" cardinality="1..1" required="0" mandatory="0" blocked="0" businessName=""><annotations/></association></associations></class><class name="A_ObservationDxMinimal" cmetId="COCT_MT120104UV" cmetType="Act" attLevel="minimal" domain="ActClass" mnemonic="OBS" type="CMET" rimName="Observation" id="COCT_MT120104UV"><graphics shapeId="Sheet.21" width="1.16131675175955" height="0.627825234646268" x="1.89360460069444" y="3.7237037037037" flipX="FALSE" flipY="FALSE" autoWidth="1" autoHeight="1"/><annotations/><associations><association name="pertainsTo" beginX="2.47426297657422" beginY="3.78648622716833" endX="2.47426297657422" endY="3.78648622716833" target="PertinentInformation2" targetShapeId="Sheet.395" rimTarget="Act" rimName="inboundRelationship" source="A_ObservationDxMinimal" cardinality="" required="0" mandatory="0" blocked="-1" businessName=""><annotations/></association></associations></class><class name="Authorization" type="ActRelationship" rimName="ActRelationship"><graphics shapeId="Sheet.401" width="1.71295273723126" height="0.303152281358507" x="3.3833652137454" y="4.70231481481481" beginX="4.23984158236103" beginY="4.84611111111111" endX="2.52688884512977" endY="4.55851851851852" arrowWidth="66 in."/><annotations/><attributes><attribute name="typeCode" rimClassName="ActRelationship" datatype="CS" cardinality="1..1" conformance="R" mandatory="true" strength="CNE" codeSystem="ActRelationshipType" domainCode="AUTH" maxLength="0" historyAllowed="false"><annotations/></attribute></attributes><associations><association name="encounter" beginX="4.23984158236103" beginY="4.84611111111111" endX="4.23984158236103" endY="4.84611111111111" target="Encounter" targetShapeId="Sheet.469" rimTarget="ActRelationship" rimName="source" source="Authorization" cardinality="" required="0" mandatory="0" blocked="-1" businessName=""><annotations/></association><association name="consent" beginX="2.52688884512977" beginY="4.55851851851852" endX="2.52688884512977" endY="4.55851851851852" target="A_ConsentUniversal" targetShapeId="Sheet.27" rimTarget="ActRelationship" rimName="target" source="Authorization" cardinality="1..1" required="0" mandatory="0" blocked="0" businessName=""><annotations/></association></associations></class><class name="A_ConsentUniversal" cmetId="COCT_MT470000UV" cmetType="Act" attLevel="universal" domain="ActClass" mnemonic="CONS" type="CMET" rimName="ActHeir" id="COCT_MT470000UV"><graphics shapeId="Sheet.27" width="1.16131675175955" height="0.627825234646268" x="1.94623046924999" y="4.55851851851852" flipX="FALSE" flipY="FALSE" autoWidth="1" autoHeight="1"/><annotations/><associations><association name="authorizationOf" beginX="2.52688884512977" beginY="4.55851851851852" endX="2.52688884512977" endY="4.55851851851852" target="Authorization" targetShapeId="Sheet.401" rimTarget="Act" rimName="inboundRelationship" source="A_ConsentUniversal" cardinality="" required="0" mandatory="0" blocked="-1" businessName=""><annotations/></association></associations></class><class name="PertinentInformation3" type="ActRelationship" rimName="ActRelationship"><graphics shapeId="Sheet.383" width="1.77428925506524" height="0.303152281358507" x="3.3526969548284" y="5.62138888888889" beginX="4.23984158236103" beginY="5.70611111111111" endX="2.46555232729578" endY="5.53666666666666" arrowWidth="66 in."/><annotations/><attributes><attribute name="typeCode" rimClassName="ActRelationship" datatype="CS" cardinality="1..1" conformance="R" mandatory="true" strength="CNE" codeSystem="ActRelationshipType" domainCode="PERT" maxLength="0" historyAllowed="false"><annotations/></attribute></attributes><associations><association name="encounter" beginX="4.23984158236103" beginY="5.70611111111111" endX="4.23984158236103" endY="5.70611111111111" target="Encounter" targetShapeId="Sheet.469" rimTarget="ActRelationship" rimName="source" source="PertinentInformation3" cardinality="" required="0" mandatory="0" blocked="-1" businessName=""><annotations/></association><association name="observationEvent" beginX="2.46555232729578" beginY="5.53666666666666" endX="2.46555232729578" endY="5.53666666666666" target="ObservationEvent02" targetShapeId="Sheet.9" rimTarget="ActRelationship" rimName="target" source="PertinentInformation3" cardinality="1..1" required="0" mandatory="0" blocked="0" businessName=""><annotations/></association></associations></class><class name="ObservationEvent02" type="Act" rimName="Observation"><graphics shapeId="Sheet.9" width="1.4650895721263" height="0.915141925726997" x="1.73300754123263" y="5.53666666666666" flipX="FALSE" flipY="FALSE" autoWidth="1" autoHeight="1"/><annotations/><notes><Note name="Sheet.230" type="Note" noteType="Note"><graphics shapeId="Sheet.230" connectedShape="Sheet.9" x="0.646230469249994" y="4.56944444444444" width="1.3033701439579" height="0.588986854383681" beginX="0.65168507197895" beginY="0.294493427191841" endX="1.15242631511107" endY="0.804144686550564"/><annotations/><notes><text>Valuable description and
location as free text
Observation.</text></notes></Note></notes><attributes><attribute name="classCode" rimClassName="Act" datatype="CS" cardinality="1..1" conformance="R" mandatory="true" strength="CNE" codeSystem="ActClass" domainCode="OBS" maxLength="0" historyAllowed="false"><annotations/></attribute><attribute name="moodCode" rimClassName="Act" datatype="CS" cardinality="1..1" conformance="R" mandatory="true" strength="CNE" codeSystem="ActMood" domainCode="EVN" maxLength="0" historyAllowed="false"><annotations/></attribute><attribute name="negationInd" rimClassName="Act" datatype="BL" cardinality="0..1" conformance="" mandatory="false" maxLength="0" historyAllowed="false"><annotations/></attribute><attribute name="text" rimClassName="Act" datatype="ED" cardinality="0..1" conformance="" mandatory="false" maxLength="0" historyAllowed="false"><annotations/></attribute><attribute name="value" rimClassName="Observation" datatype="ED" cardinality="0..1" conformance="" mandatory="false" maxLength="0" historyAllowed="false"><annotations/></attribute></attributes><associations><association name="pertainsTo" beginX="2.46555232729578" beginY="5.53666666666666" endX="2.46555232729578" endY="5.53666666666666" target="PertinentInformation3" targetShapeId="Sheet.383" rimTarget="Act" rimName="inboundRelationship" source="ObservationEvent02" cardinality="" required="0" mandatory="0" blocked="-1" businessName=""><annotations/></association></associations></class><class name="Referrer" type="Participation" rimName="Participation"><graphics shapeId="Sheet.295" width="2.70016266172591" height="0.570142942979601" x="2.88976025149807" y="6.54046296296296" beginX="4.23984158236103" beginY="6.56611111111111" endX="2.46168697932758" endY="6.51481481481482" arrowWidth="66 in."/><annotations/><attributes><attribute name="typeCode" rimClassName="Participation" datatype="CS" cardinality="1..1" conformance="R" mandatory="true" strength="CNE" codeSystem="ParticipationType" domainCode="REF" maxLength="0" historyAllowed="false"><annotations/></attribute><attribute name="time" rimClassName="Participation" datatype="IVL&lt;TS&gt;" cardinality="1..1" conformance="R" mandatory="false" maxLength="0" historyAllowed="false"><annotations/></attribute><attribute name="modeCode" rimClassName="Participation" datatype="CD" cardinality="0..1" conformance="" mandatory="false" strength="CWE" conceptDomain="ParticipationMode" maxLength="0" historyAllowed="false"><annotations/></attribute></attributes><associations><association name="encounter" beginX="4.23984158236103" beginY="6.56611111111111" endX="4.23984158236103" endY="6.56611111111111" target="Encounter" targetShapeId="Sheet.469" rimTarget="Participation" rimName="act" source="Referrer" cardinality="" required="0" mandatory="0" blocked="-1" businessName=""><annotations/></association><association name="assignedEntity" beginX="2.46168697932758" beginY="6.51481481481482" endX="2.46168697932758" endY="6.51481481481482" target="R_AssignedEntityUniversal" targetShapeId="Sheet.463" rimTarget="Participation" rimName="role" source="Referrer" cardinality="1..1" required="0" mandatory="0" blocked="0" businessName=""><annotations/></association></associations></class><class name="R_AssignedEntityUniversal" cmetId="COCT_MT090000UV" cmetType="Role(Performed only)" attLevel="universal" domain="RoleClass" mnemonic="ASSIGNED" type="CMET" rimName="RoleHeir" id="COCT_MT090000UV"><graphics shapeId="Sheet.463" width="1.17289435796072" height="0.627825234646268" x="1.87523980034722" y="6.51481481481482" flipX="FALSE" flipY="FALSE" autoWidth="1" autoHeight="1"/><annotations/><associations><association name="referral" beginX="2.46168697932758" beginY="6.51481481481482" endX="2.46168697932758" endY="6.51481481481482" target="Referrer" targetShapeId="Sheet.295" rimTarget="Role" rimName="participation" source="R_AssignedEntityUniversal" cardinality="" required="0" mandatory="0" blocked="-1" businessName=""><annotations/></association></associations></class><class name="Consultant" type="Participation" rimName="Participation"><graphics shapeId="Sheet.457" width="2.70016266172591" height="0.570142942979601" x="2.88976025149807" y="7.35647910863806" beginX="4.23984158236103" beginY="7.42611111111111" endX="2.46168591968945" endY="7.286847106165" arrowWidth="66 in."/><annotations/><attributes><attribute name="typeCode" rimClassName="Participation" datatype="CS" cardinality="1..1" conformance="R" mandatory="true" strength="CNE" codeSystem="ParticipationType" domainCode="CON" maxLength="0" historyAllowed="false"><annotations/></attribute><attribute name="time" rimClassName="Participation" datatype="IVL&lt;TS&gt;" cardinality="0..1" conformance="" mandatory="false" maxLength="0" historyAllowed="false"><annotations/></attribute><attribute name="modeCode" rimClassName="Participation" datatype="CD" cardinality="0..1" conformance="" mandatory="false" strength="CWE" conceptDomain="ParticipationMode" maxLength="0" historyAllowed="false"><annotations/></attribute></attributes><associations><association name="encounter" beginX="4.23984158236103" beginY="7.42611111111111" endX="4.23984158236103" endY="7.42611111111111" target="Encounter" targetShapeId="Sheet.469" rimTarget="Participation" rimName="act" source="Consultant" cardinality="" required="0" mandatory="0" blocked="-1" businessName=""><annotations/></association><association name="assignedPerson" beginX="2.46168591968945" beginY="7.286847106165" endX="2.46168591968945" endY="7.286847106165" target="R_AssignedPersonUniversal" targetShapeId="Sheet.540" rimTarget="Participation" rimName="role" source="Consultant" cardinality="1..1" required="0" mandatory="0" blocked="0" businessName=""><annotations/></association></associations></class><class name="R_AssignedPersonUniversal" cmetId="COCT_MT090100UV" cmetType="Role(Performed only)" attLevel="universal" domain="RoleClass" mnemonic="ASSIGNED" type="CMET" rimName="RoleHeir" id="COCT_MT090100UV"><graphics shapeId="Sheet.540" width="1.22258841924002" height="0.627825234646268" x="1.85039171006944" y="7.34962962962963" flipX="FALSE" flipY="FALSE" autoWidth="1" autoHeight="1"/><annotations/><associations><association name="attenderOf" beginX="2.46168591968945" beginY="8.00477777777778" endX="2.46168591968945" endY="8.00477777777778" target="Attender" targetShapeId="Sheet.265" rimTarget="Role" rimName="participation" source="R_AssignedPersonUniversal" cardinality="" required="0" mandatory="0" blocked="-1" businessName=""><annotations/></association><association name="admission" beginX="8.48243083378277" beginY="8.79222222222223" endX="8.48243083378277" endY="8.79222222222223" target="Admitter" targetShapeId="Sheet.277" rimTarget="Role" rimName="participation" source="R_AssignedPersonUniversal" cardinality="" required="0" mandatory="0" blocked="-1" businessName=""><annotations/></association><association name="discharge" beginX="8.56923639033832" beginY="7.08278252346463" endX="8.56923639033832" endY="7.08278252346463" target="Discharger" targetShapeId="Sheet.301" rimTarget="Role" rimName="participation" source="R_AssignedPersonUniversal" cardinality="" required="0" mandatory="0" blocked="-1" businessName=""><annotations/></association><association name="consultation" beginX="2.46168591968945" beginY="7.286847106165" endX="2.46168591968945" endY="7.286847106165" target="Consultant" targetShapeId="Sheet.457" rimTarget="Role" rimName="participation" source="R_AssignedPersonUniversal" cardinality="" required="0" mandatory="0" blocked="-1" businessName=""><annotations/></association></associations></class><class name="Attender" type="Participation" rimName="ManagedParticipation"><graphics shapeId="Sheet.265" width="2.70016266172591" height="0.836808592393664" x="2.88948247172037" y="8.36390648847993" beginX="4.23956380258333" beginY="8.72303519918209" endX="2.46168591968945" endY="8.00477777777778" arrowWidth="66 in."/><annotations/><attributes><attribute name="typeCode" rimClassName="Participation" datatype="CS" cardinality="1..1" conformance="R" mandatory="true" strength="CNE" codeSystem="ParticipationType" domainCode="ATND" maxLength="0" historyAllowed="false"><annotations/></attribute><attribute name="time" rimClassName="Participation" datatype="IVL&lt;TS&gt;" cardinality="1..1" conformance="R" mandatory="false" maxLength="0" historyAllowed="false"><annotations/></attribute><attribute name="modeCode" rimClassName="Participation" datatype="CD" cardinality="0..1" conformance="" mandatory="false" strength="CWE" conceptDomain="ParticipationMode" maxLength="0" historyAllowed="false"><annotations/></attribute><attribute name="id" rimClassName="ManagedParticipation" datatype="DSET&lt;II&gt;" cardinality="0..*" conformance="" mandatory="false" maxLength="0" historyAllowed="false"><annotations/></attribute><attribute name="statusCode" rimClassName="ManagedParticipation" datatype="CS" cardinality="0..1" conformance="" mandatory="false" strength="CNE" conceptDomain="ManagedParticipationStatus" maxLength="0" historyAllowed="false"><annotations/></attribute></attributes><associations><association name="encounter" beginX="4.23956380258333" beginY="8.72303519918209" endX="4.23956380258333" endY="8.72303519918209" target="Encounter" targetShapeId="Sheet.469" rimTarget="Participation" rimName="act" source="Attender" cardinality="" required="0" mandatory="0" blocked="-1" businessName=""><annotations/></association><association name="assignedPerson" beginX="2.46168591968945" beginY="8.00477777777778" endX="2.46168591968945" endY="8.00477777777778" target="R_AssignedPersonUniversal" targetShapeId="Sheet.33" rimTarget="Participation" rimName="role" source="Attender" cardinality="1..1" required="0" mandatory="0" blocked="0" businessName=""><annotations/></association></associations></class><class name="R_AssignedPersonUniversal" cmetId="COCT_MT090100UV" cmetType="Role(Performed only)" attLevel="universal" domain="RoleClass" mnemonic="ASSIGNED" type="CMET" rimName="RoleHeir" id="COCT_MT090100UV"><graphics shapeId="Sheet.33" width="1.22258841924002" height="0.671111111111111" x="1.85039171006944" y="8.20611111111111" flipX="FALSE" flipY="FALSE" autoWidth="1" autoHeight="0"/><annotations/><associations><association name="attenderOf" beginX="2.46168591968945" beginY="8.00477777777778" endX="2.46168591968945" endY="8.00477777777778" target="Attender" targetShapeId="Sheet.265" rimTarget="Role" rimName="participation" source="R_AssignedPersonUniversal" cardinality="" required="0" mandatory="0" blocked="-1" businessName=""><annotations/></association><association name="admission" beginX="8.48243083378277" beginY="8.79222222222223" endX="8.48243083378277" endY="8.79222222222223" target="Admitter" targetShapeId="Sheet.277" rimTarget="Role" rimName="participation" source="R_AssignedPersonUniversal" cardinality="" required="0" mandatory="0" blocked="-1" businessName=""><annotations/></association><association name="discharge" beginX="8.56923639033832" beginY="7.08278252346463" endX="8.56923639033832" endY="7.08278252346463" target="Discharger" targetShapeId="Sheet.301" rimTarget="Role" rimName="participation" source="R_AssignedPersonUniversal" cardinality="" required="0" mandatory="0" blocked="-1" businessName=""><annotations/></association><association name="consultation" beginX="2.46168591968945" beginY="7.286847106165" endX="2.46168591968945" endY="7.286847106165" target="Consultant" targetShapeId="Sheet.457" rimTarget="Role" rimName="participation" source="R_AssignedPersonUniversal" cardinality="" required="0" mandatory="0" blocked="-1" businessName=""><annotations/></association></associations></class><class name="Admitter" type="Participation" rimName="Participation"><graphics shapeId="Sheet.277" width="2.70016266172591" height="0.570142942979601" x="8.00464513344628" y="8.76055280528053" beginX="6.65456380258333" beginY="8.72888338833884" endX="8.48243083378277" endY="8.79222222222223" arrowWidth="66 in."/><annotations/><attributes><attribute name="typeCode" rimClassName="Participation" datatype="CS" cardinality="1..1" conformance="R" mandatory="true" strength="CNE" codeSystem="ParticipationType" domainCode="ADM" maxLength="0" historyAllowed="false"><annotations/></attribute><attribute name="time" rimClassName="Participation" datatype="IVL&lt;TS&gt;" cardinality="1..1" conformance="R" mandatory="false" maxLength="0" historyAllowed="false"><annotations/></attribute><attribute name="modeCode" rimClassName="Participation" datatype="CD" cardinality="0..1" conformance="" mandatory="false" strength="CWE" conceptDomain="ParticipationMode" maxLength="0" historyAllowed="false"><annotations/></attribute></attributes><associations><association name="encounter" beginX="6.65456380258333" beginY="8.72888338833884" endX="6.65456380258333" endY="8.72888338833884" target="Encounter" targetShapeId="Sheet.469" rimTarget="Participation" rimName="act" source="Admitter" cardinality="" required="0" mandatory="0" blocked="-1" businessName=""><annotations/></association><association name="assignedPerson" beginX="8.48243083378277" beginY="8.79222222222223" endX="8.48243083378277" endY="8.79222222222223" target="R_AssignedPersonUniversal" targetShapeId="Sheet.39" rimTarget="Participation" rimName="role" source="Admitter" cardinality="1..1" required="-1" mandatory="0" blocked="0" businessName=""><annotations/></association></associations></class><class name="R_AssignedPersonUniversal" cmetId="COCT_MT090100UV" cmetType="Role(Performed only)" attLevel="universal" domain="RoleClass" mnemonic="ASSIGNED" type="CMET" rimName="RoleHeir" id="COCT_MT090100UV"><graphics shapeId="Sheet.39" width="1.22258841924002" height="0.627825234646268" x="9.09372504340278" y="8.79222222222223" flipX="FALSE" flipY="FALSE" autoWidth="1" autoHeight="1"/><annotations/><notes><Note name="Sheet.235" type="Note" noteType="Note"><graphics shapeId="Sheet.235" connectedShape="Sheet.39" x="11.4938552527361" y="8.14944444444445" width="2.43948617178993" height="0.722319679090712" beginX="1.21974308589497" beginY="0.361159839545356" endX="-0.569092913818343" endY="1.12950266425239"/><annotations/><notes><text>The Referring, Admitting, and Discharging 
Practitioners must be the same person as those
authoring the Control_act event for their
respective trigger events. </text></notes></Note></notes><associations><association name="attenderOf" beginX="2.46168591968945" beginY="8.00477777777778" endX="2.46168591968945" endY="8.00477777777778" target="Attender" targetShapeId="Sheet.265" rimTarget="Role" rimName="participation" source="R_AssignedPersonUniversal" cardinality="" required="0" mandatory="0" blocked="-1" businessName=""><annotations/></association><association name="admission" beginX="8.48243083378277" beginY="8.79222222222223" endX="8.48243083378277" endY="8.79222222222223" target="Admitter" targetShapeId="Sheet.277" rimTarget="Role" rimName="participation" source="R_AssignedPersonUniversal" cardinality="" required="0" mandatory="0" blocked="-1" businessName=""><annotations/></association><association name="discharge" beginX="8.56923639033832" beginY="7.08278252346463" endX="8.56923639033832" endY="7.08278252346463" target="Discharger" targetShapeId="Sheet.301" rimTarget="Role" rimName="participation" source="R_AssignedPersonUniversal" cardinality="" required="0" mandatory="0" blocked="-1" businessName=""><annotations/></association><association name="consultation" beginX="2.46168591968945" beginY="7.286847106165" endX="2.46168591968945" endY="7.286847106165" target="Consultant" targetShapeId="Sheet.457" rimTarget="Role" rimName="participation" source="R_AssignedPersonUniversal" cardinality="" required="0" mandatory="0" blocked="-1" businessName=""><annotations/></association></associations></class><class name="Discharger" type="Participation" rimName="Participation"><graphics shapeId="Sheet.301" width="2.70016266172591" height="0.570142942979601" x="8.00464513344628" y="7.05434780738688" beginX="6.65456380258333" beginY="7.02591309130913" endX="8.56923639033832" endY="7.08278252346463" arrowWidth="66 in."/><annotations/><attributes><attribute name="typeCode" rimClassName="Participation" datatype="CS" cardinality="1..1" conformance="R" mandatory="true" strength="CNE" codeSystem="ParticipationType" domainCode="DIS" maxLength="0" historyAllowed="false"><annotations/></attribute><attribute name="time" rimClassName="Participation" datatype="IVL&lt;TS&gt;" cardinality="1..1" conformance="R" mandatory="false" maxLength="0" historyAllowed="false"><annotations/></attribute><attribute name="modeCode" rimClassName="Participation" datatype="CD" cardinality="0..1" conformance="" mandatory="false" strength="CWE" conceptDomain="ParticipationMode" maxLength="0" historyAllowed="false"><annotations/></attribute></attributes><associations><association name="encounter" beginX="6.65456380258333" beginY="7.02591309130913" endX="6.65456380258333" endY="7.02591309130913" target="Encounter" targetShapeId="Sheet.469" rimTarget="Participation" rimName="act" source="Discharger" cardinality="" required="0" mandatory="0" blocked="-1" businessName=""><annotations/></association><association name="assignedPerson" beginX="8.56923639033832" beginY="7.08278252346463" endX="8.56923639033832" endY="7.08278252346463" target="R_AssignedPersonUniversal" targetShapeId="Sheet.87" rimTarget="Participation" rimName="role" source="Discharger" cardinality="1..1" required="0" mandatory="0" blocked="0" businessName=""><annotations/></association></associations></class><class name="R_AssignedPersonUniversal" cmetId="COCT_MT090100UV" cmetType="Role(Performed only)" attLevel="universal" domain="RoleClass" mnemonic="ASSIGNED" type="CMET" rimName="RoleHeir" id="COCT_MT090100UV"><graphics shapeId="Sheet.87" width="1.22258841924002" height="0.627825234646268" x="9.18053059995833" y="7.02" flipX="FALSE" flipY="FALSE" autoWidth="1" autoHeight="1"/><annotations/><associations><association name="attenderOf" beginX="2.46168591968945" beginY="8.00477777777778" endX="2.46168591968945" endY="8.00477777777778" target="Attender" targetShapeId="Sheet.265" rimTarget="Role" rimName="participation" source="R_AssignedPersonUniversal" cardinality="" required="0" mandatory="0" blocked="-1" businessName=""><annotations/></association><association name="admission" beginX="8.48243083378277" beginY="8.79222222222223" endX="8.48243083378277" endY="8.79222222222223" target="Admitter" targetShapeId="Sheet.277" rimTarget="Role" rimName="participation" source="R_AssignedPersonUniversal" cardinality="" required="0" mandatory="0" blocked="-1" businessName=""><annotations/></association><association name="discharge" beginX="8.56923639033832" beginY="7.08278252346463" endX="8.56923639033832" endY="7.08278252346463" target="Discharger" targetShapeId="Sheet.301" rimTarget="Role" rimName="participation" source="R_AssignedPersonUniversal" cardinality="" required="0" mandatory="0" blocked="-1" businessName=""><annotations/></association><association name="consultation" beginX="2.46168591968945" beginY="7.286847106165" endX="2.46168591968945" endY="7.286847106165" target="Consultant" targetShapeId="Sheet.457" rimTarget="Role" rimName="participation" source="R_AssignedPersonUniversal" cardinality="" required="0" mandatory="0" blocked="-1" businessName=""><annotations/></association></associations></class><class name="NotificationContact" type="Participation" rimName="Participation"><graphics shapeId="Sheet.289" width="1.88135031804365" height="0.303152281358507" x="3.2991664233392" y="9.13305555555556" beginX="4.23984158236103" beginY="9.14611111111111" endX="2.35849126431738" endY="9.12000000000001" arrowWidth="66 in."/><annotations/><attributes><attribute name="typeCode" rimClassName="Participation" datatype="CS" cardinality="1..1" conformance="R" mandatory="true" strength="CNE" codeSystem="ParticipationType" domainCode="NOT" maxLength="0" historyAllowed="false"><annotations/></attribute></attributes><associations><association name="encounter" beginX="4.23984158236103" beginY="9.14611111111111" endX="4.23984158236103" endY="9.14611111111111" target="Encounter" targetShapeId="Sheet.469" rimTarget="Participation" rimName="act" source="NotificationContact" cardinality="" required="0" mandatory="0" blocked="-1" businessName=""><annotations/></association><association name="responsibleParty" beginX="2.35849126431738" beginY="9.12000000000001" endX="2.35849126431738" endY="9.12000000000001" target="R_ResponsiblePartyUniversal" targetShapeId="Sheet.51" rimTarget="Participation" rimName="role" source="NotificationContact" cardinality="1..1" required="0" mandatory="0" blocked="0" businessName=""><annotations/></association></associations></class><class name="R_ResponsiblePartyUniversal" cmetId="COCT_MT040200UV" cmetType="Role(Performed only)" attLevel="universal" domain="RoleClass" mnemonic="AGNT" type="CMET" rimName="RoleHeir" id="COCT_MT040200UV"><graphics shapeId="Sheet.51" width="1.28438270024588" height="0.627825234646268" x="1.71629991419444" y="9.12000000000001" flipX="FALSE" flipY="FALSE" autoWidth="1" autoHeight="1"/><annotations/><notes><Note name="Sheet.220" type="Note" noteType="Note"><graphics shapeId="Sheet.220" connectedShape="Sheet.51" x="1.77636935913888" y="9.94944444444445" width="1.06222024161415" height="0.588986854383681" beginX="0.531110120807075" beginY="0.294493427191841" endX="0.856355485936395" endY="-0.221038399929466"/><annotations/><notes><text>The patient’s
Emergency Contact
for this encounter.</text></notes></Note></notes><associations><association name="contactFor" beginX="2.35849126431738" beginY="9.12000000000001" endX="2.35849126431738" endY="9.12000000000001" target="NotificationContact" targetShapeId="Sheet.289" rimTarget="Role" rimName="participation" source="R_ResponsiblePartyUniversal" cardinality="" required="0" mandatory="0" blocked="-1" businessName=""><annotations/></association></associations></class><class name="ResponsibleParty1" type="Participation" rimName="ManagedParticipation"><graphics shapeId="Sheet.283" width="1.87440242839474" height="0.703150755479601" x="7.5898900187806" y="7.9322103580051" beginX="6.65268880458323" beginY="8.28611111111111" endX="8.52709123297797" endY="7.5783096048991" arrowWidth="66 in."/><annotations/><attributes><attribute name="typeCode" rimClassName="Participation" datatype="CS" cardinality="1..1" conformance="R" mandatory="true" strength="CNE" codeSystem="ParticipationType" domainCode="RESP" maxLength="0" historyAllowed="false"><annotations/></attribute><attribute name="time" rimClassName="Participation" datatype="IVL&lt;TS&gt;" cardinality="1..1" conformance="R" mandatory="false" maxLength="0" historyAllowed="false"><annotations/></attribute><attribute name="id" rimClassName="ManagedParticipation" datatype="DSET&lt;II&gt;" cardinality="0..*" conformance="" mandatory="false" maxLength="0" historyAllowed="false"><annotations/></attribute><attribute name="statusCode" rimClassName="ManagedParticipation" datatype="CS" cardinality="0..1" conformance="" mandatory="false" strength="CNE" conceptDomain="ManagedParticipationStatus" maxLength="0" historyAllowed="false"><annotations/></attribute></attributes><associations><association name="encounter" beginX="6.65268880458323" beginY="8.28611111111111" endX="6.65268880458323" endY="8.28611111111111" target="Encounter" targetShapeId="Sheet.469" rimTarget="Participation" rimName="act" source="ResponsibleParty1" cardinality="" required="0" mandatory="0" blocked="-1" businessName=""><annotations/></association><association name="assignedOrganization" beginX="8.52709123297797" beginY="7.5783096048991" endX="8.52709123297797" endY="7.5783096048991" target="R_AssignedOrganizationUniversal" targetShapeId="Sheet.45" rimTarget="Participation" rimName="role" source="ResponsibleParty1" cardinality="1..1" required="0" mandatory="0" blocked="0" businessName=""><annotations/></association></associations></class><class name="R_AssignedOrganizationUniversal" cmetId="COCT_MT090200UV" cmetType="Role(Performed only)" attLevel="universal" domain="RoleClass" mnemonic="ASSIGNED" type="CMET" rimName="RoleHeir" id="COCT_MT090200UV"><graphics shapeId="Sheet.45" width="1.52494513921072" height="0.627825234646268" x="9.28956380258333" y="7.89222222222223" flipX="FALSE" flipY="FALSE" autoWidth="1" autoHeight="1"/><annotations/><associations><association name="responsibleFor" beginX="8.52709123297797" beginY="7.5783096048991" endX="8.52709123297797" endY="7.5783096048991" target="ResponsibleParty1" targetShapeId="Sheet.283" rimTarget="Role" rimName="participation" source="R_AssignedOrganizationUniversal" cardinality="" required="0" mandatory="0" blocked="-1" businessName=""><annotations/></association></associations></class><entryPoint entryClass="Encounter" name="A_Encounter" type="EntryPoint" id="COCT_RM010000UV"><graphics shapeId="Sheet.314" connectedShape="Sheet.469" width="2.0812996619158" height="0.90014745686849" beginX="10.1895638025833" beginY="9.50611111111112" endX="6.65268880458323" endY="9.14611111111111"/><annotations/><notes><text>02 Dec 2003 CMET used to refer to an encounter Property-contextConductionStyle: C </text></notes></entryPoint><class name="Subject1" type="Participation" rimName="Participation"><graphics shapeId="Sheet.259" width="0.768309604899088" height="1.08988739317122" x="5.42909185062955" y="1.02195630866157" beginX="5.68754991569435" beginY="1.40611111111111" endX="5.17063378556475" endY="0.637801506212023" arrowWidth="66 in."/><annotations/><attributes><attribute name="typeCode" rimClassName="Participation" datatype="CS" cardinality="1..1" conformance="R" mandatory="true" strength="CNE" codeSystem="ParticipationType" domainCode="SBJ" maxLength="0" historyAllowed="false"><annotations/></attribute></attributes><associations><association name="encounter" beginX="5.68754991569435" beginY="1.40611111111111" endX="5.68754991569435" endY="1.40611111111111" target="Encounter" targetShapeId="Sheet.469" rimTarget="Participation" rimName="act" source="Subject1" cardinality="" required="0" mandatory="0" blocked="-1" businessName=""><annotations/></association><association name="patient" beginX="5.17063378556475" beginY="0.637801506212023" endX="5.17063378556475" endY="0.637801506212023" target="R_PatientUniversal" targetShapeId="Sheet.67" rimTarget="Participation" rimName="role" source="Subject1" cardinality="1..1" required="-1" mandatory="-1" blocked="0" businessName=""><annotations/></association></associations></class><class name="R_PatientUniversal" cmetId="COCT_MT050000UV" cmetType="Role(Performed only)" attLevel="universal" domain="RoleClass" mnemonic="PAT" type="CMET" rimName="Patient" id="COCT_MT050000UV"><graphics shapeId="Sheet.67" width="1.16131675175955" height="0.627825234646268" x="5.40289713591666" y="0.323888888888889" flipX="FALSE" flipY="FALSE" autoWidth="1" autoHeight="1"/><annotations/><associations><association name="subjectOf" beginX="5.17063378556475" beginY="0.637801506212023" endX="5.17063378556475" endY="0.637801506212023" target="Subject1" targetShapeId="Sheet.259" rimTarget="Role" rimName="participation" source="R_PatientUniversal" cardinality="" required="0" mandatory="0" blocked="-1" businessName=""><annotations/></association></associations></class><class name="Component" type="ActRelationshipR" rimName="ActRelationship"><graphics shapeId="Sheet.365" width="1.21944595640365" height="0.976371005638347" x="4.48112630458325" y="9.58849794238683" beginX="4.48112630458325" beginY="10.0061111111111" endX="4.23956380258333" endY="9.58849794238683" arrowWidth="66 in."/><annotations/><notes><Note name="Sheet.13" type="Note" noteType="Note"><graphics shapeId="Sheet.13" connectedShape="Sheet.365" x="1.78956380258333" y="10.7494444444445" width="1.23528542716102" height="0.5" beginX="0.617642713580512" beginY="0.25" endX="2.08975925917678" endY="-0.422760999238447"/><annotations/><notes><text>Supports encounters
within other encounters</text></notes></Note></notes><attributes><attribute name="typeCode" rimClassName="ActRelationship" datatype="CS" cardinality="1..1" conformance="R" mandatory="true" strength="CNE" codeSystem="ActRelationshipType" domainCode="COMP" maxLength="0" historyAllowed="false"><annotations/></attribute><attribute name="contextControlCode" rimClassName="ActRelationship" datatype="CS" cardinality="0..1" conformance="" mandatory="false" strength="CNE" conceptDomain="ContextControl" maxLength="0" historyAllowed="false"><annotations/></attribute></attributes><associations><association name="encounter" beginX="4.48112630458325" beginY="10.0061111111111" endX="4.48112630458325" endY="10.0061111111111" target="Encounter" targetShapeId="Sheet.469" rimTarget="ActRelationship" rimName="source" source="Component" cardinality="1..1" required="0" mandatory="0" blocked="0" businessName=""><annotations/></association><association name="encounter" beginX="4.23956380258333" beginY="9.58849794238683" endX="4.23956380258333" endY="9.58849794238683" target="Encounter" targetShapeId="Sheet.469" rimTarget="ActRelationship" rimName="target" source="Component" cardinality="" required="0" mandatory="0" blocked="-1" businessName=""><annotations/></association></associations></class><class name="CauseOf" type="ActRelationshipR" rimName="ActRelationship"><graphics shapeId="Sheet.374" width="1.19481445615951" height="0.843696454862311" x="6.41140408236101" y="9.58783966845584" beginX="6.41140408236101" beginY="10.0061111111111" endX="6.65456380258333" endY="9.58783966845584" arrowWidth="66 in."/><annotations/><notes><Note name="Sheet.225" type="Note" noteType="Note"><graphics shapeId="Sheet.225" connectedShape="Sheet.374" x="9.24995768229167" y="10.3238888888889" width="3.02020516593056" height="0.988985328504775" beginX="1.51010258296528" beginY="0.494492664252387" endX="-0.133636560805884" endY="0.180291671250489"/><annotations/><notes><text>An inpatient or ambulatory encounter may
require one or more pre-admit ambulatory
encounters for tests or other preparation.
The causing encounter (in Event mood) is the Source of the
relationship and the pre-admit ambulatory
encounter is the Target.</text></notes></Note></notes><attributes><attribute name="typeCode" rimClassName="ActRelationship" datatype="CS" cardinality="1..1" conformance="R" mandatory="true" strength="CNE" codeSystem="ActRelationshipType" domainCode="CAUS" maxLength="0" historyAllowed="false"><annotations/></attribute></attributes><associations><association name="encounter" beginX="6.41140408236101" beginY="10.0061111111111" endX="6.41140408236101" endY="10.0061111111111" target="Encounter" targetShapeId="Sheet.469" rimTarget="ActRelationship" rimName="source" source="CauseOf" cardinality="" required="0" mandatory="0" blocked="-1" businessName=""><annotations/></association><association name="encounter" beginX="6.65456380258333" beginY="9.58783966845584" endX="6.65456380258333" endY="9.58783966845584" target="Encounter" targetShapeId="Sheet.469" rimTarget="ActRelationship" rimName="target" source="CauseOf" cardinality="1..1" required="-1" mandatory="0" blocked="0" businessName=""><annotations/></association></associations></class><class name="TransportedBy" type="ActRelationship" rimName="ActRelationship"><graphics shapeId="Sheet.389" width="2.76196838682357" height="0.303152281358507" x="8.03554799599511" y="3.15063170013931" beginX="6.65456380258333" beginY="3.57739823982398" endX="9.37281384634245" endY="2.72386516045465" arrowWidth="66 in."/><annotations/><attributes><attribute name="typeCode" rimClassName="ActRelationship" datatype="CS" cardinality="1..1" conformance="R" mandatory="true" strength="CNE" valueSet="x_ActRelationshipPatientTransport" maxLength="0" historyAllowed="false"><annotations/></attribute></attributes><associations><association name="encounter" beginX="6.65456380258333" beginY="3.57739823982398" endX="6.65456380258333" endY="3.57739823982398" target="Encounter" targetShapeId="Sheet.469" rimTarget="ActRelationship" rimName="source" source="TransportedBy" cardinality="" required="0" mandatory="0" blocked="-1" businessName=""><annotations/></association><association name="transportation" beginX="9.37281384634245" beginY="2.72386516045465" endX="9.37281384634245" endY="2.72386516045465" target="A_TransportationUniversal" targetShapeId="Sheet.1" rimTarget="ActRelationship" rimName="target" source="TransportedBy" cardinality="1..1" required="0" mandatory="0" blocked="0" businessName=""><annotations/></association></associations></class><class name="A_TransportationUniversal" cmetId="COCT_MT060000UV" cmetType="Act" attLevel="universal" domain="ActClass" mnemonic="TRNS" type="CMET" rimName="ActHeir" id="COCT_MT060000UV"><graphics shapeId="Sheet.1" width="1.16131675175955" height="0.627825234646268" x="9.95347222222222" y="3.03777777777778" flipX="FALSE" flipY="FALSE" autoWidth="1" autoHeight="1"/><annotations/><associations><association name="transportationFor" beginX="9.37281384634245" beginY="2.72386516045465" endX="9.37281384634245" endY="2.72386516045465" target="TransportedBy" targetShapeId="Sheet.389" rimTarget="Act" rimName="inboundRelationship" source="A_TransportationUniversal" cardinality="" required="0" mandatory="0" blocked="-1" businessName=""><annotations/></association></associations></class><class name="InFulfillmentOf" type="ActRelationship" rimName="ActRelationship"><graphics shapeId="Sheet.552" width="1.56767495745356" height="0.303152281358507" x="7.43840128131011" y="1.8758298281951" beginX="6.65456380258333" beginY="1.87442794279428" endX="8.22223876003689" endY="1.87723171359592" arrowWidth="66 in."/><annotations/><attributes><attribute name="typeCode" rimClassName="ActRelationship" datatype="CS" cardinality="1..1" conformance="R" mandatory="true" strength="CNE" codeSystem="ActRelationshipType" domainCode="FLFS" maxLength="0" historyAllowed="false"><annotations/></attribute></attributes><associations><association name="encounter" beginX="6.65456380258333" beginY="1.87442794279428" endX="6.65456380258333" endY="1.87442794279428" target="Encounter" targetShapeId="Sheet.469" rimTarget="ActRelationship" rimName="source" source="InFulfillmentOf" cardinality="" required="0" mandatory="0" blocked="-1" businessName=""><annotations/></association><association name="appointment" beginX="8.22223876003689" beginY="1.87723171359592" endX="8.22223876003689" endY="1.87723171359592" target="A_AppointmentUniversal" targetShapeId="Sheet.546" rimTarget="ActRelationship" rimName="target" source="InFulfillmentOf" cardinality="1..1" required="0" mandatory="0" blocked="0" businessName=""><annotations/></association></associations></class><class name="A_AppointmentUniversal" cmetId="COCT_MT020000UV" cmetType="Act" attLevel="universal" domain="ActClass" mnemonic="ACT" type="CMET" rimName="ActHeir" id="COCT_MT020000UV"><graphics shapeId="Sheet.546" width="1.16131675175955" height="0.627825234646268" x="8.80289713591666" y="1.75166666666666" flipX="FALSE" flipY="FALSE" autoWidth="1" autoHeight="1"/><annotations/><associations><association name="fulfillment" beginX="8.22223876003689" beginY="1.87723171359592" endX="8.22223876003689" endY="1.87723171359592" target="InFulfillmentOf" targetShapeId="Sheet.552" rimTarget="Act" rimName="inboundRelationship" source="A_AppointmentUniversal" cardinality="" required="0" mandatory="0" blocked="-1" businessName=""><annotations/></association></associations></class><class name="Location3" type="Participation" rimName="Participation"><graphics shapeId="Sheet.323" width="0.692866904025605" height="1.11457611387435" x="9.67194390215972" y="5.05321831597222" beginX="9.62755750968055" beginY="4.70678486395942" endX="9.71633029463889" endY="5.39965176798503" arrowWidth="66 in."/><annotations/><attributes><attribute name="typeCode" rimClassName="Participation" datatype="CS" cardinality="1..1" conformance="R" mandatory="true" strength="CNE" codeSystem="ParticipationType" domainCode="LOC" maxLength="0" historyAllowed="false"><annotations/></attribute></attributes><associations><association name="accomodationEvent" beginX="9.62755750968055" beginY="4.70678486395942" endX="9.62755750968055" endY="4.70678486395942" target="AccomodationEvent" targetShapeId="Sheet.245" rimTarget="Participation" rimName="act" source="Location3" cardinality="1..1" required="0" mandatory="0" blocked="0" businessName=""><annotations/></association><association name="serviceDeliveryLocation" beginX="9.71633029463889" beginY="5.39965176798503" endX="9.71633029463889" endY="5.39965176798503" target="ServiceDeliveryLocation" targetShapeId="Sheet.109" rimTarget="Participation" rimName="role" source="Location3" cardinality="" required="0" mandatory="0" blocked="-1" businessName=""><annotations/></association></associations></class><class name="AccomodationEvent" type="Act" rimName="ActHeir"><graphics shapeId="Sheet.245" width="3.11248947447005" height="0.915791950141059" x="9.62755750968055" y="4.24888888888889" flipX="FALSE" flipY="FALSE" autoWidth="1" autoHeight="1"/><annotations/><attributes><attribute name="classCode" rimClassName="Act" datatype="CS" cardinality="1..1" conformance="R" mandatory="true" strength="CNE" codeSystem="ActClass" domainCode="ACCM" maxLength="0" historyAllowed="false"><annotations/></attribute><attribute name="moodCode" rimClassName="Act" datatype="CS" cardinality="1..1" conformance="R" mandatory="true" strength="CNE" codeSystem="ActMood" domainCode="EVN" maxLength="0" historyAllowed="false"><annotations/></attribute><attribute name="code" rimClassName="Act" datatype="CD" cardinality="0..1" conformance="" mandatory="false" strength="CWE" conceptDomain="ActEncounterAccommodationCode" maxLength="0" historyAllowed="false"><annotations/></attribute><attribute name="effectiveTime" rimClassName="Act" datatype="QSET&lt;TS&gt;" cardinality="0..1" conformance="" mandatory="false" maxLength="0" historyAllowed="false"><annotations/></attribute><attribute name="reasonCode" rimClassName="Act" datatype="DSET&lt;CD&gt;" cardinality="0..*" conformance="" mandatory="false" strength="CWE" conceptDomain="ActReason" maxLength="0" historyAllowed="false"><annotations/></attribute></attributes><associations><association name="location" beginX="9.62755750968055" beginY="4.70678486395942" endX="9.62755750968055" endY="4.70678486395942" target="Location3" targetShapeId="Sheet.323" rimTarget="Act" rimName="participation" source="AccomodationEvent" cardinality="" required="0" mandatory="0" blocked="-1" businessName=""><annotations/></association></associations></class></page></pages></hl7model>
