<?xml version="1.0"?>
<hl7model rendered="7/1/2012 8:50:57 AM" datatypesRelease="R2"><pages><page name="Pg-1" width="13.1366666666667" height="7.34666666666667"><class name="ObservationGeneral" type="Act" rimName="Observation"><graphics shapeId="Sheet.2" width="3.228263888889" height="7.04000000000001" x="7.32946527777783" y="3.64333333333334" flipX="FALSE" flipY="FALSE" autoWidth="0" autoHeight="0"/><annotations/><attributes><attribute name="classCode" rimClassName="Act" datatype="CS" cardinality="1..1" conformance="R" mandatory="true" strength="CNE" codeSystem="ActClass" domainCode="OBS" maxLength="0" historyAllowed="false"><annotations/></attribute><attribute name="moodCode" rimClassName="Act" datatype="CS" cardinality="1..1" conformance="R" mandatory="true" strength="CNE" codeSystem="ActMood" domainCode="EVN" maxLength="0" historyAllowed="false"><annotations/></attribute><attribute name="id" rimClassName="Act" datatype="II" cardinality="0..1" conformance="" mandatory="false" maxLength="0" historyAllowed="false"><annotations/></attribute><attribute name="code" rimClassName="Act" datatype="CD" cardinality="1..1" conformance="R" mandatory="false" strength="CWE" conceptDomain="ObservationType" maxLength="0" historyAllowed="false"><annotations/></attribute><attribute name="negationInd" rimClassName="Act" datatype="BL" cardinality="1..1" conformance="" mandatory="false" default="false" maxLength="0" historyAllowed="false"><annotations/></attribute><attribute name="text" rimClassName="Act" datatype="ED" cardinality="0..1" conformance="" mandatory="false" maxLength="0" historyAllowed="false"><annotations/></attribute><attribute name="statusCode" rimClassName="Act" datatype="CS" cardinality="1..1" conformance="" mandatory="false" strength="CNE" valueSet="ActStatus" maxLength="0" historyAllowed="false"><annotations/></attribute><attribute name="effectiveTime" rimClassName="Act" datatype="IVL&lt;TS&gt;" cardinality="0..1" conformance="" mandatory="false" maxLength="0" historyAllowed="false" businessName="physiologically relevant time"><annotations/></attribute><attribute name="confidentialityCode" rimClassName="Act" datatype="DSET&lt;CD&gt;" cardinality="0..*" conformance="" mandatory="false" strength="CWE" codeSystem="C:Confidentiality" default="N" maxLength="0" historyAllowed="false"><annotations/></attribute><attribute name="uncertaintyCode" rimClassName="Act" datatype="CD" cardinality="0..1" conformance="" mandatory="false" strength="CNE" codeSystem="C:ActUncertainty" default="N" maxLength="0" historyAllowed="false"><annotations/></attribute><attribute name="value" rimClassName="Observation" datatype="ANY" cardinality="1..1" conformance="R" mandatory="false" strength="CWE" conceptDomain="ObservationValue" maxLength="0" historyAllowed="false"><annotations/></attribute><attribute name="interpretationCode" rimClassName="Observation" datatype="DSET&lt;CS&gt;" cardinality="0..*" conformance="" mandatory="false" strength="CNE" valueSet="ObservationInterpretation" maxLength="0" historyAllowed="false"><annotations/></attribute><attribute name="methodCode" rimClassName="Observation" datatype="CD" cardinality="0..1" conformance="" mandatory="false" strength="CWE" conceptDomain="ObservationMethod" maxLength="0" historyAllowed="false"><annotations/></attribute><attribute name="targetSiteCode" rimClassName="Observation" datatype="CD" cardinality="0..1" conformance="" mandatory="false" strength="CWE" conceptDomain="ActSite" maxLength="0" historyAllowed="false"><annotations/></attribute></attributes><associations><association name="referenceRange" beginX="5.71533333333333" beginY="2.93933333333334" endX="5.71533333333333" endY="2.93933333333334" target="ReferenceRange2" targetShapeId="Sheet.44" rimTarget="Act" rimName="outboundRelationship" source="ObservationGeneral" cardinality="0..*" required="0" mandatory="0" blocked="0" businessName=""><annotations/></association><association name="definition" beginX="8.94359722222233" beginY="0.827333333333335" endX="8.94359722222233" endY="0.827333333333335" target="Definition" targetShapeId="Sheet.71" rimTarget="Act" rimName="outboundRelationship" source="ObservationGeneral" cardinality="0..1" required="-1" mandatory="0" blocked="0" businessName=""><annotations/></association><association name="performer" beginX="8.94359722222233" beginY="4.34733333333334" endX="8.94359722222233" endY="4.34733333333334" target="Performer1" targetShapeId="Sheet.56" rimTarget="Act" rimName="participation" source="ObservationGeneral" cardinality="0..*" required="-1" mandatory="0" blocked="0" businessName=""><annotations/></association><association name="dataEnterer" beginX="8.94359722222233" beginY="5.05133333333334" endX="8.94359722222233" endY="5.05133333333334" target="DataEnterer" targetShapeId="Sheet.19" rimTarget="Act" rimName="participation" source="ObservationGeneral" cardinality="0..*" required="0" mandatory="0" blocked="0" businessName=""><annotations/></association><association name="author" beginX="8.94359722222233" beginY="5.75533333333334" endX="8.94359722222233" endY="5.75533333333334" target="Author" targetShapeId="Sheet.30" rimTarget="Act" rimName="participation" source="ObservationGeneral" cardinality="0..*" required="-1" mandatory="0" blocked="0" businessName=""><annotations/></association></associations></class><class name="ReferenceRange2" type="ActRelationship" rimName="ActRelationship"><graphics shapeId="Sheet.44" width="2.77912365740473" height="0.56981793077257" x="4.32577150463097" y="2.82250448174371" beginX="5.71533333333333" beginY="2.93933333333334" endX="2.9362096759286" endY="2.70567563015408" arrowWidth="45 in."/><annotations/><attributes><attribute name="typeCode" rimClassName="ActRelationship" datatype="CS" cardinality="1..1" conformance="R" mandatory="true" strength="CNE" codeSystem="ActRelationshipType" domainCode="REFV" maxLength="0" historyAllowed="false"><annotations/></attribute><attribute name="contextControlCode" rimClassName="ActRelationship" datatype="CS" cardinality="1..1" conformance="R" mandatory="true" strength="CNE" codeSystem="C:ContextControl" default="ON" maxLength="0" historyAllowed="false"><annotations/></attribute><attribute name="contextConductionInd" rimClassName="ActRelationship" datatype="BL" cardinality="1..1" conformance="R" mandatory="true" default="false" maxLength="0" historyAllowed="false"><annotations/></attribute></attributes><associations><association name="observationGeneral" beginX="5.71533333333333" beginY="2.93933333333334" endX="5.71533333333333" endY="2.93933333333334" target="ObservationGeneral" targetShapeId="Sheet.2" rimTarget="ActRelationship" rimName="source" source="ReferenceRange2" cardinality="" required="0" mandatory="0" blocked="-1" businessName=""><annotations/></association><association name="interpretationRange" beginX="2.9362096759286" beginY="2.70567563015408" endX="2.9362096759286" endY="2.70567563015408" target="InterpretationRange" targetShapeId="Sheet.36" rimTarget="ActRelationship" rimName="target" source="ReferenceRange2" cardinality="1..1" required="0" mandatory="0" blocked="0" businessName=""><annotations/></association></associations></class><class name="InterpretationRange" type="Act" rimName="Observation"><graphics shapeId="Sheet.36" width="2.31839157407943" height="1.18213258734809" x="1.77701388888889" y="2.82388888888889" flipX="FALSE" flipY="FALSE" autoWidth="1" autoHeight="1"/><annotations/><attributes><attribute name="classCode" rimClassName="Act" datatype="CS" cardinality="1..1" conformance="R" mandatory="true" strength="CNE" codeSystem="ActClass" domainCode="OBS" maxLength="0" historyAllowed="false"><annotations/></attribute><attribute name="moodCode" rimClassName="Act" datatype="CS" cardinality="1..1" conformance="R" mandatory="true" strength="CNE" codeSystem="ActMood" domainCode="EVN.CRT" maxLength="0" historyAllowed="false"><annotations/></attribute><attribute name="negationInd" rimClassName="Act" datatype="BL" cardinality="1..1" conformance="" mandatory="false" default="false" maxLength="0" historyAllowed="false"><annotations/></attribute><attribute name="text" rimClassName="Act" datatype="ED" cardinality="0..1" conformance="" mandatory="false" maxLength="0" historyAllowed="false"><annotations/></attribute><attribute name="value" rimClassName="Observation" datatype="ANY" cardinality="0..*" conformance="" mandatory="false" strength="CWE" conceptDomain="ObservationValue" maxLength="0" historyAllowed="false"><annotations/></attribute><attribute name="interpretationCode" rimClassName="Observation" datatype="DSET&lt;CS&gt;" cardinality="1..*" conformance="R" mandatory="true" strength="CNE" codeSystem="C:ObservationInterpretation" default="N" maxLength="0" historyAllowed="false"><annotations/></attribute></attributes><associations><association name="referenceRangeFor" beginX="2.9362096759286" beginY="2.70567563015408" endX="2.9362096759286" endY="2.70567563015408" target="ReferenceRange2" targetShapeId="Sheet.44" rimTarget="Act" rimName="inboundRelationship" source="InterpretationRange" cardinality="" required="0" mandatory="0" blocked="-1" businessName=""><annotations/></association><association name="precondition" beginX="1.77701388888889" beginY="2.23282259521485" endX="1.77701388888889" endY="2.23282259521485" target="Precondition" targetShapeId="Sheet.50" rimTarget="Act" rimName="outboundRelationship" source="InterpretationRange" cardinality="0..1" required="0" mandatory="0" blocked="0" businessName=""><annotations/></association></associations></class><class name="Precondition" type="ActRelationship" rimName="ActRelationship"><graphics shapeId="Sheet.50" width="0.791038494194879" height="1.97123504942122" x="1.78701388888889" y="1.83730334811741" beginX="1.77701388888889" beginY="2.23282259521485" endX="1.79701388888889" endY="1.44178410101997" arrowWidth="45 in."/><annotations/><attributes><attribute name="typeCode" rimClassName="ActRelationship" datatype="CS" cardinality="1..1" conformance="R" mandatory="true" strength="CNE" codeSystem="ActRelationshipType" domainCode="PRCN" maxLength="0" historyAllowed="false"><annotations/></attribute><attribute name="contextControlCode" rimClassName="ActRelationship" datatype="CS" cardinality="1..1" conformance="R" mandatory="true" strength="CNE" codeSystem="C:ContextControl" default="ON" maxLength="0" historyAllowed="false"><annotations/></attribute><attribute name="contextConductionInd" rimClassName="ActRelationship" datatype="BL" cardinality="1..1" conformance="R" mandatory="true" default="true" maxLength="0" historyAllowed="false"><annotations/></attribute></attributes><associations><association name="interpretationRange" beginX="1.77701388888889" beginY="2.23282259521485" endX="1.77701388888889" endY="2.23282259521485" target="InterpretationRange" targetShapeId="Sheet.36" rimTarget="ActRelationship" rimName="source" source="Precondition" cardinality="" required="0" mandatory="0" blocked="-1" businessName=""><annotations/></association><association name="criterion" beginX="1.79701388888889" beginY="1.44178410101997" endX="1.79701388888889" endY="1.44178410101997" target="Criterion" targetShapeId="Sheet.40" rimTarget="ActRelationship" rimName="target" source="Precondition" cardinality="1..1" required="0" mandatory="0" blocked="0" businessName=""><annotations/></association></associations></class><class name="Criterion" type="Act" rimName="Observation"><graphics shapeId="Sheet.40" width="2.27249313657943" height="1.31579042426215" x="1.79701388888889" y="0.78388888888889" flipX="FALSE" flipY="FALSE" autoWidth="1" autoHeight="1"/><annotations/><attributes><attribute name="classCode" rimClassName="Act" datatype="CS" cardinality="1..1" conformance="R" mandatory="true" strength="CNE" codeSystem="ActClass" domainCode="OBS" maxLength="0" historyAllowed="false"><annotations/></attribute><attribute name="moodCode" rimClassName="Act" datatype="CS" cardinality="1..1" conformance="R" mandatory="true" strength="CNE" codeSystem="ActMood" domainCode="EVN.CRT" maxLength="0" historyAllowed="false"><annotations/></attribute><attribute name="code" rimClassName="Act" datatype="CD" cardinality="1..1" conformance="R" mandatory="false" strength="CWE" conceptDomain="ObservationType" maxLength="0" historyAllowed="false"><annotations/></attribute><attribute name="negationInd" rimClassName="Act" datatype="BL" cardinality="1..1" conformance="" mandatory="false" default="false" maxLength="0" historyAllowed="false"><annotations/></attribute><attribute name="text" rimClassName="Act" datatype="ED" cardinality="0..1" conformance="" mandatory="false" maxLength="0" historyAllowed="false"><annotations/></attribute><attribute name="value" rimClassName="Observation" datatype="ANY" cardinality="1..1" conformance="R" mandatory="false" strength="CWE" conceptDomain="ObservationValue" maxLength="0" historyAllowed="false"><annotations/></attribute><attribute name="interpretationCode" rimClassName="Observation" datatype="DSET&lt;CS&gt;" cardinality="0..*" conformance="" mandatory="false" strength="CNE" valueSet="ObservationInterpretation" maxLength="0" historyAllowed="false"><annotations/></attribute></attributes><associations><association name="preconditionFor" beginX="1.79701388888889" beginY="1.44178410101997" endX="1.79701388888889" endY="1.44178410101997" target="Precondition" targetShapeId="Sheet.50" rimTarget="Act" rimName="inboundRelationship" source="Criterion" cardinality="" required="0" mandatory="0" blocked="-1" businessName=""><annotations/></association></associations></class><class name="Definition" type="ActRelationship" rimName="ActRelationship"><graphics shapeId="Sheet.71" width="2.31480191711782" height="0.56981793077257" x="10.1009981807812" y="0.590839745958118" beginX="8.94359722222233" beginY="0.827333333333335" endX="11.2583991393402" endY="0.3543461585829" arrowWidth="55 in."/><annotations/><attributes><attribute name="typeCode" rimClassName="ActRelationship" datatype="CS" cardinality="1..1" conformance="R" mandatory="true" strength="CNE" codeSystem="ActRelationshipType" domainCode="INST" maxLength="0" historyAllowed="false"><annotations/></attribute><attribute name="contextControlCode" rimClassName="ActRelationship" datatype="CS" cardinality="1..1" conformance="R" mandatory="true" strength="CNE" codeSystem="C:ContextControl" default="AN" maxLength="0" historyAllowed="false"><annotations/></attribute><attribute name="contextConductionInd" rimClassName="ActRelationship" datatype="BL" cardinality="1..1" conformance="R" mandatory="true" default="false" maxLength="0" historyAllowed="false"><annotations/></attribute></attributes><associations><association name="observationGeneral" beginX="8.94359722222233" beginY="0.827333333333335" endX="8.94359722222233" endY="0.827333333333335" target="ObservationGeneral" targetShapeId="Sheet.2" rimTarget="ActRelationship" rimName="source" source="Definition" cardinality="" required="0" mandatory="0" blocked="-1" businessName=""><annotations/></association><association name="observationDefinition" beginX="11.2583991393402" beginY="0.3543461585829" endX="11.2583991393402" endY="0.3543461585829" target="ObservationDefinition" targetShapeId="Sheet.62" rimTarget="ActRelationship" rimName="target" source="Definition" cardinality="1..1" required="-1" mandatory="0" blocked="0" businessName=""><annotations/></association></associations></class><class name="ObservationDefinition" type="Act" rimName="Observation"><graphics shapeId="Sheet.62" width="1.57271362608138" height="0.781809101019965" x="12.0447559523808" y="0.58888888888889" flipX="FALSE" flipY="FALSE" autoWidth="1" autoHeight="1"/><annotations/><notes><Note name="Sheet.66" type="Note" noteType="Note"><graphics shapeId="Sheet.66" connectedShape="Sheet.62" x="12.3768988095237" y="1.88801587301587" width="1.26006951529579" height="1.5223166273329" beginX="0.630034757647895" beginY="0.76115831366645" endX="0.612434625721315" endY="-0.147064119950544"/><annotations/><notes><text>Identifies the "master" 
or "service catalog"
entry of the 
observation service 
being performed. Use
this alone or in addition 
to an observation
code to specify what
is being observed or
what is to be observed.</text></notes></Note></notes><attributes><attribute name="classCode" rimClassName="Act" datatype="CS" cardinality="1..1" conformance="R" mandatory="true" strength="CNE" codeSystem="ActClass" domainCode="OBS" maxLength="0" historyAllowed="false"><annotations/></attribute><attribute name="moodCode" rimClassName="Act" datatype="CS" cardinality="1..1" conformance="R" mandatory="true" strength="CNE" codeSystem="ActMood" domainCode="DEF" maxLength="0" historyAllowed="false"><annotations/></attribute><attribute name="id" rimClassName="Act" datatype="II" cardinality="1..1" conformance="" mandatory="false" maxLength="0" historyAllowed="false"><annotations/></attribute><attribute name="text" rimClassName="Act" datatype="ED" cardinality="0..1" conformance="" mandatory="false" maxLength="0" historyAllowed="false"><annotations/></attribute></attributes><associations><association name="instantiation" beginX="11.2583991393402" beginY="0.3543461585829" endX="11.2583991393402" endY="0.3543461585829" target="Definition" targetShapeId="Sheet.71" rimTarget="Act" rimName="inboundRelationship" source="ObservationDefinition" cardinality="" required="0" mandatory="0" blocked="-1" businessName=""><annotations/></association></associations></class><entryPoint entryClass="ObservationGeneral" name="A_ObservationGeneral universal" type="EntryPoint" id="COCT_RM120500"><graphics shapeId="Sheet.12" connectedShape="Sheet.2" width="2.27564407652083" height="0.766814632161459" beginX="9.41333333333334" beginY="2.89833333333333" endX="8.94359722222233" endY="2.93933333333334"/><annotations/><notes><text>23-Jul-03 Any observation. Property-contextConductionStyle: C </text></notes></entryPoint><class name="Performer1" type="Participation" rimName="Participation"><graphics shapeId="Sheet.56" width="2.76231670990842" height="0.436485106065539" x="10.3247555771765" y="4.05033333333334" beginX="8.94359722222233" beginY="4.34733333333334" endX="11.7059139321308" endY="3.75333333333333" arrowWidth="45 in."/><annotations/><attributes><attribute name="typeCode" rimClassName="Participation" datatype="CS" cardinality="1..1" conformance="R" mandatory="true" strength="CNE" codeSystem="ParticipationType" domainCode="PRF" maxLength="0" historyAllowed="false"><annotations/></attribute><attribute name="contextControlCode" rimClassName="Participation" datatype="CS" cardinality="1..1" conformance="R" mandatory="true" strength="CNE" codeSystem="C:ContextControl" default="OP" maxLength="0" historyAllowed="false"><annotations/></attribute></attributes><associations><association name="observationGeneral" beginX="8.94359722222233" beginY="4.34733333333334" endX="8.94359722222233" endY="4.34733333333334" target="ObservationGeneral" targetShapeId="Sheet.2" rimTarget="Participation" rimName="act" source="Performer1" cardinality="" required="0" mandatory="0" blocked="-1" businessName=""><annotations/></association><association name="assignedEntity" beginX="11.7059139321308" beginY="3.75333333333333" endX="11.7059139321308" endY="3.75333333333333" target="R_AssignedEntityUniversal" targetShapeId="Sheet.6" rimTarget="Participation" rimName="role" source="Performer1" cardinality="1..1" required="-1" mandatory="0" blocked="0" businessName=""><annotations/></association></associations></class><class name="R_AssignedEntityUniversal" cmetId="COCT_MT090000" cmetType="Role(Performed only)" attLevel="universal" domain="RoleClass" mnemonic="ASSIGNED" type="CMET" rimName="RoleHeir" id="COCT_MT090000"><graphics shapeId="Sheet.6" width="1.17289435796072" height="3.13142857142857" x="12.2923611111111" y="5.31904761904762" flipX="FALSE" flipY="FALSE" autoWidth="1" autoHeight="0"/><annotations/><notes><Note name="Sheet.25" type="Note" noteType="Note"><graphics shapeId="Sheet.25" connectedShape="Sheet.6" x="12.4397222222222" y="5.91777777777778" width="1.15499367911415" height="0.588986854383681" beginX="0.577496839557075" beginY="0.294493427191841" endX="1.01658290742632" endY="0.948334697033112"/><annotations/><notes><text>Includes both, the 
individual and the 
provider organization.</text></notes></Note></notes><associations><association name="performance" beginX="11.7059139321308" beginY="3.75333333333333" endX="11.7059139321308" endY="3.75333333333333" target="Performer1" targetShapeId="Sheet.56" rimTarget="Role" rimName="participation" source="R_AssignedEntityUniversal" cardinality="" required="0" mandatory="0" blocked="-1" businessName=""><annotations/></association><association name="dataEntry" beginX="11.7059139321308" beginY="5.00590476190476" endX="11.7059139321308" endY="5.00590476190476" target="DataEnterer" targetShapeId="Sheet.19" rimTarget="Role" rimName="participation" source="R_AssignedEntityUniversal" cardinality="" required="0" mandatory="0" blocked="-1" businessName=""><annotations/></association><association name="origination" beginX="11.7059139321308" beginY="6.57161904761905" endX="11.7059139321308" endY="6.57161904761905" target="Author" targetShapeId="Sheet.30" rimTarget="Role" rimName="participation" source="R_AssignedEntityUniversal" cardinality="" required="0" mandatory="0" blocked="-1" businessName=""><annotations/></association></associations></class><class name="DataEnterer" type="Participation" rimName="Participation"><graphics shapeId="Sheet.19" width="2.76231670990842" height="0.836808592393664" x="10.3247555771765" y="5.02861904761905" beginX="8.94359722222233" beginY="5.05133333333334" endX="11.7059139321308" endY="5.00590476190476" arrowWidth="45 in."/><annotations/><attributes><attribute name="typeCode" rimClassName="Participation" datatype="CS" cardinality="1..1" conformance="R" mandatory="true" strength="CNE" codeSystem="ParticipationType" domainCode="ENT" maxLength="0" historyAllowed="false"><annotations/></attribute><attribute name="contextControlCode" rimClassName="Participation" datatype="CS" cardinality="1..1" conformance="R" mandatory="true" strength="CNE" codeSystem="C:ContextControl" default="OP" maxLength="0" historyAllowed="false"><annotations/></attribute><attribute name="noteText" rimClassName="Participation" datatype="ST" cardinality="0..1" conformance="" mandatory="false" maxLength="0" historyAllowed="false"><annotations/></attribute><attribute name="time" rimClassName="Participation" datatype="TS" cardinality="0..1" conformance="" mandatory="false" maxLength="0" historyAllowed="false" businessName="time entered into"><annotations/></attribute><attribute name="modeCode" rimClassName="Participation" datatype="CD" cardinality="1..1" conformance="R" mandatory="true" strength="CWE" codeSystem="ParticipationMode" domainCode="D:" default="ELECTRONIC" maxLength="0" historyAllowed="false"><annotations/></attribute></attributes><associations><association name="observationGeneral" beginX="8.94359722222233" beginY="5.05133333333334" endX="8.94359722222233" endY="5.05133333333334" target="ObservationGeneral" targetShapeId="Sheet.2" rimTarget="Participation" rimName="act" source="DataEnterer" cardinality="" required="0" mandatory="0" blocked="-1" businessName=""><annotations/></association><association name="assignedEntity" beginX="11.7059139321308" beginY="5.00590476190476" endX="11.7059139321308" endY="5.00590476190476" target="R_AssignedEntityUniversal" targetShapeId="Sheet.6" rimTarget="Participation" rimName="role" source="DataEnterer" cardinality="1..1" required="0" mandatory="0" blocked="0" businessName=""><annotations/></association></associations></class><class name="Author" type="Participation" rimName="Participation"><graphics shapeId="Sheet.30" width="2.76231670990842" height="1.23680706651476" x="10.3247555771765" y="6.1634761904762" beginX="8.94359722222233" beginY="5.75533333333334" endX="11.7059139321308" endY="6.57161904761905" arrowWidth="45 in."/><annotations/><attributes><attribute name="typeCode" rimClassName="Participation" datatype="CS" cardinality="1..1" conformance="R" mandatory="true" strength="CNE" codeSystem="ParticipationType" domainCode="AUT" maxLength="0" historyAllowed="false"><annotations/></attribute><attribute name="contextControlCode" rimClassName="Participation" datatype="CS" cardinality="1..1" conformance="R" mandatory="true" strength="CNE" codeSystem="C:ContextControl" default="OP" maxLength="0" historyAllowed="false"><annotations/></attribute><attribute name="noteText" rimClassName="Participation" datatype="ST" cardinality="0..1" conformance="" mandatory="false" maxLength="0" historyAllowed="false"><annotations/></attribute><attribute name="time" rimClassName="Participation" datatype="TS" cardinality="1..1" conformance="R" mandatory="false" maxLength="0" historyAllowed="false" businessName="time of signature"><annotations/></attribute><attribute name="modeCode" rimClassName="Participation" datatype="CD" cardinality="1..1" conformance="R" mandatory="false" strength="CNE" conceptDomain="ParticipationMode" maxLength="0" historyAllowed="false"><annotations/></attribute><attribute name="signatureCode" rimClassName="Participation" datatype="CS" cardinality="1..1" conformance="R" mandatory="false" strength="CNE" conceptDomain="ParticipationSignature" maxLength="0" historyAllowed="false"><annotations/></attribute><attribute name="signatureText" rimClassName="Participation" datatype="ED" cardinality="0..1" conformance="" mandatory="false" maxLength="0" historyAllowed="false"><annotations/></attribute></attributes><associations><association name="observationGeneral" beginX="8.94359722222233" beginY="5.75533333333334" endX="8.94359722222233" endY="5.75533333333334" target="ObservationGeneral" targetShapeId="Sheet.2" rimTarget="Participation" rimName="act" source="Author" cardinality="" required="0" mandatory="0" blocked="-1" businessName=""><annotations/></association><association name="assignedEntity" beginX="11.7059139321308" beginY="6.57161904761905" endX="11.7059139321308" endY="6.57161904761905" target="R_AssignedEntityUniversal" targetShapeId="Sheet.6" rimTarget="Participation" rimName="role" source="Author" cardinality="1..1" required="-1" mandatory="0" blocked="0" businessName=""><annotations/></association></associations></class></page></pages></hl7model>
