<?xml version="1.0"?>
<hl7model rendered="7/1/2012 8:46:11 AM" datatypesRelease="R2"><pages><page name="Pg-1" width="5.05434895733343" height="1.38833333333334"><entryPoint entryClass="Encounter" name="A_Encounter identified" type="EntryPoint" id="COCT_RM010001UV"><graphics shapeId="Sheet.314" connectedShape="Sheet.469" width="2.0812996619158" height="0.90014745686849" beginX="3.42305555355563" beginY="0.809999999999996" endX="2.4228472222222" endY="1.2415"/><annotations/><notes><text>26 Nov 2003 CMET used to refer to an encounter Property-contextConductionStyle: I </text></notes></entryPoint><class name="Encounter" type="Act" rimName="PatientEncounter"><graphics shapeId="Sheet.469" width="2.4128472222222" height="1.36833333333334" x="1.2164236111111" y="0.694166666666669" flipX="FALSE" flipY="FALSE" autoWidth="0" autoHeight="0"/><annotations/><attributes><attribute name="classCode" rimClassName="Act" datatype="CS" cardinality="1..1" conformance="R" mandatory="true" strength="CNE" codeSystem="ActClass" domainCode="ENC" maxLength="0" historyAllowed="false"><annotations/></attribute><attribute name="moodCode" rimClassName="Act" datatype="CS" cardinality="1..1" conformance="R" mandatory="true" strength="CNE" codeSystem="ActMood" domainCode="EVN" maxLength="0" historyAllowed="false"><annotations/></attribute><attribute name="id" rimClassName="Act" datatype="DSET&lt;II&gt;" cardinality="1..*" conformance="R" mandatory="true" maxLength="0" historyAllowed="false"><annotations/></attribute><attribute name="code" rimClassName="Act" datatype="CD" cardinality="0..1" conformance="" mandatory="false" strength="CWE" conceptDomain="ActEncounterCode" maxLength="0" historyAllowed="false"><annotations/></attribute><attribute name="effectiveTime" rimClassName="Act" datatype="IVL&lt;TS&gt;" cardinality="0..1" conformance="R" mandatory="false" maxLength="0" historyAllowed="false"><annotations/></attribute></attributes></class></page></pages></hl7model>
