<?xml version="1.0"?>
<hl7model rendered="11/10/2012 5:59:27 PM" datatypesRelease="R2"><pages><page name="Pg-1" width="5.10518481900422" height="5.89459088406033"><class name="Subject" type="Participation" rimName="Participation"><graphics shapeId="Sheet.572" width="0.714765545654262" height="0.994130862409506" x="3.39984033881228" y="1.00912062479653" beginX="3.4055518341949" beginY="0.651737851969404" endX="3.3941288434297" endY="1.36650339762366" arrowWidth="66 inch"/><description>The position of a BirthPlace can be specified using spatial coordinates</description><annotations><description>The position of a BirthPlace can be specified using spatial coordinates</description></annotations><attributes><attribute name="typeCode" rimClassName="Participation" datatype="CS" cardinality="1..1" conformance="R" mandatory="true" strength="CNE" codeSystem="ParticipationType" domainCode="C:ParticipationType" fixed="SBJ" maxLength="0" historyAllowed="false"><annotations/></attribute></attributes><associations><association name="birthPlace" beginX="3.3941288434297" beginY="1.36650339762366" endX="3.3941288434297" endY="1.36650339762366" target="BirthPlace" targetShapeId="Sheet.1" rimTarget="Participation" rimName="role" source="Subject" cardinality="" required="0" mandatory="0" blocked="-1" businessName=""><annotations/></association></associations></class><class name="BirthPlace" type="Role" rimName="RoleHeir"><graphics shapeId="Sheet.1" width="1.37715401846962" height="0.514818439398872" x="3.3941288434297" y="1.6239126173231" flipX="FALSE" flipY="FALSE" autoWidth="1" autoHeight="1"/><description>The birthplace of the focal living subject</description><annotations><description>The birthplace of the focal living subject</description></annotations><attributes><attribute name="classCode" rimClassName="Role" datatype="CS" cardinality="1..1" conformance="R" mandatory="true" strength="CNE" codeSystem="RoleClass" domainCode="BIRTHPL" maxLength="0" historyAllowed="false"><description>Structural attribute; this is a "birthplace" role</description><annotations><description>Structural attribute; this is a "birthplace" role</description></annotations></attribute><attribute name="addr" rimClassName="Role" datatype="COLL&lt;AD&gt;" cardinality="0..*" conformance="" mandatory="false" maxLength="0" historyAllowed="false"><description>A living subject's birth place represented as an address</description><annotations><description>A living subject's birth place represented as an address</description></annotations></attribute></attributes><associations><association name="birthplace" beginX="2.84326723604185" beginY="1.41798524156355" endX="1.62168350937085" endY="0.637825234646264" target="E_PlaceInformational" targetShapeId="Sheet.26" rimTarget="Role" rimName="player" source="BirthPlace" cardinality="0..1" required="0" mandatory="0" blocked="0" businessName=""><annotations/></association><association name="birthplaceForNonPersonLivingSubject" beginX="2.84326723604185" beginY="1.82983999308265" endX="2.98510013500802" endY="2.85645743476015" target="NonPersonLivingSubject" targetShapeId="Sheet.11" rimTarget="Role" rimName="scoper" source="BirthPlace" cardinality="" required="0" mandatory="0" blocked="-1" businessName=""><annotations/></association><association name="subjectOf" beginX="3.3941288434297" beginY="1.36650339762366" endX="3.3941288434297" endY="1.36650339762366" target="Subject" targetShapeId="Sheet.572" rimTarget="Role" rimName="participation" source="BirthPlace" cardinality="0..1" required="0" mandatory="0" blocked="0" businessName=""><annotations/></association></associations></class><class name="NonPersonLivingSubject" type="Entity" rimName="NonPersonLivingSubject"><graphics shapeId="Sheet.11" width="3.5322511321849" height="1.18213258734809" x="2.1020373519618" y="3.4475237284342" flipX="FALSE" flipY="FALSE" autoWidth="1" autoHeight="1"/><description>A subtype of LivingSubject representing a non-person living subject (e.g., animal, microorganism, plant)</description><annotations><description>A subtype of LivingSubject representing a non-person living subject (e.g., animal, microorganism, plant)</description></annotations><attributes><attribute name="classCode" rimClassName="Entity" datatype="CS" cardinality="1..1" conformance="R" mandatory="true" strength="CNE" codeSystem="EntityClass" domainCode="NLIV" maxLength="0" historyAllowed="false"><description>Structural attribute; this is a "non-person living subject" entity</description><annotations><description>Structural attribute; this is a "non-person living subject" entity</description></annotations></attribute><attribute name="determinerCode" rimClassName="Entity" datatype="CS" cardinality="1..1" conformance="R" mandatory="true" strength="CNE" codeSystem="EntityDeterminer" domainCode="C:EntityDeterminer" fixed="INSTANCE" maxLength="0" historyAllowed="false"><description>Structural attribute; this is a specific non-person living subject</description><annotations><description>Structural attribute; this is a specific non-person living subject</description></annotations></attribute><attribute name="id" rimClassName="Entity" datatype="DSET&lt;II&gt;" cardinality="1..*" conformance="R" mandatory="false" maxLength="0" historyAllowed="false"><description>Identifier(s) for this non-person living subject. Note that these identifiers can only be used for matching purposes since no scoping organization or status information is included.</description><annotations><description>Identifier(s) for this non-person living subject. Note that these identifiers can only be used for matching purposes since no scoping organization or status information is included.</description></annotations></attribute><attribute name="code" rimClassName="Entity" datatype="CD" cardinality="1..1" conformance="R" mandatory="false" strength="CWE" conceptDomain="EntityCode" maxLength="0" historyAllowed="false"><description>A value representing the specific kind of non-person living subject the instance represents, for example animal or plant taxonomy</description><annotations><description>A value representing the specific kind of non-person living subject the instance represents, for example animal or plant taxonomy</description></annotations></attribute><attribute name="name" rimClassName="Entity" datatype="COLL&lt;EN&gt;" cardinality="0..*" conformance="" mandatory="false" maxLength="0" historyAllowed="false"><description>The name(s) of this non-person living subject</description><annotations><description>The name(s) of this non-person living subject</description></annotations></attribute><attribute name="administrativeGenderCode" rimClassName="LivingSubject" datatype="CD" cardinality="0..1" conformance="" mandatory="false" strength="CWE" conceptDomain="AdministrativeGender" maxLength="0" historyAllowed="false"><description>A value representing the gender (sex) of this non-person living subject. This attribute does not include terms related to clinical gender which is a complex physiological, genetic and sociological concept that requires multiple observations in order to be comprehensively described.</description><annotations><description>A value representing the gender (sex) of this non-person living subject. This attribute does not include terms related to clinical gender which is a complex physiological, genetic and sociological concept that requires multiple observations in order to be comprehensively described.</description></annotations></attribute><attribute name="birthTime" rimClassName="LivingSubject" datatype="TS" cardinality="0..1" conformance="" mandatory="false" maxLength="0" historyAllowed="false"><description>The date and time this non-person living subject was born or hatched. This could be an exact moment such as January 1, 1960 @ 03:00:00 EST or an approximate date such as January 1960.</description><annotations><description>The date and time this non-person living subject was born or hatched. This could be an exact moment such as January 1, 1960 @ 03:00:00 EST or an approximate date such as January 1960.</description></annotations></attribute></attributes><associations><association name="birthPlace" endX="2.84326723604185" endY="1.82983999308265" beginX="2.98510013500802" beginY="2.85645743476015" target="BirthPlace" targetShapeId="Sheet.1" rimTarget="Entity" rimName="scopedRole" source="NonPersonLivingSubject" cardinality="0..1" required="0" mandatory="0" blocked="0" businessName=""><annotations/></association></associations></class><entryPoint entryClass="NonPersonLivingSubject" name="E_NonPersonLivingSubject identifed - confirmable" type="EntryPoint" id="COCT_RM030102UV"><graphics shapeId="Sheet.15" connectedShape="Sheet.11" width="3.4711930877513" height="1.16681310628255" beginX="2.1020373519618" beginY="4.7" endX="2.1020373519618" endY="4.03859002210825"/><annotations/><notes><text>This CMET is used where the receiver may not have any of the non-person living subject's identifiers and requires additional attributes to match Property-contextConductionStyle: I </text></notes></entryPoint><class name="A_SpatialCoordinateUniversal" cmetId="COCT_MT960000UV" cmetType="Act" attLevel="universal" domain="ActClass" mnemonic="OBS" type="CMET" rimName="Observation" id="COCT_MT960000UV"><graphics shapeId="Sheet.32" width="1.29653632573416" height="0.627825234646268" x="3.4055518341949" y="0.33782523464627" flipX="FALSE" flipY="FALSE" autoWidth="1" autoHeight="1"/><annotations/><associations><association name="subject" beginX="3.4055518341949" beginY="0.651737851969404" endX="3.4055518341949" endY="0.651737851969404" target="Subject" targetShapeId="Sheet.572" rimTarget="Act" rimName="participation" source="A_SpatialCoordinateUniversal" cardinality="" required="0" mandatory="0" blocked="-1" businessName=""><annotations/></association></associations></class><class name="E_PlaceInformational" cmetId="COCT_MT710007UV" cmetType="Entity" attLevel="informational" domain="EntityClass" mnemonic="PLC" type="CMET" rimName="Place" id="COCT_MT710007UV"><graphics shapeId="Sheet.26" width="1.16131675175955" height="0.627825234646268" x="1.5055518341949" y="0.32391261732313" flipX="FALSE" flipY="FALSE" autoWidth="1" autoHeight="1"/><annotations/><associations><association name="asBirthPlace" endX="2.84326723604185" endY="1.41798524156355" beginX="1.62168350937085" beginY="0.637825234646264" target="BirthPlace" targetShapeId="Sheet.1" rimTarget="Entity" rimName="playedRole" source="E_PlaceInformational" cardinality="" required="0" mandatory="0" blocked="-1" businessName=""><annotations/></association></associations></class></page></pages></hl7model>
