<?xml version="1.0"?>
<hl7model rendered="7/1/2012 9:10:38 AM" datatypesRelease="R2"><pages><page name="RegistryAct" width="2.04166666666667" height="1.84055555555556"><class name="minimalActReference" type="Act" rimName="ActHeir"><graphics shapeId="Sheet.1" width="1.5422608978099" height="0.75" x="1.03333333333333" y="0.385" flipX="FALSE" flipY="FALSE" autoWidth="1" autoHeight="1"/><annotations/><attributes><attribute name="classCode" rimClassName="Act" datatype="CS" cardinality="1..1" conformance="R" mandatory="true" strength="CNE" codeSystem="ActClass" domainCode="ACT" maxLength="0" historyAllowed="false"><annotations/></attribute><attribute name="moodCode" rimClassName="Act" datatype="CS" cardinality="1..1" conformance="R" mandatory="true" strength="CNE" codeSystem="ActMood" domainCode="INT" maxLength="0" historyAllowed="false"><annotations/></attribute><attribute name="id" rimClassName="Act" datatype="DSET&lt;II&gt;" cardinality="1..*" conformance="R" mandatory="true" maxLength="0" historyAllowed="false"><annotations/></attribute></attributes></class><entryPoint entryClass="minimalActReference" name="Minimal Intent Act Reference" type="EntryPoint" id="COMT_RM700020"><graphics shapeId="Sheet.5" connectedShape="Sheet.1" width="2.02824188535872" height="0.766814632161459" beginX="1.00833333333333" beginY="1.36" endX="1.03333333333333" endY="0.76"/><annotations/><notes><text>Used to identify an act in intent mood Property-contextConductionStyle: I </text></notes></entryPoint></page></pages></hl7model>
