<?xml version="1.0"?>
<hl7model rendered="11/23/2011 11:44:50 AM" datatypesRelease="R2"><pages><page name="Pg-1" width="5.24233642803125" height="2.17423231386805"><class name="InformEvent" type="Act" rimName="ActHeir"><graphics shapeId="Sheet.1" width="2.44338775938216" height="0.781484088812934" x="3.23116048327084" y="1.60888888888889" flipX="FALSE" flipY="FALSE" autoWidth="1" autoHeight="1"/><annotations/><attributes><attribute name="classCode" rimClassName="Act" datatype="CS" cardinality="1..1" conformance="R" mandatory="true" strength="CNE" codeSystem="ActClass" domainCode="C:ActClass" fixed="INFRM" maxLength="0" historyAllowed="false"><annotations/></attribute><attribute name="moodCode" rimClassName="Act" datatype="CS" cardinality="1..1" conformance="R" mandatory="true" strength="CNE" codeSystem="ActMood" domainCode="C:ActMood" fixed="EVN" maxLength="0" historyAllowed="false"><annotations/></attribute><attribute name="text" rimClassName="Act" datatype="ST" cardinality="1..1" conformance="R" mandatory="true" maxLength="0" historyAllowed="false" businessName="Broadcast Message Text"><annotations/></attribute><attribute name="statusCode" rimClassName="Act" datatype="CS" cardinality="1..1" conformance="R" mandatory="true" strength="CNE" conceptDomain="c_NotDefined" maxLength="0" historyAllowed="false"><annotations/></attribute></attributes><associations><association name="primaryInformationRecipient" beginX="3.23116048327084" beginY="1.21814684448242" endX="3.23116048327084" endY="1.21814684448242" target="PrimaryInformationRecipient" targetShapeId="Sheet.12" rimTarget="Act" rimName="participation" source="InformEvent" cardinality="0..*" required="0" mandatory="0" blocked="0" businessName=""><annotations/></association></associations></class><entryPoint entryClass="InformEvent" name="Broadcast Message" type="EntryPoint" id="COMT_RM500001"><graphics shapeId="Sheet.5" connectedShape="Sheet.1" width="1.90639197758963" height="0.766814632161459" beginX="1.41570366853473" beginY="1.60888888888889" endX="2.00946660357976" endY="1.60888888888889"/><annotations/><notes><text>Entry point for broadcast message. Property-contextConductionStyle: I </text></notes></entryPoint><class name="PrimaryInformationRecipient" type="Participation" rimName="Participation"><graphics shapeId="Sheet.12" width="0.580345338270399" height="2.03085495298568" x="3.26558024163542" y="0.927974175347221" beginX="3.23116048327084" beginY="1.21814684448242" endX="3.3" endY="0.637801506212021" arrowWidth="66 in."/><annotations/><attributes><attribute name="typeCode" rimClassName="Participation" datatype="CS" cardinality="1..1" conformance="R" mandatory="true" strength="CNE" codeSystem="ParticipationType" domainCode="PRCP" maxLength="0" historyAllowed="false"><annotations/></attribute></attributes><associations><association name="informEvent" beginX="3.23116048327084" beginY="1.21814684448242" endX="3.23116048327084" endY="1.21814684448242" target="InformEvent" targetShapeId="Sheet.1" rimTarget="Participation" rimName="act" source="PrimaryInformationRecipient" cardinality="" required="0" mandatory="0" blocked="-1" businessName=""><annotations/></association><association name="assignedEntity" beginX="3.3" beginY="0.637801506212021" endX="3.3" endY="0.637801506212021" target="R_AssignedEntityUniversal" targetShapeId="Sheet.18" rimTarget="Participation" rimName="role" source="PrimaryInformationRecipient" cardinality="1..1" required="0" mandatory="0" blocked="0" businessName=""><annotations/></association></associations></class><class name="R_AssignedEntityUniversal" cmetId="COCT_MT090000" cmetType="Role(Performed only)" attLevel="universal" domain="RoleClass" mnemonic="ASSIGNED" type="CMET" rimName="RoleHeir" id="COCT_MT090000"><graphics shapeId="Sheet.18" width="1.18330848149588" height="0.627825234646268" x="3.3" y="0.323888888888887" flipX="FALSE" flipY="FALSE" autoWidth="1" autoHeight="1"/><annotations/><associations><association name="informationReceived" beginX="3.3" beginY="0.637801506212021" endX="3.3" endY="0.637801506212021" target="PrimaryInformationRecipient" targetShapeId="Sheet.12" rimTarget="Role" rimName="participation" source="R_AssignedEntityUniversal" cardinality="" required="0" mandatory="0" blocked="-1" businessName=""><annotations/></association></associations></class></page></pages></hl7model>
