<?xml version="1.0"?>
<hl7model rendered="11/11/2012 7:33:35 PM" datatypesRelease="R2"><pages><page name="Pg-1" width="13.6825434032778" height="6.80888888888888"><class name="InformationRecipient" type="Participation" rimName="Participation"><graphics shapeId="Sheet.162" width="3.2" height="0.703150755479601" x="3.27254340327777" y="2.085" beginX="4.87254340327777" beginY="1.98" endX="1.67254340327777" endY="2.19" arrowWidth="45 in."/><annotations/><notes><Note name="Sheet.2" type="Note" noteType="Note"><graphics shapeId="Sheet.2" connectedShape="Sheet.162" x="3.35029947916667" y="0.304444444444442" width="2.10626092154579" height="0.588986854383681" beginX="1.0531304607729" beginY="0.294493427191841" endX="1.037874384884" endY="1.7234736050076"/><annotations/><notes><text>Information recipient.  If we want an 
organization instead of person, we leave 
the player empty and use the scoper. </text></notes></Note></notes><attributes><attribute name="typeCode" rimClassName="Participation" datatype="CS" cardinality="1..1" conformance="R" mandatory="true" strength="CNE" conceptDomain="ParticipationInformationRecipient" maxLength="0" historyAllowed="false"><annotations/></attribute><attribute name="contextControlCode" rimClassName="Participation" datatype="CS" cardinality="0..1" conformance="" mandatory="false" strength="CNE" codeSystem="C:ContextControl" default="AP" maxLength="0" historyAllowed="false"><annotations/></attribute><attribute name="time" rimClassName="Participation" datatype="IVL&lt;TS&gt;" cardinality="0..1" conformance="" mandatory="false" maxLength="0" historyAllowed="false"><annotations/></attribute></attributes><associations><association name="controlActProcess" beginX="4.87254340327777" beginY="1.98" endX="4.87254340327777" endY="1.98" target="ControlActProcess" targetShapeId="Sheet.168" rimTarget="Participation" rimName="act" source="InformationRecipient" cardinality="" required="0" mandatory="0" blocked="-1" businessName=""><annotations/></association><association name="assignedPerson" beginX="1.67254340327777" beginY="2.19" endX="1.67254340327777" endY="2.19" target="R_AssignedPersonUniversal" targetShapeId="Sheet.108" rimTarget="Participation" rimName="role" source="InformationRecipient" cardinality="1..1" required="0" mandatory="0" blocked="0" businessName=""><annotations/></association></associations></class><class name="ControlActProcess" type="Act" rimName="ControlAct"><graphics shapeId="Sheet.168" width="2.14772243973637" height="4.7" x="5.94640462314596" y="3.86" flipX="FALSE" flipY="FALSE" autoWidth="0" autoHeight="0"/><annotations/><notes><Note name="Sheet.98" type="Note" noteType="Note"><graphics shapeId="Sheet.98" connectedShape="Sheet.168" x="10.8475434032778" y="4.90444444444444" width="5.65" height="0.988985328504775" beginX="2.825" beginY="0.494492664252387" endX="-1.00227756026363" endY="0.390048219807948"/><annotations/><notes><text>In order to allow for overall site (domain, enterprise, realm) attribution decisions on trigger events
many attributes and participations are optional.   This may require some decisions to be made at 
design and/or implementation time, but one could publish one's conformance profiles.  
Domains may define and utilize messages types based on this D-MIM where attribution is tightened.  This includes the normally permitted constraints on vocab, cardinaltiy, and datatypes.  Note that nothing may be marked as Not Permitted (NP).</text></notes></Note></notes><attributes><attribute name="classCode" rimClassName="Act" datatype="CS" cardinality="1..1" conformance="R" mandatory="true" strength="CNE" codeSystem="ActClass" domainCode="CACT" maxLength="0" historyAllowed="false"><annotations/></attribute><attribute name="moodCode" rimClassName="Act" datatype="CS" cardinality="1..1" conformance="R" mandatory="true" strength="CNE" valueSet="x_ActMoodIntentEvent" maxLength="0" historyAllowed="false"><annotations/></attribute><attribute name="id" rimClassName="Act" datatype="DSET&lt;II&gt;" cardinality="0..*" conformance="" mandatory="false" maxLength="0" historyAllowed="false"><annotations/></attribute><attribute name="code" rimClassName="Act" datatype="CD" cardinality="0..1" conformance="" mandatory="false" strength="CWE" conceptDomain="HL7TriggerEventCode" maxLength="0" historyAllowed="false" businessName="Event code"><annotations/></attribute><attribute name="text" rimClassName="Act" datatype="ED" cardinality="0..1" conformance="" mandatory="false" maxLength="0" historyAllowed="false"><annotations/></attribute><attribute name="effectiveTime" rimClassName="Act" datatype="IVL&lt;TS&gt;" cardinality="0..1" conformance="" mandatory="false" maxLength="0" historyAllowed="false"><annotations/></attribute><attribute name="priorityCode" rimClassName="Act" datatype="DSET&lt;CD&gt;" cardinality="0..*" conformance="" mandatory="false" strength="CWE" conceptDomain="ActPriority" maxLength="0" historyAllowed="false"><annotations/></attribute><attribute name="reasonCode" rimClassName="Act" datatype="DSET&lt;CD&gt;" cardinality="0..*" conformance="" mandatory="false" strength="CWE" valueSet="SchedulingActReason" maxLength="0" historyAllowed="false"><annotations/></attribute><attribute name="languageCode" rimClassName="Act" datatype="CD" cardinality="0..1" conformance="" mandatory="false" strength="CWE" conceptDomain="HumanLanguage" maxLength="0" historyAllowed="false"><annotations/></attribute></attributes><associations><association name="informationRecipient" beginX="4.87254340327777" beginY="1.98" endX="4.87254340327777" endY="1.98" target="InformationRecipient" targetShapeId="Sheet.162" rimTarget="Act" rimName="participation" source="ControlActProcess" cardinality="0..*" required="0" mandatory="0" blocked="0" businessName=""><annotations/></association><association name="dataEnterer" beginX="4.87254340327777" beginY="2.92" endX="4.87254340327777" endY="2.92" target="DataEnterer" targetShapeId="Sheet.156" rimTarget="Act" rimName="participation" source="ControlActProcess" cardinality="0..*" required="0" mandatory="0" blocked="0" businessName=""><annotations/></association><association name="overseer" beginX="4.87254340327777" beginY="4.33" endX="4.87254340327777" endY="4.33" target="Overseer" targetShapeId="Sheet.150" rimTarget="Act" rimName="participation" source="ControlActProcess" cardinality="0..*" required="0" mandatory="0" blocked="0" businessName=""><annotations/></association><association name="authorOrPerformer" beginX="4.87254340327777" beginY="5.74" endX="4.87254340327777" endY="5.74" target="AuthorOrPerformer" targetShapeId="Sheet.144" rimTarget="Act" rimName="participation" source="ControlActProcess" cardinality="0..*" required="0" mandatory="0" blocked="0" businessName=""><annotations/></association><association name="subject" beginX="7.02026584301414" beginY="3.86" endX="7.02026584301414" endY="3.86" target="Subject2" targetShapeId="Sheet.126" rimTarget="Act" rimName="outboundRelationship" source="ControlActProcess" cardinality="0..*" required="0" mandatory="0" blocked="0" businessName=""><annotations/></association><association name="reasonOf" beginX="5.94640462314596" beginY="1.51" endX="5.94640462314596" endY="1.51" target="Reason" targetShapeId="Sheet.120" rimTarget="Act" rimName="inboundRelationship" source="ControlActProcess" cardinality="0..*" required="0" mandatory="0" blocked="0" businessName=""><annotations/></association></associations></class><class name="DataEnterer" type="Participation" rimName="Participation"><graphics shapeId="Sheet.156" width="3.2" height="0.56981793077257" x="3.27254340327777" y="3.035" beginX="4.87254340327777" beginY="2.92" endX="1.67254340327777" endY="3.15" arrowWidth="50 in."/><annotations/><attributes><attribute name="typeCode" rimClassName="Participation" datatype="CS" cardinality="1..1" conformance="R" mandatory="true" strength="CNE" codeSystem="ParticipationType" domainCode="ENT" maxLength="0" historyAllowed="false"><annotations/></attribute><attribute name="contextControlCode" rimClassName="Participation" datatype="CS" cardinality="0..1" conformance="" mandatory="false" strength="CNE" codeSystem="C:ContextControl" default="AP" maxLength="0" historyAllowed="false"><annotations/></attribute><attribute name="time" rimClassName="Participation" datatype="IVL&lt;TS&gt;" cardinality="0..1" conformance="" mandatory="false" maxLength="0" historyAllowed="false" businessName="time recorded"><annotations/></attribute></attributes><associations><association name="controlActProcess" beginX="4.87254340327777" beginY="2.92" endX="4.87254340327777" endY="2.92" target="ControlActProcess" targetShapeId="Sheet.168" rimTarget="Participation" rimName="act" source="DataEnterer" cardinality="" required="0" mandatory="0" blocked="-1" businessName=""><annotations/></association><association name="assignedPerson" beginX="1.67254340327777" beginY="3.15" endX="1.67254340327777" endY="3.15" target="R_AssignedPersonUniversal" targetShapeId="Sheet.108" rimTarget="Participation" rimName="role" source="DataEnterer" cardinality="1..1" required="0" mandatory="0" blocked="0" businessName=""><annotations/></association></associations></class><class name="R_AssignedPersonUniversal" cmetId="COCT_MT090100UV" cmetType="Role(Performed only)" attLevel="universal" domain="RoleClass" mnemonic="ASSIGNED" type="CMET" rimName="RoleHeir" id="COCT_MT090100UV"><graphics shapeId="Sheet.102" width="1.57430555555556" height="2.4" x="0.885390625499992" y="2.91" flipX="FALSE" flipY="TRUE" autoWidth="0" autoHeight="0"/><annotations/><associations><association name="oversight" beginX="1.67254340327777" beginY="3.87" endX="1.67254340327777" endY="3.87" target="Overseer" targetShapeId="Sheet.150" rimTarget="Role" rimName="participation" source="R_AssignedPersonUniversal" cardinality="" required="0" mandatory="0" blocked="-1" businessName=""><annotations/></association><association name="dataEntry" beginX="1.67254340327777" beginY="3.15" endX="1.67254340327777" endY="3.15" target="DataEnterer" targetShapeId="Sheet.156" rimTarget="Role" rimName="participation" source="R_AssignedPersonUniversal" cardinality="" required="0" mandatory="0" blocked="-1" businessName=""><annotations/></association><association name="informationReceived" beginX="1.67254340327777" beginY="2.19" endX="1.67254340327777" endY="2.19" target="InformationRecipient" targetShapeId="Sheet.162" rimTarget="Role" rimName="participation" source="R_AssignedPersonUniversal" cardinality="" required="0" mandatory="0" blocked="-1" businessName=""><annotations/></association></associations></class><class name="Overseer" type="Participation" rimName="Participation"><graphics shapeId="Sheet.150" width="3.2" height="1.23713207872179" x="3.27254340327777" y="4.1" beginX="4.87254340327777" beginY="4.33" endX="1.67254340327777" endY="3.87" arrowWidth="55 in."/><annotations/><attributes><attribute name="typeCode" rimClassName="Participation" datatype="CS" cardinality="1..1" conformance="R" mandatory="true" strength="CNE" conceptDomain="x_ParticipationVrfRespSprfWit" maxLength="0" historyAllowed="false"><annotations/></attribute><attribute name="contextControlCode" rimClassName="Participation" datatype="CS" cardinality="0..1" conformance="" mandatory="false" strength="CNE" codeSystem="C:ContextControl" default="AP" maxLength="0" historyAllowed="false"><annotations/></attribute><attribute name="noteText" rimClassName="Participation" datatype="ED" cardinality="0..1" conformance="" mandatory="false" maxLength="0" historyAllowed="false"><annotations/></attribute><attribute name="time" rimClassName="Participation" datatype="IVL&lt;TS&gt;" cardinality="0..1" conformance="" mandatory="false" maxLength="0" historyAllowed="false" businessName="time of verification, attestation, etc."><annotations/></attribute><attribute name="modeCode" rimClassName="Participation" datatype="CD" cardinality="0..1" conformance="" mandatory="false" strength="CWE" conceptDomain="ParticipationMode" maxLength="0" historyAllowed="false"><annotations/></attribute><attribute name="signatureCode" rimClassName="Participation" datatype="CD" cardinality="0..1" conformance="" mandatory="false" strength="CNE" conceptDomain="ParticipationSignature" maxLength="0" historyAllowed="false"><annotations/></attribute><attribute name="signatureText" rimClassName="Participation" datatype="ED" cardinality="0..1" conformance="" mandatory="false" maxLength="0" historyAllowed="false"><annotations/></attribute></attributes><associations><association name="controlActProcess" beginX="4.87254340327777" beginY="4.33" endX="4.87254340327777" endY="4.33" target="ControlActProcess" targetShapeId="Sheet.168" rimTarget="Participation" rimName="act" source="Overseer" cardinality="" required="0" mandatory="0" blocked="-1" businessName=""><annotations/></association><association name="assignedPerson" beginX="1.67254340327777" beginY="3.87" endX="1.67254340327777" endY="3.87" target="R_AssignedPersonUniversal" targetShapeId="Sheet.108" rimTarget="Participation" rimName="role" source="Overseer" cardinality="1..1" required="0" mandatory="0" blocked="0" businessName=""><annotations/></association></associations></class><class name="ParticipationChoice" type="Choice" rimName="Role"><graphics shapeId="Sheet.184" width="1.66536458433334" height="1.75555555555555" x="0.84268229216667" y="5.21" flipX="GUARD(FALSE)" flipY="GUARD(FALSE)" vertical="1" autoWidth="0" autoHeight="0"/><annotations/><children><childClass name="R_AssignedDeviceUniversal" shapeId="Sheet.114"/><childClass name="R_AssignedPersonUniversal" shapeId="Sheet.108"/></children><associations><association name="production" beginX="1.67536458433334" beginY="5.21" endX="1.67536458433334" endY="5.21" target="AuthorOrPerformer" targetShapeId="Sheet.144" rimTarget="Role" rimName="participation" source="ParticipationChoice" cardinality="" required="0" mandatory="0" blocked="-1" businessName=""><annotations/></association></associations></class><class name="R_AssignedPersonUniversal" cmetId="COCT_MT090100UV" cmetType="Role(Performed only)" attLevel="universal" domain="RoleClass" mnemonic="ASSIGNED" type="CMET" rimName="RoleHeir" id="COCT_MT090100UV"><graphics shapeId="Sheet.108" width="1.22258841924002" height="0.627825234646268" x="0.746294209620009" y="5.52386516045464" flipX="FALSE" flipY="TRUE" autoWidth="1" autoHeight="1"/><annotations/><associations><association name="oversight" beginX="1.67254340327777" beginY="3.87" endX="1.67254340327777" endY="3.87" target="Overseer" targetShapeId="Sheet.150" rimTarget="Role" rimName="participation" source="R_AssignedPersonUniversal" cardinality="" required="0" mandatory="0" blocked="-1" businessName=""><annotations/></association><association name="dataEntry" beginX="1.67254340327777" beginY="3.15" endX="1.67254340327777" endY="3.15" target="DataEnterer" targetShapeId="Sheet.156" rimTarget="Role" rimName="participation" source="R_AssignedPersonUniversal" cardinality="" required="0" mandatory="0" blocked="-1" businessName=""><annotations/></association><association name="informationReceived" beginX="1.67254340327777" beginY="2.19" endX="1.67254340327777" endY="2.19" target="InformationRecipient" targetShapeId="Sheet.162" rimTarget="Role" rimName="participation" source="R_AssignedPersonUniversal" cardinality="" required="0" mandatory="0" blocked="-1" businessName=""><annotations/></association></associations></class><class name="R_AssignedDeviceUniversal" cmetId="COCT_MT090300UV" cmetType="Role(Performed only)" attLevel="universal" domain="RoleClass" mnemonic="ASSIGNED" type="CMET" rimName="RoleHeir" id="COCT_MT090300UV"><graphics shapeId="Sheet.114" width="1.20419776372244" height="0.627825234646268" x="0.73709888186122" y="4.77103992580837" flipX="FALSE" flipY="TRUE" autoWidth="1" autoHeight="1"/><annotations/></class><class name="AuthorOrPerformer" type="Participation" rimName="Participation"><graphics shapeId="Sheet.144" width="3.19717881894443" height="1.37046490342882" x="3.27395399380556" y="5.475" beginX="4.87254340327777" beginY="5.74" endX="1.67536458433334" endY="5.21" arrowWidth="50 in."/><annotations/><notes><Note name="Sheet.7" type="Note" noteType="Note"><graphics shapeId="Sheet.7" connectedShape="Sheet.144" x="1.66907118105555" y="6.50444444444444" width="2.83457055289345" height="0.588986854383681" beginX="1.41728527644672" beginY="0.294493427191841" endX="3.08466808919673" endY="-4.97185655381909E-02"/><annotations/><notes><text>Devices are represented by an AUT participation type 
with an R_AssignedDevice as role. This previously was 
specified as “originating device” </text></notes></Note></notes><attributes><attribute name="typeCode" rimClassName="Participation" datatype="CS" cardinality="1..1" conformance="R" mandatory="true" strength="CNE" conceptDomain="x_ParticipationAuthorPerformer" maxLength="0" historyAllowed="false"><annotations/></attribute><attribute name="contextControlCode" rimClassName="Participation" datatype="CS" cardinality="0..1" conformance="" mandatory="false" strength="CNE" codeSystem="C:ContextControl" default="AP" maxLength="0" historyAllowed="false"><annotations/></attribute><attribute name="noteText" rimClassName="Participation" datatype="ED" cardinality="0..1" conformance="" mandatory="false" maxLength="0" historyAllowed="false"><annotations/></attribute><attribute name="time" rimClassName="Participation" datatype="IVL&lt;TS&gt;" cardinality="0..1" conformance="" mandatory="false" maxLength="0" historyAllowed="false" businessName="time of creation or performance"><annotations/></attribute><attribute name="modeCode" rimClassName="Participation" datatype="CD" cardinality="0..1" conformance="" mandatory="false" strength="CWE" conceptDomain="ParticipationMode" maxLength="0" historyAllowed="false"><annotations/></attribute><attribute name="signatureCode" rimClassName="Participation" datatype="CD" cardinality="0..1" conformance="" mandatory="false" strength="CNE" conceptDomain="ParticipationSignature" maxLength="0" historyAllowed="false"><annotations/></attribute><attribute name="signatureText" rimClassName="Participation" datatype="ED" cardinality="0..1" conformance="" mandatory="false" maxLength="0" historyAllowed="false"><annotations/></attribute></attributes><associations><association name="controlActProcess" beginX="4.87254340327777" beginY="5.74" endX="4.87254340327777" endY="5.74" target="ControlActProcess" targetShapeId="Sheet.168" rimTarget="Participation" rimName="act" source="AuthorOrPerformer" cardinality="" required="0" mandatory="0" blocked="-1" businessName=""><annotations/></association><association name="participationChoice" beginX="1.67536458433334" beginY="5.21" endX="1.67536458433334" endY="5.21" target="ParticipationChoice" targetShapeId="Sheet.184" rimTarget="Participation" rimName="role" source="AuthorOrPerformer" cardinality="1..1" required="0" mandatory="0" blocked="0" businessName=""><annotations/></association></associations></class><class name="Subject2" type="ActRelationship" rimName="ActRelationship"><graphics shapeId="Sheet.126" width="2.54296595901493" height="0.436485106065539" x="8.29174882252161" y="3.56" beginX="7.02026584301414" beginY="3.86" endX="9.56323180202907" endY="3.26" arrowWidth="66 in."/><annotations/><attributes><attribute name="typeCode" rimClassName="ActRelationship" datatype="CS" cardinality="1..1" conformance="R" mandatory="true" strength="CNE" codeSystem="ActRelationshipType" domainCode="SUBJ" maxLength="0" historyAllowed="false"><annotations/></attribute><attribute name="contextConductionInd" rimClassName="ActRelationship" datatype="BL" cardinality="1..1" conformance="R" mandatory="true" default="false" maxLength="0" historyAllowed="false"><annotations/><constraints><Constraint name="Sheet.1" type="Constraint"><graphics shapeId="Sheet.1" connectedShape="Sheet.126" x="8.25448784772222" y="2.71" width="1.78497779301931" height="0.327826760525174" beginX="0.892488896509657" beginY="0.163913380262587" endX="0.867249871309049" endY="0.795670827229818"/><annotations/><constraints><text>Must be false</text></constraints></Constraint></constraints></attribute></attributes><associations><association name="controlActProcess" beginX="7.02026584301414" beginY="3.86" endX="7.02026584301414" endY="3.86" target="ControlActProcess" targetShapeId="Sheet.168" rimTarget="ActRelationship" rimName="source" source="Subject2" cardinality="" required="0" mandatory="0" blocked="-1" businessName=""><annotations/></association><association name="act" beginX="9.56323180202907" beginY="3.26" endX="9.56323180202907" endY="3.26" target="Act" targetShapeId="Sheet.176" rimTarget="ActRelationship" rimName="target" source="Subject2" cardinality="1..1" required="0" mandatory="0" blocked="0" businessName=""><annotations/></association></associations></class><class name="Act" type="Act" stub="true" rimName="ActHeir"><graphics shapeId="Sheet.176" width="1.4386232024974" height="0.75" x="10.2825434032778" y="3.635" flipX="FALSE" flipY="FALSE" autoWidth="1" autoHeight="1"/><annotations/><notes><Note name="Sheet.139" type="Note" noteType="Note"><graphics shapeId="Sheet.139" connectedShape="Sheet.176" x="12.5166406255" y="3.635" width="1.3033701439579" height="0.5" beginX="0.65168507197895" beginY="0.25" endX="-0.863100548994574" endY="0.25"/><annotations/><notes><text>This is the stub for the 
domain-defined payload.</text></notes></Note><Note name="Sheet.18" type="Note" noteType="Note"><graphics shapeId="Sheet.18" connectedShape="Sheet.176" x="10.8725434032778" y="2.61" width="1.96406808096962" height="0.722319679090712" beginX="0.982034040484809" beginY="0.361159839545356" endX="0.535896360734549" endY="1.01115983954535"/><annotations/><notes><text>In order to accomodate certain
application responses which might not
include domain-defined content, the
subject act is optional.</text></notes></Note><text>
</text></notes><attributes><attribute name="classCode" rimClassName="Act" datatype="CS" cardinality="1..1" conformance="R" mandatory="true" strength="CNE" codeSystem="ActClass" domainCode="ACT" maxLength="0" historyAllowed="false"><annotations/></attribute><attribute name="moodCode" rimClassName="Act" datatype="CS" cardinality="1..1" conformance="R" mandatory="true" strength="CNE" conceptDomain="ActMood" maxLength="0" historyAllowed="false"><annotations/></attribute></attributes><associations><association name="subjectOf" beginX="9.56323180202907" beginY="3.26" endX="9.56323180202907" endY="3.26" target="Subject2" targetShapeId="Sheet.126" rimTarget="Act" rimName="inboundRelationship" source="Act" cardinality="" required="0" mandatory="0" blocked="-1" businessName=""><annotations/></association></associations></class><entryPoint entryClass="ControlActProcess" name="Trigger Event Control Act - PRSC" type="EntryPoint" id="MCAI_RM705201UV"><graphics shapeId="Sheet.78" connectedShape="Sheet.168" width="2.32121445005599" height="1.16681310628255" beginX="9.07254340327777" beginY="5.91" endX="7.02026584301414" endY="5.74"/><annotations/><notes><text>RMIM entry point from message transmission wrapper into the Trigger Event Control Act is through ControlActProcess. Property-contextConductionStyle: C </text></notes></entryPoint><class name="Reason" type="ActRelationship" rimName="ActRelationship"><graphics shapeId="Sheet.120" width="0.799976271565753" height="1.21993042295638" x="5.92214762432297" y="1.11001186421712" beginX="5.89789062549999" beginY="0.710023728434248" endX="5.94640462314596" endY="1.51" arrowWidth="40 in."/><annotations/><attributes><attribute name="typeCode" rimClassName="ActRelationship" datatype="CS" cardinality="1..1" conformance="R" mandatory="true" strength="CNE" codeSystem="ActRelationshipType" domainCode="RSON" maxLength="0" historyAllowed="false"><annotations/></attribute><attribute name="contextConductionInd" rimClassName="ActRelationship" datatype="BL" cardinality="0..1" conformance="" mandatory="false" maxLength="0" historyAllowed="false"><annotations/></attribute></attributes><associations><association name="detectedIssue" beginX="5.89789062549999" beginY="0.710023728434248" endX="5.89789062549999" endY="0.710023728434248" target="A_DetectedIssueInvalid" targetShapeId="Sheet.12" rimTarget="ActRelationship" rimName="source" source="Reason" cardinality="1..1" required="0" mandatory="0" blocked="0" businessName=""><annotations/></association><association name="controlActProcess" beginX="5.94640462314596" beginY="1.51" endX="5.94640462314596" endY="1.51" target="ControlActProcess" targetShapeId="Sheet.168" rimTarget="ActRelationship" rimName="target" source="Reason" cardinality="" required="0" mandatory="0" blocked="-1" businessName=""><annotations/></association></associations></class><class name="A_DetectedIssueInvalid" cmetId="MCAI_MT900001UV" cmetType="Act" attLevel="invalid" domain="ActClass" mnemonic="ALRT" type="CMET" rimName="Observation" id="MCAI_MT900001UV"><graphics shapeId="Sheet.12" width="1.16131675175955" height="0.627825234646268" x="5.89789062549999" y="0.396111111111114" flipX="FALSE" flipY="FALSE" autoWidth="1" autoHeight="1"/><annotations/><associations><association name="reason" beginX="5.89789062549999" beginY="0.710023728434248" endX="5.89789062549999" endY="0.710023728434248" target="Reason" targetShapeId="Sheet.120" rimTarget="Act" rimName="outboundRelationship" source="A_DetectedIssueInvalid" cardinality="" required="0" mandatory="0" blocked="-1" businessName=""><annotations/></association></associations></class></page></pages></hl7model>
