<?xml version="1.0"?>
<hl7model rendered="11/12/2012 9:34:35 PM" datatypesRelease="R2"><pages><page name="Pg-1" width="11.7404945491264" height="5.89236414794922"><entryPoint entryClass="Message" name="Send Poll Request" type="EntryPoint" id="MCCI_RM100100UV"><graphics shapeId="Sheet.88" connectedShape="Sheet.15" width="2.13055884770682" height="0.90014745686849" beginX="0.962037247598492" beginY="4.53211344652404" endX="1.22407715566388" endY="3.43772144248854"/><annotations/><notes><text>RMIM entry point for Send Poll Request is through Message. Property-contextConductionStyle: I </text></notes></entryPoint><class name="Message" type="OtherClass" rimName="Message"><graphics shapeId="Sheet.15" width="2.38351850419173" height="2.31218004421658" x="1.22407715566388" y="2.28163142038025" flipX="FALSE" flipY="FALSE" autoWidth="0" autoHeight="1"/><annotations/><attributes><attribute name="id" rimClassName="Transmission" datatype="II" cardinality="1..1" conformance="R" mandatory="true" maxLength="0" historyAllowed="false"><annotations/></attribute><attribute name="creationTime" rimClassName="Transmission" datatype="TS" cardinality="1..1" conformance="R" mandatory="true" maxLength="0" historyAllowed="false"><annotations/></attribute><attribute name="securityText" rimClassName="Transmission" datatype="ST.SIMPLE" cardinality="0..1" conformance="" mandatory="false" maxLength="0" historyAllowed="false"><annotations/></attribute><attribute name="versionCode" rimClassName="Transmission" datatype="CS" cardinality="0..1" conformance="" mandatory="false" strength="CNE" codeSystem="C:HL7StandardVersionCode" default="V3PR1" maxLength="0" historyAllowed="false"><annotations/></attribute><attribute name="interactionId" rimClassName="Transmission" datatype="II" cardinality="1..1" conformance="R" mandatory="true" maxLength="0" historyAllowed="false"><annotations/></attribute><attribute name="profileId" rimClassName="Transmission" datatype="DSET&lt;II&gt;" cardinality="0..*" conformance="" mandatory="false" maxLength="0" historyAllowed="false"><annotations/></attribute><attribute name="processingCode" rimClassName="Message" datatype="CS" cardinality="1..1" conformance="R" mandatory="true" strength="CNE" valueSet="ProcessingID" maxLength="0" historyAllowed="false"><annotations/></attribute><attribute name="processingModeCode" rimClassName="Message" datatype="CS" cardinality="1..1" conformance="R" mandatory="true" strength="CNE" valueSet="ProcessingMode" maxLength="0" historyAllowed="false"><annotations/></attribute><attribute name="acceptAckCode" rimClassName="Message" datatype="CS" cardinality="1..1" conformance="R" mandatory="true" strength="CNE" valueSet="AcknowledgementCondition" maxLength="0" historyAllowed="false"><annotations/></attribute><attribute name="sequenceNumber" rimClassName="Message" datatype="INT.NONNEG" cardinality="0..1" conformance="" mandatory="false" maxLength="0" historyAllowed="false"><annotations/></attribute><attribute name="attachmentText" rimClassName="Message" datatype="DSET&lt;ED&gt;" cardinality="0..*" conformance="" mandatory="false" maxLength="0" historyAllowed="false"><annotations/></attribute></attributes><associations><association name="respondTo" beginX="2.41583640775974" beginY="1.7035864093261" endX="2.80724534650877" endY="0.94979318508572" target="RespondTo" targetShapeId="Sheet.19" rimTarget="Transmission" rimName="communicationFunction" shapeId="Sheet.53" source="Message" cardinality="0..*" required="0" mandatory="0" blocked="0" businessName=""><traversal x="0.137452159374514" y="0"/><traversal x="0.137452159374514" y="-0.376896612120191"/><traversal x="0.137452159374514" y="-0.753793224240382"/><annotations/></association><association name="attentionLine" beginX="2.41583640775974" beginY="2.85967643143439" endX="2.98318326549207" endY="2.93557306935411" target="AttentionLine" targetShapeId="Sheet.3" rimTarget="Transmission" rimName="attentionLine" shapeId="Sheet.83" source="Message" cardinality="0..*" required="0" mandatory="0" blocked="0" businessName=""><traversal x="-0.283673428866165" y="0"/><traversal x="-0.283673428866165" y="-0.03794831895986"/><traversal x="-0.283673428866165" y="-7.58966379197199E-02"/><annotations/></association><association name="receiver" beginX="2.385380337984" beginY="2.55875299920917" endX="3.26978162503839" endY="2.37479318508572" target="Receiver" targetShapeId="Sheet.7" rimTarget="Transmission" rimName="communicationFunction" shapeId="Sheet.63" source="Message" cardinality="1..*" required="-1" mandatory="-1" blocked="0" businessName=""><traversal x="0.088440128705439" y="0"/><traversal x="0.88440128705439" y="0"/><annotations/></association><association name="sender" beginX="2.385380337984" beginY="3.37481654422677" endX="2.80724534650877" endY="4.11229318508572" target="Sender" targetShapeId="Sheet.11" rimTarget="Transmission" rimName="communicationFunction" shapeId="Sheet.73" source="Message" cardinality="1..1" required="-1" mandatory="-1" blocked="0" businessName=""><traversal x="0" y="7.37476640858954E-02"/><traversal x="0" y="0.737476640858954"/><annotations/></association></associations></class><class name="RespondTo" type="OtherClass" rimName="CommunicationFunction"><graphics shapeId="Sheet.19" width="1.85014511411849" height="0.75" x="3.73231790356801" y="0.94979318508572" flipX="FALSE" flipY="FALSE" autoWidth="1" autoHeight="1"/><annotations/><attributes><attribute name="typeCode" rimClassName="CommunicationFunction" datatype="CS" cardinality="1..1" conformance="R" mandatory="true" strength="CNE" codeSystem="CommunicationFunctionType" domainCode="C:CommunicationFunctionType" fixed="RSP" maxLength="0" historyAllowed="false"><annotations/></attribute><attribute name="telecom" rimClassName="CommunicationFunction" datatype="TEL" cardinality="0..1" conformance="" mandatory="false" maxLength="0" historyAllowed="false"><annotations/></attribute></attributes><associations><association name="message" beginX="2.80724534650877" beginY="0.94979318508572" endX="2.41583640775974" endY="1.7035864093261" target="Message" targetShapeId="Sheet.15" rimTarget="CommunicationFunction" rimName="transmission" shapeId="Sheet.53" source="RespondTo" cardinality="" required="0" mandatory="0" blocked="-1" businessName=""><traversal x="0.137452159374514" y="0"/><traversal x="0.137452159374514" y="-0.376896612120191"/><traversal x="0.137452159374514" y="-0.753793224240382"/><annotations/></association><association name="entityRsp" beginX="4.65739046062726" beginY="0.94979318508572" endX="5.69969686594508" endY="0.467570962863498" target="EntityRsp" targetShapeId="Sheet.151" rimTarget="CommunicationFunction" rimName="entity" shapeId="Sheet.23" source="RespondTo" cardinality="1..*" required="0" mandatory="0" blocked="0" businessName=""><traversal x="-0.521153202658909" y="0"/><traversal x="-0.521153202658909" y="0.241111111111111"/><traversal x="-0.521153202658909" y="0.482222222222222"/><annotations/></association></associations></class><class name="EntityRsp" type="Entity" rimName="EntityHeir"><graphics shapeId="Sheet.151" width="1.7937142974681" height="0.915141925726997" x="6.59655401467913" y="0.467570962863498" flipX="FALSE" flipY="FALSE" autoWidth="1" autoHeight="1"/><annotations/><attributes><attribute name="classCode" rimClassName="Entity" datatype="CS" cardinality="1..1" conformance="R" mandatory="true" strength="CNE" codeSystem="EntityClass" domainCode="ENT" maxLength="0" historyAllowed="false"><annotations/></attribute><attribute name="determinerCode" rimClassName="Entity" datatype="CS" cardinality="1..1" conformance="R" mandatory="true" strength="CNE" codeSystem="EntityDeterminer" domainCode="INSTANCE" maxLength="0" historyAllowed="false"><annotations/></attribute><attribute name="id" rimClassName="Entity" datatype="II" cardinality="1..1" conformance="R" mandatory="true" maxLength="0" historyAllowed="false"><annotations/></attribute><attribute name="name" rimClassName="Entity" datatype="COLL&lt;EN&gt;" cardinality="0..*" conformance="" mandatory="false" maxLength="0" historyAllowed="false"><annotations/></attribute><attribute name="telecom" rimClassName="Entity" datatype="COLL&lt;TEL&gt;" cardinality="0..*" conformance="" mandatory="false" maxLength="0" historyAllowed="false"><annotations/></attribute></attributes><associations><association name="respondTo" beginX="5.69969686594508" beginY="0.467570962863498" endX="4.65739046062726" endY="0.94979318508572" target="RespondTo" targetShapeId="Sheet.19" rimTarget="Entity" rimName="communicationFunction" shapeId="Sheet.23" source="EntityRsp" cardinality="" required="0" mandatory="0" blocked="-1" businessName=""><traversal x="-0.521153202658909" y="0"/><traversal x="-0.521153202658909" y="0.241111111111111"/><traversal x="-0.521153202658909" y="0.482222222222222"/><annotations/></association></associations></class><class name="Receiver" type="OtherClass" rimName="CommunicationFunction"><graphics shapeId="Sheet.7" width="1.85014511411849" height="0.75" x="3.73231790356801" y="1.99979318508572" flipX="FALSE" flipY="FALSE" autoWidth="1" autoHeight="1"/><annotations/><attributes><attribute name="typeCode" rimClassName="CommunicationFunction" datatype="CS" cardinality="1..1" conformance="R" mandatory="true" strength="CNE" codeSystem="CommunicationFunctionType" domainCode="C:CommunicationFunctionType" fixed="RCV" maxLength="0" historyAllowed="false"><annotations/></attribute><attribute name="telecom" rimClassName="CommunicationFunction" datatype="TEL" cardinality="0..1" conformance="" mandatory="false" maxLength="0" historyAllowed="false"><annotations/></attribute></attributes><associations><association name="device" beginX="4.65739046062726" beginY="2.18729318508572" endX="7.86877467815797" endY="2.4" target="Device" targetShapeId="Sheet.163" rimTarget="CommunicationFunction" rimName="entity" shapeId="Sheet.33" source="Receiver" cardinality="1..1" required="-1" mandatory="-1" blocked="0" businessName=""><traversal x="0" y="-0.4"/><traversal x="-1.25826580497561" y="-0.4"/><traversal x="-2.51653160995123" y="-0.4"/><traversal x="-2.51653160995123" y="-0.212706814914278"/><annotations/></association><association name="message" beginX="3.26978162503839" beginY="2.37479318508572" endX="2.385380337984" endY="2.55875299920917" target="Message" targetShapeId="Sheet.15" rimTarget="CommunicationFunction" rimName="transmission" shapeId="Sheet.63" source="Receiver" cardinality="" required="0" mandatory="0" blocked="-1" businessName=""><traversal x="0.088440128705439" y="0"/><traversal x="0.88440128705439" y="0"/><annotations/></association></associations></class><class name="Device" type="Entity" rimName="Device"><graphics shapeId="Sheet.163" width="3.64335800474349" height="1.44912324896918" x="7.86877467815797" y="3.12456162448459" flipX="FALSE" flipY="FALSE" autoWidth="1" autoHeight="1"/><annotations/><attributes><attribute name="classCode" rimClassName="Entity" datatype="CS" cardinality="1..1" conformance="R" mandatory="true" strength="CNE" codeSystem="EntityClass" domainCode="DEV" maxLength="0" historyAllowed="false"><annotations/></attribute><attribute name="determinerCode" rimClassName="Entity" datatype="CS" cardinality="1..1" conformance="R" mandatory="true" strength="CNE" codeSystem="EntityDeterminer" domainCode="INSTANCE" maxLength="0" historyAllowed="false"><annotations/></attribute><attribute name="id" rimClassName="Entity" datatype="DSET&lt;II&gt;" cardinality="1..*" conformance="R" mandatory="true" maxLength="0" historyAllowed="false" businessName="Application id"><annotations/></attribute><attribute name="name" rimClassName="Entity" datatype="COLL&lt;EN&gt;" cardinality="0..*" conformance="" mandatory="false" maxLength="0" historyAllowed="false"><annotations/></attribute><attribute name="desc" rimClassName="Entity" datatype="ED" cardinality="0..1" conformance="" mandatory="false" maxLength="0" historyAllowed="false"><annotations/></attribute><attribute name="existenceTime" rimClassName="Entity" datatype="IVL&lt;TS&gt;" cardinality="0..1" conformance="" mandatory="false" maxLength="0" historyAllowed="false"><annotations/></attribute><attribute name="telecom" rimClassName="Entity" datatype="COLL&lt;TEL&gt;" cardinality="0..*" conformance="" mandatory="false" maxLength="0" historyAllowed="false" businessName="Application net address"><annotations/></attribute><attribute name="manufacturerModelName" rimClassName="Device" datatype="SC" cardinality="0..1" conformance="" mandatory="false" strength="CWE" conceptDomain="ManufacturerModelName" maxLength="0" historyAllowed="false"><annotations/></attribute><attribute name="softwareName" rimClassName="Device" datatype="SC" cardinality="0..1" conformance="" mandatory="false" strength="CWE" conceptDomain="SoftwareName" maxLength="0" historyAllowed="false"><annotations/></attribute></attributes><associations><association name="asLocatedEntity" endX="8.60731790356802" endY="2.07479318508572" beginX="9.69045368052972" beginY="2.7622808122423" target="LocatedEntity" targetShapeId="Sheet.117" rimTarget="Entity" rimName="playedRole" source="Device" cardinality="0..*" required="0" mandatory="0" blocked="0" businessName=""><annotations/></association><association name="asAgent" endX="8.63231790356802" endY="4.22479318508572" beginX="9.69045368052972" beginY="3.48684243672689" target="Agent" targetShapeId="Sheet.127" rimTarget="Entity" rimName="playedRole" source="Device" cardinality="0..1" required="0" mandatory="0" blocked="0" businessName=""><annotations/></association><association name="receiver" beginX="7.86877467815797" beginY="2.4" endX="4.65739046062726" endY="2.18729318508572" target="Receiver" targetShapeId="Sheet.7" rimTarget="Entity" rimName="communicationFunction" shapeId="Sheet.33" source="Device" cardinality="" required="-1" mandatory="-1" blocked="-1" businessName=""><traversal x="0" y="-0.4"/><traversal x="-1.25826580497561" y="-0.4"/><traversal x="-2.51653160995123" y="-0.4"/><traversal x="-2.51653160995123" y="-0.212706814914278"/><annotations/></association><association name="sender" beginX="7.86877467815797" beginY="3.84912324896918" endX="4.65739046062726" endY="4.29979318508572" target="Sender" targetShapeId="Sheet.11" rimTarget="Entity" rimName="communicationFunction" shapeId="Sheet.43" source="Device" cardinality="" required="-1" mandatory="-1" blocked="-1" businessName=""><traversal x="0" y="4.50669936116536E-02"/><traversal x="0" y="0.450669936116536"/><annotations/></association></associations></class><class name="LocatedEntity" type="Role" rimName="RoleHeir"><graphics shapeId="Sheet.117" width="1.25" height="0.5" x="9.10731790356802" y="1.87479318508572" flipX="FALSE" flipY="TRUE" autoWidth="1" autoHeight="1"/><annotations/><attributes><attribute name="classCode" rimClassName="Role" datatype="CS" cardinality="1..1" conformance="R" mandatory="true" strength="CNE" codeSystem="RoleClass" domainCode="LOCE" maxLength="0" historyAllowed="false"><annotations/></attribute></attributes><associations><association name="locatedDevice" beginX="8.60731790356802" beginY="2.07479318508572" endX="9.69045368052972" endY="2.7622808122423" target="Device" targetShapeId="Sheet.163" rimTarget="Role" rimName="player" source="LocatedEntity" cardinality="" required="0" mandatory="0" blocked="-1" businessName=""><annotations/></association><association name="location" beginX="8.60731790356802" beginY="1.67479318508572" endX="9.69969686594508" endY="1.11080088873969" target="Place" targetShapeId="Sheet.167" rimTarget="Role" rimName="scoper" source="LocatedEntity" cardinality="0..1" required="0" mandatory="0" blocked="0" businessName=""><annotations/></association></associations></class><class name="Place" type="Entity" rimName="Place"><graphics shapeId="Sheet.167" width="1.7937142974681" height="0.915141925726997" x="10.5965540146791" y="0.882015407307944" flipX="FALSE" flipY="FALSE" autoWidth="1" autoHeight="1"/><annotations/><attributes><attribute name="classCode" rimClassName="Entity" datatype="CS" cardinality="1..1" conformance="R" mandatory="true" strength="CNE" codeSystem="EntityClass" domainCode="PLC" maxLength="0" historyAllowed="false"><annotations/></attribute><attribute name="determinerCode" rimClassName="Entity" datatype="CS" cardinality="1..1" conformance="R" mandatory="true" strength="CNE" codeSystem="EntityDeterminer" domainCode="INSTANCE" maxLength="0" historyAllowed="false"><annotations/></attribute><attribute name="id" rimClassName="Entity" datatype="DSET&lt;II&gt;" cardinality="1..*" conformance="R" mandatory="true" maxLength="0" historyAllowed="false" businessName="Facility id"><annotations/></attribute><attribute name="name" rimClassName="Entity" datatype="COLL&lt;EN&gt;" cardinality="0..*" conformance="" mandatory="false" maxLength="0" historyAllowed="false"><annotations/></attribute><attribute name="telecom" rimClassName="Entity" datatype="COLL&lt;TEL&gt;" cardinality="0..*" conformance="" mandatory="false" maxLength="0" historyAllowed="false"><annotations/></attribute></attributes><associations><association name="locatedEntity" endX="8.60731790356802" endY="1.67479318508572" beginX="9.69969686594508" beginY="1.11080088873969" target="LocatedEntity" targetShapeId="Sheet.117" rimTarget="Entity" rimName="scopedRole" source="Place" cardinality="" required="0" mandatory="0" blocked="-1" businessName=""><annotations/></association></associations></class><class name="Agent" type="Role" rimName="RoleHeir"><graphics shapeId="Sheet.127" width="1.25" height="0.5" x="9.13231790356802" y="4.42479318508572" flipX="FALSE" flipY="FALSE" autoWidth="1" autoHeight="1"/><annotations/><attributes><attribute name="classCode" rimClassName="Role" datatype="CS" cardinality="1..1" conformance="R" mandatory="true" strength="CNE" codeSystem="RoleClass" domainCode="AGNT" maxLength="0" historyAllowed="false"><annotations/></attribute></attributes><associations><association name="agentDevice" beginX="8.63231790356802" beginY="4.22479318508572" endX="9.69045368052972" endY="3.48684243672689" target="Device" targetShapeId="Sheet.163" rimTarget="Role" rimName="player" source="Agent" cardinality="" required="0" mandatory="0" blocked="-1" businessName=""><annotations/></association><association name="representedOrganization" beginX="8.63231790356802" beginY="4.62479318508572" endX="9.77361879011229" endY="5.19600770365397" target="Organization" targetShapeId="Sheet.155" rimTarget="Role" rimName="scoper" source="Agent" cardinality="0..1" required="0" mandatory="0" blocked="0" businessName=""><annotations/></association></associations></class><class name="Organization" type="Entity" rimName="Organization"><graphics shapeId="Sheet.155" width="1.91739822691146" height="0.915141925726997" x="10.732317903568" y="5.42479318508572" flipX="FALSE" flipY="FALSE" autoWidth="1" autoHeight="1"/><annotations/><attributes><attribute name="classCode" rimClassName="Entity" datatype="CS" cardinality="1..1" conformance="R" mandatory="true" strength="CNE" codeSystem="EntityClass" domainCode="ORG" maxLength="0" historyAllowed="false"><annotations/></attribute><attribute name="determinerCode" rimClassName="Entity" datatype="CS" cardinality="1..1" conformance="R" mandatory="true" strength="CNE" codeSystem="EntityDeterminer" domainCode="INSTANCE" maxLength="0" historyAllowed="false"><annotations/></attribute><attribute name="id" rimClassName="Entity" datatype="DSET&lt;II&gt;" cardinality="1..*" conformance="R" mandatory="true" maxLength="0" historyAllowed="false" businessName="Organization id"><annotations/></attribute><attribute name="name" rimClassName="Entity" datatype="COLL&lt;EN&gt;" cardinality="0..*" conformance="" mandatory="false" maxLength="0" historyAllowed="false"><annotations/></attribute><attribute name="telecom" rimClassName="Entity" datatype="COLL&lt;TEL&gt;" cardinality="0..*" conformance="" mandatory="false" maxLength="0" historyAllowed="false"><annotations/></attribute></attributes><associations><association name="agent" endX="8.63231790356802" endY="4.62479318508572" beginX="9.77361879011229" beginY="5.19600770365397" target="Agent" targetShapeId="Sheet.127" rimTarget="Entity" rimName="scopedRole" source="Organization" cardinality="" required="0" mandatory="0" blocked="-1" businessName=""><annotations/></association><association name="roleName" endX="10.2246404931966" endY="3.89562600979275" beginX="10.2529683468402" beginY="4.96722222222222" target="R_NotificationPartyContact" targetShapeId="Sheet.1" rimTarget="Entity" rimName="scopedRole" source="Organization" cardinality="0..1" required="0" mandatory="0" blocked="0" businessName=""><annotations/></association></associations></class><class name="R_NotificationPartyContact" cmetId="COCT_MT040203UV" cmetType="Role(Scoped or Performed)" attLevel="contact" domain="RoleClass" mnemonic="AGNT" type="CMET" rimName="RoleHeir" id="COCT_MT040203UV"><graphics shapeId="Sheet.1" width="1.83246440222786" height="0.627825234646268" x="10.8142623480125" y="3.63868207397461" flipX="FALSE" flipY="FALSE" autoWidth="1" autoHeight="1"/><annotations/><associations><association name="entityName" beginX="10.2246404931966" beginY="3.89562600979275" endX="10.2529683468402" endY="4.96722222222222" target="Organization" targetShapeId="Sheet.155" rimTarget="Role" rimName="scoper" source="R_NotificationPartyContact" cardinality="" required="0" mandatory="0" blocked="-1" businessName=""><annotations/></association></associations></class><class name="Sender" type="OtherClass" rimName="CommunicationFunction"><graphics shapeId="Sheet.11" width="1.85014511411849" height="0.75" x="3.73231790356802" y="4.29979318508572" flipX="FALSE" flipY="FALSE" autoWidth="1" autoHeight="1"/><annotations/><attributes><attribute name="typeCode" rimClassName="CommunicationFunction" datatype="CS" cardinality="1..1" conformance="R" mandatory="true" strength="CNE" codeSystem="CommunicationFunctionType" domainCode="C:CommunicationFunctionType" fixed="SND" maxLength="0" historyAllowed="false"><annotations/></attribute><attribute name="telecom" rimClassName="CommunicationFunction" datatype="TEL" cardinality="0..1" conformance="" mandatory="false" maxLength="0" historyAllowed="false"><annotations/></attribute></attributes><associations><association name="message" beginX="2.80724534650877" beginY="4.11229318508572" endX="2.385380337984" endY="3.37481654422677" target="Message" targetShapeId="Sheet.15" rimTarget="CommunicationFunction" rimName="transmission" shapeId="Sheet.73" source="Sender" cardinality="" required="0" mandatory="0" blocked="-1" businessName=""><traversal x="0" y="7.37476640858954E-02"/><traversal x="0" y="0.737476640858954"/><annotations/></association><association name="device" beginX="4.65739046062726" beginY="4.29979318508572" endX="7.86877467815797" endY="3.84912324896918" target="Device" targetShapeId="Sheet.163" rimTarget="CommunicationFunction" rimName="entity" shapeId="Sheet.43" source="Sender" cardinality="1..1" required="-1" mandatory="-1" blocked="0" businessName=""><traversal x="0" y="4.50669936116536E-02"/><traversal x="0" y="0.450669936116536"/><annotations/></association></associations></class><class name="AttentionLine" type="OtherClass" rimName="AttentionLine"><graphics shapeId="Sheet.3" width="2.84040619199935" height="0.75" x="4.40338636149175" y="3.31057306935411" flipX="FALSE" flipY="FALSE" autoWidth="1" autoHeight="1"/><annotations/><attributes><attribute name="keyWordText" rimClassName="AttentionLine" datatype="SC.NT" cardinality="0..1" conformance="" mandatory="false" strength=" CWE" conceptDomain="AttentionKeyword" maxLength="0" historyAllowed="false"><annotations/></attribute><attribute name="value" rimClassName="AttentionLine" datatype="ANY" cardinality="0..1" conformance="" mandatory="false" strength=" CWE" conceptDomain="AttentionLineValue" maxLength="0" historyAllowed="false"><annotations/></attribute></attributes><associations><association name="message" beginX="2.98318326549207" beginY="2.93557306935411" endX="2.41583640775974" endY="2.85967643143439" target="Message" targetShapeId="Sheet.15" rimTarget="AttentionLine" rimName="transmission" shapeId="Sheet.83" source="AttentionLine" cardinality="" required="0" mandatory="0" blocked="-1" businessName=""><traversal x="-0.283673428866165" y="0"/><traversal x="-0.283673428866165" y="-0.03794831895986"/><traversal x="-0.283673428866165" y="-7.58966379197199E-02"/><annotations/></association></associations></class></page></pages></hl7model>
