<?xml version="1.0"?>
<hl7model rendered="4/17/2014 3:16:47 PM" datatypesRelease="R2"><pages><page name="POCP_RM080200UV" width="9.9" height="6.1"><class name="Species" type="Entity" rimName="LivingSubject"><graphics shapeId="Sheet.2" width="2.56897903745833" height="0.75" x="1.46904296925" y="0.475" flipX="FALSE" flipY="FALSE" autoWidth="1" autoHeight="1"/><annotations/><attributes><attribute name="classCode" rimClassName="Entity" datatype="CS" cardinality="1..1" conformance="R" mandatory="true" strength="CNE" codeSystem="EntityClass" domainCode="LIV" maxLength="0" historyAllowed="false"><annotations/></attribute><attribute name="determinerCode" rimClassName="Entity" datatype="CS" cardinality="1..1" conformance="R" mandatory="true" strength="CNE" codeSystem="EntityDeterminer" domainCode="INSTANCE" maxLength="0" historyAllowed="false"><annotations/></attribute><attribute name="code" rimClassName="Entity" datatype="CD" cardinality="0..1" conformance="" mandatory="false" strength="CWE" conceptDomain="LivingSubjectEntityType" maxLength="0" historyAllowed="false"><annotations/></attribute></attributes><associations><association name="specializedKind" endX="1.6380859385" endY="0.65" beginX="2.75353248797917" beginY="0.475" target="SpecializedKind" targetShapeId="Sheet.123" rimTarget="Entity" rimName="scopedRole" source="Species" cardinality="" required="0" mandatory="0" blocked="-1" businessName=""><annotations/></association></associations></class><class name="SpecializedKind" type="Role" rimName="RoleHeir"><graphics shapeId="Sheet.123" width="1.25" height="0.5" x="2.1380859385" y="0.85" flipX="FALSE" flipY="TRUE" autoWidth="1" autoHeight="1"/><annotations/><attributes><attribute name="classCode" rimClassName="Role" datatype="CS" cardinality="1..1" conformance="R" mandatory="true" strength="CNE" codeSystem="RoleClass" domainCode="GEN" maxLength="0" historyAllowed="false"><annotations/></attribute></attributes><associations><association name="specializedOrganismStrain" beginX="1.6380859385" beginY="1.05" endX="2.17356953852085" endY="1.27435320018405" target="OrganismStrain" targetShapeId="Sheet.61" rimTarget="Role" rimName="player" source="SpecializedKind" cardinality="" required="0" mandatory="0" blocked="-1" businessName=""><annotations/></association><association name="generalizedSpecies" beginX="1.6380859385" beginY="0.65" endX="2.75353248797917" endY="0.475" target="Species" targetShapeId="Sheet.2" rimTarget="Role" rimName="scoper" source="SpecializedKind" cardinality="1..1" required="-1" mandatory="-1" blocked="0" businessName=""><annotations/></association><association name="subjectOf" beginX="2.7630859385" beginY="0.9" endX="2.7630859385" endY="0.9" target="Subject" targetShapeId="Sheet.133" rimTarget="Role" rimName="participation" source="SpecializedKind" cardinality="0..*" required="0" mandatory="0" blocked="0" businessName=""><annotations/></association></associations></class><class name="OrganismStrain" type="Entity" rimName="NonPersonLivingSubject"><graphics shapeId="Sheet.61" width="3.05238172793055" height="1.04907137740967" x="2.93666497050348" y="1.79888888888889" flipX="FALSE" flipY="FALSE" autoWidth="0" autoHeight="1"/><description>The OrganismStrain class to be used when the environment is an organism with a strain.</description><annotations><description>The OrganismStrain class to be used when the environment is an organism with a strain.</description></annotations><attributes><attribute name="classCode" rimClassName="Entity" datatype="CS" cardinality="1..1" conformance="R" mandatory="true" strength="CNE" codeSystem="EntityClass" domainCode="NLIV" maxLength="0" historyAllowed="false"><annotations/></attribute><attribute name="determinerCode" rimClassName="Entity" datatype="CS" cardinality="1..1" conformance="R" mandatory="true" strength="CNE" codeSystem="EntityDeterminer" domainCode="KIND" maxLength="0" historyAllowed="false"><annotations/></attribute><attribute name="code" rimClassName="Entity" datatype="CD" cardinality="0..1" conformance="" mandatory="false" strength="CWE" conceptDomain="NonPersonLivingSubjectEntityType" maxLength="0" historyAllowed="false"><annotations/></attribute><attribute name="name" rimClassName="Entity" datatype="DSET&lt;EN&gt;" cardinality="0..*" conformance="" mandatory="false" maxLength="0" historyAllowed="false"><annotations/></attribute><attribute name="deceasedInd" rimClassName="LivingSubject" datatype="BL" cardinality="0..1" conformance="" mandatory="false" maxLength="0" historyAllowed="false"><annotations/></attribute><attribute name="strainText" rimClassName="NonPersonLivingSubject" datatype="ED" cardinality="0..1" conformance="" mandatory="false" maxLength="0" historyAllowed="false"><annotations/></attribute></attributes><associations><association name="asSpecializedKind" endX="1.6380859385" endY="1.05" beginX="2.17356953852085" beginY="1.27435320018405" target="SpecializedKind" targetShapeId="Sheet.123" rimTarget="Entity" rimName="playedRole" source="OrganismStrain" cardinality="0..*" required="0" mandatory="0" blocked="0" businessName=""><annotations/></association></associations></class><class name="SourceEntity" type="Choice" rimName="Entity"><graphics shapeId="Sheet.6" width="3.30238172793055" height="2.32888888888889" x="2.93666497050348" y="2.31444444444444" flipX="GUARD(FALSE)" flipY="GUARD(FALSE)" vertical="1" autoWidth="1" autoHeight="1"/><annotations/><children><childClass name="Entity" shapeId="Sheet.65"/><childClass name="OrganismStrain" shapeId="Sheet.61"/></children><associations><association name="presentSubstance" endX="4.90785583446876" endY="5.04022222222222" beginX="2.93666497050348" beginY="3.47888888888889" target="PresentSubstance" targetShapeId="Sheet.51" rimTarget="Entity" rimName="scopedRole" source="SourceEntity" cardinality="" required="0" mandatory="0" blocked="-1" businessName=""><annotations/></association><association name="asPresentSubstance" endX="2.27785583446876" endY="3.01" beginX="4.2576176616757" beginY="3.47888888888889" target="PresentSubstance" targetShapeId="Sheet.13" rimTarget="Entity" rimName="playedRole" source="SourceEntity" cardinality="" required="0" mandatory="0" blocked="-1" businessName=""><annotations/></association></associations></class><class name="Entity" type="Entity" rimName="EntityHeir"><graphics shapeId="Sheet.65" width="3.05238172793055" height="0.782535211085665" x="2.93666497050348" y="2.83833333333334" flipX="FALSE" flipY="FALSE" autoWidth="0" autoHeight="1"/><description>An entity which is the environment of the substance.</description><annotations><description>An entity which is the environment of the substance.</description></annotations><attributes><attribute name="classCode" rimClassName="Entity" datatype="CS" cardinality="1..1" conformance="R" mandatory="true" strength="CNE" codeSystem="EntityClass" domainCode="ENT" maxLength="0" historyAllowed="false"><annotations/></attribute><attribute name="determinerCode" rimClassName="Entity" datatype="CS" cardinality="1..1" conformance="R" mandatory="true" strength="CNE" codeSystem="EntityDeterminer" domainCode="INSTANCE" maxLength="0" historyAllowed="false"><annotations/></attribute><attribute name="code" rimClassName="Entity" datatype="CD" cardinality="0..1" conformance="" mandatory="false" strength="CWE" conceptDomain="SubstanceEnvironmentEntityType" maxLength="0" historyAllowed="false"><annotations/></attribute><attribute name="name" rimClassName="Entity" datatype="DSET&lt;EN&gt;" cardinality="0..*" conformance="" mandatory="false" maxLength="0" historyAllowed="false"><annotations/></attribute></attributes></class><class name="PresentSubstance" type="Role" rimName="Role"><graphics shapeId="Sheet.51" width="3.3" height="1.59777777777778" x="3.58785583446876" y="4.40111111111111" flipX="TRUE" flipY="FALSE" autoWidth="0" autoHeight="0"/><description>A role specifying the substance (player) being present at a particular environment, place, compartment, organism or substructure. For example, Sodium in neuroaxonal cytoplasm, or a gene in an organism.</description><annotations><description>A role specifying the substance (player) being present at a particular environment, place, compartment, organism or substructure. For example, Sodium in neuroaxonal cytoplasm, or a gene in an organism.</description></annotations><attributes><attribute name="classCode" rimClassName="Role" datatype="CS" cardinality="1..1" conformance="R" mandatory="true" strength="CNE" valueSet="RoleClassSubstancePresence" maxLength="0" historyAllowed="false" businessName="INGR, PART, LOCE, CONT"><annotations/></attribute><attribute name="id" rimClassName="Role" datatype="II" cardinality="0..1" conformance="" mandatory="false" maxLength="0" historyAllowed="false"><description>The identity of a substance at a particular location or as part of a particular entity. For example, Sodium in neuroaxonal cytoplasm, or a gene in an organism.</description><annotations><description>The identity of a substance at a particular location or as part of a particular entity. For example, Sodium in neuroaxonal cytoplasm, or a gene in an organism.</description></annotations></attribute><attribute name="code" rimClassName="Role" datatype="CD" cardinality="0..1" conformance="" mandatory="false" strength="CWE" conceptDomain="RoleCode" maxLength="0" historyAllowed="false"><annotations/></attribute></attributes><associations><association name="presentSubstance" beginX="4.90785583446876" beginY="3.762" endX="5.4313215455743" endY="3.3" target="Substance" targetShapeId="Sheet.49" rimTarget="Role" rimName="player" source="PresentSubstance" cardinality="1..1" required="-1" mandatory="-1" blocked="0" businessName=""><annotations/></association><association name="environmentSourceSourceEntity" beginX="4.90785583446876" beginY="5.04022222222222" endX="2.93666497050348" endY="3.47888888888889" target="SourceEntity" targetShapeId="Sheet.6" rimTarget="Role" rimName="scoper" source="PresentSubstance" cardinality="0..1" required="0" mandatory="0" blocked="0" businessName=""><annotations/></association><association name="productOf" beginX="5.23785583446876" beginY="3.92177777777778" endX="5.23785583446876" endY="3.92177777777778" target="Product" targetShapeId="Sheet.79" rimTarget="Role" rimName="participation" source="PresentSubstance" cardinality="0..1" required="0" mandatory="0" blocked="0" businessName=""><annotations/></association><association name="directTargetOf" beginX="5.23785583446876" beginY="4.56088888888889" endX="5.23785583446876" endY="4.56088888888889" target="DirectTarget" targetShapeId="Sheet.73" rimTarget="Role" rimName="participation" source="PresentSubstance" cardinality="" required="0" mandatory="0" blocked="-1" businessName=""><annotations/></association><association name="subjectOf" beginX="2.03785583446876" beginY="4.2" endX="2.03785583446876" endY="4.2" target="Subject" targetShapeId="Sheet.109" rimTarget="Role" rimName="participation" source="PresentSubstance" cardinality="0..*" required="0" mandatory="0" blocked="0" businessName=""><annotations/></association></associations></class><class name="Substance" type="Choice" rimName="Entity"><graphics shapeId="Sheet.49" width="1.6521918412778" height="1.75555555555555" x="5.76175991382986" y="2.42222222222223" flipX="GUARD(FALSE)" flipY="GUARD(FALSE)" vertical="1" autoWidth="1" autoHeight="1"/><description>The substance so located, a choice of more specific patters for specifying substances.</description><annotations><description>The substance so located, a choice of more specific patters for specifying substances.</description></annotations><children><childClass name="E_SubstanceClinicalUniversal" shapeId="Sheet.43"/><childClass name="E_SubstanceChemicalUniversal" shapeId="Sheet.37"/></children><associations><association name="asPresentSubstance" endX="4.90785583446876" endY="3.762" beginX="5.4313215455743" beginY="3.3" target="PresentSubstance" targetShapeId="Sheet.51" rimTarget="Entity" rimName="playedRole" source="Substance" cardinality="" required="0" mandatory="0" blocked="-1" businessName=""><annotations/></association></associations></class><class name="E_SubstanceClinicalUniversal" cmetId="POCP_MT081100UV01" cmetType="Entity" attLevel="universal" domain="EntityClass" mnemonic="MMAT" type="CMET" rimName="ManufacturedMaterial" id="POCP_MT081100UV01"><graphics shapeId="Sheet.43" width="1.3896918412778" height="0.627825234646268" x="5.75550991382986" y="2.73608738267687" flipX="FALSE" flipY="FALSE" autoWidth="0" autoHeight="1"/><annotations/><notes><Note name="Sheet.8" type="Note" noteType="Note"><graphics shapeId="Sheet.8" connectedShape="Sheet.43" x="-0.6" y="2.5" width="1" height="0.5" beginX="0.5" beginY="0.25" endX="6.16066399319096" endY="0.234957288818359"/><annotations/><notes><text>#nosuffix</text></notes></Note></notes></class><class name="E_SubstanceChemicalUniversal" cmetId="POCP_MT082100UV01" cmetType="Entity" attLevel="universal" domain="EntityClass" mnemonic="MMAT" type="CMET" rimName="ManufacturedMaterial" id="POCP_MT082100UV01"><graphics shapeId="Sheet.37" width="1.4021918412778" height="0.627825234646268" x="5.76175991382986" y="1.9832621480306" flipX="FALSE" flipY="FALSE" autoWidth="0" autoHeight="1"/><annotations/></class><class name="Product" type="Participation" rimName="Participation"><graphics shapeId="Sheet.79" width="2.84848953550521" height="0.570210178132697" x="5.6757552322474" y="4.06088888888889" beginX="7.1" beginY="4.2" endX="5.23785583446876" endY="3.92177777777778" arrowWidth="66 in."/><annotations/><attributes><attribute name="typeCode" rimClassName="Participation" datatype="CS" cardinality="1..1" conformance="R" mandatory="true" strength="CNE" codeSystem="ParticipationType" domainCode="PRD" maxLength="0" historyAllowed="false"><annotations/></attribute><attribute name="functionCode" rimClassName="Participation" datatype="CD" cardinality="0..1" conformance="" mandatory="false" strength="CWE" conceptDomain="ParticipationFunction" maxLength="0" historyAllowed="false"><annotations/></attribute><attribute name="quantity" rimClassName="Participation" datatype="PQ" cardinality="0..1" conformance="" mandatory="false" maxLength="0" historyAllowed="false"><annotations/></attribute></attributes><associations><association name="derivation" beginX="7.1" beginY="4.2" endX="7.1" endY="4.2" target="Derivation" targetShapeId="Sheet.69" rimTarget="Participation" rimName="act" source="Product" cardinality="1..1" required="0" mandatory="0" blocked="0" businessName=""><annotations/></association><association name="presentSubstance" beginX="5.23785583446876" beginY="3.92177777777778" endX="5.23785583446876" endY="3.92177777777778" target="PresentSubstance" targetShapeId="Sheet.51" rimTarget="Participation" rimName="role" source="Product" cardinality="" required="0" mandatory="0" blocked="-1" businessName=""><annotations/></association></associations></class><class name="Derivation" type="Act" rimName="Procedure"><graphics shapeId="Sheet.69" width="2.6" height="1.8" x="8.4" y="4.2" flipX="FALSE" flipY="FALSE" autoWidth="0" autoHeight="0"/><annotations/><attributes><attribute name="classCode" rimClassName="Act" datatype="CS" cardinality="1..1" conformance="R" mandatory="true" strength="CNE" codeSystem="ActClass" domainCode="PROC" maxLength="0" historyAllowed="false"><annotations/></attribute><attribute name="moodCode" rimClassName="Act" datatype="CS" cardinality="1..1" conformance="R" mandatory="true" strength="CNE" codeSystem="ActMood" domainCode="EVN" maxLength="0" historyAllowed="false"><annotations/></attribute><attribute name="id" rimClassName="Act" datatype="II" cardinality="0..1" conformance="" mandatory="false" maxLength="0" historyAllowed="false"><annotations/></attribute><attribute name="code" rimClassName="Act" datatype="CD" cardinality="1..1" conformance="R" mandatory="true" strength="CNE" conceptDomain="ActSubstanceDerivation" maxLength="0" historyAllowed="false" businessName="e.g. synthesis, processing, translation"><annotations/></attribute><attribute name="effectiveTime" rimClassName="Act" datatype="IVL&lt;TS&gt;" cardinality="0..1" conformance="" mandatory="false" maxLength="0" historyAllowed="false"><annotations/></attribute></attributes><associations><association name="componentOf" beginX="7.1" beginY="3.48" endX="7.1" endY="3.48" target="Component" targetShapeId="Sheet.85" rimTarget="Act" rimName="inboundRelationship" source="Derivation" cardinality="" required="0" mandatory="0" blocked="-1" businessName=""><annotations/></association><association name="product" beginX="7.1" beginY="4.2" endX="7.1" endY="4.2" target="Product" targetShapeId="Sheet.79" rimTarget="Act" rimName="participation" source="Derivation" cardinality="" required="0" mandatory="0" blocked="-1" businessName=""><annotations/></association><association name="directTarget" beginX="7.1" beginY="4.92" endX="7.1" endY="4.92" target="DirectTarget" targetShapeId="Sheet.73" rimTarget="Act" rimName="participation" source="Derivation" cardinality="0..*" required="0" mandatory="0" blocked="0" businessName=""><annotations/></association><association name="componentOf" beginX="9.7" beginY="4.92" endX="9.7" endY="4.92" target="Component2" targetShapeId="Sheet.94" rimTarget="Act" rimName="inboundRelationship" source="Derivation" cardinality="0..*" required="0" mandatory="0" blocked="0" businessName=""><annotations/></association><association name="component" beginX="8.14" beginY="3.3" endX="8.14" endY="3.3" target="Component" targetShapeId="Sheet.85" rimTarget="Act" rimName="outboundRelationship" source="Derivation" cardinality="0..*" required="0" mandatory="0" blocked="0" businessName=""><annotations/></association><association name="component1" beginX="8.66" beginY="5.1" endX="8.66" endY="5.1" target="Component2" targetShapeId="Sheet.94" rimTarget="Act" rimName="outboundRelationship" source="Derivation" cardinality="" required="0" mandatory="0" blocked="-1" businessName=""><annotations/></association></associations></class><class name="Component" type="ActRelationshipR" rimName="ActRelationship"><graphics shapeId="Sheet.85" width="1.21944595640365" height="0.605425012207032" x="8.14" y="3.48" beginX="8.14" beginY="3.3" endX="7.1" endY="3.48" arrowWidth="66 in."/><annotations/><attributes><attribute name="typeCode" rimClassName="ActRelationship" datatype="CS" cardinality="1..1" conformance="R" mandatory="true" strength="CNE" codeSystem="ActRelationshipType" domainCode="COMP" maxLength="0" historyAllowed="false"><annotations/></attribute></attributes><associations><association name="derivation" beginX="8.14" beginY="3.3" endX="8.14" endY="3.3" target="Derivation" targetShapeId="Sheet.69" rimTarget="ActRelationship" rimName="source" source="Component" cardinality="" required="0" mandatory="0" blocked="-1" businessName=""><annotations/></association><association name="derivation" beginX="7.1" beginY="3.48" endX="7.1" endY="3.48" target="Derivation" targetShapeId="Sheet.69" rimTarget="ActRelationship" rimName="target" source="Component" cardinality="1..1" required="0" mandatory="0" blocked="0" businessName=""><annotations/></association></associations></class><class name="DirectTarget" type="Participation" rimName="Participation"><graphics shapeId="Sheet.73" width="2.84848953550521" height="0.570210178132697" x="5.6757552322474" y="4.74044444444444" beginX="7.1" beginY="4.92" endX="5.23785583446876" endY="4.56088888888889" arrowWidth="66 in."/><annotations/><attributes><attribute name="typeCode" rimClassName="Participation" datatype="CS" cardinality="1..1" conformance="R" mandatory="true" strength="CNE" codeSystem="ParticipationType" domainCode="DIR" maxLength="0" historyAllowed="false"><annotations/></attribute><attribute name="functionCode" rimClassName="Participation" datatype="CD" cardinality="0..1" conformance="" mandatory="false" strength="CWE" conceptDomain="ParticipationFunction" maxLength="0" historyAllowed="false"><annotations/></attribute><attribute name="quantity" rimClassName="Participation" datatype="PQ" cardinality="0..1" conformance="" mandatory="false" maxLength="0" historyAllowed="false"><annotations/></attribute></attributes><associations><association name="derivation" beginX="7.1" beginY="4.92" endX="7.1" endY="4.92" target="Derivation" targetShapeId="Sheet.69" rimTarget="Participation" rimName="act" source="DirectTarget" cardinality="" required="0" mandatory="0" blocked="-1" businessName=""><annotations/></association><association name="presentSubstance" beginX="5.23785583446876" beginY="4.56088888888889" endX="5.23785583446876" endY="4.56088888888889" target="PresentSubstance" targetShapeId="Sheet.51" rimTarget="Participation" rimName="role" source="DirectTarget" cardinality="1..1" required="0" mandatory="0" blocked="0" businessName=""><annotations/></association></associations></class><class name="Component2" type="ActRelationshipR" rimName="ActRelationship"><graphics shapeId="Sheet.94" width="1.21944595640365" height="0.605425012207032" x="8.66" y="4.92" beginX="8.66" beginY="5.1" endX="9.7" endY="4.92" arrowWidth="66 in."/><annotations/><attributes><attribute name="typeCode" rimClassName="ActRelationship" datatype="CS" cardinality="1..1" conformance="R" mandatory="true" strength="CNE" codeSystem="ActRelationshipType" domainCode="COMP" maxLength="0" historyAllowed="false"><annotations/></attribute></attributes><associations><association name="derivation" beginX="8.66" beginY="5.1" endX="8.66" endY="5.1" target="Derivation" targetShapeId="Sheet.69" rimTarget="ActRelationship" rimName="source" source="Component2" cardinality="1..1" required="0" mandatory="0" blocked="0" businessName=""><annotations/></association><association name="derivation" beginX="9.7" beginY="4.92" endX="9.7" endY="4.92" target="Derivation" targetShapeId="Sheet.69" rimTarget="ActRelationship" rimName="target" source="Component2" cardinality="" required="0" mandatory="0" blocked="-1" businessName=""><annotations/></association></associations></class><class name="Subject" type="Participation" rimName="Participation"><graphics shapeId="Sheet.109" width="1.21488739317122" height="0.303226358989676" x="2.49315536552313" y="4.16333333333333" beginX="1.88571166893752" beginY="4.12666666666666" endX="2.03785583446876" endY="4.2" arrowWidth="66 in."/><shadow shapeId="Sheet.133" width="0.887502444440756" height="0.3" x="3.05624877777962" y="0.85" beginX="3.5" beginY="0.8" endX="2.7630859385" endY="0.9" arrowWidth="66 in."/><annotations/><attributes><attribute name="typeCode" rimClassName="Participation" datatype="CS" cardinality="1..1" conformance="R" mandatory="true" strength="CNE" codeSystem="ParticipationType" domainCode="SBJ" maxLength="0" historyAllowed="false"><annotations/></attribute></attributes><associations><association name="" beginX="1.88571166893752" beginY="4.12666666666666" endX="1.88571166893752" endY="4.12666666666666" target="Information" targetShapeId="Sheet.121" rimTarget="Participation" rimName="act" source="Subject" cardinality="1..1" required="0" mandatory="0" blocked="0" businessName=""><annotations/></association><association name="presentSubstance" beginX="2.03785583446876" beginY="4.2" endX="2.03785583446876" endY="4.2" target="PresentSubstance" targetShapeId="Sheet.51" rimTarget="Participation" rimName="role" source="Subject" cardinality="" required="0" mandatory="0" blocked="-1" businessName=""><annotations/></association><association name="presentSubstance" beginX="2.7630859385" beginY="0.9" endX="2.7630859385" endY="0.9" target="SpecializedKind" targetShapeId="Sheet.123" rimTarget="Participation" rimName="role" source="Subject" cardinality="" required="0" mandatory="0" blocked="-1" businessName=""><annotations/></association></associations></class><class name="Information" type="Choice" rimName="Act"><graphics shapeId="Sheet.121" width="1.83571166893752" height="1.75555555555555" x="0.96785583446876" y="4.47777777777777" flipX="GUARD(FALSE)" flipY="GUARD(FALSE)" vertical="1" autoWidth="1" autoHeight="1"/><annotations/><children><childClass name="A_CharacteristicUniversal" shapeId="Sheet.103"/><childClass name="A_ReferencedDocumentUniversal" shapeId="Sheet.115"/></children><associations><association name="subject" beginX="1.88571166893752" beginY="4.12666666666666" endX="1.88571166893752" endY="4.12666666666666" target="Subject" targetShapeId="Sheet.109" rimTarget="Act" rimName="participation" source="Information" cardinality="" required="0" mandatory="0" blocked="-1" businessName=""><annotations/></association></associations></class><class name="A_CharacteristicUniversal" cmetId="POCP_MT050500UV01" cmetType="Act" attLevel="universal" domain="ActClass" mnemonic="OBS" type="CMET" rimName="Observation" id="POCP_MT050500UV01"><graphics shapeId="Sheet.103" width="1.58571166893752" height="0.627825234646268" x="0.96785583446876" y="4.79164293823241" flipX="FALSE" flipY="FALSE" autoWidth="0" autoHeight="1"/><annotations/></class><class name="A_ReferencedDocumentUniversal" cmetId="POCP_MT050600UV01" cmetType="Act" attLevel="universal" domain="ActClass" mnemonic="DOC" type="CMET" rimName="Document" id="POCP_MT050600UV01"><graphics shapeId="Sheet.115" width="1.57896592794446" height="0.627825234646268" x="0.96448296397223" y="4.03881770358615" flipX="FALSE" flipY="FALSE" autoWidth="0" autoHeight="1"/><annotations/></class><entryPoint entryClass="PresentSubstance" name="R_PresentSubstance" type="EntryPoint" id="POCP_RM080200UV"><graphics shapeId="Sheet.23" connectedShape="Sheet.51" width="1.93916785649588" height="0.500148982747397" beginX="3.6" beginY="5.5" endX="3.58785583446876" endY="5.2"/><annotations/><notes><text>Property-contextConductionStyle: C </text></notes></entryPoint></page></pages></hl7model>
