<?xml version="1.0"?>
<hl7model rendered="4/17/2014 3:15:50 PM" datatypesRelease="R2"><pages><page name="POCP_RM020200UV" width="9.9" height="6.8"><entryPoint entryClass="InstanceOfKind" name="R_ProductReportable" type="EntryPoint" id="POCP_RM020200UV"><graphics shapeId="Sheet.9" connectedShape="Sheet.137" width="2.39017188481619" height="0.90014745686849" beginX="3.1" beginY="5.7" endX="3.48455048353407" endY="5.5819804245725"/><annotations/><notes><text>Description: Instance of a product referenced  from a product use or report, has both, the product kind or product instance. Property-contextConductionStyle: C </text></notes></entryPoint><class name="InstanceOfKind" type="Role" rimName="RoleHeir"><graphics shapeId="Sheet.137" width="1.53155007559852" height="0.515097877137491" x="4.25032552133333" y="5.685" flipX="FALSE" flipY="FALSE" autoWidth="1" autoHeight="1"/><description>Used as an entry point to connect either or both of a product instance and/or a product description. This is used for any reporting of information on a product which ultimately in the real world is based on a particular product. For example, product administration reports or adverse event reports would connect to this instance. Both product description (kind) and instance may be specified, but either one may be omited. For example, if no individual information is known from an adverse event report, it is still connected to this instance of kind role and only the kind might be specified.</description><annotations><description>Used as an entry point to connect either or both of a product instance and/or a product description. This is used for any reporting of information on a product which ultimately in the real world is based on a particular product. For example, product administration reports or adverse event reports would connect to this instance. Both product description (kind) and instance may be specified, but either one may be omited. For example, if no individual information is known from an adverse event report, it is still connected to this instance of kind role and only the kind might be specified.</description></annotations><attributes><attribute name="classCode" rimClassName="Role" datatype="CS" cardinality="1..1" conformance="R" mandatory="true" strength="CNE" codeSystem="RoleClass" domainCode="INST" maxLength="0" historyAllowed="false"><description>Fixed to INST (instance)</description><annotations><description>Fixed to INST (instance)</description></annotations></attribute><attribute name="quantity" rimClassName="Role" datatype="RTO&lt;PQ,PQ&gt;" cardinality="0..1" conformance="" mandatory="false" maxLength="0" historyAllowed="false"><description>The amount of the product contained within an instance.</description><annotations><description>The amount of the product contained within an instance.</description></annotations></attribute></attributes><associations><association name="productOrDeviceLotOrInstance" beginX="3.63770549109392" beginY="5.478960849145" endX="2.07323621961808" endY="4.92374131944448" target="ProductOrDeviceLotOrInstance" targetShapeId="Sheet.167" rimTarget="Role" rimName="player" source="InstanceOfKind" cardinality="0..1" required="0" mandatory="0" blocked="0" businessName=""><annotations/></association><association name="kindOfProductKind" beginX="3.63770549109392" beginY="5.89103915085499" endX="0.551604974472135" endY="5.01391261732313" target="E_ProductKindUniversal" targetShapeId="Sheet.38" rimTarget="Role" rimName="scoper" source="InstanceOfKind" cardinality="0..1" required="0" mandatory="0" blocked="0" businessName=""><annotations/></association><association name="subjectOf1" beginX="5.0161005591326" beginY="5.53047063685875" endX="5.0161005591326" endY="5.53047063685875" target="Subject" targetShapeId="Sheet.55" rimTarget="Role" rimName="participation" source="InstanceOfKind" cardinality="0..*" required="0" mandatory="0" blocked="0" businessName=""><annotations/></association></associations></class><class name="ProductOrDeviceLotOrInstance" type="Choice" rimName="Entity"><graphics shapeId="Sheet.167" width="2.5411458333333" height="4.19555555555556" x="3.0896945529514" y="2.8259635416667" flipX="GUARD(FALSE)" flipY="GUARD(FALSE)" vertical="1" autoWidth="1" autoHeight="1"/><description>A choice of product or device. The instance model distinguishes the two because the class Device has certain attributes which are currently still being used in some cases.</description><annotations><description>A choice of product or device. The instance model distinguishes the two because the class Device has certain attributes which are currently still being used in some cases.</description></annotations><children><childClass name="ProductInstance" shapeId="Sheet.73"/><childClass name="DeviceInstance" shapeId="Sheet.69"/></children><associations><association name="asInstanceOfKind1" endX="1.325" endY="1.55" beginX="1.81912163628475" beginY="1.98685243055559" target="InstanceOfKind2" targetShapeId="Sheet.127" rimTarget="Entity" rimName="playedRole" source="ProductOrDeviceLotOrInstance" cardinality="0..1" required="0" mandatory="0" blocked="0" businessName=""><annotations/></association><association name="asPart" endX="1.38" endY="2.85141021197405" beginX="1.81912163628475" beginY="2.40640798611114" target="Part" targetShapeId="Sheet.147" rimTarget="Entity" rimName="playedRole" source="ProductOrDeviceLotOrInstance" cardinality="" required="0" mandatory="0" blocked="-1" businessName=""><annotations/></association><association name="part" endX="1.38" endY="3.2630342324704" beginX="1.81912163628475" beginY="3.66507465277781" target="Part" targetShapeId="Sheet.147" rimTarget="Entity" rimName="scopedRole" source="ProductOrDeviceLotOrInstance" cardinality="0..*" required="0" mandatory="0" blocked="0" businessName=""><annotations/></association><association name="asIdentifiedItem" endX="4.72172428342916" endY="1.22209657469005" beginX="4.36026746961805" beginY="1.56729687500003" target="IdentifiedItem" targetShapeId="Sheet.77" rimTarget="Entity" rimName="playedRole" source="ProductOrDeviceLotOrInstance" cardinality="0..*" required="0" mandatory="0" blocked="0" businessName=""><annotations/></association><association name="ingredient" endX="4.69813860234435" endY="2.18673862692278" beginX="4.36026746961805" beginY="1.98685243055559" target="Ingredient1" targetShapeId="Sheet.117" rimTarget="Entity" rimName="scopedRole" source="ProductOrDeviceLotOrInstance" cardinality="0..*" required="0" mandatory="0" blocked="0" businessName=""><annotations/></association><association name="asIngredient" endX="4.69813860234435" endY="2.59881692863277" beginX="4.36026746961805" beginY="2.8259635416667" target="Ingredient1" targetShapeId="Sheet.117" rimTarget="Entity" rimName="playedRole" source="ProductOrDeviceLotOrInstance" cardinality="" required="0" mandatory="0" blocked="-1" businessName=""><annotations/></association><association name="asMember" endX="4.73398274739586" endY="3.5170746527778" beginX="4.36026746961805" beginY="3.24551909722226" target="Member1" targetShapeId="Sheet.157" rimTarget="Entity" rimName="playedRole" source="ProductOrDeviceLotOrInstance" cardinality="" required="0" mandatory="0" blocked="-1" businessName=""><annotations/></association><association name="member" endX="4.7191216362847" endY="4.32357465277779" beginX="4.36026746961805" beginY="4.08463020833337" target="Member" targetShapeId="Sheet.107" rimTarget="Entity" rimName="scopedRole" source="ProductOrDeviceLotOrInstance" cardinality="" required="0" mandatory="0" blocked="-1" businessName=""><annotations/></association><association name="member" endX="4.73398274739586" endY="3.8370746527778" beginX="4.36026746961805" beginY="4.08463020833337" target="Member1" targetShapeId="Sheet.157" rimTarget="Entity" rimName="scopedRole" source="ProductOrDeviceLotOrInstance" cardinality="0..*" required="0" mandatory="0" blocked="0" businessName=""><annotations/></association><association name="asContent" endX="6.99461195810779" endY="5.0488169286328" beginX="4.36026746961805" beginY="4.92374131944448" target="Content2" targetShapeId="Sheet.97" rimTarget="Entity" rimName="playedRole" source="ProductOrDeviceLotOrInstance" cardinality="0..1" required="0" mandatory="0" blocked="0" businessName=""><annotations/></association><association name="asMember" endX="4.7191216362847" endY="4.63779687500001" beginX="4.36026746961805" beginY="4.92374131944448" target="Member" targetShapeId="Sheet.107" rimTarget="Entity" rimName="playedRole" source="ProductOrDeviceLotOrInstance" cardinality="0..1" required="0" mandatory="0" blocked="0" businessName=""><annotations/></association><association name="asInstanceOfKind" endX="3.63770549109392" endY="5.478960849145" beginX="2.07323621961808" beginY="4.92374131944448" target="InstanceOfKind" targetShapeId="Sheet.137" rimTarget="Entity" rimName="playedRole" source="ProductOrDeviceLotOrInstance" cardinality="" required="0" mandatory="0" blocked="-1" businessName=""><annotations/></association></associations></class><class name="ProductInstance" type="Entity" rimName="ManufacturedMaterial"><graphics shapeId="Sheet.73" width="2.2911458333333" height="1.71524110225513" x="3.0896945529514" y="3.81612076831691" flipX="FALSE" flipY="FALSE" autoWidth="0" autoHeight="1"/><description>A product instance is (a) an individual product instance, i.e., an individually identified thing with a serial number; (b) a product lot, i.e., a set of things of the same kind  (e.g., 1000 for expressing a number of tablets) or an amorphous mass (e.g., 100 L of  a liquid raw material), or (c) any subset, member, or portion of a product lot. The distinction between an individual thing and a lot is made in the quantity attribute, which is set to 1 (one) for individual items, or any number e.g., 1000 or amount 100 L for sets of things or amorphous masses respectively.</description><annotations><description>A product instance is (a) an individual product instance, i.e., an individually identified thing with a serial number; (b) a product lot, i.e., a set of things of the same kind  (e.g., 1000 for expressing a number of tablets) or an amorphous mass (e.g., 100 L of  a liquid raw material), or (c) any subset, member, or portion of a product lot. The distinction between an individual thing and a lot is made in the quantity attribute, which is set to 1 (one) for individual items, or any number e.g., 1000 or amount 100 L for sets of things or amorphous masses respectively.</description></annotations><attributes><attribute name="classCode" rimClassName="Entity" datatype="CS" cardinality="1..1" conformance="R" mandatory="true" strength="CNE" codeSystem="EntityClass" domainCode="MMAT" maxLength="0" historyAllowed="false"><description>Fixed to MMAT (manufactured material, "material" meaning simply "thing".)</description><annotations><description>Fixed to MMAT (manufactured material, "material" meaning simply "thing".)</description></annotations></attribute><attribute name="determinerCode" rimClassName="Entity" datatype="CS" cardinality="1..1" conformance="R" mandatory="true" strength="CNE" codeSystem="EntityDeterminer" domainCode="INSTANCE" maxLength="0" historyAllowed="false"><description>Fixed to INSTANCE as this is a particular instance of a product (even if a large lot) actually created rather than a mere product description.</description><annotations><description>Fixed to INSTANCE as this is a particular instance of a product (even if a large lot) actually created rather than a mere product description.</description></annotations></attribute><attribute name="id" rimClassName="Entity" datatype="II" cardinality="0..1" conformance="R" mandatory="false" maxLength="0" historyAllowed="false" businessName="lot number, serial number for individual products"><description>A unique identifier for this instance. If the product instance represents a single individual product (quantity = 1) then this id is also called the "serial number". If the product instance represents a product lot, the id is also called the "lot number".</description><annotations><description>A unique identifier for this instance. If the product instance represents a single individual product (quantity = 1) then this id is also called the "serial number". If the product instance represents a product lot, the id is also called the "lot number".</description></annotations></attribute><attribute name="quantity" rimClassName="Entity" datatype="PQ" cardinality="0..1" conformance="" mandatory="false" maxLength="0" historyAllowed="false" businessName="lot size, 1 = individual instance"><description>The amount of product comprised by this product instance. An individually identified thing with a serial number always has quantity set to 1 (one). A product lot, i.e., a set of things of the same kind has quantity set to the lot size. E.g., 1000 tablets or 100 L of a liquid raw material.

Constraint: the dimension of this attribute must be the same as the dimension of the package quantity numerator and of the ingredient quantity denominator.</description><annotations><description>The amount of product comprised by this product instance. An individually identified thing with a serial number always has quantity set to 1 (one). A product lot, i.e., a set of things of the same kind has quantity set to the lot size. E.g., 1000 tablets or 100 L of a liquid raw material.

Constraint: the dimension of this attribute must be the same as the dimension of the package quantity numerator and of the ingredient quantity denominator.</description></annotations></attribute><attribute name="desc" rimClassName="Entity" datatype="ED" cardinality="0..1" conformance="" mandatory="false" maxLength="0" historyAllowed="false"><description>A text description of the product instance.</description><annotations><description>A text description of the product instance.</description></annotations></attribute><attribute name="existenceTime" rimClassName="Entity" datatype="IVL&lt;TS&gt;" cardinality="0..1" conformance="" mandatory="false" maxLength="0" historyAllowed="false"><description>The interval of time during which the product has been in existence.  The low bound of the interval captures the date of production.</description><annotations><description>The interval of time during which the product has been in existence.  The low bound of the interval captures the date of production.</description></annotations></attribute><attribute name="expirationTime" rimClassName="ManufacturedMaterial" datatype="IVL&lt;TS&gt;" cardinality="0..1" conformance="" mandatory="false" maxLength="0" historyAllowed="false"><description>An interval of time specifying the beginning and end of the time range in which the product is considered suitable for its stated purpose. If only an expiration date is known, this is represented in the high boundary of the interval.</description><annotations><description>An interval of time specifying the beginning and end of the time range in which the product is considered suitable for its stated purpose. If only an expiration date is known, this is represented in the high boundary of the interval.</description></annotations></attribute><attribute name="stabilityTime" rimClassName="ManufacturedMaterial" datatype="IVL&lt;TS&gt;" cardinality="0..1" conformance="" mandatory="false" maxLength="0" historyAllowed="false"><description>The period of time during which the material item is considered usable after it is activated (e.g., use within 24 hours after opening, while the closed bottle may have a shelf-life of 2 years.)</description><annotations><description>The period of time during which the material item is considered usable after it is activated (e.g., use within 24 hours after opening, while the closed bottle may have a shelf-life of 2 years.)</description></annotations></attribute></attributes></class><class name="DeviceInstance" type="Entity" rimName="Device"><graphics shapeId="Sheet.69" width="2.2725694444444" height="1.98262237143339" x="3.08040635850695" y="1.77707465277781" flipX="FALSE" flipY="FALSE" autoWidth="0" autoHeight="1"/><description>An individually ("serialized") device of the labeled kind, and/or a production lot for multiple equal products, considered devices, even if they are not individually distinguished. This is used for the purpose of listing and tracking individual device instance. The main distinction between DeviceInstance and the more generic ProductInstance is that the DeviceInstance allows specifying manufacturer model name/number and software version number.</description><annotations><description>An individually ("serialized") device of the labeled kind, and/or a production lot for multiple equal products, considered devices, even if they are not individually distinguished. This is used for the purpose of listing and tracking individual device instance. The main distinction between DeviceInstance and the more generic ProductInstance is that the DeviceInstance allows specifying manufacturer model name/number and software version number.</description></annotations><attributes><attribute name="classCode" rimClassName="Entity" datatype="CS" cardinality="1..1" conformance="R" mandatory="true" strength="CNE" codeSystem="EntityClass" domainCode="DEV" maxLength="0" historyAllowed="false"><description>Fixed to MMAT (manufactured material, "material" meaning simply "thing".)</description><annotations><description>Fixed to MMAT (manufactured material, "material" meaning simply "thing".)</description></annotations></attribute><attribute name="determinerCode" rimClassName="Entity" datatype="CS" cardinality="1..1" conformance="R" mandatory="true" strength="CNE" codeSystem="EntityDeterminer" domainCode="INSTANCE" maxLength="0" historyAllowed="false"><description>Fixed to INSTANCE.</description><annotations><description>Fixed to INSTANCE.</description></annotations></attribute><attribute name="id" rimClassName="Entity" datatype="II" cardinality="0..1" conformance="R" mandatory="false" maxLength="0" historyAllowed="false" businessName="serial number"><description>The serial number if applicable to a unique device.</description><annotations><description>The serial number if applicable to a unique device.</description></annotations></attribute><attribute name="quantity" rimClassName="Entity" datatype="PQ" cardinality="0..1" conformance="" mandatory="false" default="1" maxLength="0" historyAllowed="false" businessName="lot size, 1 = individual instance"><description>The amount of the product present within a particular device instance. Typically fixed to 1 or not specified.</description><annotations><description>The amount of the product present within a particular device instance. Typically fixed to 1 or not specified.</description></annotations></attribute><attribute name="desc" rimClassName="Entity" datatype="ED" cardinality="0..1" conformance="" mandatory="false" maxLength="0" historyAllowed="false"><description>A text description of the device.</description><annotations><description>A text description of the device.</description></annotations></attribute><attribute name="existenceTime" rimClassName="Entity" datatype="IVL&lt;TS&gt;" cardinality="0..1" conformance="" mandatory="false" maxLength="0" historyAllowed="false"><description>The interval of time during which the product has been in existence.  The low bound of the interval captures the date of production.</description><annotations><description>The interval of time during which the product has been in existence.  The low bound of the interval captures the date of production.</description></annotations></attribute><attribute name="expirationTime" rimClassName="ManufacturedMaterial" datatype="IVL&lt;TS&gt;" cardinality="0..1" conformance="" mandatory="false" maxLength="0" historyAllowed="false"><description>An interval of time specifying the beginning and end of the time range in which the product is considered suitable for its stated purpose. If only an expiration date is known, this is represented in the high boundary of the interval.</description><annotations><description>An interval of time specifying the beginning and end of the time range in which the product is considered suitable for its stated purpose. If only an expiration date is known, this is represented in the high boundary of the interval.</description></annotations></attribute><attribute name="manufacturerModelName" rimClassName="Device" datatype="SC" cardinality="0..1" conformance="" mandatory="false" strength="CWE" conceptDomain="ManufacturerModelName" maxLength="0" historyAllowed="false"><description>DEPRECATED: The model number or designation of minor production variants which do not affect the properties of the device as labeled. For example, the same device might come with silver or black bezel and may have different model number designations by the manufacturer. This number is not a controlled identifier but has meaning in the context of the product and its manufacturer. This should NOT be used any more but instead,</description><annotations><description>DEPRECATED: The model number or designation of minor production variants which do not affect the properties of the device as labeled. For example, the same device might come with silver or black bezel and may have different model number designations by the manufacturer. This number is not a controlled identifier but has meaning in the context of the product and its manufacturer. This should NOT be used any more but instead,</description></annotations></attribute><attribute name="softwareName" rimClassName="Device" datatype="SC" cardinality="0..1" conformance="" mandatory="false" strength="CWE" conceptDomain="SoftwareName" maxLength="0" historyAllowed="false" businessName="software version"><description>The software or firmware version number installed in this product instance. This is specified as a "name", i.e., text string, which may be made up of numbers and letters.</description><annotations><description>The software or firmware version number installed in this product instance. This is specified as a "name", i.e., text string, which may be made up of numbers and letters.</description></annotations></attribute></attributes></class><class name="InstanceOfKind2" type="Role" rimName="RoleHeir"><graphics shapeId="Sheet.127" width="1.25" height="0.5" x="0.824999999999999" y="1.75" flipX="TRUE" flipY="FALSE" autoWidth="1" autoHeight="0"/><shadow shapeId="Sheet.195" width="1.25" height="0.5" x="9.225" y="5.5" flipX="FALSE" flipY="FALSE" autoWidth="1" autoHeight="0"/><description>Connects a product instance with a MaterialKind specifying what kind of product it is. This is used when listing a ProductInstance along with its part or Ingredient instances. The MaterialKind.code will then cite the code of the product which this part or ingredient material is an instance.</description><annotations><description>Connects a product instance with a MaterialKind specifying what kind of product it is. This is used when listing a ProductInstance along with its part or Ingredient instances. The MaterialKind.code will then cite the code of the product which this part or ingredient material is an instance.</description></annotations><attributes><attribute name="classCode" rimClassName="Role" datatype="CS" cardinality="1..1" conformance="R" mandatory="true" strength="CNE" codeSystem="RoleClass" domainCode="INST" maxLength="0" historyAllowed="false"><description>Fixed to INST (instance)</description><annotations><description>Fixed to INST (instance)</description></annotations></attribute></attributes><associations><association name="containerInstance" beginX="1.325" beginY="1.55" endX="1.81912163628475" endY="1.98685243055559" target="ProductOrDeviceLotOrInstance" targetShapeId="Sheet.167" rimTarget="Role" rimName="player" source="InstanceOfKind2" cardinality="" required="0" mandatory="0" blocked="-1" businessName=""><annotations/></association><association name="kindOfProductMaterialKind" beginX="1.325" beginY="1.95" endX="0.374495234456624" endY="1.21391261732313" target="E_ProductMaterialKindUniversal" targetShapeId="Sheet.49" rimTarget="Role" rimName="scoper" source="InstanceOfKind2" cardinality="1..1" required="-1" mandatory="-1" blocked="0" businessName=""><annotations/></association><association name="containerInstance" beginX="8.725" beginY="5.3" endX="9.06875156478451" endY="4.38191938223984" target="Container" targetShapeId="Sheet.65" rimTarget="Role" rimName="player" source="InstanceOfKind2" cardinality="" required="0" mandatory="0" blocked="-1" businessName=""><annotations/></association></associations></class><class name="E_ProductMaterialKindUniversal" cmetId="POCP_MT010400UV" cmetType="Entity" attLevel="universal" domain="EntityClass" mnemonic="MAT" type="CMET" rimName="Material" id="POCP_MT010400UV"><graphics shapeId="Sheet.49" width="1.42619788579275" height="0.627825234646268" x="0.80235460019445" y="0.9" flipX="FALSE" flipY="FALSE" autoWidth="1" autoHeight="1"/><annotations/><associations><association name="instanceOfKind" endX="1.325" endY="1.95" beginX="0.374495234456624" beginY="1.21391261732313" target="InstanceOfKind2" targetShapeId="Sheet.127" rimTarget="Entity" rimName="scopedRole" source="E_ProductMaterialKindUniversal" cardinality="" required="0" mandatory="0" blocked="-1" businessName=""><annotations/></association></associations></class><class name="Container" type="Entity" rimName="Container"><graphics shapeId="Sheet.65" width="3.07500625913802" height="1.31606098670189" x="8.3" y="3.7238888888889" flipX="FALSE" flipY="FALSE" autoWidth="1" autoHeight="1"/><description>A package instance. Most data on the product instance should be in the ProductInstance class, even if it is a packaged product. The Container class is used only to represent data about the container instance as separate from the product instance.</description><annotations><description>A package instance. Most data on the product instance should be in the ProductInstance class, even if it is a packaged product. The Container class is used only to represent data about the container instance as separate from the product instance.</description></annotations><attributes><attribute name="classCode" rimClassName="Entity" datatype="CS" cardinality="1..1" conformance="R" mandatory="true" strength="CNE" codeSystem="EntityClass" domainCode="CONT" maxLength="0" historyAllowed="false"><description>Fixed to CONT (container).</description><annotations><description>Fixed to CONT (container).</description></annotations></attribute><attribute name="determinerCode" rimClassName="Entity" datatype="CS" cardinality="1..1" conformance="R" mandatory="true" strength="CNE" codeSystem="EntityDeterminer" domainCode="INSTANCE" maxLength="0" historyAllowed="false"><description>Fixed to INSTANCE.</description><annotations><description>Fixed to INSTANCE.</description></annotations></attribute><attribute name="id" rimClassName="Entity" datatype="II" cardinality="0..1" conformance="" mandatory="false" maxLength="0" historyAllowed="false"><description>An id for the container distinct from the content within it. Normally serial numbers for packaged products should be on the ProductInstance. The Container class is used only to track containers as separate from the product.</description><annotations><description>An id for the container distinct from the content within it. Normally serial numbers for packaged products should be on the ProductInstance. The Container class is used only to track containers as separate from the product.</description></annotations></attribute><attribute name="code" rimClassName="Entity" datatype="CD" cardinality="0..1" conformance="" mandatory="false" strength="CWE" conceptDomain="ContainerEntityType" maxLength="0" historyAllowed="false" businessName="Product in Package Code"><description>A code for the package.</description><annotations><description>A code for the package.</description></annotations></attribute><attribute name="desc" rimClassName="Entity" datatype="ED" cardinality="0..1" conformance="" mandatory="false" maxLength="0" historyAllowed="false"><description>A text description of the packaged product.</description><annotations><description>A text description of the packaged product.</description></annotations></attribute><attribute name="formCode" rimClassName="Material" datatype="CD" cardinality="0..1" conformance="" mandatory="false" strength="CWE" conceptDomain="MaterialForm" maxLength="0" historyAllowed="false" businessName="Packaging Type"><description>A coded indicator of the type of packaging.</description><annotations><description>A coded indicator of the type of packaging.</description></annotations></attribute><attribute name="capacityQuantity" rimClassName="Container" datatype="PQ" cardinality="0..1" conformance="" mandatory="false" maxLength="0" historyAllowed="false" businessName="Package Capacity"><description>The maximum quantity of the product that the package can hold.</description><annotations><description>The maximum quantity of the product that the package can hold.</description></annotations></attribute></attributes><associations><association name="asContent" endX="7.4" endY="2.65" beginX="6.76249687043099" beginY="3.06585839553796" target="Content3" targetShapeId="Sheet.87" rimTarget="Entity" rimName="playedRole" source="Container" cardinality="0..1" required="0" mandatory="0" blocked="0" businessName=""><annotations/></association><association name="content" endX="7.4" endY="2.25" beginX="8.3" beginY="3.06585839553796" target="Content3" targetShapeId="Sheet.87" rimTarget="Entity" rimName="scopedRole" source="Container" cardinality="" required="0" mandatory="0" blocked="-1" businessName=""><annotations/></association><association name="content" endX="6.99461195810779" endY="4.6367386269228" beginX="7.5312484352155" beginY="4.38191938223984" target="Content2" targetShapeId="Sheet.97" rimTarget="Entity" rimName="scopedRole" source="Container" cardinality="" required="0" mandatory="0" blocked="-1" businessName=""><annotations/></association><association name="asInstanceOfKind" endX="8.725" endY="5.3" beginX="9.06875156478451" beginY="4.38191938223984" target="InstanceOfKind2" targetShapeId="Sheet.195" rimTarget="Entity" rimName="playedRole" source="Container" cardinality="0..1" required="0" mandatory="0" blocked="0" businessName=""><annotations/></association></associations></class><class name="Content3" type="Role" rimName="RoleHeir"><graphics shapeId="Sheet.87" width="1.25" height="0.5" x="7.9" y="2.45" flipX="FALSE" flipY="TRUE" autoWidth="1" autoHeight="1"/><description>A role representing the relationship between an (inner) package instance and its larger (outer) package instance.</description><annotations><description>A role representing the relationship between an (inner) package instance and its larger (outer) package instance.</description></annotations><attributes><attribute name="classCode" rimClassName="Role" datatype="CS" cardinality="1..1" conformance="R" mandatory="true" strength="CNE" codeSystem="RoleClass" domainCode="CONT" maxLength="0" historyAllowed="false"><description>Fixed to CONT (content).</description><annotations><description>Fixed to CONT (content).</description></annotations></attribute></attributes><associations><association name="container" beginX="7.4" beginY="2.65" endX="6.76249687043099" endY="3.06585839553796" target="Container" targetShapeId="Sheet.65" rimTarget="Role" rimName="player" source="Content3" cardinality="" required="0" mandatory="0" blocked="-1" businessName=""><annotations/></association><association name="container" beginX="7.4" beginY="2.25" endX="8.3" endY="3.06585839553796" target="Container" targetShapeId="Sheet.65" rimTarget="Role" rimName="scoper" source="Content3" cardinality="1..1" required="0" mandatory="0" blocked="0" businessName=""><annotations/></association><association name="subjectOf" beginX="8.525" beginY="2.55" endX="8.525" endY="2.55" target="Subject" targetShapeId="Sheet.211" rimTarget="Role" rimName="participation" source="Content3" cardinality="0..*" required="0" mandatory="0" blocked="0" businessName=""><annotations/></association></associations></class><class name="A_ProductEventUniversal" cmetId="POCP_MT040100UV" cmetType="Act" attLevel="universal" domain="ActClass" mnemonic="ACT" type="CMET" rimName="ActHeir" id="POCP_MT040100UV"><graphics shapeId="Sheet.32" width="1.16131675175955" height="1.1" x="6.9" y="5.95" flipX="FALSE" flipY="FALSE" autoWidth="1" autoHeight="0"/><annotations/><associations><association name="subject" beginX="6.31934162412022" beginY="5.95" endX="6.31934162412022" endY="5.95" target="Subject" targetShapeId="Sheet.55" rimTarget="Act" rimName="participation" source="A_ProductEventUniversal" cardinality="" required="0" mandatory="0" blocked="-1" businessName=""><annotations/></association></associations></class><class name="Subject" type="Participation" rimName="Participation"><graphics shapeId="Sheet.55" width="1.30324106498763" height="0.436533537066812" x="5.66772109162641" y="5.74023531842938" beginX="6.31934162412022" beginY="5.95" endX="5.0161005591326" endY="5.53047063685875" arrowWidth="66 in."/><shadow shapeId="Sheet.171" width="0.887502444440756" height="0.3" x="5.85624877777962" y="4.64925954861112" beginX="6.3" beginY="4.7" endX="5.8441216362847" endY="4.59851909722223" arrowWidth="66 in."/><shadow shapeId="Sheet.177" width="0.887502444440756" height="0.3" x="5.85624877777962" y="3.8485373263889" beginX="6.3" beginY="3.9" endX="5.76773274739585" endY="3.7970746527778" arrowWidth="66 in."/><shadow shapeId="Sheet.183" width="0.472581881529878" height="0.762502444440756" x="0.9" y="3.46370905923506" beginX="0.899999999999999" beginY="3.7" endX="0.9" endY="3.31448723503244" arrowWidth="66 in."/><shadow shapeId="Sheet.205" width="0.887502444440756" height="0.3" x="8.15624877777962" y="5.02289867660265" beginX="8.6" beginY="5.1" endX="8.37300702614646" endY="4.9457973532053" arrowWidth="66 in."/><shadow shapeId="Sheet.211" width="0.887502444440756" height="0.3" x="8.35624877777962" y="2.625" beginX="8.8" beginY="2.7" endX="8.525" endY="2.55" arrowWidth="66 in."/><shadow shapeId="Sheet.217" width="0.887502444440756" height="0.3" x="5.95624877777962" y="2.57516335817326" beginX="6.4" beginY="2.5" endX="5.95797033762786" endY="2.65032671634652" arrowWidth="66 in."/><description>Links the product instance with a product event.</description><annotations><description>Links the product instance with a product event.</description></annotations><attributes><attribute name="typeCode" rimClassName="Participation" datatype="CS" cardinality="1..1" conformance="R" mandatory="true" strength="CNE" codeSystem="ParticipationType" domainCode="SBJ" maxLength="0" historyAllowed="false"><description>Fixed to SUBJ (subject)</description><annotations><description>Fixed to SUBJ (subject)</description></annotations></attribute><attribute name="quantity" rimClassName="Participation" datatype="PQ" cardinality="0..1" conformance="" mandatory="false" maxLength="0" historyAllowed="false"><description>The amount of items processed affected by the product event.</description><annotations><description>The amount of items processed affected by the product event.</description></annotations></attribute></attributes><associations><association name="productEvent" beginX="6.31934162412022" beginY="5.95" endX="6.31934162412022" endY="5.95" target="A_ProductEventUniversal" targetShapeId="Sheet.32" rimTarget="Participation" rimName="act" source="Subject" cardinality="1..1" required="0" mandatory="0" blocked="0" businessName=""><annotations/></association><association name="content" beginX="5.0161005591326" beginY="5.53047063685875" endX="5.0161005591326" endY="5.53047063685875" target="InstanceOfKind" targetShapeId="Sheet.137" rimTarget="Participation" rimName="role" source="Subject" cardinality="" required="0" mandatory="0" blocked="-1" businessName=""><annotations/></association><association name="content" beginX="5.8441216362847" beginY="4.59851909722223" endX="5.8441216362847" endY="4.59851909722223" target="Member" targetShapeId="Sheet.107" rimTarget="Participation" rimName="role" source="Subject" cardinality="" required="0" mandatory="0" blocked="-1" businessName=""><annotations/></association><association name="content" beginX="5.76773274739585" beginY="3.7970746527778" endX="5.76773274739585" endY="3.7970746527778" target="Member1" targetShapeId="Sheet.157" rimTarget="Participation" rimName="role" source="Subject" cardinality="" required="0" mandatory="0" blocked="-1" businessName=""><annotations/></association><association name="content" beginX="0.9" beginY="3.31448723503244" endX="0.9" endY="3.31448723503244" target="Part" targetShapeId="Sheet.147" rimTarget="Participation" rimName="role" source="Subject" cardinality="" required="0" mandatory="0" blocked="-1" businessName=""><annotations/></association><association name="content" beginX="8.37300702614646" beginY="4.9457973532053" endX="8.37300702614646" endY="4.9457973532053" target="Content2" targetShapeId="Sheet.97" rimTarget="Participation" rimName="role" source="Subject" cardinality="" required="0" mandatory="0" blocked="-1" businessName=""><annotations/></association><association name="content" beginX="8.525" beginY="2.55" endX="8.525" endY="2.55" target="Content3" targetShapeId="Sheet.87" rimTarget="Participation" rimName="role" source="Subject" cardinality="" required="0" mandatory="0" blocked="-1" businessName=""><annotations/></association><association name="content" beginX="5.95797033762786" beginY="2.65032671634652" endX="5.95797033762786" endY="2.65032671634652" target="Ingredient1" targetShapeId="Sheet.117" rimTarget="Participation" rimName="role" source="Subject" cardinality="" required="0" mandatory="0" blocked="-1" businessName=""><annotations/></association></associations></class><class name="Member" type="Role" rimName="RoleHeir"><graphics shapeId="Sheet.107" width="1.25" height="0.39277777777778" x="5.2191216362847" y="4.4806857638889" flipX="FALSE" flipY="TRUE" autoWidth="1" autoHeight="0"/><description>Relates a product instance to its lot of which it is an individual member, subset or portion. A product instance can only relate to one lot. In case where a product is a mix of multiple lots use the ingredient role instead to constitute a mixed lot. This mixed lot can then be further portioned into sub-lots. Either way, a member or portion of a lot still only has one parent lot.</description><annotations><description>Relates a product instance to its lot of which it is an individual member, subset or portion. A product instance can only relate to one lot. In case where a product is a mix of multiple lots use the ingredient role instead to constitute a mixed lot. This mixed lot can then be further portioned into sub-lots. Either way, a member or portion of a lot still only has one parent lot.</description></annotations><attributes><attribute name="classCode" rimClassName="Role" datatype="CS" cardinality="1..1" conformance="R" mandatory="true" strength="CNE" codeSystem="RoleClass" domainCode="MBR" maxLength="0" historyAllowed="false"><description>Fixed to MBR (member) which is synonymous with portion, i.e., a sub-amount of the product (lot's) total amount, where one sub-amount is essentially equal in kind from any other sub-amount.</description><annotations><description>Fixed to MBR (member) which is synonymous with portion, i.e., a sub-amount of the product (lot's) total amount, where one sub-amount is essentially equal in kind from any other sub-amount.</description></annotations></attribute></attributes><associations><association name="memberProductOrDeviceLotOrInstance" beginX="4.7191216362847" beginY="4.63779687500001" endX="4.36026746961805" endY="4.92374131944448" target="ProductOrDeviceLotOrInstance" targetShapeId="Sheet.167" rimTarget="Role" rimName="player" source="Member" cardinality="" required="0" mandatory="0" blocked="-1" businessName=""><annotations/></association><association name="groupProductOrDeviceLotOrInstance" beginX="4.7191216362847" beginY="4.32357465277779" endX="4.36026746961805" endY="4.08463020833337" target="ProductOrDeviceLotOrInstance" targetShapeId="Sheet.167" rimTarget="Role" rimName="scoper" source="Member" cardinality="1..1" required="-1" mandatory="-1" blocked="0" businessName=""><annotations/></association><association name="subjectOf" beginX="5.8441216362847" beginY="4.59851909722223" endX="5.8441216362847" endY="4.59851909722223" target="Subject" targetShapeId="Sheet.171" rimTarget="Role" rimName="participation" source="Member" cardinality="0..*" required="0" mandatory="0" blocked="0" businessName=""><annotations/></association></associations></class><class name="Member1" type="Role" rimName="RoleHeir"><graphics shapeId="Sheet.157" width="1.1486111111111" height="0.4" x="5.1934271918403" y="3.6770746527778" flipX="FALSE" flipY="FALSE" autoWidth="0" autoHeight="0"/><description>Relates a product lot (or batch) to an instance or portion of it. This role would typically appear more than once to list all the members of a product lot. These members of a product lot may be individual serialized portions filled into a container (e.g., bottle or ampoule) for retail, or larger batches shipped to other manufacturers, wholesalers or repackers. Either way, each portion can be individually identified, such as with the serial number which may or may not be printed on the package.</description><annotations><description>Relates a product lot (or batch) to an instance or portion of it. This role would typically appear more than once to list all the members of a product lot. These members of a product lot may be individual serialized portions filled into a container (e.g., bottle or ampoule) for retail, or larger batches shipped to other manufacturers, wholesalers or repackers. Either way, each portion can be individually identified, such as with the serial number which may or may not be printed on the package.</description></annotations><attributes><attribute name="classCode" rimClassName="Role" datatype="CS" cardinality="1..1" conformance="R" mandatory="true" strength="CNE" codeSystem="RoleClass" domainCode="MBR" maxLength="0" historyAllowed="false"><description>Fixed to MBR (member) which is synonymous with portion, i.e., a sub-amount of the product (lot's) total amount, where one sub-amount is essentially equal in kind from any other sub-amount.</description><annotations><description>Fixed to MBR (member) which is synonymous with portion, i.e., a sub-amount of the product (lot's) total amount, where one sub-amount is essentially equal in kind from any other sub-amount.</description></annotations></attribute></attributes><associations><association name="memberProductOrDeviceLotOrInstance" beginX="4.73398274739586" beginY="3.5170746527778" endX="4.36026746961805" endY="3.24551909722226" target="ProductOrDeviceLotOrInstance" targetShapeId="Sheet.167" rimTarget="Role" rimName="player" source="Member1" cardinality="1..1" required="-1" mandatory="-1" blocked="0" businessName=""><annotations/></association><association name="groupProductOrDeviceLotOrInstance" beginX="4.73398274739586" beginY="3.8370746527778" endX="4.36026746961805" endY="4.08463020833337" target="ProductOrDeviceLotOrInstance" targetShapeId="Sheet.167" rimTarget="Role" rimName="scoper" source="Member1" cardinality="" required="0" mandatory="0" blocked="-1" businessName=""><annotations/></association><association name="subjectOf" beginX="5.76773274739585" beginY="3.7970746527778" endX="5.76773274739585" endY="3.7970746527778" target="Subject" targetShapeId="Sheet.177" rimTarget="Role" rimName="participation" source="Member1" cardinality="0..*" required="0" mandatory="0" blocked="0" businessName=""><annotations/></association></associations></class><class name="Part" type="Role" rimName="RoleHeir"><graphics shapeId="Sheet.147" width="1.2" height="0.514530025620439" x="0.9" y="3.05722222222222" flipX="TRUE" flipY="FALSE" autoWidth="0" autoHeight="1"/><description>Relates a multiple-component product instance (scoper) to one of its component instances (player) consistent with the definition of Part linking the product (kind) with its part-product (kinds).</description><annotations><description>Relates a multiple-component product instance (scoper) to one of its component instances (player) consistent with the definition of Part linking the product (kind) with its part-product (kinds).</description></annotations><attributes><attribute name="classCode" rimClassName="Role" datatype="CS" cardinality="1..1" conformance="R" mandatory="true" strength="CNE" codeSystem="RoleClass" domainCode="PART" maxLength="0" historyAllowed="false"><description>Fixed to PART.</description><annotations><description>Fixed to PART.</description></annotations></attribute></attributes><associations><association name="partProductOrDeviceLotOrInstance" beginX="1.38" beginY="2.85141021197405" endX="1.81912163628475" endY="2.40640798611114" target="ProductOrDeviceLotOrInstance" targetShapeId="Sheet.167" rimTarget="Role" rimName="player" source="Part" cardinality="1..1" required="-1" mandatory="-1" blocked="0" businessName=""><annotations/></association><association name="wholeProductOrDeviceLotOrInstance" beginX="1.38" beginY="3.2630342324704" endX="1.81912163628475" endY="3.66507465277781" target="ProductOrDeviceLotOrInstance" targetShapeId="Sheet.167" rimTarget="Role" rimName="scoper" source="Part" cardinality="" required="0" mandatory="0" blocked="-1" businessName=""><annotations/></association><association name="subjectOf" beginX="0.9" beginY="3.31448723503244" endX="0.9" endY="3.31448723503244" target="Subject" targetShapeId="Sheet.183" rimTarget="Role" rimName="participation" source="Part" cardinality="0..*" required="0" mandatory="0" blocked="0" businessName=""><annotations/></association></associations></class><class name="Content2" type="Role" rimName="RoleHeir"><graphics shapeId="Sheet.97" width="1.53155007559852" height="0.515097877137491" x="7.6072319883472" y="4.8427777777778" flipX="FALSE" flipY="TRUE" autoWidth="1" autoHeight="1"/><description>Specifies the container instance of the product instance.</description><annotations><description>Specifies the container instance of the product instance.</description></annotations><attributes><attribute name="classCode" rimClassName="Role" datatype="CS" cardinality="1..1" conformance="R" mandatory="true" strength="CNE" codeSystem="RoleClass" domainCode="CONT" maxLength="0" historyAllowed="false"><description>Fixed to CONT (content).</description><annotations><description>Fixed to CONT (content).</description></annotations></attribute><attribute name="quantity" rimClassName="Role" datatype="RTO&lt;PQ,PQ&gt;" cardinality="0..1" conformance="" mandatory="false" maxLength="0" historyAllowed="false"><description>The amount of the product instance (numerator) in the package instance (denominator).</description><annotations><description>The amount of the product instance (numerator) in the package instance (denominator).</description></annotations></attribute></attributes><associations><association name="containedProductOrDeviceLotOrInstance" beginX="6.99461195810779" beginY="5.0488169286328" endX="4.36026746961805" endY="4.92374131944448" target="ProductOrDeviceLotOrInstance" targetShapeId="Sheet.167" rimTarget="Role" rimName="player" source="Content2" cardinality="" required="0" mandatory="0" blocked="-1" businessName=""><annotations/></association><association name="container" beginX="6.99461195810779" beginY="4.6367386269228" endX="7.5312484352155" endY="4.38191938223984" target="Container" targetShapeId="Sheet.65" rimTarget="Role" rimName="scoper" source="Content2" cardinality="1..1" required="0" mandatory="0" blocked="0" businessName=""><annotations/></association><association name="subjectOf" beginX="8.37300702614646" beginY="4.9457973532053" endX="8.37300702614646" endY="4.9457973532053" target="Subject" targetShapeId="Sheet.205" rimTarget="Role" rimName="participation" source="Content2" cardinality="0..*" required="0" mandatory="0" blocked="0" businessName=""><annotations/></association></associations></class><class name="Ingredient1" type="Role" rimName="RoleHeir"><graphics shapeId="Sheet.117" width="1.57478966910438" height="0.515097877137491" x="5.3280544699861" y="2.39277777777778" flipX="FALSE" flipY="TRUE" autoWidth="1" autoHeight="1"/><description>Relates an ingredient instance (player) to the product instance (scoper). See the Ingredient class (from Product) about the general meaning. Specifically for product instances, ingredients may be the constituents of a mixed lot, even if the ingredients are of the same kind.</description><annotations><description>Relates an ingredient instance (player) to the product instance (scoper). See the Ingredient class (from Product) about the general meaning. Specifically for product instances, ingredients may be the constituents of a mixed lot, even if the ingredients are of the same kind.</description></annotations><attributes><attribute name="classCode" rimClassName="Role" datatype="CS" cardinality="1..1" conformance="R" mandatory="true" strength="CNE" codeSystem="RoleClass" domainCode="INGR" maxLength="0" historyAllowed="false"><description>Fixed to INGR. Specializations (ACTI, etc.) might be used, but usually it is not the purpose of this class to specify different kind of ingredients, rather merely specifying that these ingredient instances are in the product. Notably, multiple ingredient instances may be of the exact same kind, but merely from different production lots.</description><annotations><description>Fixed to INGR. Specializations (ACTI, etc.) might be used, but usually it is not the purpose of this class to specify different kind of ingredients, rather merely specifying that these ingredient instances are in the product. Notably, multiple ingredient instances may be of the exact same kind, but merely from different production lots.</description></annotations></attribute><attribute name="quantity" rimClassName="Role" datatype="RTO&lt;PQ,PQ&gt;" cardinality="0..1" conformance="R" mandatory="false" maxLength="0" historyAllowed="false"><description>A ratio specifying how much of the ingredient product instance is in scoping product instance. If this ingredient instance role relates to the Ingredient role specifying the Product (kind), the ratio would normally be the same as the strength.

However, if a product lot is created by using multiple ingredient lots for the same kind of ingredient, the ratios of each ingredient role would be compounded as follows: SUM(scoper productInstance's quantity / ingredient.quantity.numerator * ingredient.quantity.denominator) over all ingredients of the same kind divided by scoper productInstance's quantity should be equivalent to the specified ingredient strength. For example, 100 L of amoxicillin syrup with specified strength 500 mg in 5 mL is created. The raw amoxicillin originates from 2 ingredient lots. From the first lot, 2 kg of amoxicillin (moiety) were taken until it was used up, and from the second lot 8 kg were taken to make the required 10 kg of amoxicillin (moiety). This would be specified as productInstance.quantity = 100 L; ingredient1.quantity.numerator = 2 kg; ingredient1.quantity.denominator = 100 L; ingredien2.quantity.numerator = 8 kg, ingredient2.quantity.denominator = 100 L. Now: The sum (100 L / 100 L * 2 kg + 100 L / 100 L * 8 kg) / 100 L makes 10 kg / 100 L, which is equivalent to 500 mg / 5 mL.

If a mixed lot of 3000 tablets is created by mixing together equal amounts of tablets from lot A and lot B, we can specify: scoping productInstance.quantity = 1; ingredientA.quantity.numerator = 2; ingredientA.quantity.denominator = 1; ingredientA.quantity.denominator = 2; now 3000 / 2 * 1 come from lot A and 3000 / 2 * 1 come from lot B.

Constraint: the dimension of the denominator must be the same as the dimension of the scoping productInstance's quantity and all of the quantity numerators of the scoper's (i.e., the product instance's) played roles (e.g., member or portion of lot, part of kit, etc.). [from SPL]</description><annotations><description>A ratio specifying how much of the ingredient product instance is in scoping product instance. If this ingredient instance role relates to the Ingredient role specifying the Product (kind), the ratio would normally be the same as the strength.

However, if a product lot is created by using multiple ingredient lots for the same kind of ingredient, the ratios of each ingredient role would be compounded as follows: SUM(scoper productInstance's quantity / ingredient.quantity.numerator * ingredient.quantity.denominator) over all ingredients of the same kind divided by scoper productInstance's quantity should be equivalent to the specified ingredient strength. For example, 100 L of amoxicillin syrup with specified strength 500 mg in 5 mL is created. The raw amoxicillin originates from 2 ingredient lots. From the first lot, 2 kg of amoxicillin (moiety) were taken until it was used up, and from the second lot 8 kg were taken to make the required 10 kg of amoxicillin (moiety). This would be specified as productInstance.quantity = 100 L; ingredient1.quantity.numerator = 2 kg; ingredient1.quantity.denominator = 100 L; ingredien2.quantity.numerator = 8 kg, ingredient2.quantity.denominator = 100 L. Now: The sum (100 L / 100 L * 2 kg + 100 L / 100 L * 8 kg) / 100 L makes 10 kg / 100 L, which is equivalent to 500 mg / 5 mL.

If a mixed lot of 3000 tablets is created by mixing together equal amounts of tablets from lot A and lot B, we can specify: scoping productInstance.quantity = 1; ingredientA.quantity.numerator = 2; ingredientA.quantity.denominator = 1; ingredientA.quantity.denominator = 2; now 3000 / 2 * 1 come from lot A and 3000 / 2 * 1 come from lot B.

Constraint: the dimension of the denominator must be the same as the dimension of the scoping productInstance's quantity and all of the quantity numerators of the scoper's (i.e., the product instance's) played roles (e.g., member or portion of lot, part of kit, etc.). [from SPL]</description></annotations></attribute></attributes><associations><association name="ingredientProductOrDeviceLotOrInstance" beginX="4.69813860234435" beginY="2.59881692863277" endX="4.36026746961805" endY="2.8259635416667" target="ProductOrDeviceLotOrInstance" targetShapeId="Sheet.167" rimTarget="Role" rimName="player" source="Ingredient1" cardinality="1..1" required="-1" mandatory="-1" blocked="0" businessName=""><annotations/></association><association name="ingredientOfProductOrDeviceLotOrInstance" beginX="4.69813860234435" beginY="2.18673862692278" endX="4.36026746961805" endY="1.98685243055559" target="ProductOrDeviceLotOrInstance" targetShapeId="Sheet.167" rimTarget="Role" rimName="scoper" source="Ingredient1" cardinality="" required="0" mandatory="0" blocked="-1" businessName=""><annotations/></association><association name="subjectOf" beginX="5.95797033762786" beginY="2.65032671634652" endX="5.95797033762786" endY="2.65032671634652" target="Subject" targetShapeId="Sheet.217" rimTarget="Role" rimName="participation" source="Ingredient1" cardinality="0..*" required="0" mandatory="0" blocked="0" businessName=""><annotations/></association></associations></class><class name="IdentifiedItem" type="Role" rimName="RoleHeir"><graphics shapeId="Sheet.77" width="1.4456892914271" height="0.781630325614023" x="5.3" y="0.909444444444441" flipX="FALSE" flipY="TRUE" autoWidth="0" autoHeight="1"/><description>Specifies alternative identifiers for a product instance. The organization scoping the role, is the organization responsible for issuing the identifier. Note, the use of this class is discouraged in the instance model. Initially the intent was to allow users to specify identifiers without needing to understand what these identifiers are. This might be the remaining use case. However, most identifiers have well-defined places such as product kind code (item code), product instance id (serial number), product instance id of a product lot for lot numbers.</description><annotations><description>Specifies alternative identifiers for a product instance. The organization scoping the role, is the organization responsible for issuing the identifier. Note, the use of this class is discouraged in the instance model. Initially the intent was to allow users to specify identifiers without needing to understand what these identifiers are. This might be the remaining use case. However, most identifiers have well-defined places such as product kind code (item code), product instance id (serial number), product instance id of a product lot for lot numbers.</description></annotations><attributes><attribute name="classCode" rimClassName="Role" datatype="CS" cardinality="1..1" conformance="R" mandatory="true" strength="CNE" codeSystem="RoleClass" domainCode="IDENT" maxLength="0" historyAllowed="false"><description>Fixed to IDENT (identified entity), as naming is one way of identifying an entity.</description><annotations><description>Fixed to IDENT (identified entity), as naming is one way of identifying an entity.</description></annotations></attribute><attribute name="id" rimClassName="Role" datatype="DSET&lt;II&gt;" cardinality="0..*" conformance="" mandatory="false" maxLength="0" historyAllowed="false"><description>An identifier that has been assigned to a product by a particular identifier issuer.</description><annotations><description>An identifier that has been assigned to a product by a particular identifier issuer.</description></annotations></attribute><attribute name="code" rimClassName="Role" datatype="CD" cardinality="0..1" conformance="" mandatory="false" strength="CWE" conceptDomain="IdentifiedEntityType" maxLength="0" historyAllowed="false"><description>Indicates the type of identifier that has been assigned.</description><annotations><description>Indicates the type of identifier that has been assigned.</description></annotations></attribute></attributes><associations><association name="identifiedProductOrDeviceLotOrInstance" beginX="4.72172428342916" beginY="1.22209657469005" endX="4.36026746961805" endY="1.56729687500003" target="ProductOrDeviceLotOrInstance" targetShapeId="Sheet.167" rimTarget="Role" rimName="player" source="IdentifiedItem" cardinality="" required="0" mandatory="0" blocked="-1" businessName=""><annotations/></association><association name="assigningOrganization" beginX="4.72172428342916" beginY="0.596792314198831" endX="6.5" endY="0.290888888888844" target="Organization" targetShapeId="Sheet.169" rimTarget="Role" rimName="scoper" source="IdentifiedItem" cardinality="0..1" required="0" mandatory="0" blocked="0" businessName=""><annotations/></association></associations></class><class name="Organization" type="Choice" rimName="Entity"><graphics shapeId="Sheet.169" width="2.0643012162778" height="1.90888888888889" x="7.5321506081389" y="1.0544444444444" flipX="GUARD(FALSE)" flipY="GUARD(FALSE)" vertical="1" autoWidth="1" autoHeight="1"/><description>Any organization that plays a role in the product life-cycle in any way. The role that this organization plays and how it performs with regards to other organizations and the product is specified by the relationships (roles, participations) with other organizations and acts respectively.</description><annotations><description>Any organization that plays a role in the product life-cycle in any way. The role that this organization plays and how it performs with regards to other organizations and the product is specified by the relationships (roles, participations) with other organizations and acts respectively.</description></annotations><children><childClass name="ProductIdentifierIssuer" shapeId="Sheet.61"/><childClass name="E_ProductEstablishmentUniversal" shapeId="Sheet.26"/></children><associations><association name="identifiedItem" endX="4.72172428342916" endY="0.596792314198831" beginX="6.5" beginY="0.290888888888844" target="IdentifiedItem" targetShapeId="Sheet.77" rimTarget="Entity" rimName="scopedRole" source="Organization" cardinality="" required="0" mandatory="0" blocked="-1" businessName=""><annotations/></association></associations></class><class name="ProductIdentifierIssuer" type="Entity" rimName="Organization"><graphics shapeId="Sheet.61" width="1.8143012162778" height="0.782082768350137" x="7.5321506081389" y="1.36833333333329" flipX="FALSE" flipY="FALSE" autoWidth="0" autoHeight="1"/><description>DEPRECATED. For backward compatibility only. Use the product organization instead.</description><annotations><description>DEPRECATED. For backward compatibility only. Use the product organization instead.</description></annotations><notes><Note name="Sheet.44" type="Note" noteType="Note"><graphics shapeId="Sheet.44" connectedShape="Sheet.61" x="9.1455512162778" y="1.45" width="1.11787667471962" height="0.722319679090712" beginX="0.558938337359809" beginY="0.361159839545356" endX="-0.14731166264019" endY="0.279493172878646"/><annotations/><notes><text>DEPRECATED this is the same 
as the Establishment
CMET.</text></notes></Note></notes><attributes><attribute name="classCode" rimClassName="Entity" datatype="CS" cardinality="1..1" conformance="R" mandatory="true" strength="CNE" codeSystem="EntityClass" domainCode="ORG" maxLength="0" historyAllowed="false"><annotations/></attribute><attribute name="determinerCode" rimClassName="Entity" datatype="CS" cardinality="1..1" conformance="R" mandatory="true" strength="CNE" codeSystem="EntityDeterminer" domainCode="INSTANCE" maxLength="0" historyAllowed="false"><annotations/></attribute><attribute name="id" rimClassName="Entity" datatype="DSET&lt;II&gt;" cardinality="0..*" conformance="" mandatory="false" maxLength="0" historyAllowed="false"><description>An identifier for the organization that has issued the identifier.</description><annotations><description>An identifier for the organization that has issued the identifier.</description></annotations></attribute><attribute name="name" rimClassName="Entity" datatype="ON" cardinality="0..1" conformance="" mandatory="false" maxLength="0" historyAllowed="false"><description>The name of the organization issuing the identifier.</description><annotations><description>The name of the organization issuing the identifier.</description></annotations></attribute></attributes></class><class name="E_ProductEstablishmentUniversal" cmetId="POCP_MT030200UV" cmetType="Entity" attLevel="universal" domain="EntityClass" mnemonic="ORG" type="CMET" rimName="Organization" id="POCP_MT030200UV"><graphics shapeId="Sheet.26" width="1.8018012162778" height="0.627825234646268" x="7.5259006081389" y="0.537893503215574" flipX="FALSE" flipY="FALSE" autoWidth="0" autoHeight="1"/><annotations/></class><class name="E_ProductKindUniversal" cmetId="POCP_MT010200UV" cmetType="Entity" attLevel="universal" domain="EntityClass" mnemonic="MMAT" type="CMET" rimName="ManufacturedMaterial" id="POCP_MT010200UV"><graphics shapeId="Sheet.38" width="1.16131675175955" height="0.627825234646268" x="0.899999999999999" y="4.7" flipX="FALSE" flipY="FALSE" autoWidth="1" autoHeight="1"/><annotations/><associations><association name="instanceOfKind" endX="3.63770549109392" endY="5.89103915085499" beginX="0.551604974472135" beginY="5.01391261732313" target="InstanceOfKind" targetShapeId="Sheet.137" rimTarget="Entity" rimName="scopedRole" source="E_ProductKindUniversal" cardinality="" required="0" mandatory="0" blocked="-1" businessName=""><annotations/></association></associations></class></page></pages></hl7model>
