<?xml version="1.0"?>
<hl7model rendered="4/17/2014 3:16:44 PM" datatypesRelease="R2"><pages><page name="POCP_RM070200UV" width="9.7" height="10.7"><class name="DeviceSetting" type="Act" rimName="Observation"><graphics shapeId="Sheet.2" width="3.33783637252778" height="1.18236640502967" x="3.07947916666666" y="8.42388888888889" flipX="FALSE" flipY="FALSE" autoWidth="0" autoHeight="1"/><annotations/><notes><Note name="Sheet.45" type="Note" noteType="Note"><graphics shapeId="Sheet.45" connectedShape="Sheet.2" x="3.87621527827777" y="9.53888888888889" width="1.38334145743446" height="0.722319679090712" beginX="0.691670728717231" beginY="0.361159839545356" endX="0.562501891611676" endY="-0.162656957939813"/><annotations/><notes><text>E.g.: Brady Settings
Pacing Output Settings
Atrial Tachy Settings
Ventricular Tachy Settings</text></notes></Note></notes><attributes><attribute name="classCode" rimClassName="Act" datatype="CS" cardinality="1..1" conformance="R" mandatory="true" strength="CNE" codeSystem="ActClass" domainCode="OBS" maxLength="0" historyAllowed="false"><annotations/></attribute><attribute name="moodCode" rimClassName="Act" datatype="CS" cardinality="1..1" conformance="R" mandatory="true" strength="CNE" codeSystem="ActMood" domainCode="DEF" maxLength="0" historyAllowed="false"><annotations/></attribute><attribute name="code" rimClassName="Act" datatype="CD" cardinality="1..1" conformance="R" mandatory="true" strength="CWE" conceptDomain="ImplantedCardiacDeviceControlVariable" maxLength="0" historyAllowed="false" businessName="Externally defined subset of IEEE 1073 vocabulary"><annotations/></attribute><attribute name="text" rimClassName="Act" datatype="ED" cardinality="0..1" conformance="" mandatory="false" maxLength="0" historyAllowed="false"><annotations/></attribute><attribute name="value" rimClassName="Observation" datatype="ANY" cardinality="0..1" conformance="" mandatory="false" strength="CWE" conceptDomain="ObservationValue" maxLength="0" historyAllowed="false"><annotations/></attribute></attributes><associations><association name="componentOf" beginX="1.41056098040277" beginY="8.54212552939185" endX="1.41056098040277" endY="8.54212552939185" target="Component3" targetShapeId="Sheet.59" rimTarget="Act" rimName="inboundRelationship" source="DeviceSetting" cardinality="" required="0" mandatory="0" blocked="-1" businessName=""><annotations/></association><association name="controlVariableFor" beginX="4.74839735293055" beginY="8.30565224838592" endX="4.74839735293055" endY="8.30565224838592" target="ControlVariable2" targetShapeId="Sheet.25" rimTarget="Act" rimName="inboundRelationship" source="DeviceSetting" cardinality="" required="0" mandatory="0" blocked="-1" businessName=""><annotations/></association><association name="controlVariableFor" beginX="3.74704644117222" beginY="7.83270568637405" endX="3.74704644117222" endY="7.83270568637405" target="ControlVariable1" targetShapeId="Sheet.69" rimTarget="Act" rimName="inboundRelationship" source="DeviceSetting" cardinality="" required="0" mandatory="0" blocked="-1" businessName=""><annotations/></association><association name="component" beginX="3.07947916666666" beginY="9.01507209140372" endX="3.07947916666666" endY="9.01507209140372" target="Component3" targetShapeId="Sheet.59" rimTarget="Act" rimName="outboundRelationship" source="DeviceSetting" cardinality="0..*" required="0" mandatory="0" blocked="0" businessName=""><annotations/></association></associations></class><class name="Component3" type="ActRelationshipR" rimName="ActRelationship"><graphics shapeId="Sheet.59" width="2.11374450987044" height="1.43170287304703" x="3.07947916666666" y="8.54212552939185" beginX="3.07947916666666" beginY="9.01507209140372" endX="1.41056098040277" endY="8.54212552939185" arrowWidth="128 in."/><annotations/><attributes><attribute name="typeCode" rimClassName="ActRelationship" datatype="CS" cardinality="1..1" conformance="R" mandatory="true" strength="CNE" codeSystem="ActRelationshipType" domainCode="COMP" maxLength="0" historyAllowed="false"><annotations/></attribute><attribute name="contextControlCode" rimClassName="ActRelationship" datatype="CS" cardinality="0..1" conformance="" mandatory="false" strength="CNE" codeSystem="C:ContextControl" default="AP" maxLength="0" historyAllowed="false"><annotations/></attribute><attribute name="contextConductionInd" rimClassName="ActRelationship" datatype="BL" cardinality="0..1" conformance="" mandatory="false" default="true" maxLength="0" historyAllowed="false"><annotations/></attribute><attribute name="sequenceNumber" rimClassName="ActRelationship" datatype="INT.NONNEG" cardinality="0..1" conformance="" mandatory="false" maxLength="0" historyAllowed="false"><annotations/></attribute><attribute name="priorityNumber" rimClassName="ActRelationship" datatype="INT" cardinality="0..1" conformance="" mandatory="false" maxLength="0" historyAllowed="false"><annotations/></attribute></attributes><associations><association name="deviceSetting" beginX="3.07947916666666" beginY="9.01507209140372" endX="3.07947916666666" endY="9.01507209140372" target="DeviceSetting" targetShapeId="Sheet.2" rimTarget="ActRelationship" rimName="source" source="Component3" cardinality="" required="0" mandatory="0" blocked="-1" businessName=""><annotations/></association><association name="deviceSetting" beginX="1.41056098040277" beginY="8.54212552939185" endX="1.41056098040277" endY="8.54212552939185" target="DeviceSetting" targetShapeId="Sheet.2" rimTarget="ActRelationship" rimName="target" source="Component3" cardinality="1..1" required="0" mandatory="0" blocked="0" businessName=""><annotations/></association></associations></class><class name="ControlVariable2" type="ActRelationship" rimName="ActRelationship"><graphics shapeId="Sheet.25" width="2.31807200709917" height="0.569853881328207" x="5.90743335648014" y="8.24282612419296" beginX="7.06646936002972" beginY="8.18" endX="4.74839735293055" endY="8.30565224838592" arrowWidth="66 in."/><annotations/><attributes><attribute name="typeCode" rimClassName="ActRelationship" datatype="CS" cardinality="1..1" conformance="R" mandatory="true" strength="CNE" codeSystem="ActRelationshipType" domainCode="CTRLV" maxLength="0" historyAllowed="false"><annotations/></attribute><attribute name="contextControlCode" rimClassName="ActRelationship" datatype="CS" cardinality="0..1" conformance="" mandatory="false" strength="CNE" codeSystem="C:ContextControl" default="AN" maxLength="0" historyAllowed="false"><annotations/></attribute><attribute name="contextConductionInd" rimClassName="ActRelationship" datatype="BL" cardinality="0..1" conformance="" mandatory="false" default="false" maxLength="0" historyAllowed="false"><annotations/></attribute></attributes><associations><association name="actDefinition" beginX="7.06646936002972" beginY="8.18" endX="7.06646936002972" endY="8.18" target="ActDefinition" targetShapeId="Sheet.21" rimTarget="ActRelationship" rimName="source" source="ControlVariable2" cardinality="" required="0" mandatory="0" blocked="-1" businessName=""><annotations/></association><association name="deviceSetting" beginX="4.74839735293055" beginY="8.30565224838592" endX="4.74839735293055" endY="8.30565224838592" target="DeviceSetting" targetShapeId="Sheet.2" rimTarget="ActRelationship" rimName="target" source="ControlVariable2" cardinality="1..1" required="0" mandatory="0" blocked="0" businessName=""><annotations/></association></associations></class><class name="ActDefinition" type="Act" rimName="ActHeir"><graphics shapeId="Sheet.21" width="2.26321579282943" height="4.7" x="8.19807725644444" y="6.3" flipX="FALSE" flipY="FALSE" autoWidth="1" autoHeight="0"/><annotations/><attributes><attribute name="classCode" rimClassName="Act" datatype="CS" cardinality="1..1" conformance="R" mandatory="true" strength="CNE" codeSystem="ActClass" domainCode="ACT" maxLength="0" historyAllowed="false"><annotations/></attribute><attribute name="moodCode" rimClassName="Act" datatype="CS" cardinality="1..1" conformance="R" mandatory="true" strength="CNE" codeSystem="ActMood" domainCode="DEF" maxLength="0" historyAllowed="false"><annotations/></attribute><attribute name="id" rimClassName="Act" datatype="DSET&lt;II&gt;" cardinality="0..*" conformance="" mandatory="false" maxLength="0" historyAllowed="false"><annotations/></attribute><attribute name="code" rimClassName="Act" datatype="CD" cardinality="1..1" conformance="R" mandatory="false" strength="CWE" conceptDomain="MedicalDeviceAct" maxLength="0" historyAllowed="false"><annotations/></attribute><attribute name="text" rimClassName="Act" datatype="ED" cardinality="0..1" conformance="" mandatory="false" maxLength="0" historyAllowed="false"><annotations/></attribute><attribute name="effectiveTime" rimClassName="Act" datatype="TS" cardinality="0..1" conformance="" mandatory="false" maxLength="0" historyAllowed="false"><annotations/></attribute></attributes><associations><association name="component" beginX="7.06646936002972" beginY="6.77" endX="7.06646936002972" endY="6.77" target="Component2" targetShapeId="Sheet.39" rimTarget="Act" rimName="outboundRelationship" source="ActDefinition" cardinality="0..*" required="0" mandatory="0" blocked="0" businessName=""><annotations/></association><association name="controlVariable" beginX="7.06646936002972" beginY="8.18" endX="7.06646936002972" endY="8.18" target="ControlVariable2" targetShapeId="Sheet.25" rimTarget="Act" rimName="outboundRelationship" source="ActDefinition" cardinality="0..*" required="0" mandatory="0" blocked="0" businessName=""><annotations/></association></associations></class><class name="Component2" type="ActRelationship" rimName="ActRelationship"><graphics shapeId="Sheet.39" width="2.39701135296717" height="0.569853881328207" x="5.86796368354614" y="6.80075000000013" beginX="7.06646936002972" beginY="6.77" endX="4.66945800706255" endY="6.83150000000027" arrowWidth="66 in."/><annotations/><attributes><attribute name="typeCode" rimClassName="ActRelationship" datatype="CS" cardinality="1..1" conformance="R" mandatory="true" strength="CNE" codeSystem="ActRelationshipType" domainCode="COMP" maxLength="0" historyAllowed="false"><annotations/></attribute><attribute name="contextControlCode" rimClassName="ActRelationship" datatype="CS" cardinality="0..1" conformance="" mandatory="false" strength="CNE" codeSystem="C:ContextControl" default="AN" maxLength="0" historyAllowed="false"><annotations/></attribute><attribute name="contextConductionInd" rimClassName="ActRelationship" datatype="BL" cardinality="0..1" conformance="" mandatory="false" default="true" maxLength="0" historyAllowed="false"><annotations/></attribute></attributes><associations><association name="actDefinition" beginX="7.06646936002972" beginY="6.77" endX="7.06646936002972" endY="6.77" target="ActDefinition" targetShapeId="Sheet.21" rimTarget="ActRelationship" rimName="source" source="Component2" cardinality="" required="0" mandatory="0" blocked="-1" businessName=""><annotations/></association><association name="choice" beginX="4.66945800706255" beginY="6.83150000000027" endX="4.66945800706255" endY="6.83150000000027" target="Choice" targetShapeId="Sheet.82" rimTarget="ActRelationship" rimName="target" source="Component2" cardinality="1..1" required="0" mandatory="0" blocked="0" businessName=""><annotations/></association></associations></class><class name="Choice" type="Choice" rimName="Act"><graphics shapeId="Sheet.82" width="3.9694580070625" height="4.70166666666667" x="2.6847290035313" y="4.9508333333336" flipX="GUARD(FALSE)" flipY="GUARD(FALSE)" vertical="1" autoWidth="1" autoHeight="1"/><annotations/><children><childClass name="InterventionProcedure" shapeId="Sheet.31"/><childClass name="PatientObservation" shapeId="Sheet.17"/><childClass name="DeviceObservation" shapeId="Sheet.35"/></children><associations><association name="componentOf" beginX="0.70000000000005" beginY="3.5403333333336" endX="0.70000000000005" endY="3.5403333333336" target="Component1" targetShapeId="Sheet.50" rimTarget="Act" rimName="inboundRelationship" source="Choice" cardinality="" required="0" mandatory="0" blocked="-1" businessName=""><annotations/></association><association name="componentOf" beginX="4.66945800706255" beginY="6.83150000000027" endX="4.66945800706255" endY="6.83150000000027" target="Component2" targetShapeId="Sheet.39" rimTarget="Act" rimName="inboundRelationship" source="Choice" cardinality="" required="0" mandatory="0" blocked="-1" businessName=""><annotations/></association><association name="component" beginX="2.28778320282505" beginY="2.60000000000026" endX="2.28778320282505" endY="2.60000000000026" target="Component1" targetShapeId="Sheet.50" rimTarget="Act" rimName="outboundRelationship" source="Choice" cardinality="0..*" required="0" mandatory="0" blocked="0" businessName=""><annotations/></association><association name="controlVariable" beginX="3.4786206049438" beginY="7.30166666666693" endX="3.4786206049438" endY="7.30166666666693" target="ControlVariable1" targetShapeId="Sheet.69" rimTarget="Act" rimName="outboundRelationship" source="Choice" cardinality="0..*" required="0" mandatory="0" blocked="0" businessName=""><annotations/></association></associations></class><class name="InterventionProcedure" type="Act" rimName="Procedure"><graphics shapeId="Sheet.31" width="3.704638671375" height="1.04907137740967" x="2.67731933568755" y="6.52777777777805" flipX="FALSE" flipY="FALSE" autoWidth="0" autoHeight="1"/><annotations/><attributes><attribute name="classCode" rimClassName="Act" datatype="CS" cardinality="1..1" conformance="R" mandatory="true" strength="CNE" codeSystem="ActClass" domainCode="PROC" maxLength="0" historyAllowed="false"><annotations/></attribute><attribute name="moodCode" rimClassName="Act" datatype="CS" cardinality="1..1" conformance="R" mandatory="true" strength="CNE" codeSystem="ActMood" domainCode="DEF" maxLength="0" historyAllowed="false"><annotations/></attribute><attribute name="id" rimClassName="Act" datatype="II" cardinality="0..1" conformance="" mandatory="false" maxLength="0" historyAllowed="false"><annotations/></attribute><attribute name="code" rimClassName="Act" datatype="CD" cardinality="1..1" conformance="R" mandatory="true" strength="CWE" conceptDomain="ImplantedCardiacDeviceTherapy" maxLength="0" historyAllowed="false" businessName="IEEE 1073"><annotations/></attribute><attribute name="text" rimClassName="Act" datatype="ED" cardinality="0..1" conformance="" mandatory="false" maxLength="0" historyAllowed="false"><annotations/></attribute><attribute name="activityTime" rimClassName="Act" datatype="TS" cardinality="0..1" conformance="" mandatory="false" maxLength="0" historyAllowed="false"><annotations/></attribute></attributes></class><class name="PatientObservation" type="Act" rimName="Observation"><graphics shapeId="Sheet.17" width="3.704638671375" height="1.44936433792451" x="2.67731933568755" y="5.15500000000027" flipX="FALSE" flipY="FALSE" autoWidth="0" autoHeight="1"/><annotations/><attributes><attribute name="classCode" rimClassName="Act" datatype="CS" cardinality="1..1" conformance="R" mandatory="true" strength="CNE" codeSystem="ActClass" domainCode="OBS" maxLength="0" historyAllowed="false"><annotations/></attribute><attribute name="moodCode" rimClassName="Act" datatype="CS" cardinality="1..1" conformance="R" mandatory="true" strength="CNE" codeSystem="ActMood" domainCode="DEF" maxLength="0" historyAllowed="false"><annotations/></attribute><attribute name="id" rimClassName="Act" datatype="II" cardinality="0..1" conformance="" mandatory="false" maxLength="0" historyAllowed="false"><annotations/></attribute><attribute name="code" rimClassName="Act" datatype="CD" cardinality="1..1" conformance="R" mandatory="true" strength="CWE" conceptDomain="CardiacDevicePatientObservationType" maxLength="0" historyAllowed="false"><annotations/></attribute><attribute name="text" rimClassName="Act" datatype="ED" cardinality="0..1" conformance="" mandatory="false" maxLength="0" historyAllowed="false"><annotations/></attribute><attribute name="effectiveTime" rimClassName="Act" datatype="IVL&lt;TS&gt;" cardinality="0..1" conformance="" mandatory="false" maxLength="0" historyAllowed="false"><annotations/></attribute><attribute name="value" rimClassName="Observation" datatype="ANY" cardinality="0..1" conformance="" mandatory="false" strength="CWE" conceptDomain="ObservationValue" maxLength="0" historyAllowed="false"><annotations/></attribute><attribute name="interpretationCode" rimClassName="Observation" datatype="CD" cardinality="0..1" conformance="" mandatory="false" strength="CNE" conceptDomain="ObservationInterpretationNormality" maxLength="0" historyAllowed="false"><annotations/></attribute></attributes><associations><association name="device" beginX="4.52963867137505" beginY="5.29993643379272" endX="4.52963867137505" endY="5.29993643379272" target="Device2" targetShapeId="Sheet.90" rimTarget="Act" rimName="participation" source="PatientObservation" cardinality="0..1" required="-1" mandatory="0" blocked="0" businessName=""><annotations/></association></associations></class><class name="Device2" type="Participation" rimName="Participation"><graphics shapeId="Sheet.90" width="1.70284057920638" height="0.569853881328207" x="5.38105896097824" y="5.29496821689636" beginX="4.52963867137505" beginY="5.29993643379272" endX="5.19233688943437" endY="5.29" arrowWidth="30 in."/><annotations/><attributes><attribute name="typeCode" rimClassName="Participation" datatype="CS" cardinality="1..1" conformance="R" mandatory="true" strength="CNE" codeSystem="ParticipationType" domainCode="DEV" maxLength="0" historyAllowed="false"><annotations/></attribute><attribute name="contextControlCode" rimClassName="Participation" datatype="CS" cardinality="0..1" conformance="" mandatory="false" strength="CNE" codeSystem="C:ContextControl" default="OP" maxLength="0" historyAllowed="false"><annotations/></attribute></attributes><associations><association name="patientObservation" beginX="4.52963867137505" beginY="5.29993643379272" endX="4.52963867137505" endY="5.29993643379272" target="PatientObservation" targetShapeId="Sheet.17" rimTarget="Participation" rimName="act" source="Device2" cardinality="" required="0" mandatory="0" blocked="-1" businessName=""><annotations/></association><association name="productListed" beginX="5.19233688943437" beginY="5.29" endX="5.19233688943437" endY="5.29" target="R_ProductListedUniversal" targetShapeId="Sheet.6" rimTarget="Participation" rimName="role" source="Device2" cardinality="1..1" required="-1" mandatory="0" blocked="0" businessName=""><annotations/></association></associations></class><class name="R_ProductListedUniversal" cmetId="POCP_MT010100UV01" cmetType="Role(Performed only)" attLevel="universal" domain="RoleClass" mnemonic="ROL" type="CMET" rimName="RoleHeir" id="POCP_MT010100UV01"><graphics shapeId="Sheet.6" width="1.61532622113126" height="3.7" x="6" y="4.55" flipX="FALSE" flipY="FALSE" autoWidth="0" autoHeight="0"/><annotations/><notes><Note name="Sheet.12" type="Note" noteType="Note"><graphics shapeId="Sheet.12" connectedShape="Sheet.6" x="5.97741970536111" y="3.8" width="1.18575158316688" height="0.5" beginX="0.592875791583442" beginY="0.25" endX="1.42311919678797" endY="-0.110000000000001"/><annotations/><notes><text>Device or part thereof,
e.g. for specific lead.</text></notes></Note></notes><associations><association name="subjectOf" beginX="5.19233688943437" beginY="3.07" endX="5.19233688943437" endY="3.07" target="Subject2" targetShapeId="Sheet.84" rimTarget="Role" rimName="participation" source="R_ProductListedUniversal" cardinality="" required="0" mandatory="0" blocked="-1" businessName=""><annotations/></association><association name="deviceOf" beginX="5.19233688943437" beginY="5.29" endX="5.19233688943437" endY="5.29" target="Device2" targetShapeId="Sheet.90" rimTarget="Role" rimName="participation" source="R_ProductListedUniversal" cardinality="" required="0" mandatory="0" blocked="-1" businessName=""><annotations/></association></associations></class><class name="Subject2" type="Participation" rimName="Participation"><graphics shapeId="Sheet.84" width="1.70284057920638" height="0.569853881328207" x="5.39587829666574" y="3.05532012652759" beginX="4.54445800706255" beginY="3.04064025305518" endX="5.19233688943437" endY="3.07" arrowWidth="30 in."/><annotations/><attributes><attribute name="typeCode" rimClassName="Participation" datatype="CS" cardinality="1..1" conformance="R" mandatory="true" strength="CNE" codeSystem="ParticipationType" domainCode="SBJ" maxLength="0" historyAllowed="false"><annotations/></attribute><attribute name="contextControlCode" rimClassName="Participation" datatype="CS" cardinality="0..1" conformance="" mandatory="false" strength="CNE" codeSystem="C:ContextControl" default="OP" maxLength="0" historyAllowed="false"><annotations/></attribute></attributes><associations><association name="deviceObservation" beginX="4.54445800706255" beginY="3.04064025305518" endX="4.54445800706255" endY="3.04064025305518" target="DeviceObservation" targetShapeId="Sheet.35" rimTarget="Participation" rimName="act" source="Subject2" cardinality="" required="0" mandatory="0" blocked="-1" businessName=""><annotations/></association><association name="productListed" beginX="5.19233688943437" beginY="3.07" endX="5.19233688943437" endY="3.07" target="R_ProductListedUniversal" targetShapeId="Sheet.6" rimTarget="Participation" rimName="role" source="Subject2" cardinality="1..1" required="-1" mandatory="0" blocked="0" businessName=""><annotations/></association></associations></class><class name="DeviceObservation" type="Act" rimName="Observation"><graphics shapeId="Sheet.35" width="3.7194580070625" height="1.58305100833548" x="2.6847290035313" y="3.51555555555582" flipX="FALSE" flipY="FALSE" autoWidth="0" autoHeight="1"/><annotations/><attributes><attribute name="classCode" rimClassName="Act" datatype="CS" cardinality="1..1" conformance="R" mandatory="true" strength="CNE" codeSystem="ActClass" domainCode="OBS" maxLength="0" historyAllowed="false"><annotations/></attribute><attribute name="moodCode" rimClassName="Act" datatype="CS" cardinality="1..1" conformance="R" mandatory="true" strength="CNE" codeSystem="ActMood" domainCode="DEF" maxLength="0" historyAllowed="false"><annotations/></attribute><attribute name="code" rimClassName="Act" datatype="CD" cardinality="1..1" conformance="R" mandatory="true" strength="CWE" conceptDomain="CardiacDeviceSelfObservationType" maxLength="0" historyAllowed="false" businessName="IEEE1073"><annotations/></attribute><attribute name="text" rimClassName="Act" datatype="ED" cardinality="0..1" conformance="" mandatory="false" maxLength="0" historyAllowed="false"><annotations/></attribute><attribute name="effectiveTime" rimClassName="Act" datatype="IVL&lt;TS&gt;" cardinality="0..1" conformance="" mandatory="false" maxLength="0" historyAllowed="false"><annotations/></attribute><attribute name="value" rimClassName="Observation" datatype="ANY" cardinality="0..1" conformance="" mandatory="false" strength="CWE" conceptDomain="ObservationValue" maxLength="0" historyAllowed="false"><annotations/></attribute><attribute name="interpretationCode" rimClassName="Observation" datatype="CD" cardinality="0..1" conformance="" mandatory="false" strength="CNE" conceptDomain="ObservationInterpretationNormality" maxLength="0" historyAllowed="false"><annotations/></attribute><attribute name="methodCode" rimClassName="Observation" datatype="CD" cardinality="0..1" conformance="" mandatory="false" strength="CWE" conceptDomain="ObservationMethod" maxLength="0" historyAllowed="false" businessName="IEEE 1073"><annotations/></attribute></attributes><associations><association name="subject" beginX="4.54445800706255" beginY="3.04064025305518" endX="4.54445800706255" endY="3.04064025305518" target="Subject2" targetShapeId="Sheet.84" rimTarget="Act" rimName="participation" source="DeviceObservation" cardinality="0..1" required="-1" mandatory="0" blocked="0" businessName=""><annotations/></association></associations></class><class name="Component1" type="ActRelationshipR" rimName="ActRelationship"><graphics shapeId="Sheet.50" width="2.11374450987044" height="1.89908964436849" x="2.28778320282505" y="3.5403333333336" beginX="2.28778320282505" beginY="2.60000000000026" endX="0.70000000000005" endY="3.5403333333336" arrowWidth="66 in."/><annotations/><attributes><attribute name="typeCode" rimClassName="ActRelationship" datatype="CS" cardinality="1..1" conformance="R" mandatory="true" strength="CNE" codeSystem="ActRelationshipType" domainCode="COMP" maxLength="0" historyAllowed="false"><annotations/></attribute><attribute name="contextControlCode" rimClassName="ActRelationship" datatype="CS" cardinality="0..1" conformance="" mandatory="false" strength="CNE" codeSystem="C:ContextControl" default="AP" maxLength="0" historyAllowed="false"><annotations/></attribute><attribute name="contextConductionInd" rimClassName="ActRelationship" datatype="BL" cardinality="0..1" conformance="" mandatory="false" default="true" maxLength="0" historyAllowed="false"><annotations/></attribute><attribute name="sequenceNumber" rimClassName="ActRelationship" datatype="INT.NONNEG" cardinality="0..1" conformance="" mandatory="false" maxLength="0" historyAllowed="false"><annotations/></attribute><attribute name="priorityNumber" rimClassName="ActRelationship" datatype="INT" cardinality="0..1" conformance="" mandatory="false" maxLength="0" historyAllowed="false"><annotations/></attribute></attributes><associations><association name="choice" beginX="2.28778320282505" beginY="2.60000000000026" endX="2.28778320282505" endY="2.60000000000026" target="Choice" targetShapeId="Sheet.82" rimTarget="ActRelationship" rimName="source" source="Component1" cardinality="" required="0" mandatory="0" blocked="-1" businessName=""><annotations/></association><association name="choice" beginX="0.70000000000005" beginY="3.5403333333336" endX="0.70000000000005" endY="3.5403333333336" target="Choice" targetShapeId="Sheet.82" rimTarget="ActRelationship" rimName="target" source="Component1" cardinality="1..1" required="0" mandatory="0" blocked="0" businessName=""><annotations/></association></associations></class><class name="ControlVariable1" type="ActRelationship" rimName="ActRelationship"><graphics shapeId="Sheet.69" width="0.736149327922229" height="2.11987854307357" x="3.61283352305801" y="7.66974133062805" beginX="3.4786206049438" beginY="7.30166666666693" endX="3.74704644117222" endY="7.83270568637405" arrowWidth="66 in."/><annotations/><attributes><attribute name="typeCode" rimClassName="ActRelationship" datatype="CS" cardinality="1..1" conformance="R" mandatory="true" strength="CNE" codeSystem="ActRelationshipType" domainCode="CTRLV" maxLength="0" historyAllowed="false"><annotations/></attribute><attribute name="contextControlCode" rimClassName="ActRelationship" datatype="CS" cardinality="0..1" conformance="" mandatory="false" strength="CNE" codeSystem="C:ContextControl" default="AN" maxLength="0" historyAllowed="false"><annotations/></attribute><attribute name="contextConductionInd" rimClassName="ActRelationship" datatype="BL" cardinality="0..1" conformance="" mandatory="false" default="false" maxLength="0" historyAllowed="false"><annotations/></attribute></attributes><associations><association name="choice" beginX="3.4786206049438" beginY="7.30166666666693" endX="3.4786206049438" endY="7.30166666666693" target="Choice" targetShapeId="Sheet.82" rimTarget="ActRelationship" rimName="source" source="ControlVariable1" cardinality="" required="0" mandatory="0" blocked="-1" businessName=""><annotations/></association><association name="deviceSetting" beginX="3.74704644117222" beginY="7.83270568637405" endX="3.74704644117222" endY="7.83270568637405" target="DeviceSetting" targetShapeId="Sheet.2" rimTarget="ActRelationship" rimName="target" source="ControlVariable1" cardinality="1..1" required="0" mandatory="0" blocked="0" businessName=""><annotations/></association></associations></class><entryPoint entryClass="ActDefinition" name="A_DeviceActDefinitionInVivoImplanted" type="EntryPoint" id="POCP_RM070200UV"><graphics shapeId="Sheet.75" connectedShape="Sheet.21" width="3.94056785039236" height="1.70014440511068" beginX="7.2" beginY="8.95" endX="7.29279093931266" endY="8.65"/><annotations/><notes><text>Description: Description of the actions. i.e., observations and interventions (procedures), that a device performs when it operates. This model is based on use cases from implantable cardiac devices, including pacemakers, implantable cardioverter defibrillators (ICDs), cardiac resynchronization therapy (CRT) devices, and implantable sensors. In addition to providing pacing and cardioversion or defibrillation therapy (Procedure), and keeping a retrievable record about some of the interventions delivered by the device, these devices also produce observations about the patient (e.g. heart rate, arrythmia episodes) and about the device itself (e.g., battery status). Property-contextConductionStyle: C </text></notes></entryPoint></page></pages></hl7model>
