<?xml version="1.0"?>
<hl7model rendered="4/17/2014 3:16:04 PM" datatypesRelease="R2"><pages><page name="POCP_RM050100UV" width="11" height="9.2"><entryPoint entryClass="ProductInformation" name="A_ProductInformation" type="EntryPoint" id="POCP_RM050100UV"><graphics shapeId="Sheet.23" connectedShape="Sheet.106" width="1.93916785649588" height="0.766814632161459" beginX="2.7" beginY="8.6" endX="3.89999999999998" endY="9.14124962700739"/><annotations/><notes><text>Description Property-contextConductionStyle: C </text></notes></entryPoint><class name="ProductInformation" type="Choice" rimName="Act"><graphics shapeId="Sheet.106" width="6.96509331797223" height="9.08923851860896" x="7.3825466589861" y="4.59663036770291" flipX="GUARD(FALSE)" flipY="GUARD(FALSE)" vertical="1" autoWidth="1" autoHeight="1"/><annotations/><children><childClass name="Document" shapeId="Sheet.185"/><childClass name="AdditionalInformation" shapeId="Sheet.84"/><childClass name="Characteristics" shapeId="Sheet.216"/><childClass name="Storage" shapeId="Sheet.141"/></children><associations><association name="subjectOf" beginX="3.89999999999998" beginY="7.3234019232856" endX="3.89999999999998" endY="7.3234019232856" target="Subject" targetShapeId="Sheet.108" rimTarget="Act" rimName="inboundRelationship" source="ProductInformation" cardinality="0..*" required="0" mandatory="0" blocked="0" businessName=""><annotations/></association></associations></class><class name="Document" type="Act" rimName="Document"><graphics shapeId="Sheet.185" width="3.7" height="1.8496723008859" x="5.87499999999998" y="7.96641347656444" flipX="FALSE" flipY="FALSE" autoWidth="0" autoHeight="1"/><description>A detailed reference to a document that records information about the product, or that provides additional details of a production, transportation, or investigation act. This may be a reference to a Structured Product Label which specifies the information from which this product had been identified or from where the information had been cited.</description><annotations><description>A detailed reference to a document that records information about the product, or that provides additional details of a production, transportation, or investigation act. This may be a reference to a Structured Product Label which specifies the information from which this product had been identified or from where the information had been cited.</description></annotations><attributes><attribute name="classCode" rimClassName="Act" datatype="CS" cardinality="1..1" conformance="R" mandatory="true" strength="CNE" codeSystem="ActClass" domainCode="DOC" maxLength="0" historyAllowed="false"><description>The value provided, ACT, indicates that the activity type is a document [from ICSR]</description><annotations><description>The value provided, ACT, indicates that the activity type is a document [from ICSR]</description></annotations></attribute><attribute name="moodCode" rimClassName="Act" datatype="CS" cardinality="1..1" conformance="R" mandatory="true" strength="CNE" codeSystem="ActMood" domainCode="EVN" maxLength="0" historyAllowed="false"><description>The value provided, EVN, indicates that the document in question already exists. [from ICSR]</description><annotations><description>The value provided, EVN, indicates that the document in question already exists. [from ICSR]</description></annotations></attribute><attribute name="id" rimClassName="Act" datatype="II" cardinality="0..1" conformance="" mandatory="false" maxLength="0" historyAllowed="false" businessName="Monograph Id"><description>An identifier for the document, e.g., bill of lading ID, product label id.</description><annotations><description>An identifier for the document, e.g., bill of lading ID, product label id.</description></annotations></attribute><attribute name="code" rimClassName="Act" datatype="CD" cardinality="0..1" conformance="" mandatory="false" strength="CWE" conceptDomain="DocumentType" maxLength="0" historyAllowed="false"><description>A coded indication of the document type.</description><annotations><description>A coded indication of the document type.</description></annotations></attribute><attribute name="title" rimClassName="Act" datatype="ED" cardinality="0..1" conformance="" mandatory="false" maxLength="0" historyAllowed="false"><description>The title of the document.</description><annotations><description>The title of the document.</description></annotations></attribute><attribute name="text" rimClassName="Act" datatype="ED" cardinality="0..1" conformance="" mandatory="false" maxLength="0" historyAllowed="false" businessName="Monograph Content"><description>A representation of the document, or of its included text.  In case of a document reference, this attribute must not be used. Structured product labels are cited by reference using the id, and possibly setId and versionNumber, not by including any text here.</description><annotations><description>A representation of the document, or of its included text.  In case of a document reference, this attribute must not be used. Structured product labels are cited by reference using the id, and possibly setId and versionNumber, not by including any text here.</description></annotations></attribute><attribute name="effectiveTime" rimClassName="Act" datatype="IVL&lt;TS&gt;" cardinality="0..1" conformance="" mandatory="false" maxLength="0" historyAllowed="false" businessName="Monograph Effective/Expiry Date"><description>Document origination time, i.e., a timestamp specifying when the document was created and optionally a high boundary indicating when the information seizes to be effective.</description><annotations><description>Document origination time, i.e., a timestamp specifying when the document was created and optionally a high boundary indicating when the information seizes to be effective.</description></annotations></attribute><attribute name="confidentialityCode" rimClassName="Act" datatype="CD" cardinality="0..1" conformance="" mandatory="false" strength="CWE" conceptDomain="Confidentiality" maxLength="0" historyAllowed="false"><description>Specify "B" for excluding this document from public data.</description><annotations><description>Specify "B" for excluding this document from public data.</description></annotations></attribute><attribute name="languageCode" rimClassName="Act" datatype="CD" cardinality="0..1" conformance="R" mandatory="false" strength="CWE" conceptDomain="HumanLanguage" maxLength="0" historyAllowed="false"><description>A code specifying the human language of character data in the product labeling document (whether in contents or attribute values). The values of the attribute are language identifiers as defined by the IETF (Internet Engineering Task Force) RFC 3066: Tags for the Identification of Languages, ed. H. Alvestrand, 1995 (http://www.ietf.org/rfc/rfc3066.txt), which obsoletes RFC 1766. Language is a contextual component of SPL, where the value expressed in the header holds true for the entire document, unless overridden by a nested value. [from SPL]</description><annotations><description>A code specifying the human language of character data in the product labeling document (whether in contents or attribute values). The values of the attribute are language identifiers as defined by the IETF (Internet Engineering Task Force) RFC 3066: Tags for the Identification of Languages, ed. H. Alvestrand, 1995 (http://www.ietf.org/rfc/rfc3066.txt), which obsoletes RFC 1766. Language is a contextual component of SPL, where the value expressed in the header holds true for the entire document, unless overridden by a nested value. [from SPL]</description></annotations></attribute><attribute name="setId" rimClassName="ContextStructure" datatype="II" cardinality="0..1" conformance="" mandatory="false" maxLength="0" historyAllowed="false"><description>An optional globally-unique identifier, that remains constant across all document revisions that derive from a common original document.</description><annotations><description>An optional globally-unique identifier, that remains constant across all document revisions that derive from a common original document.</description></annotations></attribute><attribute name="versionNumber" rimClassName="ContextStructure" datatype="ST" cardinality="0..1" conformance="" mandatory="false" maxLength="0" historyAllowed="false"><description>An optional version number is incremented for each subsequent version of a document. For example, an original document is the first version of a document, and gets a new globally unique "id" value; it can also contain a new value for "setId" and a value of "versionNumber" set to equal "1".</description><annotations><description>An optional version number is incremented for each subsequent version of a document. For example, an original document is the first version of a document, and gets a new globally unique "id" value; it can also contain a new value for "setId" and a value of "versionNumber" set to equal "1".</description></annotations></attribute><attribute name="bibliographicDesignationText" rimClassName="Document" datatype="ED" cardinality="0..1" conformance="" mandatory="false" maxLength="0" historyAllowed="false"><description>The complete bibliographic designation, e.g. citation as it would appear in a literature reference list.</description><annotations><description>The complete bibliographic designation, e.g. citation as it would appear in a literature reference list.</description></annotations></attribute></attributes><associations><association name="subject" beginX="4.02499999999998" beginY="8.33634793674162" endX="4.02499999999998" endY="8.33634793674162" target="Subject" targetShapeId="Sheet.108" rimTarget="Act" rimName="outboundRelationship" source="Document" cardinality="" required="0" mandatory="0" blocked="-1" businessName=""><annotations/></association><association name="author" beginX="7.72499999999998" beginY="8.15138070665303" endX="7.72499999999998" endY="8.15138070665303" target="Author1" targetShapeId="Sheet.36" rimTarget="Act" rimName="participation" source="Document" cardinality="0..1" required="-1" mandatory="0" blocked="0" businessName=""><annotations/></association></associations></class><class name="Subject" type="ActRelationshipR" rimName="ActRelationship"><graphics shapeId="Sheet.108" width="1.17012955015365" height="1.43837102566306" x="4.02499999999998" y="7.3234019232856" beginX="4.02499999999998" beginY="8.33634793674162" endX="3.89999999999998" endY="7.3234019232856" arrowWidth="66 in."/><description>Links any of these product informations with the document which contains them. The document would then usually be specified as a brief reference. This allows keeping track of product detail provided by different versions of the product documentation.</description><annotations><description>Links any of these product informations with the document which contains them. The document would then usually be specified as a brief reference. This allows keeping track of product detail provided by different versions of the product documentation.</description></annotations><attributes><attribute name="typeCode" rimClassName="ActRelationship" datatype="CS" cardinality="1..1" conformance="R" mandatory="true" strength="CNE" codeSystem="ActRelationshipType" domainCode="SUBJ" maxLength="0" historyAllowed="false"><description>Fixed to SUBJ (subject)</description><annotations><description>Fixed to SUBJ (subject)</description></annotations></attribute></attributes><associations><association name="document" beginX="4.02499999999998" beginY="8.33634793674162" endX="4.02499999999998" endY="8.33634793674162" target="Document" targetShapeId="Sheet.185" rimTarget="ActRelationship" rimName="source" source="Subject" cardinality="1..1" required="0" mandatory="0" blocked="0" businessName=""><annotations/></association><association name="productInformation" beginX="3.89999999999998" beginY="7.3234019232856" endX="3.89999999999998" endY="7.3234019232856" target="ProductInformation" targetShapeId="Sheet.106" rimTarget="ActRelationship" rimName="target" source="Subject" cardinality="" required="0" mandatory="0" blocked="-1" businessName=""><annotations/></association></associations></class><class name="Author1" type="Participation" rimName="Participation"><graphics shapeId="Sheet.36" width="1.23333526914779" height="0.303226358989676" x="8.34166763457388" y="8.07569035332651" beginX="7.72499999999998" beginY="8.15138070665303" endX="8.38454391377766" endY="8" arrowWidth="66 in."/><description>The author of the product document.</description><annotations><description>The author of the product document.</description></annotations><attributes><attribute name="typeCode" rimClassName="Participation" datatype="CS" cardinality="1..1" conformance="R" mandatory="true" strength="CNE" codeSystem="ParticipationType" domainCode="AUT" maxLength="0" historyAllowed="false"><description>Fixed to AUT.</description><annotations><description>Fixed to AUT.</description></annotations></attribute></attributes><associations><association name="document" beginX="7.72499999999998" beginY="8.15138070665303" endX="7.72499999999998" endY="8.15138070665303" target="Document" targetShapeId="Sheet.185" rimTarget="Participation" rimName="act" source="Author1" cardinality="" required="0" mandatory="0" blocked="-1" businessName=""><annotations/></association><association name="productRelatedAssignedEntity" beginX="8.38454391377766" beginY="8" endX="8.38454391377766" endY="8" target="R_ProductRelatedAssignedEntityUniversal" targetShapeId="Sheet.30" rimTarget="Participation" rimName="role" source="Author1" cardinality="1..1" required="-1" mandatory="0" blocked="0" businessName=""><annotations/></association></associations></class><class name="R_ProductRelatedAssignedEntityUniversal" cmetId="POCP_MT030100UV01" cmetType="Role(Performed only)" attLevel="universal" domain="RoleClass" mnemonic="ASSIGNED" type="CMET" rimName="RoleHeir" id="POCP_MT030100UV01"><graphics shapeId="Sheet.30" width="1.97568213872244" height="1" x="9.37238498313888" y="8.3" flipX="FALSE" flipY="FALSE" autoWidth="1" autoHeight="0"/><annotations/><associations><association name="origination" beginX="8.38454391377766" beginY="8" endX="8.38454391377766" endY="8" target="Author1" targetShapeId="Sheet.36" rimTarget="Role" rimName="participation" source="R_ProductRelatedAssignedEntityUniversal" cardinality="" required="0" mandatory="0" blocked="-1" businessName=""><annotations/></association><association name="custodianship" beginX="9.6" beginY="3.59" endX="9.6" endY="3.59" target="Custodian" targetShapeId="Sheet.204" rimTarget="Role" rimName="participation" source="R_ProductRelatedAssignedEntityUniversal" cardinality="" required="0" mandatory="0" blocked="-1" businessName=""><annotations/></association></associations></class><class name="Custodian" type="Participation" rimName="Participation"><graphics shapeId="Sheet.204" width="1.23333526914779" height="0.303226358989676" x="9.924331280644" y="3.51492338799564" beginX="9.3076636460701" beginY="3.43984677599127" endX="9.6" endY="3.59" arrowWidth="66 in."/><description>The organization that runs the monitoring program.</description><annotations><description>The organization that runs the monitoring program.</description></annotations><attributes><attribute name="typeCode" rimClassName="Participation" datatype="CS" cardinality="1..1" conformance="R" mandatory="true" strength="CNE" codeSystem="ParticipationType" domainCode="CST" maxLength="0" historyAllowed="false"><annotations/></attribute></attributes><associations><association name="monitoringProgram" beginX="9.3076636460701" beginY="3.43984677599127" endX="9.3076636460701" endY="3.43984677599127" target="MonitoringProgram" targetShapeId="Sheet.90" rimTarget="Participation" rimName="act" source="Custodian" cardinality="" required="0" mandatory="0" blocked="-1" businessName=""><annotations/></association><association name="productRelatedAssignedEntity" beginX="9.6" beginY="3.59" endX="9.6" endY="3.59" target="R_ProductRelatedAssignedEntityUniversal" targetShapeId="Sheet.198" rimTarget="Participation" rimName="role" source="Custodian" cardinality="1..1" required="-1" mandatory="0" blocked="0" businessName=""><annotations/></association></associations></class><class name="MonitoringProgram" type="Act" rimName="ActHeir"><graphics shapeId="Sheet.90" width="2.3419232865903" height="1.0534842597114" x="8.13670200277495" y="3.75589205390469" flipX="FALSE" flipY="FALSE" autoWidth="0" autoHeight="0"/><description>Indicates a particular monitoring or reporting program to which the drug is subject. Note that monitoring programs are also included in the Policy class. The two classes exist because of different heritage from different source models joined together in the Common Product Model.</description><annotations><description>Indicates a particular monitoring or reporting program to which the drug is subject. Note that monitoring programs are also included in the Policy class. The two classes exist because of different heritage from different source models joined together in the Common Product Model.</description></annotations><attributes><attribute name="classCode" rimClassName="Act" datatype="CS" cardinality="1..1" conformance="R" mandatory="true" strength="CNE" codeSystem="ActClass" domainCode="MPROT" maxLength="0" historyAllowed="false"><annotations/></attribute><attribute name="moodCode" rimClassName="Act" datatype="CS" cardinality="1..1" conformance="R" mandatory="true" strength="CNE" codeSystem="ActMood" domainCode="EVN" maxLength="0" historyAllowed="false"><annotations/></attribute><attribute name="code" rimClassName="Act" datatype="CD" cardinality="1..1" conformance="R" mandatory="true" strength="CWE" conceptDomain="ActCode" maxLength="0" historyAllowed="false"><description>A coded indication of the type of monitoring program.</description><annotations><description>A coded indication of the type of monitoring program.</description></annotations></attribute><attribute name="title" rimClassName="Act" datatype="ST" cardinality="0..1" conformance="R" mandatory="false" maxLength="0" historyAllowed="false" businessName="Program Name"><description>The name of the monitoring program.</description><annotations><description>The name of the monitoring program.</description></annotations></attribute></attributes><associations><association name="custodian" beginX="9.3076636460701" beginY="3.43984677599127" endX="9.3076636460701" endY="3.43984677599127" target="Custodian" targetShapeId="Sheet.204" rimTarget="Act" rimName="participation" source="MonitoringProgram" cardinality="0..1" required="-1" mandatory="0" blocked="0" businessName=""><annotations/></association></associations></class><class name="Management" type="Choice" rimName="Act"><graphics shapeId="Sheet.80" width="5.25175401675697" height="1.42848425971138" x="6.77587700837847" y="3.83089205390469" flipX="GUARD(FALSE)" flipY="GUARD(FALSE)" vertical="0" autoWidth="1" autoHeight="1"/><description>A choice of acts mostly defined for the purpose of laying out the model.</description><annotations><description>A choice of acts mostly defined for the purpose of laying out the model.</description></annotations><children><childClass name="MarketingAct" shapeId="Sheet.94"/><childClass name="MonitoringProgram" shapeId="Sheet.90"/></children></class><class name="MarketingAct" type="Act" rimName="ActHeir"><graphics shapeId="Sheet.94" width="2.56574035947982" height="1.04948276869978" x="5.55787017973989" y="3.75589205390469" flipX="FALSE" flipY="FALSE" autoWidth="1" autoHeight="1"/><description>Specifies if and when the product is marketed.</description><annotations><description>Specifies if and when the product is marketed.</description></annotations><attributes><attribute name="classCode" rimClassName="Act" datatype="CS" cardinality="1..1" conformance="R" mandatory="true" strength="CNE" codeSystem="ActClass" domainCode="ACT" maxLength="0" historyAllowed="false"><description>Fixed to ACT.</description><annotations><description>Fixed to ACT.</description></annotations></attribute><attribute name="moodCode" rimClassName="Act" datatype="CS" cardinality="1..1" conformance="R" mandatory="true" strength="CNE" codeSystem="ActMood" domainCode="EVN" maxLength="0" historyAllowed="false"><description>Fixed to EVN.</description><annotations><description>Fixed to EVN.</description></annotations></attribute><attribute name="code" rimClassName="Act" datatype="CD" cardinality="0..1" conformance="" mandatory="false" strength="CWE" conceptDomain="MarketingActivityActType" maxLength="0" historyAllowed="false"><description>A coded indication of the type of marketing act. There may only be one such code in use for "marketing" in general, or potentially different codes may be used to circumscribe more specifically what marketing actions are included and how that affects the interpretation of the marketing status and date.</description><annotations><description>A coded indication of the type of marketing act. There may only be one such code in use for "marketing" in general, or potentially different codes may be used to circumscribe more specifically what marketing actions are included and how that affects the interpretation of the marketing status and date.</description></annotations></attribute><attribute name="statusCode" rimClassName="Act" datatype="CS" cardinality="0..1" conformance="" mandatory="false" strength="CNE" valueSet="ActStatus" maxLength="0" historyAllowed="false" businessName="active: currently marketed, complete: withdrawn"><description>The status of the marketing activity, i.e., product is actively marketed (active), product has been withdrawn from the market (aborted).</description><annotations><description>The status of the marketing activity, i.e., product is actively marketed (active), product has been withdrawn from the market (aborted).</description></annotations></attribute><attribute name="effectiveTime" rimClassName="Act" datatype="IVL&lt;TS&gt;" cardinality="0..1" conformance="" mandatory="false" maxLength="0" historyAllowed="false"><description>Time range (start - end) in which a product was marketed.</description><annotations><description>Time range (start - end) in which a product was marketed.</description></annotations></attribute></attributes><associations><association name="location" beginX="4.27499999999998" beginY="3.86084033077467" endX="4.27499999999998" endY="3.86084033077467" target="Location" targetShapeId="Sheet.117" rimTarget="Act" rimName="participation" source="MarketingAct" cardinality="0..*" required="0" mandatory="0" blocked="0" businessName=""><annotations/></association><association name="coverage" beginX="5.04472210784393" beginY="4.28063343825459" endX="5.04472210784393" endY="4.28063343825459" target="Coverage" targetShapeId="Sheet.155" rimTarget="Act" rimName="outboundRelationship" source="MarketingAct" cardinality="0..*" required="0" mandatory="0" blocked="0" businessName=""><annotations/></association></associations></class><class name="Location" type="Participation" rimName="Participation"><graphics shapeId="Sheet.117" width="1.23957611387435" height="0.303226358989676" x="3.65521194306281" y="3.9317730570974" beginX="4.27499999999998" beginY="3.86084033077467" endX="3.65" endY="4.00270578342014" arrowWidth="66 in."/><description>Links the MarketingAct with the region in which the product is being marketed.</description><annotations><description>Links the MarketingAct with the region in which the product is being marketed.</description></annotations><attributes><attribute name="typeCode" rimClassName="Participation" datatype="CS" cardinality="1..1" conformance="R" mandatory="true" strength="CNE" codeSystem="ParticipationType" domainCode="LOC" maxLength="0" historyAllowed="false"><annotations/></attribute></attributes><associations><association name="marketingAct" beginX="4.27499999999998" beginY="3.86084033077467" endX="4.27499999999998" endY="3.86084033077467" target="MarketingAct" targetShapeId="Sheet.94" rimTarget="Participation" rimName="act" source="Location" cardinality="" required="0" mandatory="0" blocked="-1" businessName=""><annotations/></association><association name="role" beginX="3.65" beginY="4.00270578342014" endX="3.65" endY="4.00270578342014" target="Role2" targetShapeId="Sheet.70" rimTarget="Participation" rimName="role" source="Location" cardinality="1..1" required="0" mandatory="0" blocked="0" businessName=""><annotations/></association></associations></class><class name="Role2" type="Role" rimName="RoleHeir"><graphics shapeId="Sheet.70" width="1.25" height="0.85327745225695" x="3.025" y="4.17336127387153" flipX="TRUE" flipY="FALSE" autoWidth="1" autoHeight="0"/><description>A pass-through Role whose player is the territory of marketing activity.</description><annotations><description>A pass-through Role whose player is the territory of marketing activity.</description></annotations><attributes><attribute name="classCode" rimClassName="Role" datatype="CS" cardinality="1..1" conformance="R" mandatory="true" strength="CNE" codeSystem="RoleClass" domainCode="ROL" maxLength="0" historyAllowed="false"><annotations/></attribute></attributes><associations><association name="playingTerritory" beginX="3.525" beginY="3.83205029296875" endX="2.35364981111285" endY="4.70071204998723" target="Territory" targetShapeId="Sheet.42" rimTarget="Role" rimName="player" source="Role2" cardinality="1..1" required="0" mandatory="0" blocked="0" businessName=""><annotations/></association><association name="locationOf" beginX="3.65" beginY="4.00270578342014" endX="3.65" endY="4.00270578342014" target="Location" targetShapeId="Sheet.117" rimTarget="Role" rimName="participation" source="Role2" cardinality="" required="0" mandatory="0" blocked="-1" businessName=""><annotations/></association></associations></class><class name="Territory" type="Entity" rimName="Organization"><graphics shapeId="Sheet.42" width="2.27216507261458" height="0.782535211085665" x="1.21756727480556" y="4.3094444444444" flipX="FALSE" flipY="FALSE" autoWidth="1" autoHeight="1"/><description>A politically organized body of people bonded by territory, culture, or ethnicity, having sovereignty (to a certain extend) granted by other states (enclosing or neighboring states).  This includes countries (nations), provinces (e.g., one of the United States of America or a French department), counties or municipalities.  Refine using, e.g., ISO country codes, FIPS-PUB state codes, etc.</description><annotations><description>A politically organized body of people bonded by territory, culture, or ethnicity, having sovereignty (to a certain extend) granted by other states (enclosing or neighboring states).  This includes countries (nations), provinces (e.g., one of the United States of America or a French department), counties or municipalities.  Refine using, e.g., ISO country codes, FIPS-PUB state codes, etc.</description></annotations><attributes><attribute name="classCode" rimClassName="Entity" datatype="CS" cardinality="1..1" conformance="R" mandatory="true" strength="CNE" codeSystem="EntityClass" domainCode="STATE" maxLength="0" historyAllowed="false"><description>Fixed to TERR.</description><annotations><description>Fixed to TERR.</description></annotations></attribute><attribute name="determinerCode" rimClassName="Entity" datatype="CS" cardinality="1..1" conformance="R" mandatory="true" strength="CNE" codeSystem="EntityDeterminer" domainCode="INSTANCE" maxLength="0" historyAllowed="false"><description>Fixed to INSTANCE.</description><annotations><description>Fixed to INSTANCE.</description></annotations></attribute><attribute name="code" rimClassName="Entity" datatype="CD" cardinality="1..1" conformance="R" mandatory="true" strength="CWE" conceptDomain="TerritoryEntityType" maxLength="0" historyAllowed="false"><description>A code to identify the country or other relevant geographic entity, e.g., European Union.</description><annotations><description>A code to identify the country or other relevant geographic entity, e.g., European Union.</description></annotations></attribute><attribute name="name" rimClassName="Entity" datatype="TN" cardinality="0..1" conformance="" mandatory="false" maxLength="0" historyAllowed="false" businessName="country name if not coded"><description>The country name, if not coded.</description><annotations><description>The country name, if not coded.</description></annotations></attribute></attributes><associations><association name="asRole" endX="3.525" endY="3.83205029296875" beginX="2.35364981111285" beginY="4.70071204998723" target="Role2" targetShapeId="Sheet.70" rimTarget="Entity" rimName="playedRole" source="Territory" cardinality="" required="0" mandatory="0" blocked="-1" businessName=""><annotations/></association><association name="asTerritorialAuthority" endX="1.1166514139455" endY="5.04999999999998" beginX="1.21756727480556" beginY="4.70071204998723" target="TerritorialAuthority" targetShapeId="Sheet.60" rimTarget="Entity" rimName="playedRole" source="Territory" cardinality="" required="0" mandatory="0" blocked="-1" businessName=""><annotations/></association></associations></class><class name="TerritorialAuthority" type="Role" rimName="RoleHeir"><graphics shapeId="Sheet.60" width="1.35972848136024" height="0.5" x="1.6605428064896" y="5.24999999999998" flipX="FALSE" flipY="FALSE" autoWidth="1" autoHeight="0"/><description>The role provides a linkage to the agency that authors the approval, and to the territory over which that agency has jurisdiction. The purpose of this role is to allow either the Country code alone or the Agency or both to be specified as the author of approvals.</description><annotations><description>The role provides a linkage to the agency that authors the approval, and to the territory over which that agency has jurisdiction. The purpose of this role is to allow either the Country code alone or the Agency or both to be specified as the author of approvals.</description></annotations><attributes><attribute name="classCode" rimClassName="Role" datatype="CS" cardinality="1..1" conformance="R" mandatory="true" strength="CNE" codeSystem="RoleClass" domainCode="TERR" maxLength="0" historyAllowed="false"><description>The value provided, TERR, indicates that information is being passed for an entity playing the role of territorial authority, within a given sphere, for another entity. [from ICSR]</description><annotations><description>The value provided, TERR, indicates that information is being passed for an entity playing the role of territorial authority, within a given sphere, for another entity. [from ICSR]</description></annotations></attribute></attributes><associations><association name="territory" beginX="1.1166514139455" beginY="5.04999999999998" endX="1.21756727480556" endY="4.70071204998723" target="Territory" targetShapeId="Sheet.42" rimTarget="Role" rimName="player" source="TerritorialAuthority" cardinality="0..1" required="-1" mandatory="0" blocked="0" businessName=""><annotations/></association><association name="governingAgency" beginX="1.1166514139455" beginY="5.44999999999998" endX="1.86888834660418" endY="5.84067000694021" target="Agency" targetShapeId="Sheet.46" rimTarget="Role" rimName="scoper" source="TerritorialAuthority" cardinality="0..1" required="0" mandatory="0" blocked="0" businessName=""><annotations/></association><association name="origination" beginX="2.34040704716972" beginY="5.19999999999998" endX="2.34040704716972" endY="5.19999999999998" target="Author2" targetShapeId="Sheet.129" rimTarget="Role" rimName="participation" source="TerritorialAuthority" cardinality="" required="0" mandatory="0" blocked="-1" businessName=""><annotations/></association></associations></class><class name="Agency" type="Entity" rimName="Organization"><graphics shapeId="Sheet.46" width="1.8755533864167" height="1.04865998611956" x="1.4" y="6.36499999999999" flipX="FALSE" flipY="FALSE" autoWidth="0" autoHeight="1"/><description>An agency of the people of a state often assuming some authority over a certain matter. Includes government, governmental agencies, and associations. (For example the FDA approves a New Drug Application)</description><annotations><description>An agency of the people of a state often assuming some authority over a certain matter. Includes government, governmental agencies, and associations. (For example the FDA approves a New Drug Application)</description></annotations><attributes><attribute name="classCode" rimClassName="Entity" datatype="CS" cardinality="1..1" conformance="R" mandatory="true" strength="CNE" codeSystem="EntityClass" domainCode="PUB" maxLength="0" historyAllowed="false"><description>The value provided, PUB, indicates that public entity information is being passed.</description><annotations><description>The value provided, PUB, indicates that public entity information is being passed.</description></annotations></attribute><attribute name="determinerCode" rimClassName="Entity" datatype="CS" cardinality="1..1" conformance="R" mandatory="true" strength="CNE" codeSystem="EntityDeterminer" domainCode="INSTANCE" maxLength="0" historyAllowed="false"><description>The value provided, INSTANCE, indicates that the information provided refers to a specific, existing entity.</description><annotations><description>The value provided, INSTANCE, indicates that the information provided refers to a specific, existing entity.</description></annotations></attribute><attribute name="id" rimClassName="Entity" datatype="II" cardinality="0..1" conformance="R" mandatory="false" maxLength="0" historyAllowed="false"><description>A unique identifier for the organization.</description><annotations><description>A unique identifier for the organization.</description></annotations></attribute><attribute name="name" rimClassName="Entity" datatype="ON" cardinality="0..1" conformance="R" mandatory="false" maxLength="0" historyAllowed="false" businessName="e.g., the FDA for the USA"><description>A text name for the organization.  E.g., the FDA for the U.S.A.</description><annotations><description>A text name for the organization.  E.g., the FDA for the U.S.A.</description></annotations></attribute><attribute name="addr" rimClassName="Organization" datatype="AD" cardinality="0..1" conformance="" mandatory="false" maxLength="0" historyAllowed="false"><annotations/></attribute></attributes><associations><association name="territorialAuthority" endX="1.1166514139455" endY="5.44999999999998" beginX="1.86888834660418" beginY="5.84067000694021" target="TerritorialAuthority" targetShapeId="Sheet.60" rimTarget="Entity" rimName="scopedRole" source="Agency" cardinality="" required="0" mandatory="0" blocked="-1" businessName=""><annotations/></association></associations></class><class name="Author2" type="Participation" rimName="Participation"><graphics shapeId="Sheet.129" width="1.93459295283026" height="0.703179323984403" x="3.30770352358485" y="5.21148637898763" beginX="4.27499999999998" beginY="5.22297275797527" endX="2.34040704716972" endY="5.19999999999998" arrowWidth="33 in."/><description>The author of the Approval signifies the Territory (country or state) for which approval was granted, with optionally some detail about the approving Agency.</description><annotations><description>The author of the Approval signifies the Territory (country or state) for which approval was granted, with optionally some detail about the approving Agency.</description></annotations><attributes><attribute name="typeCode" rimClassName="Participation" datatype="CS" cardinality="1..1" conformance="R" mandatory="true" strength="CNE" codeSystem="ParticipationType" domainCode="AUT" maxLength="0" historyAllowed="false"><description>Fixed to AUT (author).</description><annotations><description>Fixed to AUT (author).</description></annotations></attribute><attribute name="time" rimClassName="Participation" datatype="TS" cardinality="0..1" conformance="R" mandatory="false" maxLength="0" historyAllowed="false" businessName="time approval, policy, etc. was issued"><description>The date when Approval was granted by the author.</description><annotations><description>The date when Approval was granted by the author.</description></annotations></attribute></attributes><associations><association name="approval" beginX="4.27499999999998" beginY="5.22297275797527" endX="4.27499999999998" endY="5.22297275797527" target="Approval" targetShapeId="Sheet.98" rimTarget="Participation" rimName="act" source="Author2" cardinality="" required="0" mandatory="0" blocked="-1" businessName=""><annotations/></association><association name="territorialAuthority" beginX="2.34040704716972" beginY="5.19999999999998" endX="2.34040704716972" endY="5.19999999999998" target="TerritorialAuthority" targetShapeId="Sheet.60" rimTarget="Participation" rimName="role" source="Author2" cardinality="1..1" required="-1" mandatory="0" blocked="0" businessName=""><annotations/></association></associations></class><class name="Approval" type="Act" rimName="ActHeir" businessName="Marketing Authorization"><graphics shapeId="Sheet.98" width="3.22500000000001" height="1.6214431423611" x="5.88749999999999" y="5.54726138644749" flipX="FALSE" flipY="FALSE" autoWidth="0" autoHeight="0"/><description>The authorization to manufacture and market a product or substance for a specified purpose. This may be explicit approval granted by a regulatory authority, following a product class specific process, for example, in the U.S. NDA for prescription drugs, BLA for biologics. This may also include blanket authorization granted by regulation for over the counter medicines.</description><annotations><description>The authorization to manufacture and market a product or substance for a specified purpose. This may be explicit approval granted by a regulatory authority, following a product class specific process, for example, in the U.S. NDA for prescription drugs, BLA for biologics. This may also include blanket authorization granted by regulation for over the counter medicines.</description></annotations><attributes><attribute name="classCode" rimClassName="Act" datatype="CS" cardinality="1..1" conformance="R" mandatory="true" strength="CNE" codeSystem="ActClass" domainCode="CNTRCT" maxLength="0" historyAllowed="false"><description>The approval is considered a kind of contract (CNTRCT). A contract is defined as an agreement between two or more parties that is subject to contractual law and enforcement.</description><annotations><description>The approval is considered a kind of contract (CNTRCT). A contract is defined as an agreement between two or more parties that is subject to contractual law and enforcement.</description></annotations></attribute><attribute name="moodCode" rimClassName="Act" datatype="CS" cardinality="1..1" conformance="R" mandatory="true" strength="CNE" codeSystem="ActMood" domainCode="EVN" maxLength="0" historyAllowed="false"><description>The value provided, EVN, indicates that the information provided refers to existing information.</description><annotations><description>The value provided, EVN, indicates that the information provided refers to existing information.</description></annotations></attribute><attribute name="id" rimClassName="Act" datatype="II" cardinality="0..1" conformance="R" mandatory="false" maxLength="0" historyAllowed="false" businessName="e.g., NDA number"><description>An identifer for the permission to manufacture and market a product. In the U.S. this may be an identifier arising out of one of many approval processes, such as NDA number, BLA number, etc.</description><annotations><description>An identifer for the permission to manufacture and market a product. In the U.S. this may be an identifier arising out of one of many approval processes, such as NDA number, BLA number, etc.</description></annotations></attribute><attribute name="code" rimClassName="Act" datatype="CD" cardinality="0..1" conformance="R" mandatory="false" strength="CWE" conceptDomain="ActProductApprovalType" maxLength="0" historyAllowed="false"><description>Specifies the kind of approval process followed. For example, in the U.S. this may be the NDA, BLA, IND process. Any specific or generalized approval process code can be used, including one that specifies no more than that this is an approval.</description><annotations><description>Specifies the kind of approval process followed. For example, in the U.S. this may be the NDA, BLA, IND process. Any specific or generalized approval process code can be used, including one that specifies no more than that this is an approval.</description></annotations></attribute><attribute name="statusCode" rimClassName="Act" datatype="CS" cardinality="0..1" conformance="R" mandatory="false" strength="CNE" valueSet="ActStatus" maxLength="0" historyAllowed="false" businessName=" (active: not yet approved; complete: approved; obsolete: withdrawn"><description>Tells whether approval was granted (complete) or whether the approval is presently in progress (active).  Thus, a substance or product that is not approved yet but about which an approval is in process and approval number is known can also have the Approval structure but must indicate a status of "active" in the Approval.statusCode.  A substance or product whose approval has been withdrawn would have a statusCode of "obsolete".</description><annotations><description>Tells whether approval was granted (complete) or whether the approval is presently in progress (active).  Thus, a substance or product that is not approved yet but about which an approval is in process and approval number is known can also have the Approval structure but must indicate a status of "active" in the Approval.statusCode.  A substance or product whose approval has been withdrawn would have a statusCode of "obsolete".</description></annotations></attribute><attribute name="effectiveTime" rimClassName="Act" datatype="IVL&lt;TS&gt;" cardinality="0..1" conformance="" mandatory="false" maxLength="0" historyAllowed="false"><description>The time of the approval, or time-range for which the approval is valid.</description><annotations><description>The time of the approval, or time-range for which the approval is valid.</description></annotations></attribute><attribute name="activityTime" rimClassName="Act" datatype="IVL&lt;TS&gt;" cardinality="0..1" conformance="" mandatory="false" maxLength="0" historyAllowed="false"><description>The trime when the approval process was performed low = approval process start time, high = approval process end time (completion time.)</description><annotations><description>The trime when the approval process was performed low = approval process start time, high = approval process end time (completion time.)</description></annotations></attribute><attribute name="availabilityTime" rimClassName="Act" datatype="TS" cardinality="0..1" conformance="" mandatory="false" maxLength="0" historyAllowed="false"><description>The latest time that this information was available. This resembles the "status change time" which some systems require, where "status" may be interpreted broadly: the time "as of" which the given information is valid.</description><annotations><description>The latest time that this information was available. This resembles the "status change time" which some systems require, where "status" may be interpreted broadly: the time "as of" which the given information is valid.</description></annotations></attribute></attributes><associations><association name="author" beginX="4.27499999999998" beginY="5.22297275797527" endX="4.27499999999998" endY="5.22297275797527" target="Author2" targetShapeId="Sheet.129" rimTarget="Act" rimName="participation" source="Approval" cardinality="0..*" required="-1" mandatory="0" blocked="0" businessName=""><annotations/></association><association name="holder" beginX="4.27499999999998" beginY="5.87155001491971" endX="4.27499999999998" endY="5.87155001491971" target="Holder" targetShapeId="Sheet.123" rimTarget="Act" rimName="participation" source="Approval" cardinality="0..*" required="0" mandatory="0" blocked="0" businessName=""><annotations/></association><association name="targetOf" beginX="4.27499999999998" beginY="6.19583864339193" endX="4.27499999999998" endY="6.19583864339193" target="SourceOf" targetShapeId="Sheet.189" rimTarget="Act" rimName="inboundRelationship" source="Approval" cardinality="" required="0" mandatory="0" blocked="-1" businessName=""><annotations/></association><association name="pertinentInformation" beginX="7.5" beginY="5.06082844373916" endX="7.5" endY="5.06082844373916" target="PertinentInformation" targetShapeId="Sheet.170" rimTarget="Act" rimName="outboundRelationship" source="Approval" cardinality="0..*" required="0" mandatory="0" blocked="0" businessName=""><annotations/></association><association name="coverageOf" beginX="4.91999999999999" beginY="4.73653981526694" endX="4.91999999999999" endY="4.73653981526694" target="Coverage" targetShapeId="Sheet.155" rimTarget="Act" rimName="inboundRelationship" source="Approval" cardinality="" required="0" mandatory="0" blocked="-1" businessName=""><annotations/></association><association name="replacementOf" beginX="6.20999999999999" beginY="4.73653981526694" endX="6.20999999999999" endY="4.73653981526694" target="ReplacementOf" targetShapeId="Sheet.176" rimTarget="Act" rimName="outboundRelationship" source="Approval" cardinality="" required="0" mandatory="0" blocked="-1" businessName=""><annotations/></association><association name="replacement" beginX="6.855" beginY="4.73653981526694" endX="6.855" endY="4.73653981526694" target="ReplacementOf" targetShapeId="Sheet.176" rimTarget="Act" rimName="inboundRelationship" source="Approval" cardinality="0..*" required="0" mandatory="0" blocked="0" businessName=""><annotations/></association><association name="sourceOf" beginX="6.855" beginY="6.35798295762804" endX="6.855" endY="6.35798295762804" target="SourceOf" targetShapeId="Sheet.189" rimTarget="Act" rimName="outboundRelationship" source="Approval" cardinality="0..*" required="0" mandatory="0" blocked="0" businessName=""><annotations/></association></associations></class><class name="Holder" type="Participation" rimName="Participation"><graphics shapeId="Sheet.123" width="1.23339248960677" height="0.303226358989676" x="3.6583037551966" y="5.84688611857096" beginX="4.27499999999998" beginY="5.87155001491971" endX="3.7" endY="5.82222222222221" arrowWidth="66 in."/><description>Indicates that the role player holds the approval issued by a regulatory agency.</description><annotations><description>Indicates that the role player holds the approval issued by a regulatory agency.</description></annotations><attributes><attribute name="typeCode" rimClassName="Participation" datatype="CS" cardinality="1..1" conformance="R" mandatory="true" strength="CNE" codeSystem="ParticipationType" domainCode="HLD" maxLength="0" historyAllowed="false"><description>The value provided, HLD, indicates that the associated role provides information for the holder of the authorization, i.e., the product manufacturer. [from ICSR]</description><annotations><description>The value provided, HLD, indicates that the associated role provides information for the holder of the authorization, i.e., the product manufacturer. [from ICSR]</description></annotations></attribute></attributes><associations><association name="approval" beginX="4.27499999999998" beginY="5.87155001491971" endX="4.27499999999998" endY="5.87155001491971" target="Approval" targetShapeId="Sheet.98" rimTarget="Participation" rimName="act" source="Holder" cardinality="" required="0" mandatory="0" blocked="-1" businessName=""><annotations/></association><association name="role" beginX="3.7" beginY="5.82222222222221" endX="3.7" endY="5.82222222222221" target="Role" targetShapeId="Sheet.50" rimTarget="Participation" rimName="role" source="Holder" cardinality="1..1" required="0" mandatory="0" blocked="0" businessName=""><annotations/></association></associations></class><class name="Role" type="Role" rimName="RoleHeir"><graphics shapeId="Sheet.50" width="1.3" height="1.04931952582465" x="3.05" y="6.34688198513454" flipX="TRUE" flipY="TRUE" autoWidth="0" autoHeight="0"/><description>A pass-through role connecting to the product organization as the approval holder.</description><annotations><description>A pass-through role connecting to the product organization as the approval holder.</description></annotations><attributes><attribute name="classCode" rimClassName="Role" datatype="CS" cardinality="1..1" conformance="R" mandatory="true" strength="CNE" codeSystem="RoleClass" domainCode="ROL" maxLength="0" historyAllowed="false"><annotations/></attribute><attribute name="confidentialityCode" rimClassName="Role" datatype="CD" cardinality="0..1" conformance="" mandatory="false" strength="CWE" conceptDomain="Confidentiality" maxLength="0" historyAllowed="false"><description>An indication of the level of confidentiality to be accorded to the scoping organization. B - remove from public data.</description><annotations><description>An indication of the level of confidentiality to be accorded to the scoping organization. B - remove from public data.</description></annotations></attribute></attributes><associations><association name="playingProductEstablishment" beginX="3.57" beginY="6.7666097954644" endX="0.6364320603756" endY="7.03608738267686" target="E_ProductEstablishmentUniversal" targetShapeId="Sheet.210" rimTarget="Role" rimName="player" source="Role" cardinality="1..1" required="-1" mandatory="-1" blocked="0" businessName=""><annotations/></association><association name="contractHeld" beginX="3.7" beginY="5.82222222222221" endX="3.7" endY="5.82222222222221" target="Holder" targetShapeId="Sheet.123" rimTarget="Role" rimName="participation" source="Role" cardinality="" required="0" mandatory="0" blocked="-1" businessName=""><annotations/></association></associations></class><class name="E_ProductEstablishmentUniversal" cmetId="POCP_MT030200UV" cmetType="Entity" attLevel="universal" domain="EntityClass" mnemonic="ORG" type="CMET" rimName="Organization" id="POCP_MT030200UV"><graphics shapeId="Sheet.210" width="1.51886451176931" height="0.627825234646268" x="1.24397786508333" y="7.35" flipX="FALSE" flipY="FALSE" autoWidth="1" autoHeight="1"/><annotations/><associations><association name="asRole" endX="3.57" endY="6.7666097954644" beginX="0.6364320603756" beginY="7.03608738267686" target="Role" targetShapeId="Sheet.50" rimTarget="Entity" rimName="playedRole" source="E_ProductEstablishmentUniversal" cardinality="" required="0" mandatory="0" blocked="-1" businessName=""><annotations/></association></associations></class><class name="SourceOf" type="ActRelationshipR" rimName="ActRelationship"><graphics shapeId="Sheet.189" width="3.50707794492904" height="0.720902151150173" x="6.855" y="6.19583864339193" beginX="6.855" beginY="6.35798295762804" endX="4.27499999999998" endY="6.19583864339193" arrowWidth="66 in."/><description>A relationship linking approval or marketing authorization with related possibly more detailed approval or marketing authorizations.</description><annotations><description>A relationship linking approval or marketing authorization with related possibly more detailed approval or marketing authorizations.</description></annotations><attributes><attribute name="typeCode" rimClassName="ActRelationship" datatype="CS" cardinality="1..1" conformance="R" mandatory="true" strength="CNE" conceptDomain="Ac_NotDefined" maxLength="0" historyAllowed="false" businessName="COMP,RPLC,APND,COVBY,FLFS"><description>COMP: connects to the smaller parts of the authorization process (approvals, decisions, etc.)

RPLC: connects to earlier marketing authorizations that used to apply but are now replaced by this one.

APND: connects to renewals and ammendments.

COVBY: connects to other authorizations based on which this authorization exists (e.g., NDA authorized generic, where the authorization is a derivative based on another company's NDA approval.)</description><annotations><description>COMP: connects to the smaller parts of the authorization process (approvals, decisions, etc.)

RPLC: connects to earlier marketing authorizations that used to apply but are now replaced by this one.

APND: connects to renewals and ammendments.

COVBY: connects to other authorizations based on which this authorization exists (e.g., NDA authorized generic, where the authorization is a derivative based on another company's NDA approval.)</description></annotations></attribute><attribute name="sequenceNumber" rimClassName="ActRelationship" datatype="INT.NONNEG" cardinality="0..1" conformance="" mandatory="false" maxLength="0" historyAllowed="false"><annotations/></attribute></attributes><associations><association name="approval" beginX="6.855" beginY="6.35798295762804" endX="6.855" endY="6.35798295762804" target="Approval" targetShapeId="Sheet.98" rimTarget="ActRelationship" rimName="source" source="SourceOf" cardinality="" required="0" mandatory="0" blocked="-1" businessName=""><annotations/></association><association name="approval" beginX="4.27499999999998" beginY="6.19583864339193" endX="4.27499999999998" endY="6.19583864339193" target="Approval" targetShapeId="Sheet.98" rimTarget="ActRelationship" rimName="target" source="SourceOf" cardinality="1..1" required="0" mandatory="0" blocked="0" businessName=""><annotations/></association></associations></class><class name="PertinentInformation" type="ActRelationship" rimName="ActRelationship"><graphics shapeId="Sheet.170" width="1.60493637388412" height="0.303226358989676" x="8.30246818694206" y="5.06629246612746" beginX="7.5" beginY="5.06082844373916" endX="7.625" endY="5.07175648851576" arrowWidth="66 in."/><description>Specifies a policy that is relevant to the approval act.</description><annotations><description>Specifies a policy that is relevant to the approval act.</description></annotations><attributes><attribute name="typeCode" rimClassName="ActRelationship" datatype="CS" cardinality="1..1" conformance="R" mandatory="true" strength="CNE" codeSystem="ActRelationshipType" domainCode="PERT" maxLength="0" historyAllowed="false"><annotations/></attribute></attributes><associations><association name="approval" beginX="7.5" beginY="5.06082844373916" endX="7.5" endY="5.06082844373916" target="Approval" targetShapeId="Sheet.98" rimTarget="ActRelationship" rimName="source" source="PertinentInformation" cardinality="" required="0" mandatory="0" blocked="-1" businessName=""><annotations/></association><association name="policy" beginX="7.625" beginY="5.07175648851576" endX="7.625" endY="5.07175648851576" target="Policy" targetShapeId="Sheet.166" rimTarget="ActRelationship" rimName="target" source="PertinentInformation" cardinality="1..1" required="0" mandatory="0" blocked="0" businessName=""><annotations/></association></associations></class><class name="Policy" type="Act" rimName="ActHeir"><graphics shapeId="Sheet.166" width="2.6407118065556" height="1.5850163264391" x="8.9453559032778" y="5.54726138644749" flipX="FALSE" flipY="FALSE" autoWidth="0" autoHeight="0"/><description>This is used to specify particular regulations or policies such as control drug schedule or local requirements to authorize use.</description><annotations><description>This is used to specify particular regulations or policies such as control drug schedule or local requirements to authorize use.</description></annotations><attributes><attribute name="classCode" rimClassName="Act" datatype="CS" cardinality="1..1" conformance="R" mandatory="true" strength="CNE" codeSystem="ActClass" domainCode="POLICY" maxLength="0" historyAllowed="false"><description>Fixed to POLICY or specializations thereof.</description><annotations><description>Fixed to POLICY or specializations thereof.</description></annotations></attribute><attribute name="moodCode" rimClassName="Act" datatype="CS" cardinality="1..1" conformance="R" mandatory="true" strength="CNE" codeSystem="ActMood" domainCode="EVN" maxLength="0" historyAllowed="false"><description>Fixed to EVN, as it specifies particular enacted policies.</description><annotations><description>Fixed to EVN, as it specifies particular enacted policies.</description></annotations></attribute><attribute name="code" rimClassName="Act" datatype="CD" cardinality="1..1" conformance="R" mandatory="true" strength="CNE" conceptDomain="RegulationPolicyActType" maxLength="0" historyAllowed="false" businessName="DEA schedule, Rx vs. OTC"><description>The code for the specific policy, e.g. specific controlled substance schedule.</description><annotations><description>The code for the specific policy, e.g. specific controlled substance schedule.</description></annotations></attribute></attributes><associations><association name="pertainsTo" beginX="7.625" beginY="5.07175648851576" endX="7.625" endY="5.07175648851576" target="PertinentInformation" targetShapeId="Sheet.170" rimTarget="Act" rimName="inboundRelationship" source="Policy" cardinality="" required="0" mandatory="0" blocked="-1" businessName=""><annotations/></association></associations></class><class name="RegulatoryOversight" type="Choice" rimName="Act"><graphics shapeId="Sheet.82" width="6.24071180655561" height="1.99644314236111" x="7.27035590327779" y="5.66835575494094" flipX="GUARD(FALSE)" flipY="GUARD(FALSE)" vertical="0" autoWidth="1" autoHeight="1"/><annotations/><children><childClass name="Approval" shapeId="Sheet.98"/><childClass name="Policy" shapeId="Sheet.166"/></children></class><class name="AdditionalInformation" type="Choice" rimName="Act"><graphics shapeId="Sheet.84" width="6.71509331797223" height="3.92492740207249" x="7.3825466589861" y="4.95411362508525" flipX="GUARD(FALSE)" flipY="GUARD(FALSE)" vertical="1" autoWidth="1" autoHeight="0"/><annotations/><children><childClass name="RegulatoryOversight" shapeId="Sheet.82"/><childClass name="Management" shapeId="Sheet.80"/></children></class><class name="Coverage" type="ActRelationship" rimName="ActRelationship"><graphics shapeId="Sheet.155" width="0.470388280937009" height="1.27510620420638" x="4.98236105392196" y="4.51582757872309" beginX="5.04472210784393" beginY="4.28063343825459" endX="4.91999999999999" endY="4.73653981526694" arrowWidth="66 in."/><description>Relates the MarketingAct to the marketing authorization (approval) indicating that the marketing activity is covered by or is under the authority of a target marketing authorizaton.</description><annotations><description>Relates the MarketingAct to the marketing authorization (approval) indicating that the marketing activity is covered by or is under the authority of a target marketing authorizaton.</description></annotations><attributes><attribute name="typeCode" rimClassName="ActRelationship" datatype="CS" cardinality="1..1" conformance="R" mandatory="true" strength="CNE" codeSystem="ActRelationshipType" domainCode="COVBY" maxLength="0" historyAllowed="false"><annotations/></attribute></attributes><associations><association name="marketingAct" beginX="5.04472210784393" beginY="4.28063343825459" endX="5.04472210784393" endY="4.28063343825459" target="MarketingAct" targetShapeId="Sheet.94" rimTarget="ActRelationship" rimName="source" source="Coverage" cardinality="" required="0" mandatory="0" blocked="-1" businessName=""><annotations/></association><association name="approval" beginX="4.91999999999999" beginY="4.73653981526694" endX="4.91999999999999" endY="4.73653981526694" target="Approval" targetShapeId="Sheet.98" rimTarget="ActRelationship" rimName="target" source="Coverage" cardinality="1..1" required="0" mandatory="0" blocked="0" businessName=""><annotations/></association></associations></class><class name="ReplacementOf" type="ActRelationshipR" rimName="ActRelationship"><graphics shapeId="Sheet.176" width="1.18250061338607" height="0.425425012207032" x="6.20999999999999" y="4.73653981526694" beginX="6.20999999999999" beginY="4.73653981526694" endX="6.855" endY="4.73653981526694" arrowWidth="66 in."/><description>An explicit representation of the relationships between  approvals and renewals. This approval is at the source and the link is to the renewals, which replace this approval.</description><annotations><description>An explicit representation of the relationships between  approvals and renewals. This approval is at the source and the link is to the renewals, which replace this approval.</description></annotations><attributes><attribute name="typeCode" rimClassName="ActRelationship" datatype="CS" cardinality="1..1" conformance="R" mandatory="true" strength="CNE" codeSystem="ActRelationshipType" domainCode="RPLC" maxLength="0" historyAllowed="false"><description>The value of RPLC for "replacement of" as contained in the ActRelationshipType vocabulary domain.</description><annotations><description>The value of RPLC for "replacement of" as contained in the ActRelationshipType vocabulary domain.</description></annotations></attribute></attributes><associations><association name="approval" beginX="6.20999999999999" beginY="4.73653981526694" endX="6.20999999999999" endY="4.73653981526694" target="Approval" targetShapeId="Sheet.98" rimTarget="ActRelationship" rimName="source" source="ReplacementOf" cardinality="1..1" required="0" mandatory="0" blocked="0" businessName=""><annotations/></association><association name="approval" beginX="6.855" beginY="4.73653981526694" endX="6.855" endY="4.73653981526694" target="Approval" targetShapeId="Sheet.98" rimTarget="ActRelationship" rimName="target" source="ReplacementOf" cardinality="" required="0" mandatory="0" blocked="-1" businessName=""><annotations/></association></associations></class><class name="R_ProductRelatedAssignedEntityUniversal" cmetId="POCP_MT030100UV01" cmetType="Role(Performed only)" attLevel="universal" domain="RoleClass" mnemonic="ASSIGNED" type="CMET" rimName="RoleHeir" id="POCP_MT030100UV01"><graphics shapeId="Sheet.198" width="1.0693196619583" height="1.8" x="10.1346598309791" y="3.95" flipX="FALSE" flipY="FALSE" autoWidth="0" autoHeight="0"/><annotations/><associations><association name="origination" beginX="8.38454391377766" beginY="8" endX="8.38454391377766" endY="8" target="Author1" targetShapeId="Sheet.36" rimTarget="Role" rimName="participation" source="R_ProductRelatedAssignedEntityUniversal" cardinality="" required="0" mandatory="0" blocked="-1" businessName=""><annotations/></association><association name="custodianship" beginX="9.6" beginY="3.59" endX="9.6" endY="3.59" target="Custodian" targetShapeId="Sheet.204" rimTarget="Role" rimName="participation" source="R_ProductRelatedAssignedEntityUniversal" cardinality="" required="0" mandatory="0" blocked="-1" businessName=""><annotations/></association></associations></class><class name="Characteristics" type="Choice" rimName="Act"><graphics shapeId="Sheet.216" width="6.70043674270138" height="1.65208889431425" x="7.37521837135067" y="2.04060547689188" flipX="GUARD(FALSE)" flipY="GUARD(FALSE)" vertical="0" autoWidth="1" autoHeight="1"/><annotations/><children><childClass name="Characteristic" shapeId="Sheet.102"/><childClass name="ObservationGoal" shapeId="Sheet.86"/><childClass name="A_SubstanceSpecificationUniversal" shapeId="Sheet.135"/></children></class><class name="Characteristic" type="Act" rimName="Observation"><graphics shapeId="Sheet.102" width="2.4150634768125" height="1.27708889431425" x="5.35753173840624" y="1.96560547689188" flipX="FALSE" flipY="FALSE" autoWidth="0" autoHeight="0"/><description>A code-value pair specifying descriptive properties of the medicine, such as color, shape, imprints, etc. The code has a data type of CE and the value has a data type of ANY, which allows codes or numeric values to be specified. This includes physical characteristics of the product, e.g., size, weight, as well as more abstract items such as whether the product is labeled for single use. A statement about a particular ingredient not being included within a product is also handled as a product characteristic.</description><annotations><description>A code-value pair specifying descriptive properties of the medicine, such as color, shape, imprints, etc. The code has a data type of CE and the value has a data type of ANY, which allows codes or numeric values to be specified. This includes physical characteristics of the product, e.g., size, weight, as well as more abstract items such as whether the product is labeled for single use. A statement about a particular ingredient not being included within a product is also handled as a product characteristic.</description></annotations><attributes><attribute name="classCode" rimClassName="Act" datatype="CS" cardinality="1..1" conformance="R" mandatory="true" strength="CNE" codeSystem="ActClass" domainCode="OBS" maxLength="0" historyAllowed="false"><description>The value provided, OBS, indicates that observation information is being passed.</description><annotations><description>The value provided, OBS, indicates that observation information is being passed.</description></annotations></attribute><attribute name="moodCode" rimClassName="Act" datatype="CS" cardinality="1..1" conformance="R" mandatory="true" strength="CNE" codeSystem="ActMood" domainCode="EVN" maxLength="0" historyAllowed="false"><description>The value provided, EVN, indicates that the information provided refers to existing information.</description><annotations><description>The value provided, EVN, indicates that the information provided refers to existing information.</description></annotations></attribute><attribute name="code" rimClassName="Act" datatype="CD" cardinality="1..1" conformance="R" mandatory="false" strength="CWE" conceptDomain="ObservationType" maxLength="0" historyAllowed="false"><description>A code specifying which characteristic of the medicine is being described. The vocabulary domain is MedicationObservationType (a CWE domain which can be extended as necessary). 

For example, some values that are contained in the SPL Label Data value set within the MedicationObservationType vocabulary domain are listed below:

 * SPLIMPRINTCD - imprint code - Identifying marks on product

 * SPLSIZE - size - Description of size of the product as called for in regulations 

 * SPLSHAPE - shape - Description of shape of the product as called for in regulations 

 * SPLCOLOR - color - Description of color of the product as called for in regulations

 * SPLCOATING - coating - Description of the coating of the product as called for in regulations

 * SPLSCORING - scoring - Description of scoring of the product as called for in regulations

 * SPLSYMBOL - logo - Description of the logo on the product as called for in regulations [from SPL]</description><annotations><description>A code specifying which characteristic of the medicine is being described. The vocabulary domain is MedicationObservationType (a CWE domain which can be extended as necessary). 

For example, some values that are contained in the SPL Label Data value set within the MedicationObservationType vocabulary domain are listed below:

 * SPLIMPRINTCD - imprint code - Identifying marks on product

 * SPLSIZE - size - Description of size of the product as called for in regulations 

 * SPLSHAPE - shape - Description of shape of the product as called for in regulations 

 * SPLCOLOR - color - Description of color of the product as called for in regulations

 * SPLCOATING - coating - Description of the coating of the product as called for in regulations

 * SPLSCORING - scoring - Description of scoring of the product as called for in regulations

 * SPLSYMBOL - logo - Description of the logo on the product as called for in regulations [from SPL]</description></annotations></attribute><attribute name="text" rimClassName="Act" datatype="ED" cardinality="0..1" conformance="" mandatory="false" maxLength="0" historyAllowed="false"><description>A text field that allows entry of free text description of the characteristics.</description><annotations><description>A text field that allows entry of free text description of the characteristics.</description></annotations></attribute><attribute name="value" rimClassName="Observation" datatype="ANY" cardinality="0..1" conformance="R" mandatory="false" strength="CWE" conceptDomain="ObservationValue" maxLength="0" historyAllowed="false"><description>The value of the characteristic, e.g., a code for the specific shape or color, or a physical quantity specification for the size.</description><annotations><description>The value of the characteristic, e.g., a code for the specific shape or color, or a physical quantity specification for the size.</description></annotations></attribute><attribute name="methodCode" rimClassName="Observation" datatype="DSET&lt;CD&gt;" cardinality="0..*" conformance="" mandatory="false" strength="CWE" conceptDomain="ObservationMethod" maxLength="0" historyAllowed="false"><annotations/></attribute></attributes><associations><association name="analyte" beginX="4.14999999999998" beginY="1.32706102973476" endX="4.14999999999998" endY="1.32706102973476" target="Analyte" targetShapeId="Sheet.230" rimTarget="Act" rimName="participation" source="Characteristic" cardinality="0..1" required="0" mandatory="0" blocked="0" businessName=""><annotations/></association><association name="interactor" beginX="4.14999999999998" beginY="2.604149924049" endX="4.14999999999998" endY="2.604149924049" target="Interactor" targetShapeId="Sheet.224" rimTarget="Act" rimName="participation" source="Characteristic" cardinality="0..*" required="0" mandatory="0" blocked="0" businessName=""><annotations/></association></associations></class><class name="Analyte" type="Participation" rimName="Participation"><graphics shapeId="Sheet.230" width="1.66934162412021" height="0.303226358989676" x="3.31532918793988" y="1.46853051486738" beginX="4.14999999999998" beginY="1.32706102973476" endX="2.48065837587977" endY="1.61" arrowWidth="22 in."/><annotations/><attributes><attribute name="typeCode" rimClassName="Participation" datatype="CS" cardinality="1..1" conformance="R" mandatory="true" strength="CNE" codeSystem="ParticipationType" domainCode="ALY" maxLength="0" historyAllowed="false"><annotations/></attribute></attributes><associations><association name="characteristic" beginX="4.14999999999998" beginY="1.32706102973476" endX="4.14999999999998" endY="1.32706102973476" target="Characteristic" targetShapeId="Sheet.102" rimTarget="Participation" rimName="act" source="Analyte" cardinality="" required="0" mandatory="0" blocked="-1" businessName=""><annotations/></association><association name="substance" beginX="2.48065837587977" beginY="1.61" endX="2.48065837587977" endY="1.61" target="R_SubstanceUniversal" targetShapeId="Sheet.218" rimTarget="Participation" rimName="role" source="Analyte" cardinality="1..1" required="0" mandatory="0" blocked="0" businessName=""><annotations/></association></associations></class><class name="R_SubstanceUniversal" cmetId="POCP_MT080300UV" cmetType="Role(Performed only)" attLevel="universal" domain="RoleClass" mnemonic="ROL" type="CMET" rimName="RoleHeir" id="POCP_MT080300UV"><graphics shapeId="Sheet.218" width="1.16131675175955" height="1.3" x="1.9" y="2" flipX="FALSE" flipY="FALSE" autoWidth="1" autoHeight="0"/><annotations/><associations><association name="analyzedBy" beginX="2.48065837587977" beginY="1.61" endX="2.48065837587977" endY="1.61" target="Analyte" targetShapeId="Sheet.230" rimTarget="Role" rimName="participation" source="R_SubstanceUniversal" cardinality="" required="0" mandatory="0" blocked="-1" businessName=""><annotations/></association><association name="interactsIn" beginX="2.48065837587977" beginY="1.74" endX="2.48065837587977" endY="1.74" target="Interactor" targetShapeId="Sheet.224" rimTarget="Role" rimName="participation" source="R_SubstanceUniversal" cardinality="" required="0" mandatory="0" blocked="-1" businessName=""><annotations/></association></associations></class><class name="Interactor" type="Participation" rimName="Participation"><graphics shapeId="Sheet.224" width="1.79252029722396" height="0.836852955160745" x="3.253739851388" y="2.1720749620245" beginX="4.14999999999998" beginY="2.604149924049" endX="2.48065837587977" endY="1.74" arrowWidth="22 in."/><annotations/><attributes><attribute name="typeCode" rimClassName="Participation" datatype="CS" cardinality="1..1" conformance="R" mandatory="true" strength="CNE" valueSet="ReactionParticipant" maxLength="0" historyAllowed="false"><annotations/></attribute><attribute name="functionCode" rimClassName="Participation" datatype="CD" cardinality="0..1" conformance="" mandatory="false" strength="CWE" conceptDomain="MolecularInteractionFunction" maxLength="0" historyAllowed="false"><annotations/></attribute><attribute name="quantity" rimClassName="Participation" datatype="PQ" cardinality="0..1" conformance="" mandatory="false" maxLength="0" historyAllowed="false"><annotations/></attribute></attributes><associations><association name="characteristic" beginX="4.14999999999998" beginY="2.604149924049" endX="4.14999999999998" endY="2.604149924049" target="Characteristic" targetShapeId="Sheet.102" rimTarget="Participation" rimName="act" source="Interactor" cardinality="" required="0" mandatory="0" blocked="-1" businessName=""><annotations/></association><association name="substance" beginX="2.48065837587977" beginY="1.74" endX="2.48065837587977" endY="1.74" target="R_SubstanceUniversal" targetShapeId="Sheet.218" rimTarget="Participation" rimName="role" source="Interactor" cardinality="1..1" required="0" mandatory="0" blocked="0" businessName=""><annotations/></association></associations></class><class name="ObservationGoal" type="Act" rimName="Observation"><graphics shapeId="Sheet.86" width="2.24796081846419" height="1.0859982485241" x="7.81404388604458" y="1.96560547689188" flipX="FALSE" flipY="FALSE" autoWidth="1" autoHeight="0"/><description>A desired characteristic of the product when it is reconstituted, i.e., a goal for the observation to be made for the reconstituted product. For example, allows stating the pH or osmolality of a powder for reconstitution. 

The "QS" null flavor is used with this goal to indicate the variable amount adjustable to meet the goal.</description><annotations><description>A desired characteristic of the product when it is reconstituted, i.e., a goal for the observation to be made for the reconstituted product. For example, allows stating the pH or osmolality of a powder for reconstitution. 

The "QS" null flavor is used with this goal to indicate the variable amount adjustable to meet the goal.</description></annotations><attributes><attribute name="classCode" rimClassName="Act" datatype="CS" cardinality="1..1" conformance="R" mandatory="true" strength="CNE" codeSystem="ActClass" domainCode="OBS" maxLength="0" historyAllowed="false"><annotations/></attribute><attribute name="moodCode" rimClassName="Act" datatype="CS" cardinality="1..1" conformance="R" mandatory="true" strength="CNE" codeSystem="ActMood" domainCode="GOL" maxLength="0" historyAllowed="false"><annotations/></attribute><attribute name="code" rimClassName="Act" datatype="CD" cardinality="0..1" conformance="" mandatory="false" strength="CWE" conceptDomain="ActCode" maxLength="0" historyAllowed="false"><description>A coded indication of the property which the goal specifies (e.g., pH).</description><annotations><description>A coded indication of the property which the goal specifies (e.g., pH).</description></annotations></attribute><attribute name="text" rimClassName="Act" datatype="ED" cardinality="0..1" conformance="" mandatory="false" maxLength="0" historyAllowed="false"><description>A text description of the goal.</description><annotations><description>A text description of the goal.</description></annotations></attribute><attribute name="value" rimClassName="Observation" datatype="ANY" cardinality="0..1" conformance="" mandatory="false" strength="CWE" conceptDomain="ObservationValue" maxLength="0" historyAllowed="false"><description>The constraint given for the observation goal, i.e., if an actual observation falls within that constraint (or meets the measurement within some reasonable margin of error) then the goal is considered met.</description><annotations><description>The constraint given for the observation goal, i.e., if an actual observation falls within that constraint (or meets the measurement within some reasonable margin of error) then the goal is considered met.</description></annotations></attribute></attributes></class><class name="A_SubstanceSpecificationUniversal" cmetId="POCP_MT090100UV" cmetType="Act" attLevel="universal" domain="ActClass" mnemonic="ACT" type="CMET" rimName="ActHeir" id="POCP_MT090100UV"><graphics shapeId="Sheet.135" width="1.59921348027517" height="0.627825234646268" x="9.86263103541427" y="1.96560547689188" flipX="FALSE" flipY="FALSE" autoWidth="1" autoHeight="1"/><annotations/></class><class name="Storage" type="Act" rimName="ActHeir" businessName="shelf life"><graphics shapeId="Sheet.141" width="2.50381637876693" height="0.915790863870823" x="5.27690818938345" y="0.631665597799343" flipX="FALSE" flipY="FALSE" autoWidth="1" autoHeight="1"/><description>Specifies a suggested manner of storage of the product and the time the product is good to use if stored in this manner (shelf life). The storage conditions (temperature, humidity, etc.) are specified using one storage condition control variables.</description><annotations><description>Specifies a suggested manner of storage of the product and the time the product is good to use if stored in this manner (shelf life). The storage conditions (temperature, humidity, etc.) are specified using one storage condition control variables.</description></annotations><attributes><attribute name="classCode" rimClassName="Act" datatype="CS" cardinality="1..1" conformance="R" mandatory="true" strength="CNE" codeSystem="ActClass" domainCode="STORE" maxLength="0" historyAllowed="false"><annotations/></attribute><attribute name="moodCode" rimClassName="Act" datatype="CS" cardinality="1..1" conformance="R" mandatory="true" strength="CNE" codeSystem="ActMood" domainCode="DEF" maxLength="0" historyAllowed="false"><annotations/></attribute><attribute name="code" rimClassName="Act" datatype="CD" cardinality="0..1" conformance="" mandatory="false" strength="CWE" conceptDomain="ActStorageType" maxLength="0" historyAllowed="false"><description>An optional code specifying a storage or a more specific manner of storage. Note this code should likely not attempt to precoordinate storage conditions which are to be described separately.</description><annotations><description>An optional code specifying a storage or a more specific manner of storage. Note this code should likely not attempt to precoordinate storage conditions which are to be described separately.</description></annotations></attribute><attribute name="text" rimClassName="Act" datatype="ST" cardinality="0..1" conformance="" mandatory="false" maxLength="0" historyAllowed="false"><description>Text description of the storage instructions. To be used sparingly.</description><annotations><description>Text description of the storage instructions. To be used sparingly.</description></annotations></attribute><attribute name="effectiveTime" rimClassName="Act" datatype="IVL.WIDTH&lt;TS&gt;" cardinality="0..1" conformance="R" mandatory="false" maxLength="0" historyAllowed="false" businessName="shelf life"><description>The shelf life time under the specified storage conditions.</description><annotations><description>The shelf life time under the specified storage conditions.</description></annotations></attribute></attributes><associations><association name="controlVariable" beginX="4.02499999999998" beginY="0.723244684186425" endX="4.02499999999998" endY="0.723244684186425" target="ControlVariable" targetShapeId="Sheet.149" rimTarget="Act" rimName="outboundRelationship" source="Storage" cardinality="0..*" required="0" mandatory="0" blocked="0" businessName=""><annotations/></association></associations></class><class name="ControlVariable" type="ActRelationship" rimName="ActRelationship"><graphics shapeId="Sheet.149" width="1.37537170713607" height="0.303226358989676" x="3.33731414643195" y="0.714096480528202" beginX="4.02499999999998" beginY="0.723244684186425" endX="3.77406242522331" endY="0.704948276869979" arrowWidth="66 in."/><description>Links a manner of storage (with shelf life) to one of its set of environmental conditions defining this manner of storage.</description><annotations><description>Links a manner of storage (with shelf life) to one of its set of environmental conditions defining this manner of storage.</description></annotations><attributes><attribute name="typeCode" rimClassName="ActRelationship" datatype="CS" cardinality="1..1" conformance="R" mandatory="true" strength="CNE" codeSystem="ActRelationshipType" domainCode="CTRLV" maxLength="0" historyAllowed="false"><annotations/></attribute></attributes><associations><association name="storage" beginX="4.02499999999998" beginY="0.723244684186425" endX="4.02499999999998" endY="0.723244684186425" target="Storage" targetShapeId="Sheet.141" rimTarget="ActRelationship" rimName="source" source="ControlVariable" cardinality="" required="0" mandatory="0" blocked="-1" businessName=""><annotations/></association><association name="storageCondition" beginX="3.77406242522331" beginY="0.704948276869979" endX="3.77406242522331" endY="0.704948276869979" target="StorageCondition" targetShapeId="Sheet.145" rimTarget="ActRelationship" rimName="target" source="ControlVariable" cardinality="1..1" required="0" mandatory="0" blocked="0" businessName=""><annotations/></association></associations></class><class name="StorageCondition" type="Act" rimName="Observation"><graphics shapeId="Sheet.145" width="2.74812485044662" height="1.04948276869978" x="2.4" y="0.600000000000001" flipX="FALSE" flipY="FALSE" autoWidth="1" autoHeight="1"/><description>Specifies one environmental condition of the storage, such as temperature, humidity, atmospheric pressure as a quantity range. It may also specify orientation, protection from light, etc. in coded form.</description><annotations><description>Specifies one environmental condition of the storage, such as temperature, humidity, atmospheric pressure as a quantity range. It may also specify orientation, protection from light, etc. in coded form.</description></annotations><attributes><attribute name="classCode" rimClassName="Act" datatype="CS" cardinality="1..1" conformance="R" mandatory="true" strength="CNE" codeSystem="ActClass" domainCode="OBS" maxLength="0" historyAllowed="false"><annotations/></attribute><attribute name="moodCode" rimClassName="Act" datatype="CS" cardinality="1..1" conformance="R" mandatory="true" strength="CNE" codeSystem="ActMood" domainCode="EVN.CRT" maxLength="0" historyAllowed="false"><annotations/></attribute><attribute name="code" rimClassName="Act" datatype="CD" cardinality="0..1" conformance="" mandatory="false" strength="CWE" conceptDomain="ObservationType" maxLength="0" historyAllowed="false" businessName="temperature, pressure, etc."><description>The property of the storage condition, such as temperature, humidiy, atmospheric pressure, orientation, protection from light, etc.</description><annotations><description>The property of the storage condition, such as temperature, humidiy, atmospheric pressure, orientation, protection from light, etc.</description></annotations></attribute><attribute name="isCriterionInd" rimClassName="Act" datatype="BL" cardinality="0..1" conformance="" mandatory="false" fixed="true" maxLength="0" historyAllowed="false"><description>Fixed value (true) indicating that this is a criterion and not an event that actually took place.</description><annotations><description>Fixed value (true) indicating that this is a criterion and not an event that actually took place.</description></annotations></attribute><attribute name="value" rimClassName="Observation" datatype="ANY" cardinality="0..1" conformance="" mandatory="false" strength="CWE" conceptDomain="ObservationValue" maxLength="0" historyAllowed="false" businessName="range"><description>The value range of the storage condition, typically an IVL&lt;PQ&gt; for environmental conditions, or  coded for orientation, protection from light, etc.</description><annotations><description>The value range of the storage condition, typically an IVL&lt;PQ&gt; for environmental conditions, or  coded for orientation, protection from light, etc.</description></annotations></attribute></attributes><associations><association name="controlVariableFor" beginX="3.77406242522331" beginY="0.704948276869979" endX="3.77406242522331" endY="0.704948276869979" target="ControlVariable" targetShapeId="Sheet.149" rimTarget="Act" rimName="inboundRelationship" source="StorageCondition" cardinality="" required="0" mandatory="0" blocked="-1" businessName=""><annotations/></association></associations></class></page></pages></hl7model>
