<?xml version="1.0"?>
<hl7model rendered="5/2/2013 7:30:45 AM" datatypesRelease="R2"><pages><page name="Pg-1" width="11.0191493030555" height="5.02703559027778"><entryPoint entryClass="ParameterList" name="Immunization query" type="EntryPoint" id="POIZ_MT060140UV"><graphics shapeId="Sheet.9" connectedShape="Sheet.1" width="2.03213202885916" height="1.56681158040365" beginX="2.72677951488886" beginY="2.6125" endX="3.86443142361111" endY="2.4875"/><annotations/><notes><text>Entry point for Immunization Query message. The intent of this query is to find detailed information about an identified immunization event. Subject information is included to corroborate the immunization event id. Property-contextConductionStyle: I </text></notes></entryPoint><class name="ParameterList" type="OtherClass" rimName="ParameterList"><graphics shapeId="Sheet.1" width="1.25" height="0.75" x="4.48943142361111" y="2.675" flipX="FALSE" flipY="FALSE" autoWidth="1" autoHeight="1"/><annotations/><associations><association name="subjectGender" beginX="5.11443142361111" beginY="2.3" endX="7.15565453221669" endY="1.625" target="SubjectGender" targetShapeId="Sheet.250" rimTarget="ParameterList" rimName="parameter" shapeId="Sheet.46" source="ParameterList" cardinality="0..1" required="0" mandatory="0" blocked="0" businessName=""><traversal x="1.02061155430279" y="0"/><traversal x="1.02061155430279" y="-0.3375"/><traversal x="1.02061155430279" y="-0.675"/><annotations/></association><association name="subjectName" beginX="5.11443142361111" beginY="2.675" endX="7.47526313630013" endY="2.7" target="SubjectName" targetShapeId="Sheet.222" rimTarget="ParameterList" rimName="parameter" shapeId="Sheet.36" source="ParameterList" cardinality="0..1" required="-1" mandatory="0" blocked="0" businessName=""><traversal x="1.18041585634451" y="0"/><traversal x="1.18041585634451" y="1.25000000000002E-02"/><traversal x="1.18041585634451" y="2.50000000000004E-02"/><annotations/></association><association name="patientBirthDate" beginX="4.80193142361111" beginY="2.3" endX="4.75011935813889" endY="1.2" target="PatientBirthDate" targetShapeId="Sheet.264" rimTarget="ParameterList" rimName="parameter" shapeId="Sheet.56" source="ParameterList" cardinality="0..1" required="0" mandatory="0" blocked="0" businessName=""><traversal x="0" y="-0.55"/><traversal x="-2.59060327361094E-02" y="-0.55"/><traversal x="-5.18120654722187E-02" y="-0.55"/><annotations/></association><association name="immunizationEventID" beginX="4.17693142361111" beginY="3.05" endX="4.2" endY="4.15" target="ImmunizationEventID" targetShapeId="Sheet.89" rimTarget="ParameterList" rimName="parameter" shapeId="Sheet.26" source="ParameterList" cardinality="1..1" required="-1" mandatory="-1" blocked="0" businessName=""><traversal x="0" y="0.55"/><traversal x="1.15342881944462E-02" y="0.55"/><traversal x="2.30685763888925E-02" y="0.55"/><annotations/></association><association name="subjectID" beginX="4.80193142361111" beginY="3.05" endX="7.43209203830295" endY="3.625" target="SubjectID" targetShapeId="Sheet.20" rimTarget="ParameterList" rimName="parameter" shapeId="Sheet.5" source="ParameterList" cardinality="0..1" required="0" mandatory="0" blocked="0" businessName=""><traversal x="0" y="0.0575"/><traversal x="0" y="0.575"/><annotations/></association></associations></class><class name="SubjectGender" type="OtherClass" rimName="ParameterItem"><graphics shapeId="Sheet.250" width="3.49524475401107" height="0.75" x="8.90327690922222" y="1.625" flipX="FALSE" flipY="FALSE" autoWidth="1" autoHeight="1"/><annotations/><attributes><attribute name="value" rimClassName="ParameterItem" datatype="CV" cardinality="1..1" conformance="R" mandatory="true" strength="CNE" conceptDomain="AdministrativeGender" maxLength="0" historyAllowed="false" businessName="D:Subject Gender"><description>Indicates the gender (sex) of the subject.</description><annotations><description>Indicates the gender (sex) of the subject.</description><rationale>Used to confirm the identity of the subject for the query.</rationale></annotations></attribute></attributes><associations><association name="parameterList" beginX="7.15565453221669" beginY="1.625" endX="5.11443142361111" endY="2.3" target="ParameterList" targetShapeId="Sheet.1" rimTarget="Parameter" rimName="parameterList" shapeId="Sheet.46" source="SubjectGender" cardinality="" required="0" mandatory="0" blocked="-1" businessName=""><traversal x="1.02061155430279" y="0"/><traversal x="1.02061155430279" y="-0.3375"/><traversal x="1.02061155430279" y="-0.675"/><annotations/></association></associations></class><class name="SubjectName" type="OtherClass" rimName="ParameterItem"><graphics shapeId="Sheet.222" width="1.84947372739974" height="0.75" x="8.4" y="2.7" flipX="FALSE" flipY="FALSE" autoWidth="1" autoHeight="1"/><annotations/><attributes><attribute name="value" rimClassName="ParameterItem" datatype="PN" cardinality="1..1" conformance="R" mandatory="true" maxLength="0" historyAllowed="false" businessName="C:Subject Name"><description>The name of the subject who is the recipient of the vaccine administration.

Filter the result set to include only those records pertaining to the subject with this name.</description><annotations><description>The name of the subject who is the recipient of the vaccine administration.

Filter the result set to include only those records pertaining to the subject with this name.</description><rationale>Allows filtering of result set by subject name.</rationale><impNotes>names are messaged as iterations of the PN datatype, with specific name parts identified as a type declaration in addition to the text string.</impNotes><mapping>STC:PAT_*_NAME</mapping></annotations></attribute></attributes><associations><association name="parameterList" beginX="7.47526313630013" beginY="2.7" endX="5.11443142361111" endY="2.675" target="ParameterList" targetShapeId="Sheet.1" rimTarget="Parameter" rimName="parameterList" shapeId="Sheet.36" source="SubjectName" cardinality="" required="0" mandatory="0" blocked="-1" businessName=""><traversal x="1.18041585634451" y="0"/><traversal x="1.18041585634451" y="1.25000000000002E-02"/><traversal x="1.18041585634451" y="2.50000000000004E-02"/><annotations/></association></associations></class><class name="PatientBirthDate" type="OtherClass" rimName="ParameterItem"><graphics shapeId="Sheet.264" width="2.02860809629622" height="0.75" x="4.75011935813889" y="0.825" flipX="FALSE" flipY="FALSE" autoWidth="1" autoHeight="1"/><annotations/><attributes><attribute name="value" rimClassName="ParameterItem" datatype="TS" cardinality="1..1" conformance="R" mandatory="true" maxLength="0" historyAllowed="false" businessName="E:Subject Birth Date"><description>Indicates the date on which the subject was born.</description><annotations><description>Indicates the date on which the subject was born.</description><rationale>Use to confirm identity of the subject for the query.</rationale></annotations></attribute></attributes><associations><association name="parameterList" beginX="4.75011935813889" beginY="1.2" endX="4.80193142361111" endY="2.3" target="ParameterList" targetShapeId="Sheet.1" rimTarget="Parameter" rimName="parameterList" shapeId="Sheet.56" source="PatientBirthDate" cardinality="" required="0" mandatory="0" blocked="-1" businessName=""><traversal x="0" y="-0.55"/><traversal x="-2.59060327361094E-02" y="-0.55"/><traversal x="-5.18120654722187E-02" y="-0.55"/><annotations/></association></associations></class><class name="ImmunizationEventID" type="OtherClass" rimName="ParameterItem"><graphics shapeId="Sheet.89" width="2.17058731382552" height="0.75" x="4.2" y="4.525" flipX="FALSE" flipY="FALSE" autoWidth="1" autoHeight="1"/><annotations/><attributes><attribute name="value" rimClassName="ParameterItem" datatype="II" cardinality="1..1" conformance="R" mandatory="true" maxLength="0" historyAllowed="false" businessName="A:Immunization Event ID"><description>Specifies the identifier of the immunization event</description><annotations><description>Specifies the identifier of the immunization event</description><rationale>Used to filter records to a specific immunization event.</rationale></annotations></attribute></attributes><associations><association name="parameterList" beginX="4.2" beginY="4.15" endX="4.17693142361111" endY="3.05" target="ParameterList" targetShapeId="Sheet.1" rimTarget="Parameter" rimName="parameterList" shapeId="Sheet.26" source="ImmunizationEventID" cardinality="" required="0" mandatory="0" blocked="-1" businessName=""><traversal x="0" y="0.55"/><traversal x="1.15342881944462E-02" y="0.55"/><traversal x="2.30685763888925E-02" y="0.55"/><annotations/></association></associations></class><class name="SubjectID" type="OtherClass" rimName="ParameterItem"><graphics shapeId="Sheet.20" width="1.97300125425521" height="0.75" x="8.41859266543056" y="3.625" flipX="FALSE" flipY="FALSE" autoWidth="1" autoHeight="1"/><annotations/><attributes><attribute name="value" rimClassName="ParameterItem" datatype="DSET&lt;II&gt;" cardinality="1..*" conformance="R" mandatory="true" maxLength="0" historyAllowed="false" businessName="B:Subject ID"><description>Identifier of the subject who is the recipient of the vaccine administration. 
Filter the result set to include only those records pertaining to the subject with this Id.</description><annotations><description>Identifier of the subject who is the recipient of the vaccine administration. 
Filter the result set to include only those records pertaining to the subject with this Id.</description><rationale>Allows filtering of result set by subject Id.</rationale></annotations></attribute></attributes><associations><association name="parameterList" beginX="7.43209203830295" beginY="3.625" endX="4.80193142361111" endY="3.05" target="ParameterList" targetShapeId="Sheet.1" rimTarget="Parameter" rimName="parameterList" shapeId="Sheet.5" source="SubjectID" cardinality="" required="0" mandatory="0" blocked="-1" businessName=""><traversal x="0" y="0.0575"/><traversal x="0" y="0.575"/><annotations/></association></associations></class></page></pages></hl7model>
