<?xml version="1.0"?>
<hl7model rendered="5/2/2013 7:30:47 AM" datatypesRelease="R2"><pages><page name="Pg-1" width="10.9371571165555" height="6.08703559027778"><entryPoint entryClass="ParameterList" name="Immunization Candidate query" type="EntryPoint" id="POIZ_MT061140UV"><graphics shapeId="Sheet.9" connectedShape="Sheet.1" width="2.14380432432357" height="1.56681158040365" beginX="2.91200086905553" beginY="3.6725" endX="4.04965277777777" endY="3.9225"/><annotations/><notes><text>Entry point for Immunization Candidate Query message. The intent of this query is to retrieve a list of immunization events that match the specified criteria. This list of events may or may not be specific to one patient. Property-contextConductionStyle: I </text></notes></entryPoint><class name="ParameterList" type="OtherClass" rimName="ParameterList"><graphics shapeId="Sheet.1" width="1.25" height="0.75" x="4.67465277777777" y="3.735" flipX="FALSE" flipY="FALSE" autoWidth="1" autoHeight="1"/><annotations/><associations><association name="immunizationPeriod" beginX="4.04965277777777" beginY="3.36" endX="2.94314929490024" endY="1.445" target="ImmunizationPeriod" targetShapeId="Sheet.278" rimTarget="ParameterList" rimName="parameter" shapeId="Sheet.76" source="ParameterList" cardinality="0..1" required="0" mandatory="0" blocked="0" businessName=""><traversal x="0" y="-0.1915"/><traversal x="0" y="-1.915"/><annotations/></association><association name="serviceDeliveryLocation" beginX="4.04965277777777" beginY="3.5475" endX="2.61545036417643" endY="2.4" target="ServiceDeliveryLocation" targetShapeId="Sheet.84" rimTarget="ParameterList" rimName="parameter" shapeId="Sheet.88" source="ParameterList" cardinality="0..1" required="0" mandatory="0" blocked="0" businessName=""><traversal x="-0.717101206800669" y="0"/><traversal x="-0.717101206800669" y="-0.57375"/><traversal x="-0.717101206800669" y="-1.1475"/><annotations/></association><association name="subjectBirthDate" beginX="5.29965277777777" beginY="3.5475" endX="7.85688799438476" endY="2.7225" target="SubjectBirthDate" targetShapeId="Sheet.264" rimTarget="ParameterList" rimName="parameter" shapeId="Sheet.56" source="ParameterList" cardinality="0..1" required="0" mandatory="0" blocked="0" businessName=""><traversal x="1.2786176083035" y="0"/><traversal x="1.2786176083035" y="-0.4125"/><traversal x="1.2786176083035" y="-0.825"/><annotations/></association><association name="subjectGender" beginX="5.29965277777777" beginY="3.735" endX="7.48281164877221" endY="3.645" target="SubjectGender" targetShapeId="Sheet.250" rimTarget="ParameterList" rimName="parameter" shapeId="Sheet.46" source="ParameterList" cardinality="0..1" required="0" mandatory="0" blocked="0" businessName=""><traversal x="1.09157943549722" y="0"/><traversal x="1.09157943549722" y="-4.49999999999999E-02"/><traversal x="1.09157943549722" y="-8.99999999999999E-02"/><annotations/></association><association name="subjectName" beginX="5.29965277777777" beginY="3.9225" endX="7.68458883245721" endY="4.695" target="SubjectName" targetShapeId="Sheet.222" rimTarget="ParameterList" rimName="parameter" shapeId="Sheet.36" source="ParameterList" cardinality="0..1" required="0" mandatory="0" blocked="0" businessName=""><traversal x="1.19246802733972" y="0"/><traversal x="1.19246802733972" y="0.38625"/><traversal x="1.19246802733972" y="0.7725"/><annotations/></association><association name="postalCode" beginX="4.36215277777777" beginY="3.36" endX="4.6082820114222" endY="0.6" target="PostalCode" targetShapeId="Sheet.296" rimTarget="ParameterList" rimName="parameter" shapeId="Sheet.300" source="ParameterList" cardinality="0..*" required="0" mandatory="0" blocked="0" businessName=""><traversal x="0" y="-0.276"/><traversal x="0" y="-2.76"/><annotations/></association><association name="vaccineCode" beginX="4.67465277777777" beginY="3.36" endX="6.56144359063043" endY="1.2875" target="VaccineCode" targetShapeId="Sheet.110" rimTarget="ParameterList" rimName="parameter" shapeId="Sheet.66" source="ParameterList" cardinality="0..1" required="0" mandatory="0" blocked="0" businessName=""><traversal x="0" y="-0.20725"/><traversal x="0" y="-2.0725"/><annotations/></association><association name="motherName" beginX="4.98715277777777" beginY="3.36" endX="5.53050723953678" endY="2.6" target="MotherName" targetShapeId="Sheet.310" rimTarget="ParameterList" rimName="parameter" shapeId="Sheet.314" source="ParameterList" cardinality="0..1" required="0" mandatory="0" blocked="0" businessName=""><traversal x="0" y="-0.38"/><traversal x="0.271677230879506" y="-0.38"/><traversal x="0.543354461759012" y="-0.38"/><annotations/></association><association name="serviceDeliveryLocationPostalCode" beginX="4.36215277777777" beginY="4.11" endX="3.04972046050163" endY="5.225" target="ServiceDeliveryLocationPostalCode" targetShapeId="Sheet.282" rimTarget="ParameterList" rimName="parameter" shapeId="Sheet.286" source="ParameterList" cardinality="0..1" required="0" mandatory="0" blocked="0" businessName=""><traversal x="0" y="0.1115"/><traversal x="0" y="1.115"/><annotations/></association><association name="subjectID" beginX="4.98715277777777" beginY="4.11" endX="7.44065648942791" endY="5.695" target="SubjectID" targetShapeId="Sheet.20" rimTarget="ParameterList" rimName="parameter" shapeId="Sheet.5" source="ParameterList" cardinality="0..*" required="0" mandatory="0" blocked="0" businessName=""><traversal x="0" y="0.1585"/><traversal x="0" y="1.585"/><annotations/></association></associations></class><class name="ImmunizationPeriod" type="OtherClass" rimName="ParameterItem"><graphics shapeId="Sheet.278" width="2.45477081602279" height="0.75" x="1.71576388688885" y="1.445" flipX="FALSE" flipY="FALSE" autoWidth="1" autoHeight="1"/><annotations/><attributes><attribute name="value" rimClassName="ParameterItem" datatype="IVL&lt;TS&gt;" cardinality="1..1" conformance="R" mandatory="true" maxLength="0" historyAllowed="false" businessName="G:Immunization Period"><description>Indicates that the returned records should be filtered to only include those immunizations that occurred within the indicated time-period.  This will commonly be used to retrieve 'all immunizations since xxx'.</description><annotations><description>Indicates that the returned records should be filtered to only include those immunizations that occurred within the indicated time-period.  This will commonly be used to retrieve 'all immunizations since xxx'.</description><rationale>Allows the requester to specify the period of interest for the retrieval of immunization records. 

Useful for constraining run-away queries.</rationale></annotations></attribute></attributes><associations><association name="parameterList" beginX="2.94314929490024" beginY="1.445" endX="4.04965277777777" endY="3.36" target="ParameterList" targetShapeId="Sheet.1" rimTarget="Parameter" rimName="parameterList" shapeId="Sheet.76" source="ImmunizationPeriod" cardinality="" required="0" mandatory="0" blocked="-1" businessName=""><traversal x="0" y="-0.1915"/><traversal x="0" y="-1.915"/><annotations/></association></associations></class><class name="ServiceDeliveryLocation" type="OtherClass" rimName="ParameterItem"><graphics shapeId="Sheet.84" width="2.31263901060287" height="0.75" x="1.459130858875" y="2.4" flipX="FALSE" flipY="FALSE" autoWidth="1" autoHeight="1"/><annotations/><attributes><attribute name="value" rimClassName="ParameterItem" datatype="II" cardinality="1..1" conformance="R" mandatory="true" maxLength="0" historyAllowed="false" businessName="H:Service Delivery Location"><description>Indicates that the returned records should be filtered to only include those immunizations that occurred at an identified service delivery location</description><annotations><description>Indicates that the returned records should be filtered to only include those immunizations that occurred at an identified service delivery location</description><rationale>Allows the requester to specify the service delivery location of interest for the retrieval of immunization records. 

Useful for constraining run-away queries.</rationale></annotations></attribute></attributes><associations><association name="parameterList" beginX="2.61545036417643" beginY="2.4" endX="4.04965277777777" endY="3.5475" target="ParameterList" targetShapeId="Sheet.1" rimTarget="Parameter" rimName="parameterList" shapeId="Sheet.88" source="ServiceDeliveryLocation" cardinality="" required="0" mandatory="0" blocked="-1" businessName=""><traversal x="-0.717101206800669" y="0"/><traversal x="-0.717101206800669" y="-0.57375"/><traversal x="-0.717101206800669" y="-1.1475"/><annotations/></association></associations></class><class name="SubjectBirthDate" type="OtherClass" rimName="ParameterItem"><graphics shapeId="Sheet.264" width="2.6895768768138" height="0.75" x="9.20167643279166" y="2.535" flipX="FALSE" flipY="FALSE" autoWidth="1" autoHeight="1"/><annotations/><attributes><attribute name="value" rimClassName="ParameterItem" datatype="IVL&lt;TS&gt;" cardinality="1..1" conformance="R" mandatory="true" maxLength="0" historyAllowed="false" businessName="D:Subject Birth Date Range"><description>Indicates the range of dates on which the subject(s) was/were born.</description><annotations><description>Indicates the range of dates on which the subject(s) was/were born.</description></annotations></attribute></attributes><associations><association name="parameterList" beginX="7.85688799438476" beginY="2.7225" endX="5.29965277777777" endY="3.5475" target="ParameterList" targetShapeId="Sheet.1" rimTarget="Parameter" rimName="parameterList" shapeId="Sheet.56" source="SubjectBirthDate" cardinality="" required="0" mandatory="0" blocked="-1" businessName=""><traversal x="1.2786176083035" y="0"/><traversal x="1.2786176083035" y="-0.4125"/><traversal x="1.2786176083035" y="-0.825"/><annotations/></association></associations></class><class name="SubjectGender" type="OtherClass" rimName="ParameterItem"><graphics shapeId="Sheet.250" width="3.49524475401107" height="0.75" x="9.23043402577774" y="3.645" flipX="FALSE" flipY="FALSE" autoWidth="1" autoHeight="1"/><annotations/><attributes><attribute name="value" rimClassName="ParameterItem" datatype="CV" cardinality="1..1" conformance="R" mandatory="true" strength="CNE" conceptDomain="AdministrativeGender" maxLength="0" historyAllowed="false" businessName="C:Subject Gender"><description>Indicates the gender (sex) of the subject(s).</description><annotations><description>Indicates the gender (sex) of the subject(s).</description></annotations></attribute></attributes><associations><association name="parameterList" beginX="7.48281164877221" beginY="3.645" endX="5.29965277777777" endY="3.735" target="ParameterList" targetShapeId="Sheet.1" rimTarget="Parameter" rimName="parameterList" shapeId="Sheet.46" source="SubjectGender" cardinality="" required="0" mandatory="0" blocked="-1" businessName=""><traversal x="1.09157943549722" y="0"/><traversal x="1.09157943549722" y="-4.49999999999999E-02"/><traversal x="1.09157943549722" y="-8.99999999999999E-02"/><annotations/></association></associations></class><class name="SubjectName" type="OtherClass" rimName="ParameterItem"><graphics shapeId="Sheet.222" width="1.84333969419662" height="0.75" x="8.60625867955552" y="4.695" flipX="FALSE" flipY="FALSE" autoWidth="1" autoHeight="1"/><annotations/><attributes><attribute name="value" rimClassName="ParameterItem" datatype="PN" cardinality="1..1" conformance="R" mandatory="true" maxLength="0" historyAllowed="false" businessName="B:Subject Name"><description>The name of the subject(s) who received the vaccine administration.

Filter the result set to include only those records pertaining to the subject(s) with this name.</description><annotations><description>The name of the subject(s) who received the vaccine administration.

Filter the result set to include only those records pertaining to the subject(s) with this name.</description><rationale>Allows filtering of result set by subject name.</rationale><impNotes>names are messaged as iterations of the PN datatype, with specific name parts identified as a type declaration in addition to the text string.</impNotes><mapping>STC:PAT_*_NAME</mapping></annotations></attribute></attributes><associations><association name="parameterList" beginX="7.68458883245721" beginY="4.695" endX="5.29965277777777" endY="3.9225" target="ParameterList" targetShapeId="Sheet.1" rimTarget="Parameter" rimName="parameterList" shapeId="Sheet.36" source="SubjectName" cardinality="" required="0" mandatory="0" blocked="-1" businessName=""><traversal x="1.19246802733972" y="0"/><traversal x="1.19246802733972" y="0.38625"/><traversal x="1.19246802733972" y="0.7725"/><annotations/></association></associations></class><class name="PostalCode" type="OtherClass" rimName="ParameterItem"><graphics shapeId="Sheet.296" width="1.6334359771556" height="0.75" x="5.425" y="0.6" flipX="FALSE" flipY="FALSE" autoWidth="1" autoHeight="1"/><annotations/><attributes><attribute name="value" rimClassName="ParameterItem" datatype="ST" cardinality="1..1" conformance="R" mandatory="true" maxLength="0" historyAllowed="false" businessName="Postal Code"><description>The postal code in which the subject resides</description><annotations><description>The postal code in which the subject resides</description></annotations></attribute></attributes><associations><association name="parameterList" beginX="4.6082820114222" beginY="0.6" endX="4.36215277777777" endY="3.36" target="ParameterList" targetShapeId="Sheet.1" rimTarget="Parameter" rimName="parameterList" shapeId="Sheet.300" source="PostalCode" cardinality="" required="0" mandatory="0" blocked="-1" businessName=""><traversal x="0" y="-0.276"/><traversal x="0" y="-2.76"/><annotations/></association></associations></class><class name="VaccineCode" type="OtherClass" rimName="ParameterItem"><graphics shapeId="Sheet.110" width="3.26065231626693" height="0.75" x="8.19176974876389" y="1.1" flipX="FALSE" flipY="FALSE" autoWidth="1" autoHeight="1"/><annotations/><attributes><attribute name="value" rimClassName="ParameterItem" datatype="CV" cardinality="1..1" conformance="R" mandatory="true" strength="CNE" conceptDomain="VaccineEntityType" maxLength="0" historyAllowed="false" businessName="E:Vaccine Code"><description>A coded value indicating a specific vaccine  to be used in searching for patient immunization record. 

The result set will be filtered to only include immunization records involving the specific vaccine code</description><annotations><description>A coded value indicating a specific vaccine  to be used in searching for patient immunization record. 

The result set will be filtered to only include immunization records involving the specific vaccine code</description><rationale>Allows for finer sub-set of immunization records to be retrieved based on the vaccine code used in the immunization.</rationale></annotations></attribute></attributes><associations><association name="parameterList" beginX="6.56144359063043" beginY="1.2875" endX="4.67465277777777" endY="3.36" target="ParameterList" targetShapeId="Sheet.1" rimTarget="Parameter" rimName="parameterList" shapeId="Sheet.66" source="VaccineCode" cardinality="" required="0" mandatory="0" blocked="-1" businessName=""><traversal x="0" y="-0.20725"/><traversal x="0" y="-2.0725"/><annotations/></association></associations></class><class name="MotherName" type="OtherClass" rimName="ParameterItem"><graphics shapeId="Sheet.310" width="1.77797104185287" height="0.75" x="5.975" y="2.225" flipX="FALSE" flipY="FALSE" autoWidth="1" autoHeight="1"/><annotations/><attributes><attribute name="value" rimClassName="ParameterItem" datatype="ST" cardinality="1..1" conformance="R" mandatory="true" maxLength="0" historyAllowed="false" businessName="Mother's Name"><description>The name of the subject's mother</description><annotations><description>The name of the subject's mother</description><rationale>Used to confirm identity of the subject.</rationale></annotations></attribute></attributes><associations><association name="parameterList" beginX="5.53050723953678" beginY="2.6" endX="4.98715277777777" endY="3.36" target="ParameterList" targetShapeId="Sheet.1" rimTarget="Parameter" rimName="parameterList" shapeId="Sheet.314" source="MotherName" cardinality="" required="0" mandatory="0" blocked="-1" businessName=""><traversal x="0" y="-0.38"/><traversal x="0.271677230879506" y="-0.38"/><traversal x="0.543354461759012" y="-0.38"/><annotations/></association></associations></class><class name="ServiceDeliveryLocationPostalCode" type="OtherClass" rimName="ParameterItem"><graphics shapeId="Sheet.282" width="2.49944092100326" height="0.75" x="1.8" y="5.225" flipX="FALSE" flipY="FALSE" autoWidth="1" autoHeight="1"/><annotations/><attributes><attribute name="value" rimClassName="ParameterItem" datatype="ST" cardinality="1..1" conformance="R" mandatory="true" maxLength="6" historyAllowed="false" businessName="I:Service Delivery Location Postal Code"><description>The postal code in which the vaccines were administered.</description><annotations><description>The postal code in which the vaccines were administered.</description></annotations></attribute></attributes><associations><association name="parameterList" beginX="3.04972046050163" beginY="5.225" endX="4.36215277777777" endY="4.11" target="ParameterList" targetShapeId="Sheet.1" rimTarget="Parameter" rimName="parameterList" shapeId="Sheet.286" source="ServiceDeliveryLocationPostalCode" cardinality="" required="0" mandatory="0" blocked="-1" businessName=""><traversal x="0" y="0.1115"/><traversal x="0" y="1.115"/><annotations/></association></associations></class><class name="SubjectID" type="OtherClass" rimName="ParameterItem"><graphics shapeId="Sheet.20" width="1.97300125425521" height="0.75" x="8.42715711655552" y="5.695" flipX="FALSE" flipY="FALSE" autoWidth="1" autoHeight="1"/><annotations/><attributes><attribute name="value" rimClassName="ParameterItem" datatype="DSET&lt;II&gt;" cardinality="1..*" conformance="R" mandatory="true" maxLength="0" historyAllowed="false" businessName="A:Subject ID"><description>Identifier of the subject(s) who received the vaccine administration.
Filter the result set to include only those records pertaining to the subject(s) with this Id.</description><annotations><description>Identifier of the subject(s) who received the vaccine administration.
Filter the result set to include only those records pertaining to the subject(s) with this Id.</description><rationale>Allows filtering of result set by subject Id.</rationale></annotations></attribute></attributes><associations><association name="parameterList" beginX="7.44065648942791" beginY="5.695" endX="4.98715277777777" endY="4.11" target="ParameterList" targetShapeId="Sheet.1" rimTarget="Parameter" rimName="parameterList" shapeId="Sheet.5" source="SubjectID" cardinality="" required="0" mandatory="0" blocked="-1" businessName=""><traversal x="0" y="0.1585"/><traversal x="0" y="1.585"/><annotations/></association></associations></class></page></pages></hl7model>
