<?xml version="1.0"?>
<hl7model rendered="3/22/2013 9:57:34 AM" datatypesRelease="R2"><pages><page name="Nutrition Orders DIM" width="8.39993103330795" height="3.30292523464627"><class name="SupplyRequest" type="Act" rimName="Supply" businessName="Nutrition Order"><graphics shapeId="Sheet.1" width="2.2082765228099" height="1.47" x="7.285792771903" y="0.975" flipX="FALSE" flipY="FALSE" autoWidth="1" autoHeight="0"/><description>This is the main act that contains the nutrition order items and gives overall information about the order.</description><annotations><description>This is the main act that contains the nutrition order items and gives overall information about the order.</description></annotations><attributes><attribute name="classCode" rimClassName="Act" datatype="CS" cardinality="1..1" conformance="R" mandatory="true" strength="CNE" codeSystem="ActClass" domainCode="C:ActClass" fixed="SPLY" maxLength="0" historyAllowed="false"><annotations/></attribute><attribute name="moodCode" rimClassName="Act" datatype="CS" cardinality="1..1" conformance="R" mandatory="true" strength="CNE" codeSystem="ActMood" domainCode="C:ActMood" fixed="RQO" maxLength="0" historyAllowed="false"><annotations/></attribute><attribute name="id" rimClassName="Act" datatype="DSET&lt;II&gt;" cardinality="0..*" conformance="R" mandatory="false" maxLength="0" historyAllowed="false"><description>The set of identifiers that can be used to refer to the nutrition order.</description><annotations><description>The set of identifiers that can be used to refer to the nutrition order.</description></annotations></attribute><attribute name="code" rimClassName="Act" datatype="CV" cardinality="1..1" conformance="R" mandatory="true" strength="CNE" codeSystem="ActCode" domainCode="C:ActCode" fixed="DIET" maxLength="0" historyAllowed="false"><annotations/></attribute></attributes><associations><association name="subject" beginX="6.18165451049805" beginY="0.534" endX="6.18165451049805" endY="0.534" target="Subject" targetShapeId="Sheet.33" rimTarget="Act" rimName="participation" source="SupplyRequest" cardinality="1..1" required="-1" mandatory="-1" blocked="0" businessName=""><annotations/></association><association name="subjectOf1" beginX="6.18165451049805" beginY="1.563" endX="6.18165451049805" endY="1.563" target="Subject6" targetShapeId="Sheet.240" rimTarget="Act" rimName="inboundRelationship" source="SupplyRequest" cardinality="" required="0" mandatory="0" blocked="-1" businessName=""><annotations/></association></associations></class><class name="Subject" type="Participation" rimName="Participation"><graphics shapeId="Sheet.33" width="1.32517296078212" height="0.302827269151476" x="5.51906803010699" y="0.460347570393881" beginX="6.18165451049805" beginY="0.534" endX="4.85648154971593" endY="0.386695140787761" arrowWidth="66 in."/><description>The patient who needs the nutrition order.</description><annotations><description>The patient who needs the nutrition order.</description></annotations><attributes><attribute name="typeCode" rimClassName="Participation" datatype="CS" cardinality="1..1" conformance="R" mandatory="true" strength="CNE" codeSystem="ParticipationType" domainCode="C:ParticipationType" fixed="SBJ" maxLength="0" historyAllowed="false"><annotations/></attribute></attributes><associations><association name="supplyRequest" beginX="6.18165451049805" beginY="0.534" endX="6.18165451049805" endY="0.534" target="SupplyRequest" targetShapeId="Sheet.1" rimTarget="Participation" rimName="act" source="Subject" cardinality="" required="0" mandatory="0" blocked="-1" businessName=""><annotations/></association><association name="patient" beginX="4.85648154971593" beginY="0.386695140787761" endX="4.85648154971593" endY="0.386695140787761" target="R_PatientUniversal" targetShapeId="Sheet.27" rimTarget="Participation" rimName="role" source="Subject" cardinality="1..1" required="-1" mandatory="-1" blocked="0" businessName=""><annotations/></association></associations></class><class name="R_PatientUniversal" cmetId="COCT_MT050000UV" cmetType="Role(Performed only)" attLevel="universal" domain="RoleClass" mnemonic="PAT" type="CMET" rimName="Patient" id="COCT_MT050000UV"><graphics shapeId="Sheet.27" width="1.16655051640799" height="0.627825234646268" x="4.27320629151194" y="0.323912617323134" flipX="FALSE" flipY="FALSE" autoWidth="1" autoHeight="1"/><annotations/><associations><association name="subjectOf" beginX="4.85648154971593" beginY="0.386695140787761" endX="4.85648154971593" endY="0.386695140787761" target="Subject" targetShapeId="Sheet.33" rimTarget="Role" rimName="participation" source="R_PatientUniversal" cardinality="" required="0" mandatory="0" blocked="-1" businessName=""><annotations/></association></associations></class><class name="Subject6" type="ActRelationship" rimName="ActRelationship"><graphics shapeId="Sheet.240" width="4.09172347719011" height="0.302827269151476" x="4.135792771903" y="1.659" beginX="2.08993103330794" beginY="1.755" endX="6.18165451049805" endY="1.563" arrowWidth="66 in."/><description>The act for which a consultation is being requested.</description><annotations><description>The act for which a consultation is being requested.</description></annotations><attributes><attribute name="typeCode" rimClassName="ActRelationship" datatype="CS" cardinality="1..1" conformance="R" mandatory="true" strength="CNE" codeSystem="ActRelationshipType" domainCode="C:ActRelationshipType" fixed="SUBJ" maxLength="0" historyAllowed="false"><annotations/></attribute></attributes><associations><association name="patientCareProvisionRequest" beginX="2.08993103330794" beginY="1.755" endX="2.08993103330794" endY="1.755" target="PatientCareProvisionRequest" targetShapeId="Sheet.236" rimTarget="ActRelationship" rimName="source" source="Subject6" cardinality="" required="0" mandatory="0" blocked="-1" businessName=""><annotations/></association><association name="supplyRequest" beginX="6.18165451049805" beginY="1.563" endX="6.18165451049805" endY="1.563" target="SupplyRequest" targetShapeId="Sheet.1" rimTarget="ActRelationship" rimName="target" source="Subject6" cardinality="1..1" required="-1" mandatory="-1" blocked="0" businessName=""><annotations/></association></associations></class><class name="PatientCareProvisionRequest" type="Act" rimName="ActHeir"><graphics shapeId="Sheet.236" width="2.07993103330794" height="1.2" x="1.04996551665397" y="1.275" flipX="FALSE" flipY="FALSE" autoWidth="1" autoHeight="0"/><description>A request for a consultation.</description><annotations><description>A request for a consultation.</description></annotations><attributes><attribute name="classCode" rimClassName="Act" datatype="CS" cardinality="1..1" conformance="R" mandatory="true" strength="CNE" codeSystem="ActClass" domainCode="C:ActClass" fixed="PCPR" maxLength="0" historyAllowed="false"><annotations/></attribute><attribute name="moodCode" rimClassName="Act" datatype="CS" cardinality="1..1" conformance="R" mandatory="true" strength="CNE" codeSystem="ActMood" domainCode="C:ActMood" fixed="RQO" maxLength="0" historyAllowed="false"><annotations/></attribute><attribute name="id" rimClassName="Act" datatype="DSET&lt;II&gt;" cardinality="0..*" conformance="R" mandatory="false" maxLength="0" historyAllowed="false"><description>The set of identifiers that can be used to identify the consultation request.</description><annotations><description>The set of identifiers that can be used to identify the consultation request.</description></annotations></attribute></attributes><associations><association name="author" beginX="2.08993103330794" beginY="0.914999999999999" endX="2.08993103330794" endY="0.914999999999999" target="Author3" targetShapeId="Sheet.246" rimTarget="Act" rimName="participation" source="PatientCareProvisionRequest" cardinality="1..1" required="-1" mandatory="-1" blocked="0" businessName=""><annotations/></association><association name="subject" beginX="2.08993103330794" beginY="1.755" endX="2.08993103330794" endY="1.755" target="Subject6" targetShapeId="Sheet.240" rimTarget="Act" rimName="outboundRelationship" source="PatientCareProvisionRequest" cardinality="1..1" required="-1" mandatory="-1" blocked="0" businessName=""><annotations/></association></associations></class><class name="Author3" type="Participation" rimName="Participation"><graphics shapeId="Sheet.246" width="1.57187820738021" height="0.436160093858507" x="2.87587013699805" y="0.971956308661566" beginX="2.08993103330794" beginY="0.914999999999999" endX="3.62493103330794" endY="1.02891261732313" arrowWidth="66 in."/><description>The provider that is requesting the consultation.</description><annotations><description>The provider that is requesting the consultation.</description></annotations><attributes><attribute name="typeCode" rimClassName="Participation" datatype="CS" cardinality="1..1" conformance="R" mandatory="true" strength="CNE" codeSystem="ParticipationType" domainCode="C:ParticipationType" fixed="AUT" maxLength="0" historyAllowed="false"><annotations/></attribute><attribute name="time" rimClassName="Participation" datatype="TS.DATETIME" cardinality="0..1" conformance="R" mandatory="false" maxLength="0" historyAllowed="false"><description>The date/time when the consultation was requested.</description><annotations><description>The date/time when the consultation was requested.</description></annotations></attribute></attributes><associations><association name="patientCareProvisionRequest" beginX="2.08993103330794" beginY="0.914999999999999" endX="2.08993103330794" endY="0.914999999999999" target="PatientCareProvisionRequest" targetShapeId="Sheet.236" rimTarget="Participation" rimName="act" source="Author3" cardinality="" required="0" mandatory="0" blocked="-1" businessName=""><annotations/></association><association name="assignedPerson" beginX="3.62493103330794" beginY="1.02891261732313" endX="3.62493103330794" endY="1.02891261732313" target="R_AssignedPersonUniversal" targetShapeId="Sheet.15" rimTarget="Participation" rimName="role" source="Author3" cardinality="1..1" required="-1" mandatory="-1" blocked="0" businessName=""><annotations/></association></associations></class><class name="R_AssignedPersonUniversal" cmetId="COCT_MT090100UV" cmetType="Role(Performed only)" attLevel="universal" domain="RoleClass" mnemonic="ASSIGNED" type="CMET" rimName="RoleHeir" id="COCT_MT090100UV"><graphics shapeId="Sheet.15" width="1.22782218388846" height="0.627825234646268" x="4.23884212525217" y="1.02891261732313" flipX="FALSE" flipY="FALSE" autoWidth="1" autoHeight="1"/><annotations/><associations><association name="origination" beginX="3.62493103330794" beginY="1.02891261732313" endX="3.62493103330794" endY="1.02891261732313" target="Author3" targetShapeId="Sheet.246" rimTarget="Role" rimName="participation" source="R_AssignedPersonUniversal" cardinality="" required="0" mandatory="0" blocked="-1" businessName=""><annotations/></association></associations></class><entryPoint entryClass="PatientCareProvisionRequest" name="Nutrition Consultation" type="EntryPoint" id="PONU_RM000002UV"><graphics shapeId="Sheet.252" connectedShape="Sheet.236" width="1.9198120825701" height="0.90014745686849" beginX="1.08993103330794" beginY="2.375" endX="1.46595172331556" endY="1.875"/><annotations/><notes><text>The entry point for the request for a Nutrition Consultation Property-contextConductionStyle: I </text></notes></entryPoint></page></pages></hl7model>
