<?xml version="1.0"?>
<hl7model rendered="4/16/2014 10:27:22 PM" datatypesRelease="R2"><pages><page name="Dispense Pickup" width="7.3916775183611" height="2.78559431524548"><entryPoint entryClass="SupplyEvent" name="Dispense pickup" type="EntryPoint" id="PORX_RM020020UV"><graphics shapeId="Sheet.5" connectedShape="Sheet.24" width="1.88979422978689" height="0.766814632161459" beginX="3.86" beginY="1.51555555555556" endX="3.67070312599999" endY="0.791135093858507"/><annotations/><notes><text> Property-contextConductionStyle: I </text></notes></entryPoint><class name="SupplyEvent" type="Act" rimName="Supply"><graphics shapeId="Sheet.24" width="2.20929123228255" height="0.781159076605903" x="3.67070312599999" y="0.400555555555556" flipX="FALSE" flipY="FALSE" autoWidth="1" autoHeight="1"/><description>Captures information about what dispensed medication was picked up and who received it.</description><annotations><description>Captures information about what dispensed medication was picked up and who received it.</description></annotations><attributes><attribute name="classCode" rimClassName="Act" datatype="CS" cardinality="1..1" conformance="R" mandatory="true" strength="CNE" codeSystem="ActClass" domainCode="C:ActClass" fixed="SPLY" maxLength="0" historyAllowed="false"><annotations/></attribute><attribute name="moodCode" rimClassName="Act" datatype="CS" cardinality="1..1" conformance="R" mandatory="true" strength="CNE" codeSystem="ActMood" domainCode="C:ActMood" fixed="EVN" maxLength="0" historyAllowed="false"><annotations/></attribute><attribute name="id" rimClassName="Act" datatype="II" cardinality="1..1" conformance="R" mandatory="true" maxLength="0" historyAllowed="false" businessName="Dispense Id"><description>Identity of dispensed medication that has been picked up.</description><annotations><description>Identity of dispensed medication that has been picked up.</description></annotations></attribute><attribute name="statusCode" rimClassName="Act" datatype="CS" cardinality="1..1" conformance="R" mandatory="true" strength="CNE" codeSystem="ActStatus" domainCode="C:ActStatus" fixed="completed" maxLength="0" historyAllowed="false"><description>A code specifying that the dispensed medication has been picked up.</description><annotations><description>A code specifying that the dispensed medication has been picked up.</description></annotations></attribute></attributes><associations><association name="subject" beginX="2.56605750985871" beginY="0.400555555555556" endX="2.56605750985871" endY="0.400555555555556" target="Subject" targetShapeId="Sheet.18" rimTarget="Act" rimName="participation" source="SupplyEvent" cardinality="0..1" required="0" mandatory="0" blocked="0" businessName=""><annotations/></association><association name="receiver" beginX="4.77534874214126" beginY="0.400555555555556" endX="4.77534874214126" endY="0.400555555555556" target="Receiver" targetShapeId="Sheet.34" rimTarget="Act" rimName="participation" source="SupplyEvent" cardinality="0..1" required="-1" mandatory="0" blocked="0" businessName=""><annotations/></association></associations></class><class name="Subject" type="Participation" rimName="Participation"><graphics shapeId="Sheet.18" width="1.39374111395941" height="0.302827269151476" x="1.86918695287901" y="0.361942071601021" beginX="2.56605750985871" beginY="0.400555555555556" endX="1.17231639589931" endY="0.323328587646486" arrowWidth="66 in."/><description>Identity of the patient for whom the medication is being picked up.</description><annotations><description>Identity of the patient for whom the medication is being picked up.</description></annotations><attributes><attribute name="typeCode" rimClassName="Participation" datatype="CS" cardinality="1..1" conformance="R" mandatory="true" strength="CNE" codeSystem="ParticipationType" domainCode="C:ParticipationType" fixed="SBJ" maxLength="0" historyAllowed="false"><annotations/></attribute></attributes><associations><association name="supplyEvent" beginX="2.56605750985871" beginY="0.400555555555556" endX="2.56605750985871" endY="0.400555555555556" target="SupplyEvent" targetShapeId="Sheet.24" rimTarget="Participation" rimName="act" source="Subject" cardinality="" required="0" mandatory="0" blocked="-1" businessName=""><annotations/></association><association name="patient" beginX="1.17231639589931" beginY="0.323328587646486" endX="1.17231639589931" endY="0.323328587646486" target="R_PatientUniversal" targetShapeId="Sheet.12" rimTarget="Participation" rimName="role" source="Subject" cardinality="1..1" required="0" mandatory="0" blocked="0" businessName=""><annotations/></association></associations></class><class name="R_PatientUniversal" cmetId="COCT_MT050000" cmetType="Role(Performed only)" attLevel="universal" domain="RoleClass" mnemonic="PAT" type="CMET" rimName="Patient" id="COCT_MT050000"><graphics shapeId="Sheet.12" width="1.04463279179861" height="0.627825234646268" x="0.65" y="0.386111111111113" flipX="FALSE" flipY="FALSE" autoWidth="1" autoHeight="1"/><annotations/><associations><association name="subjectOf" beginX="1.17231639589931" beginY="0.323328587646486" endX="1.17231639589931" endY="0.323328587646486" target="Subject" targetShapeId="Sheet.18" rimTarget="Role" rimName="participation" source="R_PatientUniversal" cardinality="" required="0" mandatory="0" blocked="-1" businessName=""><annotations/></association></associations></class><class name="Receiver" type="Participation" rimName="Participation"><graphics shapeId="Sheet.34" width="1.39919580741928" height="0.302827269151476" x="5.4749466458509" y="0.393333333333334" beginX="4.77534874214126" beginY="0.400555555555556" endX="6.17454454956054" endY="0.386111111111113" arrowWidth="66 in."/><description>Used when patient is not in a position to pick up medication and when alternate receivers must be specifically designated (e.g. for narcotics).</description><annotations><description>Used when patient is not in a position to pick up medication and when alternate receivers must be specifically designated (e.g. for narcotics).</description></annotations><attributes><attribute name="typeCode" rimClassName="Participation" datatype="CS" cardinality="1..1" conformance="R" mandatory="true" strength="CNE" codeSystem="ParticipationType" domainCode="C:ParticipationType" fixed="RCV" maxLength="0" historyAllowed="false"><annotations/></attribute></attributes><associations><association name="supplyEvent" beginX="4.77534874214126" beginY="0.400555555555556" endX="4.77534874214126" endY="0.400555555555556" target="SupplyEvent" targetShapeId="Sheet.24" rimTarget="Participation" rimName="act" source="Receiver" cardinality="" required="0" mandatory="0" blocked="-1" businessName=""><annotations/></association><association name="assignedPerson" beginX="6.17454454956054" beginY="0.386111111111113" endX="6.17454454956054" endY="0.386111111111113" target="R_AssignedPersonUniversal" targetShapeId="Sheet.28" rimTarget="Participation" rimName="role" source="Receiver" cardinality="1..1" required="-1" mandatory="0" blocked="0" businessName=""><annotations/></association></associations></class><class name="R_AssignedPersonUniversal" cmetId="COCT_MT090100" cmetType="Role(Performed only)" attLevel="universal" domain="RoleClass" mnemonic="ASSIGNED" type="CMET" rimName="RoleHeir" id="COCT_MT090100"><graphics shapeId="Sheet.28" width="1.22258841924002" height="0.627825234646268" x="6.78583875918055" y="0.386111111111113" flipX="FALSE" flipY="FALSE" autoWidth="1" autoHeight="1"/><annotations/><associations><association name="receiverOf" beginX="6.17454454956054" beginY="0.386111111111113" endX="6.17454454956054" endY="0.386111111111113" target="Receiver" targetShapeId="Sheet.34" rimTarget="Role" rimName="participation" source="R_AssignedPersonUniversal" cardinality="" required="0" mandatory="0" blocked="-1" businessName=""><annotations/></association></associations></class></page></pages></hl7model>
