<?xml version="1.0"?>
<hl7model rendered="3/30/2011 2:11:08 PM" datatypesRelease="R2"><pages><page name="Medication Detail Query" width="8.43910707767004" height="4.97"><class name="ParameterList" type="OtherClass" rimName="ParameterList"><graphics shapeId="Sheet.5" width="1.25" height="0.75" x="3.86617098046139" y="2.305" flipX="FALSE" flipY="FALSE" autoWidth="1" autoHeight="1"/><annotations/><associations><association name="effectiveTime" beginX="4.49117098046139" beginY="1.93" endX="5.56278243322569" endY="0.5725" target="EffectiveTime" targetShapeId="Sheet.65" rimTarget="ParameterList" rimName="parameter" shapeId="Sheet.97" source="ParameterList" cardinality="0..1" required="-1" mandatory="0" blocked="0" businessName=""><traversal x="0" y="-0.13575"/><traversal x="0" y="-1.3575"/><annotations/></association><association name="patientId" beginX="4.49117098046139" beginY="2.1175" endX="5.56765609045226" endY="1.4975" target="PatientId" targetShapeId="Sheet.61" rimTarget="ParameterList" rimName="parameter" shapeId="Sheet.87" source="ParameterList" cardinality="0..*" required="-1" mandatory="0" blocked="0" businessName=""><traversal x="0.538242554995436" y="0"/><traversal x="0.538242554995436" y="-0.31"/><traversal x="0.538242554995436" y="-0.62"/><annotations/></association><association name="medicationCode" beginX="4.49117098046139" beginY="2.4925" endX="5.4684444617205" endY="2.4825" target="MedicationCode" targetShapeId="Sheet.20" rimTarget="ParameterList" rimName="parameter" shapeId="Sheet.50" source="ParameterList" cardinality="0..*" required="-1" mandatory="0" blocked="0" businessName=""><traversal x="0.488636740629557" y="0"/><traversal x="0.488636740629557" y="-5.00000000000012E-03"/><traversal x="0.488636740629557" y="-1.00000000000002E-02"/><annotations/></association><association name="authorTime" beginX="4.49117098046139" beginY="2.68" endX="5.53306700812446" endY="3.235" target="AuthorTime" targetShapeId="Sheet.69" rimTarget="ParameterList" rimName="parameter" shapeId="Sheet.77" source="ParameterList" cardinality="0..1" required="-1" mandatory="0" blocked="0" businessName=""><traversal x="0.520948013831536" y="0"/><traversal x="0.520948013831536" y="0.2775"/><traversal x="0.520948013831536" y="0.555"/><annotations/></association><association name="encounterId" beginX="4.49117098046139" beginY="2.68" endX="5.57734572516547" endY="3.9975" target="EncounterId" targetShapeId="Sheet.73" rimTarget="ParameterList" rimName="parameter" shapeId="Sheet.107" source="ParameterList" cardinality="0..1" required="-1" mandatory="0" blocked="0" businessName=""><traversal x="0" y="0.13175"/><traversal x="0" y="1.3175"/><annotations/></association><association name="substanceAdministrationEventId" beginX="3.86617098046139" beginY="1.93" endX="3.27970999975402" endY="1.05" target="SubstanceAdministrationEventId" targetShapeId="Sheet.131" rimTarget="ParameterList" rimName="parameter" shapeId="Sheet.135" source="ParameterList" cardinality="0..*" required="-1" mandatory="0" blocked="0" businessName=""><traversal x="0" y="-0.44"/><traversal x="-0.293230490353685" y="-0.44"/><traversal x="-0.58646098070737" y="-0.44"/><annotations/></association><association name="prescriptionId" beginX="4.17867098046139" beginY="2.68" endX="3.77289298466971" endY="4.21" target="PrescriptionId" targetShapeId="Sheet.117" rimTarget="ParameterList" rimName="parameter" shapeId="Sheet.121" source="ParameterList" cardinality="0..1" required="-1" mandatory="0" blocked="0" businessName=""><traversal x="0" y="0.765"/><traversal x="-0.20288899789584" y="0.765"/><traversal x="-0.405777995791679" y="0.765"/><annotations/></association></associations></class><entryPoint entryClass="ParameterList" name="Substance Administration Event Query" type="EntryPoint" id="PORX_RM040030UV"><graphics shapeId="Sheet.9" connectedShape="Sheet.5" width="2.71011520689193" height="0.766814632161459" beginX="2.73789298466971" beginY="2.3" endX="3.24117098046139" endY="2.305"/><annotations/><notes><text> Property-contextConductionStyle: I </text></notes></entryPoint><class name="EffectiveTime" type="OtherClass" rimName="ParameterItem"><graphics shapeId="Sheet.65" width="2.17022110288802" height="0.75" x="6.64789298466971" y="0.385" flipX="FALSE" flipY="FALSE" autoWidth="1" autoHeight="1"/><description>Used to choose substance administrations (both statements and administrations) whose effective time overlaps with the given time range.</description><annotations><description>Used to choose substance administrations (both statements and administrations) whose effective time overlaps with the given time range.</description></annotations><attributes><attribute name="value" rimClassName="ParameterItem" datatype="IVL&lt;TS&gt;" cardinality="1..1" conformance="R" mandatory="true" maxLength="0" historyAllowed="false"><description>The desired time range to search over.</description><annotations><description>The desired time range to search over.</description></annotations></attribute><attribute name="semanticsText" rimClassName="ParameterItem" datatype="ST" cardinality="0..1" conformance="" mandatory="false" fixed="EffectiveTime" maxLength="0" historyAllowed="false"><annotations/></attribute></attributes><associations><association name="parameterList" beginX="5.56278243322569" beginY="0.5725" endX="4.49117098046139" endY="1.93" target="ParameterList" targetShapeId="Sheet.5" rimTarget="Parameter" rimName="parameterList" shapeId="Sheet.97" source="EffectiveTime" cardinality="" required="0" mandatory="0" blocked="-1" businessName=""><traversal x="0" y="-0.13575"/><traversal x="0" y="-1.3575"/><annotations/></association></associations></class><class name="PatientId" type="OtherClass" rimName="ParameterItem"><graphics shapeId="Sheet.61" width="1.9604737884349" height="0.75" x="6.54789298466971" y="1.31" flipX="FALSE" flipY="FALSE" autoWidth="1" autoHeight="1"/><description>Used to choose substance administrations (both statements and administrations) that are associated with a specific patient.</description><annotations><description>Used to choose substance administrations (both statements and administrations) that are associated with a specific patient.</description></annotations><attributes><attribute name="value" rimClassName="ParameterItem" datatype="II" cardinality="1..1" conformance="R" mandatory="true" maxLength="0" historyAllowed="false"><description>The identifier for the desired patient.</description><annotations><description>The identifier for the desired patient.</description></annotations></attribute><attribute name="semanticsText" rimClassName="ParameterItem" datatype="ST" cardinality="0..1" conformance="" mandatory="false" fixed="Patient.id" maxLength="0" historyAllowed="false"><annotations/></attribute></attributes><associations><association name="parameterList" beginX="5.56765609045226" beginY="1.4975" endX="4.49117098046139" endY="2.1175" target="ParameterList" targetShapeId="Sheet.5" rimTarget="Parameter" rimName="parameterList" shapeId="Sheet.87" source="PatientId" cardinality="" required="0" mandatory="0" blocked="-1" businessName=""><traversal x="0.538242554995436" y="0"/><traversal x="0.538242554995436" y="-0.31"/><traversal x="0.538242554995436" y="-0.62"/><annotations/></association></associations></class><class name="MedicationCode" type="OtherClass" rimName="ParameterItem"><graphics shapeId="Sheet.20" width="2.99926163023177" height="0.75" x="6.96807527683639" y="2.295" flipX="FALSE" flipY="FALSE" autoWidth="1" autoHeight="1"/><description>Used to choose substance administrations (both statements and administrations) that used a specific medication.</description><annotations><description>Used to choose substance administrations (both statements and administrations) that used a specific medication.</description><impNotes>The model makes no statement about whether the search should only return events that explicitly use the given medication code or whether it will return events that have a medication that is related to the given code, i.e. given a code for a generic, return any events that use any medication that has this generic.

That is left to implementation-specific business rules.</impNotes></annotations><attributes><attribute name="value" rimClassName="ParameterItem" datatype="CV" cardinality="1..1" conformance="R" mandatory="true" strength="CNE" conceptDomain="ProductEntityType" maxLength="0" historyAllowed="false" businessName="Drug Code"><description>The code of the medication.</description><annotations><description>The code of the medication.</description></annotations></attribute><attribute name="semanticsText" rimClassName="ParameterItem" datatype="ST" cardinality="0..1" conformance="" mandatory="false" fixed="Medication.code" maxLength="0" historyAllowed="false"><annotations/></attribute></attributes><associations><association name="parameterList" beginX="5.4684444617205" beginY="2.4825" endX="4.49117098046139" endY="2.4925" target="ParameterList" targetShapeId="Sheet.5" rimTarget="Parameter" rimName="parameterList" shapeId="Sheet.50" source="MedicationCode" cardinality="" required="0" mandatory="0" blocked="-1" businessName=""><traversal x="0.488636740629557" y="0"/><traversal x="0.488636740629557" y="-5.00000000000012E-03"/><traversal x="0.488636740629557" y="-1.00000000000002E-02"/><annotations/></association></associations></class><class name="AuthorTime" type="OtherClass" rimName="ParameterItem"><graphics shapeId="Sheet.69" width="2.06534744566146" height="0.75" x="6.56574073095519" y="3.235" flipX="FALSE" flipY="FALSE" autoWidth="1" autoHeight="1"/><description>Used to choose substance administrations (both statements and administrations) that were created within a given timeframe.</description><annotations><description>Used to choose substance administrations (both statements and administrations) that were created within a given timeframe.</description></annotations><attributes><attribute name="value" rimClassName="ParameterItem" datatype="IVL&lt;TS&gt;" cardinality="1..1" conformance="R" mandatory="true" maxLength="0" historyAllowed="false"><description>The date range within which to search for administration events.</description><annotations><description>The date range within which to search for administration events.</description></annotations></attribute><attribute name="semanticsText" rimClassName="ParameterItem" datatype="ST" cardinality="0..1" conformance="" mandatory="false" fixed="Author.time" maxLength="0" historyAllowed="false"><annotations/></attribute></attributes><associations><association name="parameterList" beginX="5.53306700812446" beginY="3.235" endX="4.49117098046139" endY="2.68" target="ParameterList" targetShapeId="Sheet.5" rimTarget="Parameter" rimName="parameterList" shapeId="Sheet.77" source="AuthorTime" cardinality="" required="0" mandatory="0" blocked="-1" businessName=""><traversal x="0.520948013831536" y="0"/><traversal x="0.520948013831536" y="0.2775"/><traversal x="0.520948013831536" y="0.555"/><annotations/></association></associations></class><class name="EncounterId" type="OtherClass" rimName="ParameterItem"><graphics shapeId="Sheet.73" width="2.12106872862044" height="0.75" x="6.63788008947569" y="4.185" flipX="FALSE" flipY="FALSE" autoWidth="1" autoHeight="1"/><description>Used to choose substance administrations (both statements and administrations) that are associated with a specific encounter.</description><annotations><description>Used to choose substance administrations (both statements and administrations) that are associated with a specific encounter.</description></annotations><attributes><attribute name="value" rimClassName="ParameterItem" datatype="II" cardinality="1..1" conformance="R" mandatory="true" maxLength="0" historyAllowed="false"><description>The identifier of the encounter.</description><annotations><description>The identifier of the encounter.</description></annotations></attribute><attribute name="semanticsText" rimClassName="ParameterItem" datatype="ST" cardinality="0..1" conformance="" mandatory="false" fixed="Encounter.id" maxLength="0" historyAllowed="false"><annotations/></attribute></attributes><associations><association name="parameterList" beginX="5.57734572516547" beginY="3.9975" endX="4.49117098046139" endY="2.68" target="ParameterList" targetShapeId="Sheet.5" rimTarget="Parameter" rimName="parameterList" shapeId="Sheet.107" source="EncounterId" cardinality="" required="0" mandatory="0" blocked="-1" businessName=""><traversal x="0" y="0.13175"/><traversal x="0" y="1.3175"/><annotations/></association></associations></class><class name="SubstanceAdministrationEventId" type="OtherClass" rimName="ParameterItem"><graphics shapeId="Sheet.131" width="2.31636596983138" height="0.75" x="3.27970999975402" y="0.675" flipX="FALSE" flipY="FALSE" autoWidth="1" autoHeight="1"/><description>Used to choose a specific substance administration event.</description><annotations><description>Used to choose a specific substance administration event.</description></annotations><attributes><attribute name="value" rimClassName="ParameterItem" datatype="II" cardinality="1..1" conformance="R" mandatory="true" maxLength="0" historyAllowed="false"><description>The identifier of the substance administration event.</description><annotations><description>The identifier of the substance administration event.</description></annotations></attribute><attribute name="semanticsText" rimClassName="ParameterItem" datatype="ST" cardinality="0..1" conformance="" mandatory="false" fixed="id" maxLength="0" historyAllowed="false"><annotations/></attribute></attributes><associations><association name="parameterList" beginX="3.27970999975402" beginY="1.05" endX="3.86617098046139" endY="1.93" target="ParameterList" targetShapeId="Sheet.5" rimTarget="Parameter" rimName="parameterList" shapeId="Sheet.135" source="SubstanceAdministrationEventId" cardinality="" required="0" mandatory="0" blocked="-1" businessName=""><traversal x="0" y="-0.44"/><traversal x="-0.293230490353685" y="-0.44"/><traversal x="-0.58646098070737" y="-0.44"/><annotations/></association></associations></class><class name="PrescriptionId" type="OtherClass" rimName="ParameterItem"><graphics shapeId="Sheet.117" width="2.20120407407943" height="0.75" x="3.77289298466971" y="4.585" flipX="FALSE" flipY="FALSE" autoWidth="1" autoHeight="1"/><description>Used to choose substance administrations (both statements and administrations) that are associated with a specific prescription.</description><annotations><description>Used to choose substance administrations (both statements and administrations) that are associated with a specific prescription.</description></annotations><attributes><attribute name="value" rimClassName="ParameterItem" datatype="II" cardinality="1..1" conformance="R" mandatory="true" maxLength="0" historyAllowed="false"><description>The ID of the prescription.</description><annotations><description>The ID of the prescription.</description></annotations></attribute><attribute name="semanticsText" rimClassName="ParameterItem" datatype="ST" cardinality="0..1" conformance="" mandatory="false" fixed="Prescription.id" maxLength="0" historyAllowed="false"><annotations/></attribute></attributes><associations><association name="parameterList" beginX="3.77289298466971" beginY="4.21" endX="4.17867098046139" endY="2.68" target="ParameterList" targetShapeId="Sheet.5" rimTarget="Parameter" rimName="parameterList" shapeId="Sheet.121" source="PrescriptionId" cardinality="" required="0" mandatory="0" blocked="-1" businessName=""><traversal x="0" y="0.765"/><traversal x="-0.20288899789584" y="0.765"/><traversal x="-0.405777995791679" y="0.765"/><annotations/></association></associations></class></page></pages></hl7model>
