<?xml version="1.0"?>
<hl7model rendered="6/26/2012 6:23:52 PM" datatypesRelease="R2"><pages><page name="Pg-1" width="7.4912813182105" height="6.40792421739367"><entryPoint entryClass="QueryByParameter" name="Person Registry Query By Identifier" type="EntryPoint" id="PRPA_RM101307UV"><graphics shapeId="Sheet.249" connectedShape="Sheet.34" width="2.46838165586654" height="1.16681310628255" beginX="4.8678781158102" beginY="5.2133333333333" endX="5.0004239589943" endY="4.37581427883577"/><annotations/><notes><text>The payload message used for a query to a Person Registry for records matching matching a person identifier and, optionally, a data source. Property-contextConductionStyle: I </text></notes></entryPoint><class name="QueryByParameter" type="OtherClass" rimName="QueryByParameter"><graphics shapeId="Sheet.34" width="2.82816101377669" height="1.24551744656033" x="5.0004239589943" y="3.7530555555556" flipX="FALSE" flipY="FALSE" autoWidth="1" autoHeight="1"/><description>Entry point for the Query By Person Identifier payload message</description><annotations><description>Entry point for the Query By Person Identifier payload message</description></annotations><attributes><attribute name="queryId" rimClassName="QueryEvent" datatype="II" cardinality="1..1" conformance="R" mandatory="false" maxLength="0" historyAllowed="false"><description>Identifier for the query. It is used to associate this query instance with both the initial response message and with later query interactions.  Valuing queryId avoids the need for the QueryAck class to carry as much detailed information as is carried in the initial query.</description><annotations><description>Identifier for the query. It is used to associate this query instance with both the initial response message and with later query interactions.  Valuing queryId avoids the need for the QueryAck class to carry as much detailed information as is carried in the initial query.</description></annotations></attribute><attribute name="statusCode" rimClassName="QueryEvent" datatype="CS" cardinality="1..1" conformance="R" mandatory="true" strength="CNE" conceptDomain="QueryStatusCode" maxLength="0" historyAllowed="false"><annotations/></attribute><attribute name="modifyCode" rimClassName="QuerySpec" datatype="CS" cardinality="0..1" conformance="" mandatory="false" strength="CNE" conceptDomain="ModifyIndicator" maxLength="0" historyAllowed="false"><description>Indicates whether the subscription to a query is new or is being modified</description><annotations><description>Indicates whether the subscription to a query is new or is being modified</description></annotations></attribute><attribute name="responseElementGroupId" rimClassName="QuerySpec" datatype="DSET&lt;II&gt;" cardinality="0..*" conformance="" mandatory="false" maxLength="0" historyAllowed="false"><description>Identifies the specific message type to be returned in the query resonse. The message type is constrained to the set of message types supported by the receiver responsibilities associated with the query interaction.</description><annotations><description>Identifies the specific message type to be returned in the query resonse. The message type is constrained to the set of message types supported by the receiver responsibilities associated with the query interaction.</description></annotations></attribute><attribute name="responsePriorityCode" rimClassName="QuerySpec" datatype="CS" cardinality="0..1" conformance="" mandatory="false" strength="CNE" conceptDomain="QueryPriority" maxLength="0" historyAllowed="false"><description>Idntifies the time frame in which a response is expected</description><annotations><description>Idntifies the time frame in which a response is expected</description></annotations></attribute><attribute name="executionAndDeliveryTime" rimClassName="QuerySpec" datatype="TS" cardinality="0..1" conformance="" mandatory="false" maxLength="0" historyAllowed="false"><description>Specifies the time the response is to be returned</description><annotations><description>Specifies the time the response is to be returned</description></annotations></attribute></attributes><associations><association name="controlActProcess" beginX="3.58634345210595" beginY="3.7530555555556" endX="2.23592521970934" endY="3.9419444444444" target="ControlActProcess" targetShapeId="Sheet.5" rimTarget="QueryEvent" rimName="controlAct" shapeId="Sheet.70" source="QueryByParameter" cardinality="" required="0" mandatory="0" blocked="-1" businessName=""><traversal x="-0.675209116198307" y="0"/><traversal x="-0.675209116198307" y="9.44444444443999E-02"/><traversal x="-0.675209116198307" y="0.1888888888888"/><annotations/></association><association name="parameterList" beginX="5.0004239589943" beginY="3.13029683227543" endX="4.72365909404291" endY="2.185" target="ParameterList" targetShapeId="Sheet.1" rimTarget="QueryByParameter" rimName="parameter" shapeId="Sheet.80" source="QueryByParameter" cardinality="1..1" required="-1" mandatory="-1" blocked="0" businessName=""><traversal x="0" y="0.472648416137718"/><traversal x="0.138382432475694" y="0.472648416137718"/><traversal x="0.276764864951389" y="0.472648416137718"/><annotations/></association></associations></class><class name="ControlActProcess" type="Act" rimName="ControlAct"><graphics shapeId="Sheet.5" width="2.27841354673568" height="0.75" x="1.0967184463415" y="3.7919444444444" flipX="FALSE" flipY="FALSE" autoWidth="1" autoHeight="1"/><annotations/><notes><Note name="Sheet.9" type="Note" noteType="Note"><graphics shapeId="Sheet.9" connectedShape="Sheet.5" x="1.8218369905533" y="2.5616666666667" width="1.63654580313759" height="0.5" beginX="0.818272901568794" beginY="0.25" endX="0.320995712030562" endY="1.1052777777777"/><annotations/><notes><text>This class is required by tooling
but is not used by the RMIM</text></notes></Note></notes><attributes><attribute name="classCode" rimClassName="Act" datatype="CS" cardinality="1..1" conformance="R" mandatory="true" strength="CNE" codeSystem="ActClass" domainCode="CACT" maxLength="0" historyAllowed="false"><annotations/></attribute><attribute name="moodCode" rimClassName="Act" datatype="CS" cardinality="1..1" conformance="R" mandatory="true" strength="CNE" conceptDomain="ActMoodCompletionTrack" maxLength="0" historyAllowed="false"><annotations/></attribute></attributes><associations><association name="queryByParameter" beginX="2.23592521970934" beginY="3.9419444444444" endX="3.58634345210595" endY="3.7530555555556" target="QueryByParameter" targetShapeId="Sheet.34" rimTarget="ControlAct" rimName="queryEvent" shapeId="Sheet.70" source="ControlActProcess" cardinality="0..1" required="0" mandatory="0" blocked="0" businessName=""><traversal x="-0.675209116198307" y="0"/><traversal x="-0.675209116198307" y="9.44444444443999E-02"/><traversal x="-0.675209116198307" y="0.1888888888888"/><annotations/></association></associations></class><class name="ParameterList" type="OtherClass" rimName="ParameterList"><graphics shapeId="Sheet.1" width="1.25" height="0.75" x="4.7236590940429" y="1.81" flipX="FALSE" flipY="FALSE" autoWidth="1" autoHeight="1"/><description>Parameter list for a query by person identifier query</description><annotations><description>Parameter list for a query by person identifier query</description></annotations><attributes><attribute name="id" rimClassName="Parameter" datatype="II" cardinality="0..1" conformance="" mandatory="false" maxLength="0" historyAllowed="false"><description>Identifier(s) for a parameter list</description><annotations><description>Identifier(s) for a parameter list</description></annotations></attribute></attributes><associations><association name="identifiedPersonIdentifier" beginX="4.4111590940429" beginY="1.435" endX="2.87395748839012" endY="0.76" target="IdentifiedPersonIdentifier" targetShapeId="Sheet.42" rimTarget="ParameterList" rimName="parameter" shapeId="Sheet.100" source="ParameterList" cardinality="1..*" required="-1" mandatory="-1" blocked="0" businessName=""><traversal x="0" y="-0.3375"/><traversal x="-1.27867024282639" y="-0.3375"/><traversal x="-1.53720160565278" y="-0.3375"/><annotations/></association><association name="dataSource" beginX="5.0361590940429" beginY="1.435" endX="6.39665714066794" endY="0.76" target="DataSource" targetShapeId="Sheet.38" rimTarget="ParameterList" rimName="parameter" shapeId="Sheet.90" source="ParameterList" cardinality="0..*" required="0" mandatory="0" blocked="0" businessName=""><traversal x="0" y="-0.3375"/><traversal x="0.6802490233125" y="-0.3375"/><traversal x="1.360498046625" y="-0.3375"/><annotations/></association><association name="queryByParameter" beginX="4.7236590940429" beginY="2.185" endX="5.00042395899429" endY="3.13029683227544" target="QueryByParameter" targetShapeId="Sheet.34" rimTarget="Parameter" rimName="queryByParameter" shapeId="Sheet.80" source="ParameterList" cardinality="" required="0" mandatory="0" blocked="-1" businessName=""><traversal x="0" y="0.472648416137718"/><traversal x="0.138382432475694" y="0.472648416137718"/><traversal x="0.276764864951389" y="0.472648416137718"/><annotations/></association></associations></class><class name="IdentifiedPersonIdentifier" type="OtherClass" rimName="ParameterItem"><graphics shapeId="Sheet.42" width="2.38549591367904" height="0.75" x="2.8739574883901" y="0.385" flipX="FALSE" flipY="FALSE" autoWidth="1" autoHeight="1"/><description>This query parameter is an identifier for a record in a person registry. Multiple instances within a single parameter are combined with OR logic.</description><annotations><description>This query parameter is an identifier for a record in a person registry. Multiple instances within a single parameter are combined with OR logic.</description></annotations><attributes><attribute name="value" rimClassName="ParameterItem" datatype="DSET&lt;II&gt;" cardinality="1..*" conformance="R" mandatory="true" maxLength="0" historyAllowed="false"><description>An identifier for a record in a person registry.   Multiple instances within a single parameter are combined with OR logic.</description><annotations><description>An identifier for a record in a person registry.   Multiple instances within a single parameter are combined with OR logic.</description></annotations></attribute><attribute name="semanticsText" rimClassName="ParameterItem" datatype="ST" cardinality="1..1" conformance="R" mandatory="false" default="IdentifiedPerson.id" maxLength="0" historyAllowed="false"><annotations/></attribute></attributes><associations><association name="parameterList" beginX="2.8739574883901" beginY="0.76" endX="4.41115909404288" endY="1.435" target="ParameterList" targetShapeId="Sheet.1" rimTarget="Parameter" rimName="parameterList" shapeId="Sheet.100" source="IdentifiedPersonIdentifier" cardinality="" required="0" mandatory="0" blocked="-1" businessName=""><traversal x="0" y="-0.3375"/><traversal x="-1.27867024282639" y="-0.3375"/><traversal x="-1.53720160565278" y="-0.3375"/><annotations/></association></associations></class><class name="DataSource" type="OtherClass" rimName="ParameterItem"><graphics shapeId="Sheet.38" width="2.16924835508529" height="0.75" x="6.3966571406679" y="0.385" flipX="FALSE" flipY="FALSE" autoWidth="1" autoHeight="1"/><description>This query parameter is the identifier for a data source. This supports data  locator/aggregator type registries that respond to queries by farming the request out to  other registries that hold the requested information.</description><annotations><description>This query parameter is the identifier for a data source. This supports data  locator/aggregator type registries that respond to queries by farming the request out to  other registries that hold the requested information.</description></annotations><attributes><attribute name="value" rimClassName="ParameterItem" datatype="DSET&lt;II&gt;" cardinality="1..*" conformance="R" mandatory="false" maxLength="0" historyAllowed="false"><description>An identifier for a data source (system).  Multiple instances within a single parameter are combined with OR logic.</description><annotations><description>An identifier for a data source (system).  Multiple instances within a single parameter are combined with OR logic.</description></annotations></attribute><attribute name="semanticsText" rimClassName="ParameterItem" datatype="ST" cardinality="1..1" conformance="R" mandatory="false" default="DataSource.id" maxLength="0" historyAllowed="false"><annotations/></attribute></attributes><associations><association name="parameterList" beginX="6.3966571406679" beginY="0.76" endX="5.03615909404286" endY="1.435" target="ParameterList" targetShapeId="Sheet.1" rimTarget="Parameter" rimName="parameterList" shapeId="Sheet.90" source="DataSource" cardinality="" required="0" mandatory="0" blocked="-1" businessName=""><traversal x="0" y="-0.3375"/><traversal x="0.6802490233125" y="-0.3375"/><traversal x="1.360498046625" y="-0.3375"/><annotations/></association></associations></class></page></pages></hl7model>
