<?xml version="1.0"?>
<hl7model rendered="3/17/2012 8:37:05 PM" datatypesRelease="R2"><pages><page name="Pg-1" width="13.5111820432759" height="8.85666666666668"><class name="R_AssignedPersonUniversal" cmetId="COCT_MT090100UV" cmetType="Role(Performed only)" attLevel="universal" domain="RoleClass" mnemonic="ASSIGNED" type="CMET" rimName="RoleHeir" id="COCT_MT090100UV"><graphics shapeId="Sheet.818" width="1.22258841924002" height="0.627825234646268" x="6.4456319108174" y="5.396111111111" flipX="FALSE" flipY="FALSE" autoWidth="1" autoHeight="1"/><annotations/><associations><association name="discharge" beginX="5.83433770119739" beginY="5.33332858764637" endX="5.83433770119739" endY="5.33332858764637" target="Discharger" targetShapeId="Sheet.9" rimTarget="Role" rimName="participation" source="R_AssignedPersonUniversal" cardinality="" required="0" mandatory="0" blocked="-1" businessName=""><annotations/></association></associations></class><class name="Discharger" type="Participation" rimName="Participation"><graphics shapeId="Sheet.9" width="3.41149047897519" height="0.56981793077257" x="4.1285924617098" y="5.44796984937874" beginX="2.4228472222222" beginY="5.5626111111111" endX="5.83433770119739" endY="5.33332858764637" arrowWidth="66 inch"/><description>Association to the practitioner who required or authorized the ending of this patient encounter.</description><annotations><description>Association to the practitioner who required or authorized the ending of this patient encounter.</description></annotations><attributes><attribute name="typeCode" rimClassName="Participation" datatype="CS" cardinality="1..1" conformance="R" mandatory="true" strength="CNE" codeSystem="ParticipationType" domainCode="C:ParticipationType" fixed="DIS" maxLength="0" historyAllowed="false"><annotations/></attribute><attribute name="time" rimClassName="Participation" datatype="IVL&lt;TS&gt;" cardinality="0..1" conformance="" mandatory="false" maxLength="0" historyAllowed="false"><annotations/></attribute><attribute name="modeCode" rimClassName="Participation" datatype="CD" cardinality="0..1" conformance="" mandatory="false" strength="CWE" conceptDomain="ParticipationMode" maxLength="0" historyAllowed="false"><annotations/></attribute></attributes><associations><association name="encounterEvent" beginX="2.4228472222222" beginY="5.5626111111111" endX="2.4228472222222" endY="5.5626111111111" target="EncounterEvent" targetShapeId="Sheet.84" rimTarget="Participation" rimName="act" source="Discharger" cardinality="" required="0" mandatory="0" blocked="-1" businessName=""><annotations/></association><association name="assignedPerson" beginX="5.83433770119739" beginY="5.33332858764637" endX="5.83433770119739" endY="5.33332858764637" target="R_AssignedPersonUniversal" targetShapeId="Sheet.818" rimTarget="Participation" rimName="role" source="Discharger" cardinality="1..1" required="0" mandatory="0" blocked="0" businessName=""><annotations/></association></associations></class><class name="EncounterEvent" type="Act" rimName="PatientEncounter"><graphics shapeId="Sheet.84" width="2.4128472222222" height="5.7894444444445" x="1.2164236111111" y="4.4047222222222" flipX="FALSE" flipY="FALSE" autoWidth="0" autoHeight="0"/><description>An interaction between a patient and care provider(s) for the purpose of providing healthcare-related  service(s). This is an ambulatory encounter characterized by the patient visiting a healthcare facility for  diagnosis or treatment not requiring an overnight stay.</description><annotations><description>An interaction between a patient and care provider(s) for the purpose of providing healthcare-related  service(s). This is an ambulatory encounter characterized by the patient visiting a healthcare facility for  diagnosis or treatment not requiring an overnight stay.</description></annotations><attributes><attribute name="classCode" rimClassName="Act" datatype="CS" cardinality="1..1" conformance="R" mandatory="true" strength="CNE" codeSystem="ActClass" domainCode="C:ActClass" fixed="ENC" maxLength="0" historyAllowed="false"><description>Structural attribute; this is a "patient encounter" act</description><annotations><description>Structural attribute; this is a "patient encounter" act</description></annotations></attribute><attribute name="moodCode" rimClassName="Act" datatype="CS" cardinality="1..1" conformance="R" mandatory="true" strength="CNE" codeSystem="ActMood" domainCode="C:ActMood" fixed="EVN" maxLength="0" historyAllowed="false"><description>Structural attribute; this is a patient encounter event</description><annotations><description>Structural attribute; this is a patient encounter event</description></annotations></attribute><attribute name="id" rimClassName="Act" datatype="DSET&lt;II&gt;" cardinality="1..*" conformance="R" mandatory="true" maxLength="0" historyAllowed="false"><description>One or more unique identifiers for this encounter (for example, an "internal" id used only by computer systems and an "external" id for display to users)</description><annotations><description>One or more unique identifiers for this encounter (for example, an "internal" id used only by computer systems and an "external" id for display to users)</description></annotations></attribute><attribute name="code" rimClassName="Act" datatype="CD" cardinality="1..1" conformance="R" mandatory="true" strength="CWE" conceptDomain="ActEncounterType" maxLength="0" historyAllowed="false"><description>A value further specifying the type of patient encounter. This is constrained to "ambulatory".</description><annotations><description>A value further specifying the type of patient encounter. This is constrained to "ambulatory".</description></annotations></attribute><attribute name="statusCode" rimClassName="Act" datatype="CS" cardinality="1..1" conformance="R" mandatory="true" strength="CNE" codeSystem="ActStatus" domainCode="C:ActStatus" fixed="completed" maxLength="0" historyAllowed="false"><description>A value specifying the state of this patient encounter; this is 'completed'.</description><annotations><description>A value specifying the state of this patient encounter; this is 'completed'.</description></annotations></attribute><attribute name="effectiveTime" rimClassName="Act" datatype="IVL&lt;TS&gt;" cardinality="1..1" conformance="R" mandatory="false" maxLength="0" historyAllowed="false"><description>The time interval starting with the administrative onset of the encounter (e.g. admission, registration, patient arrival) and ending with the patient's departure (e.g. discharge). Note, for active encounters the end of the effectiveTime range is the anticipated end date-time.</description><annotations><description>The time interval starting with the administrative onset of the encounter (e.g. admission, registration, patient arrival) and ending with the patient's departure (e.g. discharge). Note, for active encounters the end of the effectiveTime range is the anticipated end date-time.</description></annotations></attribute><attribute name="activityTime" rimClassName="Act" datatype="IVL&lt;TS&gt;" cardinality="0..1" conformance="" mandatory="false" maxLength="0" historyAllowed="false"><description>The total time interval for this encounter including preparation before the patient arrives and clean-up actions after the patient departs</description><annotations><description>The total time interval for this encounter including preparation before the patient arrives and clean-up actions after the patient departs</description></annotations></attribute><attribute name="lengthOfStayQuantity" rimClassName="PatientEncounter" datatype="PQ.TIME" cardinality="0..1" conformance="" mandatory="false" maxLength="0" historyAllowed="false"><description>The expected or actual quantity of time for the patient encounter. While the encounter is still "active" (the encounter does not have an end date yet) this field should be interpreted as the expected length. When the encounter is "completed" this field contains the actual length of stay. The actual quantity cannot be simply calculated from the start and end dates because of possible leaves of absence.</description><annotations><description>The expected or actual quantity of time for the patient encounter. While the encounter is still "active" (the encounter does not have an end date yet) this field should be interpreted as the expected length. When the encounter is "completed" this field contains the actual length of stay. The actual quantity cannot be simply calculated from the start and end dates because of possible leaves of absence.</description></annotations></attribute><attribute name="dischargeDispositionCode" rimClassName="PatientEncounter" datatype="CD" cardinality="0..1" conformance="" mandatory="false" strength="CWE" conceptDomain="EncounterDischargeDisposition" maxLength="0" historyAllowed="false"><description>A code depicting the disposition of the patient at the time of discharge (e.g., discharged to home, expired, against medical advice, etc.). While the encounter is still "active" (the encounter does not have an end date yet) this attribute should be interpreted as the expected discharge disposition. When the encounter is "completed" this attribute contains the actual discharge disposition.</description><annotations><description>A code depicting the disposition of the patient at the time of discharge (e.g., discharged to home, expired, against medical advice, etc.). While the encounter is still "active" (the encounter does not have an end date yet) this attribute should be interpreted as the expected discharge disposition. When the encounter is "completed" this attribute contains the actual discharge disposition.</description></annotations></attribute></attributes><associations><association name="discharger" beginX="2.4228472222222" beginY="5.5626111111111" endX="2.4228472222222" endY="5.5626111111111" target="Discharger" targetShapeId="Sheet.9" rimTarget="Act" rimName="participation" source="EncounterEvent" cardinality="0..1" required="0" mandatory="0" blocked="0" businessName=""><annotations/></association><association name="reason" beginX="2.4228472222222" beginY="6.7205" endX="2.4228472222222" endY="6.7205" target="Reason1" targetShapeId="Sheet.68" rimTarget="Act" rimName="outboundRelationship" source="EncounterEvent" cardinality="0..*" required="0" mandatory="0" blocked="0" businessName=""><annotations/></association><association name="subject" beginX="1.45770833333332" beginY="1.50999999999995" endX="1.45770833333332" endY="1.50999999999995" target="Subject" targetShapeId="Sheet.49" rimTarget="Act" rimName="participation" source="EncounterEvent" cardinality="1..1" required="-1" mandatory="-1" blocked="0" businessName=""><annotations/></association><association name="departedBy" beginX="2.42472222022241" beginY="2.42713971397137" endX="2.42472222022241" endY="2.42713971397137" target="DepartedBy" targetShapeId="Sheet.62" rimTarget="Act" rimName="outboundRelationship" source="EncounterEvent" cardinality="0..1" required="0" mandatory="0" blocked="0" businessName=""><annotations/></association></associations></class><class name="Reason1" type="ActRelationship" rimName="ActRelationship"><graphics shapeId="Sheet.68" width="3.30902626906283" height="0.569492918565539" x="4.07736035675361" y="6.70830555555555" beginX="2.4228472222222" beginY="6.7205" endX="5.73187349128503" endY="6.6961111111111" arrowWidth="66 inch"/><description>Association to a diagnosis observation. Each diagnosis is sent in a separate A_ObservationDx CMET. The type of diagnosis is determined by the Observation.code within the A_ObservationDx CMET; "ADMX" for an admission diagnosis, "INTDX" for an interim diagnosis, and "DISDX" for a discharge diagnosis.</description><annotations><description>Association to a diagnosis observation. Each diagnosis is sent in a separate A_ObservationDx CMET. The type of diagnosis is determined by the Observation.code within the A_ObservationDx CMET; "ADMX" for an admission diagnosis, "INTDX" for an interim diagnosis, and "DISDX" for a discharge diagnosis.</description></annotations><attributes><attribute name="typeCode" rimClassName="ActRelationship" datatype="CS" cardinality="1..1" conformance="R" mandatory="true" strength="CNE" codeSystem="ActRelationshipType" domainCode="C:ActRelationshipType" fixed="RSON" maxLength="0" historyAllowed="false"><description>Structural attribute, this is a "reason" act relationship</description><annotations><description>Structural attribute, this is a "reason" act relationship</description></annotations></attribute><attribute name="blockedContextParticipationType" rimClassName="ActRelationship" datatype="CS" cardinality="0..1" conformance="" mandatory="false" strength="CNE" codeSystem="ParticipationType" domainCode="C:ParticipationType" fixed="PART" maxLength="0" historyAllowed="false"><description>Identifies the EncounterEvent participations that are not part of the context conducted to associated diagnoses. None of the Encounter participations conduct because the two acts have no participations in common.</description><annotations><description>Identifies the EncounterEvent participations that are not part of the context conducted to associated diagnoses. None of the Encounter participations conduct because the two acts have no participations in common.</description></annotations></attribute><attribute name="priorityNumber" rimClassName="ActRelationship" datatype="INT" cardinality="0..1" conformance="" mandatory="false" maxLength="0" historyAllowed="false"><description>An integer specifying the relative preference for considering diagnoses of the same type (admitting, interim, or discharge).  Diagnoses with lower priorityNumber values are considered before and above those with higher values.</description><annotations><description>An integer specifying the relative preference for considering diagnoses of the same type (admitting, interim, or discharge).  Diagnoses with lower priorityNumber values are considered before and above those with higher values.</description></annotations></attribute></attributes><associations><association name="encounterEvent" beginX="2.4228472222222" beginY="6.7205" endX="2.4228472222222" endY="6.7205" target="EncounterEvent" targetShapeId="Sheet.84" rimTarget="ActRelationship" rimName="source" source="Reason1" cardinality="" required="0" mandatory="0" blocked="-1" businessName=""><annotations/></association><association name="observationDx" beginX="5.73187349128503" beginY="6.6961111111111" endX="5.73187349128503" endY="6.6961111111111" target="A_ObservationDxMinimal" targetShapeId="Sheet.27" rimTarget="ActRelationship" rimName="target" source="Reason1" cardinality="1..1" required="0" mandatory="0" blocked="0" businessName=""><annotations/></association></associations></class><class name="A_ObservationDxMinimal" cmetId="COCT_MT120104UV" cmetType="Act" attLevel="minimal" domain="ActClass" mnemonic="OBS" type="CMET" rimName="Observation" id="COCT_MT120104UV"><graphics shapeId="Sheet.27" width="1.16131675175955" height="0.627825234646268" x="6.3125318671648" y="6.6961111111111" flipX="TRUE" flipY="FALSE" autoWidth="1" autoHeight="1"/><annotations/><associations><association name="reasonOf" beginX="5.73187349128503" beginY="6.6961111111111" endX="5.73187349128503" endY="6.6961111111111" target="Reason1" targetShapeId="Sheet.68" rimTarget="Act" rimName="inboundRelationship" source="A_ObservationDxMinimal" cardinality="" required="0" mandatory="0" blocked="-1" businessName=""><annotations/></association></associations></class><class name="Subject" type="Participation" rimName="Participation"><graphics shapeId="Sheet.49" width="0.872198493787926" height="0.994130862409506" x="1.04401629462703" y="1.07390075310599" beginX="1.45770833333332" beginY="1.50999999999995" endX="0.630324255920731" endY="0.637801506212024" arrowWidth="30 inch"/><description>The patient (living subject) in the role of patient is the subject of a care provision act. The care provision performer may be the primary provider responsible for general care or within a specific healthcare facility. This relationship is usually solid over time and is recorded only for administrative purposes; actual care provided by a healthcare provider is recorded elsewhere.</description><annotations><description>The patient (living subject) in the role of patient is the subject of a care provision act. The care provision performer may be the primary provider responsible for general care or within a specific healthcare facility. This relationship is usually solid over time and is recorded only for administrative purposes; actual care provided by a healthcare provider is recorded elsewhere.</description></annotations><attributes><attribute name="typeCode" rimClassName="Participation" datatype="CS" cardinality="1..1" conformance="R" mandatory="true" strength="CNE" codeSystem="ParticipationType" domainCode="C:ParticipationType" fixed="SBJ" maxLength="0" historyAllowed="false"><description>Structural attribute; this is a "ParticipationTargetSubject" participation</description><annotations><description>Structural attribute; this is a "ParticipationTargetSubject" participation</description></annotations></attribute></attributes><associations><association name="encounterEvent" beginX="1.45770833333332" beginY="1.50999999999995" endX="1.45770833333332" endY="1.50999999999995" target="EncounterEvent" targetShapeId="Sheet.84" rimTarget="Participation" rimName="act" source="Subject" cardinality="" required="0" mandatory="0" blocked="-1" businessName=""><annotations/></association><association name="patient" beginX="0.630324255920731" beginY="0.637801506212024" endX="0.630324255920731" endY="0.637801506212024" target="R_PatientIdentified/confirmable" targetShapeId="Sheet.796" rimTarget="Participation" rimName="role" source="Subject" cardinality="1..1" required="-1" mandatory="-1" blocked="0" businessName=""><annotations/></association></associations></class><class name="R_PatientIdentified/confirmable" cmetId="COCT_MT050002UV" cmetType="Role(Performed only)" attLevel="identified/confirmable" domain="RoleClass" mnemonic="PAT" type="CMET" rimName="Patient" id="COCT_MT050002UV"><graphics shapeId="Sheet.796" width="1.37048804692556" height="0.627825234646268" x="1.0414706699984" y="0.32388888888889" flipX="FALSE" flipY="FALSE" autoWidth="1" autoHeight="1"/><annotations/><associations><association name="subjectOf" beginX="0.630324255920731" beginY="0.637801506212024" endX="0.630324255920731" endY="0.637801506212024" target="Subject" targetShapeId="Sheet.49" rimTarget="Role" rimName="participation" source="R_PatientIdentified/confirmable" cardinality="" required="0" mandatory="0" blocked="-1" businessName=""><annotations/></association></associations></class><entryPoint entryClass="EncounterEvent" name="Encounter Complete" type="EntryPoint" id="PRPA_RM400003UV"><graphics shapeId="Sheet.55" connectedShape="Sheet.84" width="2.19843757085135" height="1.03348028157552" beginX="1.3597222202223" beginY="7.8427777777778" endX="1.45770833333332" endY="7.29944444444445"/><annotations/><notes><text>This R-MIM defines the message used to report that a patient encounter has completed normally Property-contextConductionStyle: V </text></notes></entryPoint><class name="DepartedBy" type="ActRelationship" rimName="ActRelationship"><graphics shapeId="Sheet.62" width="3.34401820135867" height="0.56981793077257" x="4.09673132090167" y="2.63301430143015" beginX="2.42472222022241" beginY="2.42713971397137" endX="5.76874042158108" endY="2.83888888888893" arrowWidth="66 inch"/><description>Association of a patient encounter to information about the patient's departure from the site of the patient encounter</description><annotations><description>Association of a patient encounter to information about the patient's departure from the site of the patient encounter</description></annotations><attributes><attribute name="typeCode" rimClassName="ActRelationship" datatype="CS" cardinality="1..1" conformance="R" mandatory="true" strength="CNE" codeSystem="ActRelationshipType" domainCode="C:ActRelationshipType" fixed="DEP" maxLength="0" historyAllowed="false"><description>Structural attribute; this is an "departure" act relationship</description><annotations><description>Structural attribute; this is an "departure" act relationship</description></annotations></attribute><attribute name="blockedContextParticipationType" rimClassName="ActRelationship" datatype="DSET&lt;CS&gt;" cardinality="0..*" conformance="" mandatory="false" strength="CNE" codeSystem="C:ParticipationType" default="DIS" maxLength="0" historyAllowed="false"><description>Identifies the EncounterEvent participations that are not part of the context conducted to the patient departure transportationevent. The default is that all participations are blocked except for subject (patient).</description><annotations><description>Identifies the EncounterEvent participations that are not part of the context conducted to the patient departure transportationevent. The default is that all participations are blocked except for subject (patient).</description></annotations></attribute></attributes><associations><association name="encounterEvent" beginX="2.42472222022241" beginY="2.42713971397137" endX="2.42472222022241" endY="2.42713971397137" target="EncounterEvent" targetShapeId="Sheet.84" rimTarget="ActRelationship" rimName="source" source="DepartedBy" cardinality="" required="0" mandatory="0" blocked="-1" businessName=""><annotations/></association><association name="transportationEvent" beginX="5.76874042158108" beginY="2.83888888888893" endX="5.76874042158108" endY="2.83888888888893" target="TransportationEvent" targetShapeId="Sheet.74" rimTarget="ActRelationship" rimName="target" source="DepartedBy" cardinality="1..1" required="0" mandatory="0" blocked="0" businessName=""><annotations/></association></associations></class><class name="TransportationEvent" type="Act" rimName="ActHeir"><graphics shapeId="Sheet.74" width="3.19283462827865" height="1.6611111111111" x="7.3651577357204" y="2.3405555555556" flipX="FALSE" flipY="FALSE" autoWidth="1" autoHeight="0"/><description>Transportation of the patient from the encounter site</description><annotations><description>Transportation of the patient from the encounter site</description></annotations><attributes><attribute name="classCode" rimClassName="Act" datatype="CS" cardinality="1..1" conformance="R" mandatory="true" strength="CNE" codeSystem="ActClass" domainCode="C:ActClass" fixed="TRNS" maxLength="0" historyAllowed="false"><description>Structural attribute; this is a "transportation" act</description><annotations><description>Structural attribute; this is a "transportation" act</description></annotations></attribute><attribute name="moodCode" rimClassName="Act" datatype="CS" cardinality="1..1" conformance="R" mandatory="true" strength="CNE" codeSystem="ActMood" domainCode="C:ActMood" fixed="EVN" maxLength="0" historyAllowed="false"><description>Structural attribute; this a transportation event</description><annotations><description>Structural attribute; this a transportation event</description></annotations></attribute><attribute name="id" rimClassName="Act" datatype="DSET&lt;II&gt;" cardinality="0..*" conformance="" mandatory="false" maxLength="0" historyAllowed="false"><description>Identifier(s) for this transportation act</description><annotations><description>Identifier(s) for this transportation act</description></annotations></attribute><attribute name="code" rimClassName="Act" datatype="CD" cardinality="1..1" conformance="R" mandatory="false" strength="CWE" conceptDomain="ActPatientTransportationModeCode" maxLength="0" historyAllowed="false"><description>A value specifying the mode of transportation.  Examples include ambulance, private transport, public transport, on foot.</description><annotations><description>A value specifying the mode of transportation.  Examples include ambulance, private transport, public transport, on foot.</description></annotations></attribute><attribute name="text" rimClassName="Act" datatype="ED" cardinality="0..1" conformance="" mandatory="false" maxLength="0" historyAllowed="false"><description>A textual description of this transportation act</description><annotations><description>A textual description of this transportation act</description></annotations></attribute><attribute name="effectiveTime" rimClassName="Act" datatype="IVL&lt;TS&gt;" cardinality="0..1" conformance="" mandatory="false" maxLength="0" historyAllowed="false"><description>The time the patient is en route. The start of the time interval represents when the patient departed from the encounter site.</description><annotations><description>The time the patient is en route. The start of the time interval represents when the patient departed from the encounter site.</description></annotations></attribute><attribute name="priorityCode" rimClassName="Act" datatype="CD" cardinality="0..1" conformance="" mandatory="false" strength="CWE" conceptDomain="ActPriority" maxLength="0" historyAllowed="false"><description>A value (e.g., for routine, emergency), specifying the urgency for the transportation act</description><annotations><description>A value (e.g., for routine, emergency), specifying the urgency for the transportation act</description></annotations></attribute><attribute name="confidentialityCode" rimClassName="Act" datatype="CD" cardinality="0..1" conformance="" mandatory="false" strength="CWE" conceptDomain="Confidentiality" maxLength="0" historyAllowed="false"><description>Value(s) that control the disclosure of information about this transportation act</description><annotations><description>Value(s) that control the disclosure of information about this transportation act</description></annotations></attribute></attributes><associations><association name="departureFor" beginX="5.76874042158108" beginY="2.83888888888893" endX="5.76874042158108" endY="2.83888888888893" target="DepartedBy" targetShapeId="Sheet.62" rimTarget="Act" rimName="inboundRelationship" source="TransportationEvent" cardinality="" required="0" mandatory="0" blocked="-1" businessName=""><annotations/></association><association name="escort" beginX="8.96157504985972" beginY="2.3405555555556" endX="8.96157504985972" endY="2.3405555555556" target="Escort2" targetShapeId="Sheet.15" rimTarget="Act" rimName="participation" source="TransportationEvent" cardinality="0..*" required="0" mandatory="0" blocked="0" businessName=""><annotations/></association><association name="performer" beginX="8.96157504985972" beginY="2.83888888888893" endX="8.96157504985972" endY="2.83888888888893" target="Performer1" targetShapeId="Sheet.37" rimTarget="Act" rimName="participation" source="TransportationEvent" cardinality="0..*" required="0" mandatory="0" blocked="0" businessName=""><annotations/></association><association name="location" beginX="7.3651577357204" beginY="3.17111111111115" endX="7.3651577357204" endY="3.17111111111115" target="Location3" targetShapeId="Sheet.43" rimTarget="Act" rimName="participation" source="TransportationEvent" cardinality="0..*" required="0" mandatory="0" blocked="0" businessName=""><annotations/></association></associations></class><class name="Escort2" type="Participation" rimName="Participation"><graphics shapeId="Sheet.15" width="2.03600867971607" height="0.436160093858507" x="9.97957938971776" y="2.1202777777778" beginX="8.96157504985972" beginY="2.3405555555556" endX="10.9975837295758" endY="1.9" arrowWidth="66 inch"/><description>Association to a person who  escorted the patient from the encounter site</description><annotations><description>Association to a person who  escorted the patient from the encounter site</description></annotations><attributes><attribute name="typeCode" rimClassName="Participation" datatype="CS" cardinality="1..1" conformance="R" mandatory="true" strength="CNE" codeSystem="ParticipationType" domainCode="C:ParticipationType" fixed="ESC" maxLength="0" historyAllowed="false"><description>Structural attribute; this is an "escort" participation</description><annotations><description>Structural attribute; this is an "escort" participation</description></annotations></attribute><attribute name="time" rimClassName="Participation" datatype="IVL&lt;TS&gt;" cardinality="0..1" conformance="" mandatory="false" maxLength="0" historyAllowed="false"><description>An interval of time specifying the period this person escorted the patient.  Note, this would be used only if the person did not participate for the full duration of the transport.</description><annotations><description>An interval of time specifying the period this person escorted the patient.  Note, this would be used only if the person did not participate for the full duration of the transport.</description></annotations></attribute></attributes><associations><association name="transportationEvent" beginX="8.96157504985972" beginY="2.3405555555556" endX="8.96157504985972" endY="2.3405555555556" target="TransportationEvent" targetShapeId="Sheet.74" rimTarget="Participation" rimName="act" source="Escort2" cardinality="" required="0" mandatory="0" blocked="-1" businessName=""><annotations/></association><association name="assignedPerson" beginX="10.9975837295758" beginY="1.9" endX="10.9975837295758" endY="1.9" target="AssignedPerson" targetShapeId="Sheet.21" rimTarget="Participation" rimName="role" source="Escort2" cardinality="1..1" required="0" mandatory="0" blocked="0" businessName=""><annotations/></association></associations></class><class name="AssignedPerson" type="Role" rimName="RoleHeir"><graphics shapeId="Sheet.21" width="1.41415191953841" height="1.81" x="11.704659689345" y="2.805" flipX="TRUE" flipY="FALSE" autoWidth="1" autoHeight="0"/><description>A person assigned to participate in a patient transportation as performer or escort</description><annotations><description>A person assigned to participate in a patient transportation as performer or escort</description></annotations><attributes><attribute name="classCode" rimClassName="Role" datatype="CS" cardinality="1..1" conformance="R" mandatory="true" strength="CNE" codeSystem="RoleClass" domainCode="C:RoleClass" fixed="ASSIGNED" maxLength="0" historyAllowed="false"><description>Structural attribute; this is an "assigned" role</description><annotations><description>Structural attribute; this is an "assigned" role</description></annotations></attribute><attribute name="id" rimClassName="Role" datatype="II" cardinality="0..1" conformance="" mandatory="false" maxLength="0" historyAllowed="false"><description>An identifer for a person assigned to participate in a patient transportation as performer or escort</description><annotations><description>An identifer for a person assigned to participate in a patient transportation as performer or escort</description></annotations></attribute><attribute name="telecom" rimClassName="Role" datatype="TEL" cardinality="0..1" conformance="" mandatory="false" maxLength="0" historyAllowed="false"><description>A telecommunication address for a person assigned to participate in a patient transportation as performer or escort</description><annotations><description>A telecommunication address for a person assigned to participate in a patient transportation as performer or escort</description></annotations></attribute></attributes><associations><association name="assignedPerson" beginX="12.2703204571604" beginY="2.081" endX="10.0772619202234" endY="1.26" target="Person" targetShapeId="Sheet.5" rimTarget="Role" rimName="player" source="AssignedPerson" cardinality="0..1" required="0" mandatory="0" blocked="0" businessName=""><annotations/></association><association name="representedOrganization" beginX="12.2703204571604" beginY="3.529" endX="9.94066829404341" endY="4.45259154324002" target="Organization" targetShapeId="Sheet.1" rimTarget="Role" rimName="scoper" source="AssignedPerson" cardinality="0..1" required="0" mandatory="0" blocked="0" businessName=""><annotations/></association><association name="escort" beginX="10.9975837295758" beginY="1.9" endX="10.9975837295758" endY="1.9" target="Escort2" targetShapeId="Sheet.15" rimTarget="Role" rimName="participation" source="AssignedPerson" cardinality="" required="0" mandatory="0" blocked="-1" businessName=""><annotations/></association><association name="performance" beginX="10.9975837295758" beginY="2.624" endX="10.9975837295758" endY="2.624" target="Performer1" targetShapeId="Sheet.37" rimTarget="Role" rimName="participation" source="AssignedPerson" cardinality="" required="0" mandatory="0" blocked="-1" businessName=""><annotations/></association></associations></class><class name="Person" type="Entity" rimName="Person"><graphics shapeId="Sheet.5" width="1.69795776670638" height="0.75" x="10.5017513619" y="0.885" flipX="FALSE" flipY="FALSE" autoWidth="1" autoHeight="1"/><description>A subtype of LivingSubject representing a human being</description><annotations><description>A subtype of LivingSubject representing a human being</description></annotations><attributes><attribute name="classCode" rimClassName="Entity" datatype="CS" cardinality="1..1" conformance="R" mandatory="true" strength="CNE" codeSystem="EntityClass" domainCode="C:EntityClass" fixed="PSN" maxLength="0" historyAllowed="false"><description>Structural attribute; this is a 'person' type of entity</description><annotations><description>Structural attribute; this is a 'person' type of entity</description></annotations></attribute><attribute name="determinerCode" rimClassName="Entity" datatype="CS" cardinality="1..1" conformance="R" mandatory="true" strength="CNE" codeSystem="EntityDeterminer" domainCode="C:EntityDeterminer" fixed="INSTANCE" maxLength="0" historyAllowed="false"><description>Structural attribute; this is a specific entity</description><annotations><description>Structural attribute; this is a specific entity</description></annotations></attribute><attribute name="name" rimClassName="Entity" datatype="PN" cardinality="0..1" conformance="" mandatory="false" maxLength="0" historyAllowed="false"><description>A non-unique textual identifier or moniker for a person</description><annotations><description>A non-unique textual identifier or moniker for a person</description></annotations></attribute></attributes><associations><association name="assignedPerson" endX="12.2703204571604" endY="2.081" beginX="10.0772619202234" beginY="1.26" target="AssignedPerson" targetShapeId="Sheet.21" rimTarget="Entity" rimName="playedRole" source="Person" cardinality="" required="0" mandatory="0" blocked="-1" businessName=""><annotations/></association></associations></class><class name="Organization" type="Entity" rimName="Organization"><graphics shapeId="Sheet.1" width="1.69795776670638" height="0.914816913519966" x="10.36515773572" y="4.91" flipX="FALSE" flipY="FALSE" autoWidth="1" autoHeight="1"/><description>A social or legal structure formed by human beings</description><annotations><description>A social or legal structure formed by human beings</description></annotations><attributes><attribute name="classCode" rimClassName="Entity" datatype="CS" cardinality="1..1" conformance="R" mandatory="true" strength="CNE" codeSystem="EntityClass" domainCode="ORG" maxLength="0" historyAllowed="false"><description>Structural attribute; this is an 'organization' type of entity</description><annotations><description>Structural attribute; this is an 'organization' type of entity</description></annotations></attribute><attribute name="determinerCode" rimClassName="Entity" datatype="CS" cardinality="1..1" conformance="R" mandatory="true" strength="CNE" codeSystem="EntityDeterminer" domainCode="C:EntityDeterminer" fixed="INSTANCE" maxLength="0" historyAllowed="false"><description>Structural attribute; this is a specific entity</description><annotations><description>Structural attribute; this is a specific entity</description></annotations></attribute><attribute name="name" rimClassName="Entity" datatype="ON" cardinality="0..1" conformance="" mandatory="false" maxLength="0" historyAllowed="false"><description>A non-unique textual identifier or moniker for an organization</description><annotations><description>A non-unique textual identifier or moniker for an organization</description></annotations></attribute><attribute name="telecom" rimClassName="Entity" datatype="TEL" cardinality="0..1" conformance="" mandatory="false" maxLength="0" historyAllowed="false"><description>A telecommunication address for an organization</description><annotations><description>A telecommunication address for an organization</description></annotations></attribute><attribute name="addr" rimClassName="Organization" datatype="AD" cardinality="0..1" conformance="" mandatory="false" maxLength="0" historyAllowed="false"><description>The postal and/or residential address of an organization</description><annotations><description>The postal and/or residential address of an organization</description></annotations></attribute></attributes><associations><association name="assignedPerson" endX="12.2703204571604" endY="3.529" beginX="9.94066829404341" beginY="4.45259154324002" target="AssignedPerson" targetShapeId="Sheet.21" rimTarget="Entity" rimName="scopedRole" source="Organization" cardinality="" required="0" mandatory="0" blocked="-1" businessName=""><annotations/></association></associations></class><class name="Performer1" type="Participation" rimName="Participation"><graphics shapeId="Sheet.37" width="2.03600867971607" height="0.436160093858507" x="9.97957938971776" y="2.73144444444447" beginX="8.96157504985972" beginY="2.83888888888893" endX="10.9975837295758" endY="2.624" arrowWidth="66 inch"/><description>Association to a person who transported the patient from the encounter site</description><annotations><description>Association to a person who transported the patient from the encounter site</description></annotations><attributes><attribute name="typeCode" rimClassName="Participation" datatype="CS" cardinality="1..1" conformance="R" mandatory="true" strength="CNE" codeSystem="ParticipationType" domainCode="C:ParticipationType" fixed="PRF" maxLength="0" historyAllowed="false"><description>Structural attribute; this is a "performer" participation</description><annotations><description>Structural attribute; this is a "performer" participation</description></annotations></attribute><attribute name="time" rimClassName="Participation" datatype="IVL&lt;TS&gt;" cardinality="0..1" conformance="" mandatory="false" maxLength="0" historyAllowed="false"><description>An interval of time specifying the period this person transported the patient.  Note, this would be used only if the person did not participate for the full duration of the transport.</description><annotations><description>An interval of time specifying the period this person transported the patient.  Note, this would be used only if the person did not participate for the full duration of the transport.</description></annotations></attribute></attributes><associations><association name="transportationEvent" beginX="8.96157504985972" beginY="2.83888888888893" endX="8.96157504985972" endY="2.83888888888893" target="TransportationEvent" targetShapeId="Sheet.74" rimTarget="Participation" rimName="act" source="Performer1" cardinality="" required="0" mandatory="0" blocked="-1" businessName=""><annotations/></association><association name="assignedPerson" beginX="10.9975837295758" beginY="2.624" endX="10.9975837295758" endY="2.624" target="AssignedPerson" targetShapeId="Sheet.21" rimTarget="Participation" rimName="role" source="Performer1" cardinality="1..1" required="0" mandatory="0" blocked="0" businessName=""><annotations/></association></associations></class><class name="Location3" type="Participation" rimName="Participation"><graphics shapeId="Sheet.43" width="0.911087382676816" height="2.02852035825912" x="7.29363470462145" y="3.62665480244956" beginX="7.3651577357204" beginY="3.17111111111115" endX="7.2221116735225" endY="4.08219849378797" arrowWidth="66 inch"/><description>Association to the patient's destination location and any locations transited during the transportation act</description><annotations><description>Association to the patient's destination location and any locations transited during the transportation act</description></annotations><attributes><attribute name="typeCode" rimClassName="Participation" datatype="CS" cardinality="1..1" conformance="R" mandatory="true" strength="CNE" codeSystem="ParticipationType" domainCode="LOC" maxLength="0" historyAllowed="false"><description>Structural attribute; this is a "location" participation. Allowed specializations include destination and via.  A location type of "origin" would not be used in a patient departure because the encounter site is the origin location</description><annotations><description>Structural attribute; this is a "location" participation. Allowed specializations include destination and via.  A location type of "origin" would not be used in a patient departure because the encounter site is the origin location</description></annotations></attribute><attribute name="sequenceNumber" rimClassName="Participation" datatype="INT.NONNEG" cardinality="0..1" conformance="" mandatory="false" maxLength="0" historyAllowed="false"><description>An integer specifying the relative order of locations transited in a multi-segment transportation act</description><annotations><description>An integer specifying the relative order of locations transited in a multi-segment transportation act</description></annotations></attribute></attributes><associations><association name="transportationEvent" beginX="7.3651577357204" beginY="3.17111111111115" endX="7.3651577357204" endY="3.17111111111115" target="TransportationEvent" targetShapeId="Sheet.74" rimTarget="Participation" rimName="act" source="Location3" cardinality="" required="0" mandatory="0" blocked="-1" businessName=""><annotations/></association><association name="locationLocatedEntity" beginX="7.2221116735225" beginY="4.08219849378797" endX="7.2221116735225" endY="4.08219849378797" target="R_LocationLocatedEntityContact" targetShapeId="Sheet.75" rimTarget="Participation" rimName="role" source="Location3" cardinality="1..1" required="0" mandatory="0" blocked="0" businessName=""><annotations/></association></associations></class><class name="R_LocationLocatedEntityContact" cmetId="COCT_MT070003UV" cmetType="Role(Played or Performed)" attLevel="contact" domain="RoleClass" mnemonic="LOCE" type="CMET" rimName="RoleHeir" id="COCT_MT070003UV"><graphics shapeId="Sheet.75" width="1.6638929300599" height="0.627825234646268" x="7.2221116735225" y="4.3961111111111" flipX="FALSE" flipY="FALSE" autoWidth="1" autoHeight="1"/><annotations/><associations><association name="locationOf" beginX="7.2221116735225" beginY="4.08219849378797" endX="7.2221116735225" endY="4.08219849378797" target="Location3" targetShapeId="Sheet.43" rimTarget="Role" rimName="participation" source="R_LocationLocatedEntityContact" cardinality="" required="0" mandatory="0" blocked="-1" businessName=""><annotations/></association></associations></class></page></pages></hl7model>
