<?xml version="1.0"?>
<hl7model rendered="3/17/2012 8:38:54 PM" datatypesRelease="R2"><pages><page name="Pg-1" width="13.0776914056568" height="6.48833333333335"><class name="R_PatientIdentified/confirmable" cmetId="COCT_MT050002UV" cmetType="Role(Performed only)" attLevel="identified/confirmable" domain="RoleClass" mnemonic="PAT" type="CMET" rimName="Patient" id="COCT_MT050002UV"><graphics shapeId="Sheet.796" width="1.37048804692556" height="0.627825234646268" x="1.1414706699984" y="0.32388888888889" flipX="FALSE" flipY="FALSE" autoWidth="1" autoHeight="1"/><annotations/><associations><association name="subjectOf" beginX="0.730324255920731" beginY="0.637801506212024" endX="0.730324255920731" endY="0.637801506212024" target="Subject" targetShapeId="Sheet.48" rimTarget="Role" rimName="participation" source="R_PatientIdentified/confirmable" cardinality="" required="0" mandatory="0" blocked="-1" businessName=""><annotations/></association></associations></class><class name="Subject" type="Participation" rimName="Participation"><graphics shapeId="Sheet.48" width="0.772198493788026" height="0.994130862409506" x="1.09401629462703" y="1.02390075310604" beginX="1.45770833333332" beginY="1.41000000000005" endX="0.730324255920731" endY="0.637801506212024" arrowWidth="30 inch"/><description>The patient (living subject) in the role of patient is the subject of a care provision act. The care provision performer may be the primary provider responsible for general care or within a specific healthcare facility. This relationship is usually solid over time and is recorded only for administrative purposes; actual care provided by a healthcare provider is recorded elsewhere.</description><annotations><description>The patient (living subject) in the role of patient is the subject of a care provision act. The care provision performer may be the primary provider responsible for general care or within a specific healthcare facility. This relationship is usually solid over time and is recorded only for administrative purposes; actual care provided by a healthcare provider is recorded elsewhere.</description></annotations><attributes><attribute name="typeCode" rimClassName="Participation" datatype="CS" cardinality="1..1" conformance="R" mandatory="true" strength="CNE" codeSystem="ParticipationType" domainCode="C:ParticipationType" fixed="SBJ" maxLength="0" historyAllowed="false"><description>Structural attribute; this is a "ParticipationTargetSubject" participation</description><annotations><description>Structural attribute; this is a "ParticipationTargetSubject" participation</description></annotations></attribute></attributes><associations><association name="ambulatoryEncounterEvent" beginX="1.45770833333332" beginY="1.41000000000005" endX="1.45770833333332" endY="1.41000000000005" target="EncounterEvent" targetShapeId="Sheet.83" rimTarget="Participation" rimName="act" source="Subject" cardinality="" required="0" mandatory="0" blocked="-1" businessName=""><annotations/></association><association name="patient" beginX="0.730324255920731" beginY="0.637801506212024" endX="0.730324255920731" endY="0.637801506212024" target="R_PatientIdentified/confirmable" targetShapeId="Sheet.796" rimTarget="Participation" rimName="role" source="Subject" cardinality="1..1" required="-1" mandatory="-1" blocked="0" businessName=""><annotations/></association></associations></class><class name="EncounterEvent" type="Act" rimName="PatientEncounter"><graphics shapeId="Sheet.83" width="2.4128472222222" height="3.5211111111111" x="1.2164236111111" y="3.1705555555556" flipX="FALSE" flipY="FALSE" autoWidth="0" autoHeight="0"/><description>An interaction between a patient and care provider(s) for the purpose of providing healthcare-related  service(s). This is an ambulatory encounter characterized by the patient visiting a healthcare facility for  diagnosis or treatment not requiring an overnight stay.</description><annotations><description>An interaction between a patient and care provider(s) for the purpose of providing healthcare-related  service(s). This is an ambulatory encounter characterized by the patient visiting a healthcare facility for  diagnosis or treatment not requiring an overnight stay.</description></annotations><attributes><attribute name="classCode" rimClassName="Act" datatype="CS" cardinality="1..1" conformance="R" mandatory="true" strength="CNE" codeSystem="ActClass" domainCode="C:ActClass" fixed="ENC" maxLength="0" historyAllowed="false"><description>Structural attribute; this is a "patient encounter" act</description><annotations><description>Structural attribute; this is a "patient encounter" act</description></annotations></attribute><attribute name="moodCode" rimClassName="Act" datatype="CS" cardinality="1..1" conformance="R" mandatory="true" strength="CNE" codeSystem="ActMood" domainCode="C:ActMood" fixed="EVN" maxLength="0" historyAllowed="false"><description>Structural attribute; this is a patient encounter event</description><annotations><description>Structural attribute; this is a patient encounter event</description></annotations></attribute><attribute name="id" rimClassName="Act" datatype="DSET&lt;II&gt;" cardinality="1..*" conformance="R" mandatory="true" maxLength="0" historyAllowed="false"><description>One or more unique identifiers for this encounter (for example, an "internal" id used only by computer systems and an "external" id for display to users)</description><annotations><description>One or more unique identifiers for this encounter (for example, an "internal" id used only by computer systems and an "external" id for display to users)</description></annotations></attribute><attribute name="code" rimClassName="Act" datatype="CD" cardinality="1..1" conformance="R" mandatory="true" strength="CWE" conceptDomain="ActEncounterType" maxLength="0" historyAllowed="false"><description>A value further specifying the type of patient encounter.</description><annotations><description>A value further specifying the type of patient encounter.</description></annotations></attribute><attribute name="statusCode" rimClassName="Act" datatype="CS" cardinality="1..1" conformance="R" mandatory="true" strength="CNE" codeSystem="ActStatus" domainCode="C:ActStatus" fixed="aborted" maxLength="0" historyAllowed="false"><description>A value specifying the state of this patient encounter; this encounter is in the 'aborted' state</description><annotations><description>A value specifying the state of this patient encounter; this encounter is in the 'aborted' state</description></annotations></attribute><attribute name="effectiveTime" rimClassName="Act" datatype="IVL&lt;TS&gt;" cardinality="1..1" conformance="R" mandatory="false" maxLength="0" historyAllowed="false"><description>The time interval starting with the administrative onset of the encounter (e.g. admission, registration, patient arrival) and ending with the patient's departure.</description><annotations><description>The time interval starting with the administrative onset of the encounter (e.g. admission, registration, patient arrival) and ending with the patient's departure.</description></annotations></attribute><attribute name="activityTime" rimClassName="Act" datatype="IVL&lt;TS&gt;" cardinality="0..1" conformance="" mandatory="false" maxLength="0" historyAllowed="false"><description>The total time interval for this encounter including preparation before the patient arrives and clean-up actions after the patient departs</description><annotations><description>The total time interval for this encounter including preparation before the patient arrives and clean-up actions after the patient departs</description></annotations></attribute><attribute name="lengthOfStayQuantity" rimClassName="PatientEncounter" datatype="PQ.TIME" cardinality="0..1" conformance="" mandatory="false" maxLength="0" historyAllowed="false"><description>The actual quantity of time for the patient encounter.The actual quantity cannot be simply calculated from the start and end dates because of possible leaves of absence.</description><annotations><description>The actual quantity of time for the patient encounter.The actual quantity cannot be simply calculated from the start and end dates because of possible leaves of absence.</description></annotations></attribute><attribute name="dischargeDispositionCode" rimClassName="PatientEncounter" datatype="CD" cardinality="0..1" conformance="" mandatory="false" strength="CWE" conceptDomain="EncounterDischargeDisposition" maxLength="0" historyAllowed="false"><description>A code depicting the disposition of the patient at the end of the encounter (e.g., discharged to home, expired, against medical advice, etc.).</description><annotations><description>A code depicting the disposition of the patient at the end of the encounter (e.g., discharged to home, expired, against medical advice, etc.).</description></annotations></attribute></attributes><associations><association name="subject" beginX="1.45770833333332" beginY="1.41000000000005" endX="1.45770833333332" endY="1.41000000000005" target="Subject" targetShapeId="Sheet.48" rimTarget="Act" rimName="participation" source="EncounterEvent" cardinality="1..1" required="-1" mandatory="-1" blocked="0" businessName=""><annotations/></association><association name="notificationContact" beginX="2.42472222022241" beginY="4.75985759667" endX="2.42472222022241" endY="4.75985759667" target="NotificationContact" targetShapeId="Sheet.42" rimTarget="Act" rimName="participation" source="EncounterEvent" cardinality="0..*" required="0" mandatory="0" blocked="0" businessName=""><annotations/></association><association name="departedBy" beginX="2.42472222022241" beginY="2.29899339933997" endX="2.42472222022241" endY="2.29899339933997" target="DepartedBy" targetShapeId="Sheet.67" rimTarget="Act" rimName="outboundRelationship" source="EncounterEvent" cardinality="0..1" required="0" mandatory="0" blocked="0" businessName=""><annotations/></association></associations></class><entryPoint entryClass="EncounterEvent" name="Encounter Abort" type="EntryPoint" id="PRPA_RM400004UV"><graphics shapeId="Sheet.54" connectedShape="Sheet.83" width="2.19843757085135" height="1.03348028157552" beginX="1.3597222202223" beginY="5.4744444444445" endX="1.45770833333332" endY="4.93111111111115"/><annotations/><notes><text>This R-MIM defines the message used to report that a patient encounter has aborted prior to normal completion.. Property-contextConductionStyle: V </text></notes></entryPoint><class name="NotificationContact" type="Participation" rimName="Participation"><graphics shapeId="Sheet.42" width="3.15942438157934" height="0.436160093858507" x="4.00443441101203" y="4.69520183042592" beginX="2.42472222022241" beginY="4.75985759667" endX="5.58414660180175" endY="4.63054606418185" arrowWidth="66 inch"/><description>An association to a patient's designated emergency contact for a patient encounter</description><annotations><description>An association to a patient's designated emergency contact for a patient encounter</description></annotations><attributes><attribute name="typeCode" rimClassName="Participation" datatype="CS" cardinality="1..1" conformance="R" mandatory="true" strength="CNE" codeSystem="ParticipationType" domainCode="C:ParticipationType" fixed="NOT" maxLength="0" historyAllowed="false"><description>Structural attribute; this is a "notification contact" participation</description><annotations><description>Structural attribute; this is a "notification contact" participation</description></annotations></attribute><attribute name="time" rimClassName="Participation" datatype="IVL&lt;TS&gt;" cardinality="0..1" conformance="" mandatory="false" maxLength="0" historyAllowed="false"><description>An interval of time specifying the period this notification party is the patient's emergency contact.  Note, this only needed if a notification party is not the patient's emergency contact for duration of the patient encounter.</description><annotations><description>An interval of time specifying the period this notification party is the patient's emergency contact.  Note, this only needed if a notification party is not the patient's emergency contact for duration of the patient encounter.</description></annotations></attribute></attributes><associations><association name="ambulatoryEncounterEvent" beginX="2.42472222022241" beginY="4.75985759667" endX="2.42472222022241" endY="4.75985759667" target="EncounterEvent" targetShapeId="Sheet.83" rimTarget="Participation" rimName="act" source="NotificationContact" cardinality="" required="0" mandatory="0" blocked="-1" businessName=""><annotations/></association><association name="notificationParty" beginX="5.58414660180175" beginY="4.63054606418185" endX="5.58414660180175" endY="4.63054606418185" target="R_NotificationPartyContact" targetShapeId="Sheet.57" rimTarget="Participation" rimName="role" source="NotificationContact" cardinality="1..1" required="0" mandatory="0" blocked="0" businessName=""><annotations/></association></associations></class><class name="R_NotificationPartyContact" cmetId="COCT_MT040203UV" cmetType="Role(Scoped or Performed)" attLevel="contact" domain="RoleClass" mnemonic="AGNT" type="CMET" rimName="RoleHeir" id="COCT_MT040203UV"><graphics shapeId="Sheet.57" width="1.3552991800599" height="0.627825234646268" x="6.2617961918317" y="4.7561111111111" flipX="TRUE" flipY="FALSE" autoWidth="1" autoHeight="1"/><annotations/><notes><Note name="Sheet.9" type="Note" noteType="Note"><graphics shapeId="Sheet.9" connectedShape="Sheet.57" x="5.862121713665" y="5.6616666666667" width="1.06222024161415" height="0.588986854383681" beginX="0.531110120807075" beginY="0.294493427191841" endX="1.06631451697976" endY="-0.297149511040626"/><annotations/><notes><text>The patient’s
Emergency Contact
for this encounter.</text></notes></Note></notes><associations><association name="contactFor" beginX="5.58414660180175" beginY="4.63054606418185" endX="5.58414660180175" endY="4.63054606418185" target="NotificationContact" targetShapeId="Sheet.42" rimTarget="Role" rimName="participation" source="R_NotificationPartyContact" cardinality="" required="0" mandatory="0" blocked="-1" businessName=""><annotations/></association></associations></class><class name="DepartedBy" type="ActRelationship" rimName="ActRelationship"><graphics shapeId="Sheet.67" width="3.33815017658677" height="0.56981793077257" x="4.09379730851572" y="2.37533995363825" beginX="2.42472222022241" beginY="2.29899339933997" endX="5.76287239680918" endY="2.45168650793653" arrowWidth="66 inch"/><description>Association of a patient encounter to information about the patient's departure from the site of the patient encounter</description><annotations><description>Association of a patient encounter to information about the patient's departure from the site of the patient encounter</description></annotations><attributes><attribute name="typeCode" rimClassName="ActRelationship" datatype="CS" cardinality="1..1" conformance="R" mandatory="true" strength="CNE" codeSystem="ActRelationshipType" domainCode="C:ActRelationshipType" fixed="DEP" maxLength="0" historyAllowed="false"><description>Structural attribute; this is an "departure" act relationship</description><annotations><description>Structural attribute; this is an "departure" act relationship</description></annotations></attribute><attribute name="blockedContextParticipationType" rimClassName="ActRelationship" datatype="DSET&lt;CS&gt;" cardinality="0..*" conformance="" mandatory="false" strength="CNE" codeSystem="C:ParticipationType" default="NOT" maxLength="0" historyAllowed="false"><description>Identifies the EncounterEvent participations that are not part of the context conducted to the patient departure transportation event. The default is that all participations are blocked except for subject (patient).</description><annotations><description>Identifies the EncounterEvent participations that are not part of the context conducted to the patient departure transportation event. The default is that all participations are blocked except for subject (patient).</description></annotations></attribute></attributes><associations><association name="ambulatoryEncounterEvent" beginX="2.42472222022241" beginY="2.29899339933997" endX="2.42472222022241" endY="2.29899339933997" target="EncounterEvent" targetShapeId="Sheet.83" rimTarget="ActRelationship" rimName="source" source="DepartedBy" cardinality="" required="0" mandatory="0" blocked="-1" businessName=""><annotations/></association><association name="transportationEvent" beginX="5.76287239680918" beginY="2.45168650793653" endX="5.76287239680918" endY="2.45168650793653" target="TransportationEvent" targetShapeId="Sheet.73" rimTarget="ActRelationship" rimName="target" source="DepartedBy" cardinality="1..1" required="0" mandatory="0" blocked="0" businessName=""><annotations/></association></associations></class><class name="TransportationEvent" type="Act" rimName="ActHeir"><graphics shapeId="Sheet.73" width="3.19283462827865" height="1.6611111111111" x="7.3592897109485" y="1.9533531746032" flipX="FALSE" flipY="FALSE" autoWidth="1" autoHeight="0"/><description>Transportation of the patient from the encounter site.</description><annotations><description>Transportation of the patient from the encounter site.</description></annotations><attributes><attribute name="classCode" rimClassName="Act" datatype="CS" cardinality="1..1" conformance="R" mandatory="true" strength="CNE" codeSystem="ActClass" domainCode="C:ActClass" fixed="TRNS" maxLength="0" historyAllowed="false"><description>Structural attribute; this is a "transportation" act</description><annotations><description>Structural attribute; this is a "transportation" act</description></annotations></attribute><attribute name="moodCode" rimClassName="Act" datatype="CS" cardinality="1..1" conformance="R" mandatory="true" strength="CNE" codeSystem="ActMood" domainCode="C:ActMood" fixed="EVN" maxLength="0" historyAllowed="false"><description>Structural attribute; this a transportation event</description><annotations><description>Structural attribute; this a transportation event</description></annotations></attribute><attribute name="id" rimClassName="Act" datatype="DSET&lt;II&gt;" cardinality="0..*" conformance="" mandatory="false" maxLength="0" historyAllowed="false"><description>Identifier(s) for this transportation act</description><annotations><description>Identifier(s) for this transportation act</description></annotations></attribute><attribute name="code" rimClassName="Act" datatype="CD" cardinality="1..1" conformance="R" mandatory="false" strength="CWE" conceptDomain="ActPatientTransportationModeCode" maxLength="0" historyAllowed="false"><description>A value specifying the mode of transportation.  Examples include ambulance, private transport, public transport, on foot.</description><annotations><description>A value specifying the mode of transportation.  Examples include ambulance, private transport, public transport, on foot.</description></annotations></attribute><attribute name="text" rimClassName="Act" datatype="ED" cardinality="0..1" conformance="" mandatory="false" maxLength="0" historyAllowed="false"><description>A textual description of this transportation act</description><annotations><description>A textual description of this transportation act</description></annotations></attribute><attribute name="effectiveTime" rimClassName="Act" datatype="IVL&lt;TS&gt;" cardinality="0..1" conformance="" mandatory="false" maxLength="0" historyAllowed="false"><description>The time the patient was en route.  The start of the time interval represents when the patient departed from the encounter site.</description><annotations><description>The time the patient was en route.  The start of the time interval represents when the patient departed from the encounter site.</description></annotations></attribute><attribute name="priorityCode" rimClassName="Act" datatype="CD" cardinality="0..1" conformance="" mandatory="false" strength="CWE" conceptDomain="ActPriority" maxLength="0" historyAllowed="false"><description>A value (e.g., for routine, emergency), specifying the urgency for the transportation act</description><annotations><description>A value (e.g., for routine, emergency), specifying the urgency for the transportation act</description></annotations></attribute><attribute name="confidentialityCode" rimClassName="Act" datatype="CD" cardinality="0..1" conformance="" mandatory="false" strength="CWE" conceptDomain="Confidentiality" maxLength="0" historyAllowed="false"><description>Value(s) that control the disclosure of information about this transportation act</description><annotations><description>Value(s) that control the disclosure of information about this transportation act</description></annotations></attribute></attributes><associations><association name="departureFor" beginX="5.76287239680918" beginY="2.45168650793653" endX="5.76287239680918" endY="2.45168650793653" target="DepartedBy" targetShapeId="Sheet.67" rimTarget="Act" rimName="inboundRelationship" source="TransportationEvent" cardinality="" required="0" mandatory="0" blocked="-1" businessName=""><annotations/></association><association name="escort" beginX="8.95570702508782" beginY="1.9533531746032" endX="8.95570702508782" endY="1.9533531746032" target="Escort2" targetShapeId="Sheet.14" rimTarget="Act" rimName="participation" source="TransportationEvent" cardinality="0..*" required="0" mandatory="0" blocked="0" businessName=""><annotations/></association><association name="performer" beginX="8.95570702508782" beginY="2.45168650793653" endX="8.95570702508782" endY="2.45168650793653" target="Performer1" targetShapeId="Sheet.20" rimTarget="Act" rimName="participation" source="TransportationEvent" cardinality="0..*" required="0" mandatory="0" blocked="0" businessName=""><annotations/></association><association name="location" beginX="7.3592897109485" beginY="2.78390873015875" endX="7.3592897109485" endY="2.78390873015875" target="Location3" targetShapeId="Sheet.36" rimTarget="Act" rimName="participation" source="TransportationEvent" cardinality="0..*" required="0" mandatory="0" blocked="0" businessName=""><annotations/></association></associations></class><class name="Escort2" type="Participation" rimName="Participation"><graphics shapeId="Sheet.14" width="1.60838606686897" height="0.436160093858507" x="9.75990005852231" y="1.75257936507937" beginX="8.95570702508782" beginY="1.9533531746032" endX="10.5640930919568" endY="1.55180555555555" arrowWidth="66 inch"/><description>Association to a person who escorted the patient from the encounter site</description><annotations><description>Association to a person who escorted the patient from the encounter site</description></annotations><attributes><attribute name="typeCode" rimClassName="Participation" datatype="CS" cardinality="1..1" conformance="R" mandatory="true" strength="CNE" codeSystem="ParticipationType" domainCode="C:ParticipationType" fixed="ESC" maxLength="0" historyAllowed="false"><description>Structural attribute; this is an "escort" participation</description><annotations><description>Structural attribute; this is an "escort" participation</description></annotations></attribute><attribute name="time" rimClassName="Participation" datatype="IVL&lt;TS&gt;" cardinality="0..1" conformance="" mandatory="false" maxLength="0" historyAllowed="false"><description>An interval of time specifying the period this person escorted the patient.  Note, this would be used only if the person did not participate for the full duration of the transport.</description><annotations><description>An interval of time specifying the period this person escorted the patient.  Note, this would be used only if the person did not participate for the full duration of the transport.</description></annotations></attribute></attributes><associations><association name="transportationEvent" beginX="8.95570702508782" beginY="1.9533531746032" endX="8.95570702508782" endY="1.9533531746032" target="TransportationEvent" targetShapeId="Sheet.73" rimTarget="Participation" rimName="act" source="Escort2" cardinality="" required="0" mandatory="0" blocked="-1" businessName=""><annotations/></association><association name="assignedPerson" beginX="10.5640930919568" beginY="1.55180555555555" endX="10.5640930919568" endY="1.55180555555555" target="AssignedPerson" targetShapeId="Sheet.21" rimTarget="Participation" rimName="role" source="Escort2" cardinality="1..1" required="0" mandatory="0" blocked="0" businessName=""><annotations/></association></associations></class><class name="AssignedPerson" type="Role" rimName="RoleHeir"><graphics shapeId="Sheet.21" width="1.41415191953841" height="1.2220833333333" x="11.271169051726" y="2.1628472222222" flipX="TRUE" flipY="FALSE" autoWidth="1" autoHeight="0"/><description>A person assigned to participate in a patient transportation as performer or escort</description><annotations><description>A person assigned to participate in a patient transportation as performer or escort</description></annotations><attributes><attribute name="classCode" rimClassName="Role" datatype="CS" cardinality="1..1" conformance="R" mandatory="true" strength="CNE" codeSystem="RoleClass" domainCode="C:RoleClass" fixed="ASSIGNED" maxLength="0" historyAllowed="false"><description>Structural attribute; this is an "assigned" role</description><annotations><description>Structural attribute; this is an "assigned" role</description></annotations></attribute><attribute name="id" rimClassName="Role" datatype="II" cardinality="0..1" conformance="" mandatory="false" maxLength="0" historyAllowed="false"><description>An identifer for a person assigned to participate in a patient transportation as performer or escort</description><annotations><description>An identifer for a person assigned to participate in a patient transportation as performer or escort</description></annotations></attribute><attribute name="telecom" rimClassName="Role" datatype="TEL" cardinality="0..1" conformance="" mandatory="false" maxLength="0" historyAllowed="false"><description>A telecommunication address for a person assigned to participate in a patient transportation as performer or escort</description><annotations><description>A telecommunication address for a person assigned to participate in a patient transportation as performer or escort</description></annotations></attribute></attributes><associations><association name="assignedPerson" beginX="11.8368298195414" beginY="1.67401388888888" endX="10.4861815636744" endY="0.87180555555556" target="Person" targetShapeId="Sheet.5" rimTarget="Role" rimName="player" source="AssignedPerson" cardinality="0..1" required="0" mandatory="0" blocked="0" businessName=""><annotations/></association><association name="representedOrganization" beginX="11.8368298195414" beginY="2.65168055555552" endX="10.7395879374954" endY="3.65925820990672" target="Organization" targetShapeId="Sheet.1" rimTarget="Role" rimName="scoper" source="AssignedPerson" cardinality="0..1" required="0" mandatory="0" blocked="0" businessName=""><annotations/></association><association name="escort" beginX="10.5640930919568" beginY="1.55180555555555" endX="10.5640930919568" endY="1.55180555555555" target="Escort2" targetShapeId="Sheet.14" rimTarget="Role" rimName="participation" source="AssignedPerson" cardinality="" required="0" mandatory="0" blocked="-1" businessName=""><annotations/></association><association name="performance" beginX="10.5640930919568" beginY="2.40726388888886" endX="10.5640930919568" endY="2.40726388888886" target="Performer1" targetShapeId="Sheet.20" rimTarget="Role" rimName="participation" source="AssignedPerson" cardinality="" required="0" mandatory="0" blocked="-1" businessName=""><annotations/></association></associations></class><class name="Person" type="Entity" rimName="Person"><graphics shapeId="Sheet.5" width="1.69795776670638" height="0.75" x="10.910671005351" y="0.49680555555556" flipX="FALSE" flipY="FALSE" autoWidth="1" autoHeight="1"/><description>A subtype of LivingSubject representing a human being</description><annotations><description>A subtype of LivingSubject representing a human being</description></annotations><attributes><attribute name="classCode" rimClassName="Entity" datatype="CS" cardinality="1..1" conformance="R" mandatory="true" strength="CNE" codeSystem="EntityClass" domainCode="C:EntityClass" fixed="PSN" maxLength="0" historyAllowed="false"><description>Structural attribute; this is a 'person' type of entity</description><annotations><description>Structural attribute; this is a 'person' type of entity</description></annotations></attribute><attribute name="determinerCode" rimClassName="Entity" datatype="CS" cardinality="1..1" conformance="R" mandatory="true" strength="CNE" codeSystem="EntityDeterminer" domainCode="C:EntityDeterminer" fixed="INSTANCE" maxLength="0" historyAllowed="false"><description>Structural attribute; this is a specific entity</description><annotations><description>Structural attribute; this is a specific entity</description></annotations></attribute><attribute name="name" rimClassName="Entity" datatype="PN" cardinality="0..1" conformance="" mandatory="false" maxLength="0" historyAllowed="false"><description>A non-unique textual identifier or moniker for a person</description><annotations><description>A non-unique textual identifier or moniker for a person</description></annotations></attribute></attributes><associations><association name="assignedPerson" endX="11.8368298195414" endY="1.67401388888888" beginX="10.4861815636744" beginY="0.87180555555556" target="AssignedPerson" targetShapeId="Sheet.21" rimTarget="Entity" rimName="playedRole" source="Person" cardinality="" required="0" mandatory="0" blocked="-1" businessName=""><annotations/></association></associations></class><class name="Organization" type="Entity" rimName="Organization"><graphics shapeId="Sheet.1" width="1.69795776670638" height="0.914816913519966" x="11.164077379172" y="4.1166666666667" flipX="FALSE" flipY="FALSE" autoWidth="1" autoHeight="1"/><description>A social or legal structure formed by human beings</description><annotations><description>A social or legal structure formed by human beings</description></annotations><attributes><attribute name="classCode" rimClassName="Entity" datatype="CS" cardinality="1..1" conformance="R" mandatory="true" strength="CNE" codeSystem="EntityClass" domainCode="ORG" maxLength="0" historyAllowed="false"><description>Structural attribute; this is an 'organization' type of entity</description><annotations><description>Structural attribute; this is an 'organization' type of entity</description></annotations></attribute><attribute name="determinerCode" rimClassName="Entity" datatype="CS" cardinality="1..1" conformance="R" mandatory="true" strength="CNE" codeSystem="EntityDeterminer" domainCode="C:EntityDeterminer" fixed="INSTANCE" maxLength="0" historyAllowed="false"><description>Structural attribute; this is a specific entity</description><annotations><description>Structural attribute; this is a specific entity</description></annotations></attribute><attribute name="name" rimClassName="Entity" datatype="ON" cardinality="0..1" conformance="" mandatory="false" maxLength="0" historyAllowed="false"><description>A non-unique textual identifier or moniker for an organization</description><annotations><description>A non-unique textual identifier or moniker for an organization</description></annotations></attribute><attribute name="telecom" rimClassName="Entity" datatype="TEL" cardinality="0..1" conformance="" mandatory="false" maxLength="0" historyAllowed="false"><description>A telecommunication address for an organization</description><annotations><description>A telecommunication address for an organization</description></annotations></attribute><attribute name="addr" rimClassName="Organization" datatype="AD" cardinality="0..1" conformance="" mandatory="false" maxLength="0" historyAllowed="false"><description>The postal and/or residential address of an organization</description><annotations><description>The postal and/or residential address of an organization</description></annotations></attribute></attributes><associations><association name="assignedPerson" endX="11.8368298195414" endY="2.65168055555552" beginX="10.7395879374954" beginY="3.65925820990672" target="AssignedPerson" targetShapeId="Sheet.21" rimTarget="Entity" rimName="scopedRole" source="Organization" cardinality="" required="0" mandatory="0" blocked="-1" businessName=""><annotations/></association></associations></class><class name="Performer1" type="Participation" rimName="Participation"><graphics shapeId="Sheet.20" width="1.60838606686897" height="0.436160093858507" x="9.75990005852231" y="2.42947519841269" beginX="8.95570702508782" beginY="2.45168650793653" endX="10.5640930919568" endY="2.40726388888886" arrowWidth="66 inch"/><description>Association to a person whotransported the patient from the encounter site</description><annotations><description>Association to a person whotransported the patient from the encounter site</description></annotations><attributes><attribute name="typeCode" rimClassName="Participation" datatype="CS" cardinality="1..1" conformance="R" mandatory="true" strength="CNE" codeSystem="ParticipationType" domainCode="C:ParticipationType" fixed="PRF" maxLength="0" historyAllowed="false"><description>Structural attribute; this is a "performer" participation</description><annotations><description>Structural attribute; this is a "performer" participation</description></annotations></attribute><attribute name="time" rimClassName="Participation" datatype="IVL&lt;TS&gt;" cardinality="0..1" conformance="" mandatory="false" maxLength="0" historyAllowed="false"><description>An interval of time specifying the period this person transported the patient.  Note, this would be used only if the person did not participate for the full duration of the transport.</description><annotations><description>An interval of time specifying the period this person transported the patient.  Note, this would be used only if the person did not participate for the full duration of the transport.</description></annotations></attribute></attributes><associations><association name="transportationEvent" beginX="8.95570702508782" beginY="2.45168650793653" endX="8.95570702508782" endY="2.45168650793653" target="TransportationEvent" targetShapeId="Sheet.73" rimTarget="Participation" rimName="act" source="Performer1" cardinality="" required="0" mandatory="0" blocked="-1" businessName=""><annotations/></association><association name="assignedPerson" beginX="10.5640930919568" beginY="2.40726388888886" endX="10.5640930919568" endY="2.40726388888886" target="AssignedPerson" targetShapeId="Sheet.21" rimTarget="Participation" rimName="role" source="Performer1" cardinality="1..1" required="0" mandatory="0" blocked="0" businessName=""><annotations/></association></associations></class><class name="Location3" type="Participation" rimName="Participation"><graphics shapeId="Sheet.36" width="0.601485106065539" height="2.02852035825912" x="7.20355776593334" y="3.08465128319152" beginX="7.3592897109485" beginY="2.78390873015875" endX="7.04782582091821" endY="3.37178182712127" arrowWidth="66 inch"/><description>Association to the patient's destination location and any locations transited during the transportation act</description><annotations><description>Association to the patient's destination location and any locations transited during the transportation act</description></annotations><attributes><attribute name="typeCode" rimClassName="Participation" datatype="CS" cardinality="1..1" conformance="R" mandatory="true" strength="CNE" codeSystem="ParticipationType" domainCode="LOC" maxLength="0" historyAllowed="false"><description>Structural attribute; this is a "location" participation. Allowed specializations include destination and via.  A location type of "origin" would not be used in a patient departure because the encounter site is the origin location</description><annotations><description>Structural attribute; this is a "location" participation. Allowed specializations include destination and via.  A location type of "origin" would not be used in a patient departure because the encounter site is the origin location</description></annotations></attribute><attribute name="sequenceNumber" rimClassName="Participation" datatype="INT.NONNEG" cardinality="0..1" conformance="" mandatory="false" maxLength="0" historyAllowed="false"><description>An integer specifying the relative order of locations transited in a multi-segment transportation act</description><annotations><description>An integer specifying the relative order of locations transited in a multi-segment transportation act</description></annotations></attribute></attributes><associations><association name="transportationEvent" beginX="7.3592897109485" beginY="2.78390873015875" endX="7.3592897109485" endY="2.78390873015875" target="TransportationEvent" targetShapeId="Sheet.73" rimTarget="Participation" rimName="act" source="Location3" cardinality="" required="0" mandatory="0" blocked="-1" businessName=""><annotations/></association><association name="locationLocatedEntity" beginX="7.04782582091821" beginY="3.37178182712127" endX="7.04782582091821" endY="3.37178182712127" target="R_LocationLocatedEntityContact" targetShapeId="Sheet.75" rimTarget="Participation" rimName="role" source="Location3" cardinality="1..1" required="0" mandatory="0" blocked="0" businessName=""><annotations/></association></associations></class><class name="R_LocationLocatedEntityContact" cmetId="COCT_MT070003UV" cmetType="Role(Played or Performed)" attLevel="contact" domain="RoleClass" mnemonic="LOCE" type="CMET" rimName="RoleHeir" id="COCT_MT070003UV"><graphics shapeId="Sheet.75" width="1.6638929300599" height="0.627825234646268" x="7.2142151139242" y="3.6856944444444" flipX="FALSE" flipY="FALSE" autoWidth="1" autoHeight="1"/><annotations/><associations><association name="locationOf" beginX="7.04782582091821" beginY="3.37178182712127" endX="7.04782582091821" endY="3.37178182712127" target="Location3" targetShapeId="Sheet.36" rimTarget="Role" rimName="participation" source="R_LocationLocatedEntityContact" cardinality="" required="0" mandatory="0" blocked="-1" businessName=""><annotations/></association></associations></class></page></pages></hl7model>
