<?xml version="1.0"?>
<hl7model rendered="11/4/2011 2:43:24 PM" datatypesRelease="R2"><pages><page name="Pg-1" width="8.5" height="11"><entryPoint entryClass="EncounterEvent" name="Responsible Organization Change" type="EntryPoint" id="PRPA_RM303011UV"><graphics shapeId="Sheet.307" connectedShape="Sheet.469" width="2.39348007505599" height="1.03348028157552" beginX="1.92868625148265" beginY="7.22055555555556" endX="1.93306125148263" endY="6.63388888888889"/><annotations/><notes><text>This R-MIM supports changing the responsible organization for an encounter. Property-contextConductionStyle: I </text></notes></entryPoint><class name="EncounterEvent" type="Act" rimName="PatientEncounter"><graphics shapeId="Sheet.469" width="2.4128472222222" height="1.55444444444444" x="1.69177652926041" y="5.85666666666667" flipX="FALSE" flipY="FALSE" autoWidth="0" autoHeight="0"/><description>An interaction between a patient and care provider(s) for the purpose of providing healthcare-related service(s).</description><annotations><description>An interaction between a patient and care provider(s) for the purpose of providing healthcare-related service(s).</description></annotations><attributes><attribute name="classCode" rimClassName="Act" datatype="CS" cardinality="1..1" conformance="R" mandatory="true" strength="CNE" codeSystem="ActClass" domainCode="C:ActClass" fixed="ENC" maxLength="0" historyAllowed="false"><description>Structural attribute; this is a "patient encounter" act</description><annotations><description>Structural attribute; this is a "patient encounter" act</description></annotations></attribute><attribute name="moodCode" rimClassName="Act" datatype="CS" cardinality="1..1" conformance="R" mandatory="true" strength="CNE" codeSystem="ActMood" domainCode="C:ActMood" fixed="EVN" maxLength="0" historyAllowed="false"><description>Structural attribute; this is a patient encounter event</description><annotations><description>Structural attribute; this is a patient encounter event</description></annotations></attribute><attribute name="id" rimClassName="Act" datatype="DSET&lt;II&gt;" cardinality="1..*" conformance="R" mandatory="true" maxLength="0" historyAllowed="false"><description>One or more unique identifiers for this encounter (for example, an "internal" id used only by computer systems and an "external" id for display to users)</description><annotations><description>One or more unique identifiers for this encounter (for example, an "internal" id used only by computer systems and an "external" id for display to users)</description></annotations></attribute></attributes><associations><association name="responsibleParty1" beginX="2.89820014037151" beginY="6.323" endX="2.89820014037151" endY="6.323" target="ResponsibleParty1" targetShapeId="Sheet.21" rimTarget="Act" rimName="participation" source="EncounterEvent" cardinality="1..1" required="-1" mandatory="-1" blocked="0" businessName=""><annotations/></association><association name="responsibleParty2" beginX="2.90007513837162" beginY="5.47190319031903" endX="2.90007513837162" endY="5.47190319031903" target="ResponsibleParty2" targetShapeId="Sheet.473" rimTarget="Act" rimName="participation" source="EncounterEvent" cardinality="1..1" required="-1" mandatory="-1" blocked="0" businessName=""><annotations/></association></associations></class><class name="ResponsibleParty1" type="Participation" rimName="ManagedParticipation"><graphics shapeId="Sheet.21" width="3.60175125057846" height="0.70282574327257" x="4.69907576566075" y="6.28672222222222" beginX="2.89820014037151" beginY="6.323" endX="6.49995139094998" endY="6.25044444444445" arrowWidth="66 in."/><description>Mandatory association to the healthcare provider organization that is assuming clinical responsibility for the patient encounter.</description><annotations><description>Mandatory association to the healthcare provider organization that is assuming clinical responsibility for the patient encounter.</description></annotations><attributes><attribute name="typeCode" rimClassName="Participation" datatype="CS" cardinality="1..1" conformance="R" mandatory="true" strength="CNE" codeSystem="ParticipationType" domainCode="C:ParticipationType" fixed="RESP" maxLength="0" historyAllowed="false"><description>Structural attribute; this is a "responsibility" participation</description><annotations><description>Structural attribute; this is a "responsibility" participation</description></annotations></attribute><attribute name="time" rimClassName="Participation" datatype="IVL&lt;TS&gt;" cardinality="1..1" conformance="R" mandatory="false" maxLength="0" historyAllowed="false"><description>An interval of time specifying the period this responsible organization participation is active. The start of the time range is mandatory. The end of the time range, if populated, should be interpreted as the anticipated end date-time</description><annotations><description>An interval of time specifying the period this responsible organization participation is active. The start of the time range is mandatory. The end of the time range, if populated, should be interpreted as the anticipated end date-time</description></annotations></attribute><attribute name="id" rimClassName="ManagedParticipation" datatype="II" cardinality="0..1" conformance="" mandatory="false" maxLength="0" historyAllowed="false"><description>Identifier(s) for this responsible organization participation</description><annotations><description>Identifier(s) for this responsible organization participation</description></annotations></attribute><attribute name="statusCode" rimClassName="ManagedParticipation" datatype="CS" cardinality="1..1" conformance="R" mandatory="true" strength="CNE" codeSystem="ManagedParticipationStatus" domainCode="C:ManagedParticipationStatus" fixed="active" maxLength="0" historyAllowed="false"><description>A value representing the state of this responsible organization participation (based on the RIM Managed Participation class state-machine). This is "active"</description><annotations><description>A value representing the state of this responsible organization participation (based on the RIM Managed Participation class state-machine). This is "active"</description></annotations></attribute></attributes><associations><association name="encounterEvent" beginX="2.89820014037151" beginY="6.323" endX="2.89820014037151" endY="6.323" target="EncounterEvent" targetShapeId="Sheet.469" rimTarget="Participation" rimName="act" source="ResponsibleParty1" cardinality="" required="0" mandatory="0" blocked="-1" businessName=""><annotations/></association><association name="assignedOrganization" beginX="6.49995139094998" beginY="6.25044444444445" endX="6.49995139094998" endY="6.25044444444445" target="R_AssignedOrganizationContact" targetShapeId="Sheet.27" rimTarget="Participation" rimName="role" source="ResponsibleParty1" cardinality="1..1" required="-1" mandatory="-1" blocked="0" businessName=""><annotations/></association></associations></class><class name="R_AssignedOrganizationContact" cmetId="COCT_MT090203UV" cmetType="Role(Performed only)" attLevel="contact" domain="RoleClass" mnemonic="ASSIGNED" type="CMET" rimName="RoleHeir" id="COCT_MT090203UV"><graphics shapeId="Sheet.27" width="1.53535926274588" height="1.24777777777778" x="7.26763102232291" y="5.87611111111111" flipX="FALSE" flipY="FALSE" autoWidth="1" autoHeight="0"/><annotations/><associations><association name="responsibleFor" beginX="6.49995139094998" beginY="5.377" endX="6.49995139094998" endY="5.377" target="ResponsibleParty2" targetShapeId="Sheet.473" rimTarget="Role" rimName="participation" source="R_AssignedOrganizationContact" cardinality="" required="0" mandatory="0" blocked="-1" businessName=""><annotations/></association><association name="responsibleFor" beginX="6.49995139094998" beginY="6.25044444444445" endX="6.49995139094998" endY="6.25044444444445" target="ResponsibleParty1" targetShapeId="Sheet.21" rimTarget="Role" rimName="participation" source="R_AssignedOrganizationContact" cardinality="" required="0" mandatory="0" blocked="-1" businessName=""><annotations/></association></associations></class><class name="ResponsibleParty2" type="Participation" rimName="ManagedParticipation"><graphics shapeId="Sheet.473" width="3.59987625257836" height="0.70282574327257" x="4.7000132646608" y="5.42445159515952" beginX="2.90007513837162" beginY="5.47190319031903" endX="6.49995139094998" endY="5.377" arrowWidth="66 in."/><description>Mandatory association to the healthcare provider organization that is relenquishing clinical responsibility for the patient encounter.</description><annotations><description>Mandatory association to the healthcare provider organization that is relenquishing clinical responsibility for the patient encounter.</description></annotations><notes><Note name="Sheet.33" type="Note" noteType="Note"><graphics shapeId="Sheet.33" connectedShape="Sheet.473" x="5.02208116369443" y="4.2" width="3.23450722891884" height="0.5" beginX="1.61725361445942" beginY="0.25" endX="1.23268571542578" endY="1.12303872352323"/><annotations/><notes><text>The completed or nullified responsible organization participation</text></notes></Note></notes><attributes><attribute name="typeCode" rimClassName="Participation" datatype="CS" cardinality="1..1" conformance="R" mandatory="true" strength="CNE" codeSystem="ParticipationType" domainCode="C:ParticipationType" fixed="RESP" maxLength="0" historyAllowed="false"><description>Structural attribute; this is a "responsibility" participation</description><annotations><description>Structural attribute; this is a "responsibility" participation</description></annotations></attribute><attribute name="time" rimClassName="Participation" datatype="IVL&lt;TS&gt;" cardinality="1..1" conformance="R" mandatory="false" maxLength="0" historyAllowed="false"><description>An interval of time specifying the period this healthcare provider organization was the active responsible organization</description><annotations><description>An interval of time specifying the period this healthcare provider organization was the active responsible organization</description></annotations></attribute><attribute name="id" rimClassName="ManagedParticipation" datatype="II" cardinality="0..1" conformance="" mandatory="false" maxLength="0" historyAllowed="false"><description>Identifier(s) for this responsible organization participation</description><annotations><description>Identifier(s) for this responsible organization participation</description></annotations></attribute><attribute name="statusCode" rimClassName="ManagedParticipation" datatype="CS" cardinality="1..1" conformance="R" mandatory="true" strength="CNE" codeSystem="C:ManagedParticipationStatus" default="completed" maxLength="0" historyAllowed="false"><description>A value representing the state of this responsible organization participation (based on the RIM Managed Participation class state-machine).  (!) In the normal case the statusCode is "completed". (2) In the exceptional case of canceling a previously reported responsible organization change notification the statusCode would be "nullified".</description><annotations><description>A value representing the state of this responsible organization participation (based on the RIM Managed Participation class state-machine).  (!) In the normal case the statusCode is "completed". (2) In the exceptional case of canceling a previously reported responsible organization change notification the statusCode would be "nullified".</description></annotations></attribute></attributes><associations><association name="encounterEvent" beginX="2.90007513837162" beginY="5.47190319031903" endX="2.90007513837162" endY="5.47190319031903" target="EncounterEvent" targetShapeId="Sheet.469" rimTarget="Participation" rimName="act" source="ResponsibleParty2" cardinality="" required="0" mandatory="0" blocked="-1" businessName=""><annotations/></association><association name="assignedOrganization" beginX="6.49995139094998" beginY="5.377" endX="6.49995139094998" endY="5.377" target="R_AssignedOrganizationContact" targetShapeId="Sheet.27" rimTarget="Participation" rimName="role" source="ResponsibleParty2" cardinality="1..1" required="-1" mandatory="-1" blocked="0" businessName=""><annotations/></association></associations></class></page></pages></hl7model>
