<?xml version="1.0"?>
<hl7model rendered="3/17/2012 8:47:29 PM" datatypesRelease="R2"><pages><page name="Pg-1" width="2.56423691099349" height="2.88699934082031"><class name="EncounterAppointment" type="Act" rimName="PatientEncounter"><graphics shapeId="Sheet.1" width="2.54423691099349" height="0.914816913519966" x="1.28211845549674" y="0.467408456759983" flipX="FALSE" flipY="FALSE" autoWidth="1" autoHeight="1"/><description>A scheduled interaction between a patient and care provider(s) for the purpose of providing healthcare-related service(s).</description><annotations><description>A scheduled interaction between a patient and care provider(s) for the purpose of providing healthcare-related service(s).</description></annotations><attributes><attribute name="classCode" rimClassName="Act" datatype="CS" cardinality="1..1" conformance="R" mandatory="true" strength="CNE" codeSystem="ActClass" domainCode="C:ActClass" fixed="ENC" maxLength="0" historyAllowed="false"><description>Structural attribute; this is a patient encounter</description><annotations><description>Structural attribute; this is a patient encounter</description></annotations></attribute><attribute name="moodCode" rimClassName="Act" datatype="CS" cardinality="1..1" conformance="R" mandatory="true" strength="CNE" codeSystem="ActMood" domainCode="C:ActMood" fixed="APT" maxLength="0" historyAllowed="false"><description>Structural attribute; this is an appointment</description><annotations><description>Structural attribute; this is an appointment</description></annotations></attribute><attribute name="id" rimClassName="Act" datatype="DSET&lt;II&gt;" cardinality="1..*" conformance="R" mandatory="true" maxLength="0" historyAllowed="false"><description>One or more unique identifiers for this encounter (for example, an "internal" id used only by computer systems and an "external" id for display to users)</description><annotations><description>One or more unique identifiers for this encounter (for example, an "internal" id used only by computer systems and an "external" id for display to users)</description></annotations></attribute><attribute name="statusCode" rimClassName="Act" datatype="CS" cardinality="1..1" conformance="R" mandatory="false" strength="CNE" valueSet="ActStatusNormal" maxLength="0" historyAllowed="false"><description>A value specifying the state of this patient encounter appointment. This minimal message type is used to convey that an appointment was canceled (statusCode = aborted) or rescheduled (statusCode = active).</description><annotations><description>A value specifying the state of this patient encounter appointment. This minimal message type is used to convey that an appointment was canceled (statusCode = aborted) or rescheduled (statusCode = active).</description></annotations></attribute><attribute name="effectiveTime" rimClassName="Act" datatype="IVL&lt;TS&gt;" cardinality="0..1" conformance="" mandatory="false" maxLength="0" historyAllowed="false"><description>The time interval starting with the administrative onset of the encounter (e.g. admission, registration, patient arrival) and ending with the patient's departure (e.g. discharge). This attribute is used when rescheduling an appointment.</description><annotations><description>The time interval starting with the administrative onset of the encounter (e.g. admission, registration, patient arrival) and ending with the patient's departure (e.g. discharge). This attribute is used when rescheduling an appointment.</description></annotations></attribute></attributes></class><entryPoint entryClass="EncounterAppointment" name="Encounter Appointment Minimal" type="EntryPoint" id="PRPA_RM410002UV"><graphics shapeId="Sheet.5" connectedShape="Sheet.1" width="2.25929428404037" height="1.16681310628255" beginX="1.25711845549674" beginY="1.69240845675998" endX="1.28211845549674" endY="0.924816913519965"/><annotations/><notes><text>This R-MIM defines the message type for reporting rescheduling and simple status changes of a patient encounter appointment. Property-contextConductionStyle: I </text></notes></entryPoint></page></pages></hl7model>
