<?xml version="1.0"?>
<hl7model rendered="3/17/2012 8:54:07 PM" datatypesRelease="R2"><pages><page name="Pg-1" width="8.95844627885546" height="4.53241637301975"><class name="PertinentInformation" type="ActRelationship" rimName="ActRelationship"><graphics shapeId="Sheet.1" width="3.21633619318671" height="0.436485106065539" x="6.17896143050257" y="1.8381800378418" beginX="4.57079333390922" beginY="1.8524229669868" endX="7.78712952709593" endY="1.8239371086968" arrowWidth="66 inch"/><description>A mandatory association for care and billing purposes from the focal encounter to another encounter for a different patient.</description><annotations><description>A mandatory association for care and billing purposes from the focal encounter to another encounter for a different patient.</description></annotations><notes><Note name="Sheet.14" type="Note" noteType="Note"><graphics shapeId="Sheet.14" connectedShape="Sheet.1" x="5.6871295270959" y="2.7600482198079" width="1.73570885855751" height="0.5" beginX="0.867854429278755" beginY="0.25" endX="1.29718633268542" endY="-0.453625628933332"/><annotations/><notes><text>Update mode conveys whether 
this link is being added or deleted</text></notes></Note></notes><attributes><attribute name="typeCode" rimClassName="ActRelationship" datatype="CS" cardinality="1..1" conformance="R" mandatory="true" strength="CNE" codeSystem="ActRelationshipType" domainCode="PERT" maxLength="0" historyAllowed="false"><annotations/></attribute><attribute name="blockedContextParticipationType" rimClassName="ActRelationship" datatype="CS" cardinality="0..1" conformance="" mandatory="false" strength="CNE" codeSystem="ParticipationType" domainCode="C:ParticipationType" fixed="PART" maxLength="0" historyAllowed="false"><description>Identifies the Patient Encounter participations that are not part of the context conducted to the linked encounter. None of the participations conduct because the two encounter have different subjects (patient).</description><annotations><description>Identifies the Patient Encounter participations that are not part of the context conducted to the linked encounter. None of the participations conduct because the two encounter have different subjects (patient).</description></annotations></attribute></attributes><associations><association name="encounterEvent" beginX="4.57079333390922" beginY="1.8524229669868" endX="4.57079333390922" endY="1.8524229669868" target="EncounterEvent" targetShapeId="Sheet.19" rimTarget="ActRelationship" rimName="source" source="PertinentInformation" cardinality="" required="0" mandatory="0" blocked="-1" businessName=""><annotations/></association><association name="encounter" beginX="7.78712952709593" beginY="1.8239371086968" endX="7.78712952709593" endY="1.8239371086968" target="A_EncounterIdentified" targetShapeId="Sheet.35" rimTarget="ActRelationship" rimName="target" source="PertinentInformation" cardinality="1..1" required="-1" mandatory="-1" blocked="0" businessName=""><annotations/></association></associations></class><class name="EncounterEvent" type="Act" rimName="PatientEncounter"><graphics shapeId="Sheet.19" width="2.50099731748763" height="1.04847475043403" x="3.3202946751654" y="1.9572704420302" flipX="FALSE" flipY="FALSE" autoWidth="1" autoHeight="1"/><description>An interaction between a patient and care provider(s) for the purpose of providing healthcare-related service(s)</description><annotations><description>An interaction between a patient and care provider(s) for the purpose of providing healthcare-related service(s)</description></annotations><notes><Note name="Sheet.34" type="Note" noteType="Note"><graphics shapeId="Sheet.34" connectedShape="Sheet.19" x="1.09629185298481" y="0.494492664252387" width="2.19258370596962" height="0.988985328504775" beginX="1.09629185298481" beginY="0.494492664252387" endX="2.06979601642158" endY="1.8524229669868"/><annotations/><notes><text>The ‘source’ encounter is in some 
way dependent on the ‘target’ encounter.
For example, a new born baby’s encounter
is linked to the mother’ encounter, or an 
organ donor’ encounter is linked to the 
‘organ recipient’</text></notes></Note></notes><attributes><attribute name="classCode" rimClassName="Act" datatype="CS" cardinality="1..1" conformance="R" mandatory="true" strength="CNE" codeSystem="ActClass" domainCode="C:ActClass" fixed="ENC" maxLength="0" historyAllowed="false"><description>Structural attribute; this  is a "patient encounter" act</description><annotations><description>Structural attribute; this  is a "patient encounter" act</description></annotations></attribute><attribute name="moodCode" rimClassName="Act" datatype="CS" cardinality="1..1" conformance="R" mandatory="true" strength="CNE" codeSystem="ActMood" domainCode="C:ActMood" fixed="EVN" maxLength="0" historyAllowed="false"><description>Structural attribute; this is a patient encounter event</description><annotations><description>Structural attribute; this is a patient encounter event</description></annotations></attribute><attribute name="id" rimClassName="Act" datatype="DSET&lt;II&gt;" cardinality="1..*" conformance="R" mandatory="false" maxLength="0" historyAllowed="false"><description>One or more unique identifiers for this encounter (for example, an "internal" id used only by computer systems and an "external" id for display to users)</description><annotations><description>One or more unique identifiers for this encounter (for example, an "internal" id used only by computer systems and an "external" id for display to users)</description></annotations></attribute><attribute name="code" rimClassName="Act" datatype="CD" cardinality="1..1" conformance="R" mandatory="false" strength="CWE" conceptDomain="ActEncounterType" maxLength="0" historyAllowed="false"><description>A value further specifying the type of patient encounter drawn from the ActEncounterCode domain</description><annotations><description>A value further specifying the type of patient encounter drawn from the ActEncounterCode domain</description></annotations></attribute><attribute name="statusCode" rimClassName="Act" datatype="CS" cardinality="0..1" conformance="" mandatory="false" strength="CNE" valueSet="ActStatusNormal" maxLength="0" historyAllowed="false"><description>A value specifying the state of this patient encounter (based on the RIM Act class state machine), for example, active, aborted, completed</description><annotations><description>A value specifying the state of this patient encounter (based on the RIM Act class state machine), for example, active, aborted, completed</description></annotations></attribute><attribute name="effectiveTime" rimClassName="Act" datatype="IVL&lt;TS&gt;" cardinality="0..1" conformance="" mandatory="false" maxLength="0" historyAllowed="false"><description>The time interval starting with the administrative onset of the encounter (e.g. admission, registration, patient arrival) and ending with the patient's departure (e.g. discharge). Note: for active encounters the end of the effectiveTime range is the anticipated end date-time.</description><annotations><description>The time interval starting with the administrative onset of the encounter (e.g. admission, registration, patient arrival) and ending with the patient's departure (e.g. discharge). Note: for active encounters the end of the effectiveTime range is the anticipated end date-time.</description></annotations></attribute></attributes><associations><association name="pertinentInformation" beginX="4.57079333390922" beginY="1.8524229669868" endX="4.57079333390922" endY="1.8524229669868" target="PertinentInformation" targetShapeId="Sheet.1" rimTarget="Act" rimName="outboundRelationship" source="EncounterEvent" cardinality="1..1" required="-1" mandatory="-1" blocked="0" businessName=""><annotations/></association><association name="subject" beginX="3.07019494341664" beginY="1.43303306681319" endX="3.07019494341664" endY="1.43303306681319" target="Subject" targetShapeId="Sheet.23" rimTarget="Act" rimName="participation" source="EncounterEvent" cardinality="1..1" required="-1" mandatory="-1" blocked="0" businessName=""><annotations/></association></associations></class><class name="Subject" type="Participation" rimName="Participation"><graphics shapeId="Sheet.23" width="0.700738896348782" height="0.994130862409506" x="3.13812268447502" y="1.0826636186388" beginX="3.07019494341664" beginY="1.43303306681319" endX="3.2060504255334" endY="0.732294170464404" arrowWidth="66 inch"/><description>Required association to the patient who is the subject of the encounter</description><annotations><description>Required association to the patient who is the subject of the encounter</description></annotations><attributes><attribute name="typeCode" rimClassName="Participation" datatype="CS" cardinality="1..1" conformance="R" mandatory="true" strength="CNE" codeSystem="ParticipationType" domainCode="C:ParticipationType" fixed="SBJ" maxLength="0" historyAllowed="false"><annotations/></attribute></attributes><associations><association name="encounterEvent" beginX="3.07019494341664" beginY="1.43303306681319" endX="3.07019494341664" endY="1.43303306681319" target="EncounterEvent" targetShapeId="Sheet.19" rimTarget="Participation" rimName="act" source="Subject" cardinality="" required="0" mandatory="0" blocked="-1" businessName=""><annotations/></association><association name="patient" beginX="3.2060504255334" beginY="0.732294170464404" endX="3.2060504255334" endY="0.732294170464404" target="R_PatientIdentified" targetShapeId="Sheet.52" rimTarget="Participation" rimName="role" source="Subject" cardinality="1..1" required="-1" mandatory="-1" blocked="0" businessName=""><annotations/></association></associations></class><class name="R_PatientIdentified" cmetId="COCT_MT050001UV" cmetType="Role(Performed only)" attLevel="identified" domain="RoleClass" mnemonic="PAT" type="CMET" rimName="Patient" id="COCT_MT050001UV"><graphics shapeId="Sheet.52" width="1.16131675175955" height="0.627825234646268" x="3.2060504255334" y="0.41838155314127" flipX="FALSE" flipY="FALSE" autoWidth="1" autoHeight="1"/><annotations/><associations><association name="subjectOf" beginX="3.2060504255334" beginY="0.732294170464404" endX="3.2060504255334" endY="0.732294170464404" target="Subject" targetShapeId="Sheet.23" rimTarget="Role" rimName="participation" source="R_PatientIdentified" cardinality="" required="0" mandatory="0" blocked="-1" businessName=""><annotations/></association></associations></class><entryPoint entryClass="EncounterEvent" name="Linked Encounters" type="EntryPoint" id="PRPA_RM400008UV"><graphics shapeId="Sheet.7" connectedShape="Sheet.19" width="2.19843757085135" height="1.30014593098958" beginX="3.2257986899223" beginY="3.2044926642524" endX="3.3202946751654" endY="2.48150781724721"/><annotations/><notes><text>This R-MIM defines the message used to report that patient encounters for two different patients are linked (or unlinked) for care and billing purposes. Property-contextConductionStyle: V </text></notes></entryPoint><class name="A_EncounterIdentified" cmetId="COCT_MT010001UV" cmetType="Act" attLevel="identified" domain="ActClass" mnemonic="ENC" type="CMET" rimName="PatientEncounter" id="COCT_MT010001UV"><graphics shapeId="Sheet.35" width="1.16131675175955" height="0.627825234646268" x="8.3677879029757" y="1.8239371086968" flipX="FALSE" flipY="FALSE" autoWidth="1" autoHeight="1"/><annotations/><associations><association name="pertainsTo" beginX="7.78712952709593" beginY="1.8239371086968" endX="7.78712952709593" endY="1.8239371086968" target="PertinentInformation" targetShapeId="Sheet.1" rimTarget="Act" rimName="inboundRelationship" source="A_EncounterIdentified" cardinality="" required="0" mandatory="0" blocked="-1" businessName=""><annotations/></association></associations></class></page></pages></hl7model>
