<?xml version="1.0"?>
<hl7model rendered="6/27/2012 11:07:51 AM" datatypesRelease="R2"><pages><page name="Pg-1" width="7.45950226436979" height="8.13792523464627"><class name="A_SpatialCoordinateUniversal" cmetId="COCT_MT960000UV" cmetType="Act" attLevel="universal" domain="ActClass" mnemonic="OBS" type="CMET" rimName="Observation" id="COCT_MT960000UV"><graphics shapeId="Sheet.836" width="1.29653632573416" height="0.627825234646268" x="5.0832493950737" y="0.386134839545364" flipX="FALSE" flipY="FALSE" autoWidth="1" autoHeight="1"/><annotations/><associations><association name="subject" beginX="4.82394212992686" beginY="0.700047456868498" endX="4.82394212992686" endY="0.700047456868498" target="Subject" targetShapeId="Sheet.45" rimTarget="Act" rimName="participation" source="A_SpatialCoordinateUniversal" cardinality="" required="0" mandatory="0" blocked="-1" businessName=""><annotations/></association></associations></class><class name="Subject" type="Participation" rimName="Participation"><graphics shapeId="Sheet.45" width="0.84840038519967" height="1.08988739317122" x="5.03097860787475" y="1.12424764946833" beginX="4.82394212992686" beginY="0.700047456868498" endX="5.23801508582264" endY="1.54844784206817" arrowWidth="66 inch"/><annotations/><attributes><attribute name="typeCode" rimClassName="Participation" datatype="CS" cardinality="1..1" conformance="R" mandatory="true" strength="CNE" codeSystem="ParticipationType" domainCode="SBJ" maxLength="0" historyAllowed="false"><annotations/></attribute></attributes><associations><association name="spatialCoordinate" beginX="4.82394212992686" beginY="0.700047456868498" endX="4.82394212992686" endY="0.700047456868498" target="A_SpatialCoordinateUniversal" targetShapeId="Sheet.836" rimTarget="Participation" rimName="act" source="Subject" cardinality="1..1" required="0" mandatory="0" blocked="0" businessName=""><annotations/></association><association name="birthPlace" beginX="5.23801508582264" beginY="1.54844784206817" endX="5.23801508582264" endY="1.54844784206817" target="BirthPlace" targetShapeId="Sheet.1" rimTarget="Participation" rimName="role" source="Subject" cardinality="" required="0" mandatory="0" blocked="-1" businessName=""><annotations/></association></associations></class><class name="BirthPlace" type="Role" rimName="RoleHeir"><graphics shapeId="Sheet.1" width="1.37715401846962" height="0.514818439398872" x="4.68715347843479" y="1.8058570617676" flipX="FALSE" flipY="FALSE" autoWidth="1" autoHeight="1"/><description>The birthplace of the focal living subject</description><annotations><description>The birthplace of the focal living subject</description></annotations><notes><Note name="Sheet.35" type="Note" noteType="Note"><graphics shapeId="Sheet.35" connectedShape="Sheet.1" x="6.49356840499039" y="1.7500237284342" width="1.21028771597938" height="0.5" beginX="0.605143857989692" beginY="0.25" endX="-0.5126940593311" endY="0.357315177273287"/><annotations/><notes><text>Address Use = PHYS
(physical visit address)</text></notes></Note><Note name="Sheet.40" type="Note" noteType="Note"><graphics shapeId="Sheet.40" connectedShape="Sheet.1" x="5.43455798932369" y="2.8239126173231" width="1.59351220328407" height="0.5" beginX="0.796756101642036" beginY="0.25" endX="-0.088363811093827" endY="-0.510646335856064"/><annotations/><notes><text>Either Birthplace.addr or
E_Place.name must be valued</text></notes></Note><text>
</text></notes><attributes><attribute name="classCode" rimClassName="Role" datatype="CS" cardinality="1..1" conformance="R" mandatory="true" strength="CNE" codeSystem="RoleClass" domainCode="BIRTHPL" maxLength="0" historyAllowed="false"><description>Structural attribute; this is a "birthplace" role</description><annotations><description>Structural attribute; this is a "birthplace" role</description></annotations></attribute><attribute name="addr" rimClassName="Role" datatype="AD" cardinality="0..1" conformance="" mandatory="false" maxLength="0" historyAllowed="false"><description>A living subject's birth place represented as an address. This must be a physical address not a mailing address such as a post office box number.  The address may be at any level of detail from just a country to a complete street address.  Note: Either BirthPlace.addr or an associated Place.name must be valued</description><annotations><description>A living subject's birth place represented as an address. This must be a physical address not a mailing address such as a post office box number.  The address may be at any level of detail from just a country to a complete street address.  Note: Either BirthPlace.addr or an associated Place.name must be valued</description></annotations></attribute></attributes><associations><association name="birthplace" beginX="4.13629187104695" beginY="1.59992968600806" endX="3.46938541052745" endY="0.637825234646268" target="E_PlaceInformational" targetShapeId="Sheet.824" rimTarget="Role" rimName="player" source="BirthPlace" cardinality="0..1" required="0" mandatory="0" blocked="0" businessName=""><annotations/></association><association name="birthplaceForEntityChoiceSubject" beginX="4.13629187104695" beginY="2.01178443752715" endX="2.98580090574792" endY="3.4389574347602" target="EntityChoiceSubject" targetShapeId="Sheet.58" rimTarget="Role" rimName="scoper" source="BirthPlace" cardinality="" required="0" mandatory="0" blocked="-1" businessName=""><annotations/></association><association name="subjectOf" beginX="5.23801508582264" beginY="1.54844784206817" endX="5.23801508582264" endY="1.54844784206817" target="Subject" targetShapeId="Sheet.45" rimTarget="Role" rimName="participation" source="BirthPlace" cardinality="0..1" required="0" mandatory="0" blocked="0" businessName=""><annotations/></association></associations></class><class name="E_PlaceInformational" cmetId="COCT_MT710007UV" cmetType="Entity" attLevel="informational" domain="EntityClass" mnemonic="PLC" type="CMET" rimName="Place" id="COCT_MT710007UV"><graphics shapeId="Sheet.824" width="1.16131675175955" height="0.627825234646268" x="3.35325373535149" y="0.323912617323134" flipX="FALSE" flipY="FALSE" autoWidth="1" autoHeight="1"/><annotations/><associations><association name="asBirthPlace" endX="4.13629187104695" endY="1.59992968600806" beginX="3.46938541052745" beginY="0.637825234646268" target="BirthPlace" targetShapeId="Sheet.1" rimTarget="Entity" rimName="playedRole" source="E_PlaceInformational" cardinality="" required="0" mandatory="0" blocked="-1" businessName=""><annotations/></association></associations></class><class name="EntityChoiceSubject" type="Choice" rimName="Entity"><graphics shapeId="Sheet.58" width="7.43950226436979" height="1.55713258734809" x="3.72975113218489" y="4.21752372843424" flipX="GUARD(FALSE)" flipY="GUARD(FALSE)" vertical="0" autoWidth="1" autoHeight="1"/><annotations/><children><childClass name="Person" shapeId="Sheet.27"/><childClass name="NonPersonLivingSubject" shapeId="Sheet.31"/></children><associations><association name="birthPlace" endX="4.13629187104695" endY="2.01178443752715" beginX="2.98580090574792" beginY="3.4389574347602" target="BirthPlace" targetShapeId="Sheet.1" rimTarget="Entity" rimName="scopedRole" source="EntityChoiceSubject" cardinality="0..1" required="0" mandatory="0" blocked="0" businessName=""><annotations/></association><association name="asPatient" endX="4.43756006673281" endY="5.89742988945854" beginX="5.21765158505885" beginY="4.99609002210829" target="Patient" targetShapeId="Sheet.17" rimTarget="Entity" rimName="playedRole" source="EntityChoiceSubject" cardinality="" required="0" mandatory="0" blocked="-1" businessName=""><annotations/></association></associations></class><class name="Person" type="Entity" rimName="Person"><graphics shapeId="Sheet.27" width="3.5322511321849" height="1.048149738227" x="1.90112556609245" y="4.14252372843424" flipX="FALSE" flipY="FALSE" autoWidth="1" autoHeight="1"/><description>A subtype of LivingSubject representing a human being</description><annotations><description>A subtype of LivingSubject representing a human being</description></annotations><attributes><attribute name="classCode" rimClassName="Entity" datatype="CS" cardinality="1..1" conformance="R" mandatory="true" strength="CNE" codeSystem="EntityClass" domainCode="C:EntityClass" fixed="PSN" maxLength="0" historyAllowed="false"><description>Structural attribute; this is a "person" entity</description><annotations><description>Structural attribute; this is a "person" entity</description></annotations></attribute><attribute name="determinerCode" rimClassName="Entity" datatype="CS" cardinality="1..1" conformance="R" mandatory="true" strength="CNE" codeSystem="EntityDeterminer" domainCode="C:EntityDeterminer" fixed="INSTANCE" maxLength="0" historyAllowed="false"><description>Structural attribute; this is a specific person</description><annotations><description>Structural attribute; this is a specific person</description></annotations></attribute><attribute name="id" rimClassName="Entity" datatype="DSET&lt;II&gt;" cardinality="0..*" conformance="" mandatory="false" maxLength="0" historyAllowed="false"><description>Identifier(s) for this person.  Note that these identifiers can only be used for matching purposes since no scoping organization or status information is included.</description><annotations><description>Identifier(s) for this person.  Note that these identifiers can only be used for matching purposes since no scoping organization or status information is included.</description></annotations></attribute><attribute name="name" rimClassName="Entity" datatype="COLL&lt;PN&gt;" cardinality="1..*" conformance="R" mandatory="false" maxLength="0" historyAllowed="false"><description>Name(s) for this person. The name is required, meaning that it must be valued or contain an appropriate null flavor such as "temporarily unavailable" or "masked."</description><annotations><description>Name(s) for this person. The name is required, meaning that it must be valued or contain an appropriate null flavor such as "temporarily unavailable" or "masked."</description></annotations></attribute><attribute name="administrativeGenderCode" rimClassName="LivingSubject" datatype="CD" cardinality="0..1" conformance="" mandatory="false" strength="CWE" conceptDomain="AdministrativeGender" maxLength="0" historyAllowed="false"><description>A value representing the gender (sex) of this person. Note: this attribute does not include terms related to clinical gender which is a complex physiological, genetic and sociological concept that requires multiple observations in order to be comprehensively described.</description><annotations><description>A value representing the gender (sex) of this person. Note: this attribute does not include terms related to clinical gender which is a complex physiological, genetic and sociological concept that requires multiple observations in order to be comprehensively described.</description></annotations></attribute><attribute name="birthTime" rimClassName="LivingSubject" datatype="TS" cardinality="0..1" conformance="" mandatory="false" maxLength="0" historyAllowed="false"><description>The date and time this person was born</description><annotations><description>The date and time this person was born</description></annotations></attribute></attributes></class><class name="NonPersonLivingSubject" type="Entity" rimName="NonPersonLivingSubject"><graphics shapeId="Sheet.31" width="3.5322511321849" height="1.18213258734809" x="5.55837669827734" y="4.14252372843424" flipX="FALSE" flipY="FALSE" autoWidth="1" autoHeight="1"/><description>A subtype of LivingSubject representing a non-person living subject (e.g., animal, microorganism, plant)</description><annotations><description>A subtype of LivingSubject representing a non-person living subject (e.g., animal, microorganism, plant)</description></annotations><attributes><attribute name="classCode" rimClassName="Entity" datatype="CS" cardinality="1..1" conformance="R" mandatory="true" strength="CNE" codeSystem="EntityClass" domainCode="NLIV" maxLength="0" historyAllowed="false"><description>Structural attribute; this is a "non-person living subject" entity</description><annotations><description>Structural attribute; this is a "non-person living subject" entity</description></annotations></attribute><attribute name="determinerCode" rimClassName="Entity" datatype="CS" cardinality="1..1" conformance="R" mandatory="true" strength="CNE" codeSystem="EntityDeterminer" domainCode="C:EntityDeterminer" fixed="INSTANCE" maxLength="0" historyAllowed="false"><description>Structural attribute; this is a specific non-person living subject</description><annotations><description>Structural attribute; this is a specific non-person living subject</description></annotations></attribute><attribute name="id" rimClassName="Entity" datatype="DSET&lt;II&gt;" cardinality="0..*" conformance="" mandatory="false" maxLength="0" historyAllowed="false"><description>Identifier(s) for this non-person living subject.  Note that these identifiers can only be used for matching purposes since no scoping organization or status information is included.</description><annotations><description>Identifier(s) for this non-person living subject.  Note that these identifiers can only be used for matching purposes since no scoping organization or status information is included.</description></annotations></attribute><attribute name="code" rimClassName="Entity" datatype="CD" cardinality="0..1" conformance="" mandatory="false" strength="CWE" conceptDomain="NonPersonLivingSubjectEntityType" maxLength="0" historyAllowed="false"><description>A value representing the specific kind of non-person living subject the instance represents, for example animal or plant taxonomy.</description><annotations><description>A value representing the specific kind of non-person living subject the instance represents, for example animal or plant taxonomy.</description></annotations></attribute><attribute name="name" rimClassName="Entity" datatype="DSET&lt;EN&gt;" cardinality="0..*" conformance="" mandatory="false" maxLength="0" historyAllowed="false"><description>The name(s) of this non-person living subject</description><annotations><description>The name(s) of this non-person living subject</description></annotations></attribute><attribute name="administrativeGenderCode" rimClassName="LivingSubject" datatype="CD" cardinality="0..1" conformance="" mandatory="false" strength="CWE" conceptDomain="AdministrativeGender" maxLength="0" historyAllowed="false"><description>A value representing the gender (sex) of this non-person living subject. This attribute does not include terms related to clinical gender which is a complex physiological, genetic and sociological concept that requires multiple observations in order to be comprehensively described.</description><annotations><description>A value representing the gender (sex) of this non-person living subject. This attribute does not include terms related to clinical gender which is a complex physiological, genetic and sociological concept that requires multiple observations in order to be comprehensively described.</description></annotations></attribute><attribute name="birthTime" rimClassName="LivingSubject" datatype="TS" cardinality="0..1" conformance="" mandatory="false" maxLength="0" historyAllowed="false"><description>The date and time this non-person living subject was born</description><annotations><description>The date and time this non-person living subject was born</description></annotations></attribute></attributes></class><class name="Patient" type="Role" rimName="Patient"><graphics shapeId="Sheet.17" width="2.10430694883529" height="0.648151264105903" x="3.59583728719869" y="6.1566903951009" flipX="TRUE" flipY="FALSE" autoWidth="1" autoHeight="1"/><description>The primary record for the focal living subject in a Patient Registry</description><annotations><description>The primary record for the focal living subject in a Patient Registry</description></annotations><attributes><attribute name="classCode" rimClassName="Role" datatype="CS" cardinality="1..1" conformance="R" mandatory="true" strength="CNE" codeSystem="RoleClass" domainCode="PAT" maxLength="0" historyAllowed="false"><description>Structural attribute; this is a "patient" role</description><annotations><description>Structural attribute; this is a "patient" role</description></annotations></attribute><attribute name="id" rimClassName="Role" datatype="DSET&lt;II&gt;" cardinality="1..*" conformance="R" mandatory="true" maxLength="0" historyAllowed="false"><description>Identifiers designated by this patient registry for the focal living subject</description><annotations><description>Identifiers designated by this patient registry for the focal living subject</description></annotations></attribute><attribute name="statusCode" rimClassName="Role" datatype="CS" cardinality="1..1" conformance="R" mandatory="true" strength="CNE" codeSystem="RoleStatus" domainCode="C:RoleStatus" fixed="nullified" maxLength="0" historyAllowed="false"><description>A value specifying the state of this record in a patient registry (based on the RIM role class state-machine).  Examples include pending, active, suspended, terminated, nullified).</description><annotations><description>A value specifying the state of this record in a patient registry (based on the RIM role class state-machine).  Examples include pending, active, suspended, terminated, nullified).</description></annotations></attribute></attributes><associations><association name="patientEntityChoiceSubject" beginX="4.43756006673281" beginY="5.89742988945854" endX="5.21765158505885" endY="4.99609002210829" target="EntityChoiceSubject" targetShapeId="Sheet.58" rimTarget="Role" rimName="player" source="Patient" cardinality="1..1" required="-1" mandatory="0" blocked="0" businessName=""><annotations/></association><association name="providerOrganization" beginX="4.43756006673281" beginY="6.41595090074326" endX="5.36957804261975" endY="6.90773981228299" target="E_OrganizationContact" targetShapeId="Sheet.7" rimTarget="Role" rimName="scoper" source="Patient" cardinality="0..1" required="-1" mandatory="0" blocked="0" businessName=""><annotations/></association></associations></class><class name="E_OrganizationContact" cmetId="COCT_MT150003UV" cmetType="Entity" attLevel="contact" domain="EntityClass" mnemonic="ORG" type="CMET" rimName="Organization" id="COCT_MT150003UV"><graphics shapeId="Sheet.7" width="1.16131675175955" height="0.627825234646268" x="5.95023641849952" y="7.09608738267687" flipX="FALSE" flipY="FALSE" autoWidth="1" autoHeight="1"/><annotations/><associations><association name="patient" endX="4.43756006673281" endY="6.41595090074326" beginX="5.36957804261975" beginY="6.90773981228299" target="Patient" targetShapeId="Sheet.17" rimTarget="Entity" rimName="scopedRole" source="E_OrganizationContact" cardinality="" required="0" mandatory="0" blocked="-1" businessName=""><annotations/></association></associations></class><entryPoint entryClass="Patient" name="Patient Nullify" type="EntryPoint" id="PRPA_RM201305UV"><graphics shapeId="Sheet.51" connectedShape="Sheet.17" width="2.12448584965994" height="0.90014745686849" beginX="3.3308947943793" beginY="7.21" endX="3.38540659231517" endY="6.48076602715385"/><annotations/><notes><text>The information model a nullified record in a patient registry Property-contextConductionStyle: I </text></notes></entryPoint></page></pages></hl7model>
