<?xml version="1.0"?>
<hl7model rendered="7/1/2012 10:48:47 AM" datatypesRelease="R2"><pages><page name="Pg-1" width="8.5" height="11"><class name="Location4" type="Participation" rimName="Participation"><graphics shapeId="Sheet.1" width="2.21810795848438" height="0.302827269151476" x="5.42323888117904" y="7.47905792839898" beginX="4.31418490193685" beginY="7.50944444444444" endX="6.53229286042123" endY="7.44867141235351" arrowWidth="66 in."/><description>Links a position observation to a specific location</description><annotations><description>Links a position observation to a specific location</description></annotations><attributes><attribute name="typeCode" rimClassName="Participation" datatype="CS" cardinality="1..1" conformance="R" mandatory="true" strength="CNE" codeSystem="ParticipationType" domainCode="C:ParticipationType" fixed="LOC" maxLength="0" historyAllowed="false"><annotations/></attribute></attributes><associations><association name="positionObservationEvent" beginX="4.31418490193685" beginY="7.50944444444444" endX="4.31418490193685" endY="7.50944444444444" target="PositionObservationEvent" targetShapeId="Sheet.57" rimTarget="Participation" rimName="act" source="Location4" cardinality="" required="0" mandatory="0" blocked="-1" businessName=""><annotations/></association><association name="serviceDeliveryLocation" beginX="6.53229286042123" beginY="7.44867141235351" endX="6.53229286042123" endY="7.44867141235351" target="ServiceDeliveryLocation" targetShapeId="Sheet.7" rimTarget="Participation" rimName="role" source="Location4" cardinality="1..1" required="-1" mandatory="-1" blocked="0" businessName=""><annotations/></association></associations></class><class name="PositionObservationEvent" type="Act" rimName="Observation"><graphics shapeId="Sheet.57" width="3.18654037779037" height="1.18180757514106" x="2.72091471304167" y="7.50944444444444" flipX="FALSE" flipY="FALSE" autoWidth="1" autoHeight="1"/><description>The act of observing a tracking tag at a location</description><annotations><description>The act of observing a tracking tag at a location</description></annotations><attributes><attribute name="classCode" rimClassName="Act" datatype="CS" cardinality="1..1" conformance="R" mandatory="true" strength="CNE" codeSystem="ActClass" domainCode="C:ActClass" fixed="POS" maxLength="0" historyAllowed="false"><annotations/></attribute><attribute name="moodCode" rimClassName="Act" datatype="CS" cardinality="1..1" conformance="R" mandatory="true" strength="CNE" codeSystem="ActMood" domainCode="C:ActMood" fixed="EVN" maxLength="0" historyAllowed="false"><annotations/></attribute><attribute name="id" rimClassName="Act" datatype="DSET&lt;II&gt;" cardinality="0..*" conformance="" mandatory="false" maxLength="0" historyAllowed="false"><description>Identifiers for this position observation event</description><annotations><description>Identifiers for this position observation event</description></annotations></attribute><attribute name="statusCode" rimClassName="Act" datatype="CS" cardinality="1..1" conformance="R" mandatory="false" strength="CNE" codeSystem="C:ActStatus" default="completed" maxLength="0" historyAllowed="false"><description>A values specifying the state of this position observation event; it is assumed that only "completed" observations would be reported</description><annotations><description>A values specifying the state of this position observation event; it is assumed that only "completed" observations would be reported</description></annotations></attribute><attribute name="effectiveTime" rimClassName="Act" datatype="TS" cardinality="1..1" conformance="R" mandatory="false" maxLength="0" historyAllowed="false"><description>The time the position observation occurred</description><annotations><description>The time the position observation occurred</description></annotations></attribute><attribute name="priorityCode" rimClassName="Act" datatype="DSET&lt;CD&gt;" cardinality="0..*" conformance="" mandatory="false" strength="CWE" conceptDomain="ActPriority" maxLength="0" historyAllowed="false"><description>A value representing the urgency for reporting this position observation. Most position observations would be reported with "routine" urgency</description><annotations><description>A value representing the urgency for reporting this position observation. Most position observations would be reported with "routine" urgency</description></annotations></attribute><attribute name="confidentialityCode" rimClassName="Act" datatype="DSET&lt;CD&gt;" cardinality="0..*" conformance="" mandatory="false" strength="CWE" conceptDomain="Confidentiality" maxLength="0" historyAllowed="false"><description>Value(s) that control the disclosure of the position observation. For example, the current position of a VIP patient could be restricted.</description><annotations><description>Value(s) that control the disclosure of the position observation. For example, the current position of a VIP patient could be restricted.</description></annotations></attribute></attributes><associations><association name="location" beginX="4.31418490193685" beginY="7.50944444444444" endX="4.31418490193685" endY="7.50944444444444" target="Location4" targetShapeId="Sheet.1" rimTarget="Act" rimName="participation" source="PositionObservationEvent" cardinality="1..1" required="-1" mandatory="-1" blocked="0" businessName=""><annotations/></association><association name="subject" beginX="3.35822278859974" beginY="6.91854065687391" endX="3.35822278859974" endY="6.91854065687391" target="Subject6" targetShapeId="Sheet.17" rimTarget="Act" rimName="participation" source="PositionObservationEvent" cardinality="1..1" required="-1" mandatory="-1" blocked="0" businessName=""><annotations/></association></associations></class><class name="Subject6" type="Participation" rimName="Participation"><graphics shapeId="Sheet.17" width="1.28643283216688" height="0.994130862409506" x="3.30974049703121" y="6.27532424079047" beginX="3.35822278859974" beginY="6.91854065687391" endX="3.26125820546268" endY="5.63210782470703" arrowWidth="66 in."/><description>Links to the tracking tag whose location is being observed</description><annotations><description>Links to the tracking tag whose location is being observed</description></annotations><attributes><attribute name="typeCode" rimClassName="Participation" datatype="CS" cardinality="1..1" conformance="R" mandatory="true" strength="CNE" codeSystem="ParticipationType" domainCode="C:ParticipationType" fixed="SBJ" maxLength="0" historyAllowed="false"><annotations/></attribute></attributes><associations><association name="positionObservationEvent" beginX="3.35822278859974" beginY="6.91854065687391" endX="3.35822278859974" endY="6.91854065687391" target="PositionObservationEvent" targetShapeId="Sheet.57" rimTarget="Participation" rimName="act" source="Subject6" cardinality="" required="0" mandatory="0" blocked="-1" businessName=""><annotations/></association><association name="idTag" beginX="3.26125820546268" beginY="5.63210782470703" endX="3.26125820546268" endY="5.63210782470703" target="IdTag" targetShapeId="Sheet.91" rimTarget="Participation" rimName="role" source="Subject6" cardinality="1..1" required="-1" mandatory="-1" blocked="0" businessName=""><annotations/></association></associations></class><class name="IdTag" type="Role" rimName="RoleHeir"><graphics shapeId="Sheet.91" width="1.25" height="0.514493427191841" x="3.26125820546268" y="5.37486111111111" flipX="TRUE" flipY="TRUE" autoWidth="1" autoHeight="1"/><description>A real time location tracking tag assigned to a particular patient, provider or device</description><annotations><description>A real time location tracking tag assigned to a particular patient, provider or device</description></annotations><attributes><attribute name="classCode" rimClassName="Role" datatype="CS" cardinality="1..1" conformance="R" mandatory="true" strength="CNE" codeSystem="RoleClass" domainCode="C:RoleClass" fixed="HLD" maxLength="0" historyAllowed="false"><annotations/></attribute><attribute name="id" rimClassName="Role" datatype="DSET&lt;II&gt;" cardinality="1..*" conformance="R" mandatory="true" maxLength="0" historyAllowed="false"><description>The unique identifier for this tracking tag assigned to a patient, provider or device</description><annotations><description>The unique identifier for this tracking tag assigned to a patient, provider or device</description></annotations></attribute></attributes><associations><association name="heldManufacturedMaterial" beginX="3.76125820546268" beginY="5.58065848198785" endX="5.48834118959245" endY="4.80944444444444" target="ManufacturedMaterial" targetShapeId="Sheet.101" rimTarget="Role" rimName="player" source="IdTag" cardinality="0..1" required="-1" mandatory="0" blocked="0" businessName=""><annotations/></association><association name="holdingChoice" beginX="3.76125820546268" beginY="5.16906374023438" endX="2.80673285550278" endY="4.24055555555556" target="Choice" targetShapeId="Sheet.42" rimTarget="Role" rimName="scoper" source="IdTag" cardinality="0..1" required="-1" mandatory="0" blocked="0" businessName=""><annotations/></association><association name="subjectOf" beginX="3.26125820546268" beginY="5.63210782470703" endX="3.26125820546268" endY="5.63210782470703" target="Subject6" targetShapeId="Sheet.17" rimTarget="Role" rimName="participation" source="IdTag" cardinality="" required="0" mandatory="0" blocked="-1" businessName=""><annotations/></association></associations></class><class name="ManufacturedMaterial" type="Entity" rimName="ManufacturedMaterial"><graphics shapeId="Sheet.101" width="2.98266006773177" height="0.781809101019965" x="6.97967122345833" y="4.80944444444444" flipX="FALSE" flipY="FALSE" autoWidth="1" autoHeight="1"/><description>A physical tracking tag</description><annotations><description>A physical tracking tag</description></annotations><attributes><attribute name="classCode" rimClassName="Entity" datatype="CS" cardinality="1..1" conformance="R" mandatory="true" strength="CNE" codeSystem="EntityClass" domainCode="MMAT" maxLength="0" historyAllowed="false"><annotations/></attribute><attribute name="determinerCode" rimClassName="Entity" datatype="CS" cardinality="1..1" conformance="R" mandatory="true" strength="CNE" codeSystem="EntityDeterminer" domainCode="C:EntityDeterminer" fixed="INSTANCE" maxLength="0" historyAllowed="false"><annotations/></attribute><attribute name="id" rimClassName="Entity" datatype="DSET&lt;II&gt;" cardinality="1..*" conformance="R" mandatory="false" maxLength="0" historyAllowed="false"><description>The serial number of the physical tracking tag</description><annotations><description>The serial number of the physical tracking tag</description></annotations></attribute><attribute name="code" rimClassName="Entity" datatype="CD" cardinality="0..1" conformance="" mandatory="false" strength="CWE" conceptDomain="ManufacturedMaterialEntityType" maxLength="0" historyAllowed="false"><description>A code identifying the type of device</description><annotations><description>A code identifying the type of device</description></annotations></attribute></attributes><associations><association name="asIdTag" endX="3.76125820546268" endY="5.58065848198785" beginX="5.48834118959245" beginY="4.80944444444444" target="IdTag" targetShapeId="Sheet.91" rimTarget="Entity" rimName="playedRole" source="ManufacturedMaterial" cardinality="" required="0" mandatory="0" blocked="-1" businessName=""><annotations/></association></associations></class><class name="Choice" type="Choice" rimName="Entity"><graphics shapeId="Sheet.42" width="2.27680121627778" height="3.28111111111111" x="2.579052733875" y="2.6" flipX="GUARD(FALSE)" flipY="GUARD(FALSE)" vertical="1" autoWidth="1" autoHeight="1"/><annotations/><children><childClass name="LivingSubjectChoice" shapeId="Sheet.72"/><childClass name="Device" shapeId="Sheet.38"/></children><associations><association name="idTag" endX="3.76125820546268" endY="5.16906374023438" beginX="2.80673285550278" beginY="4.24055555555556" target="IdTag" targetShapeId="Sheet.91" rimTarget="Entity" rimName="scopedRole" source="Choice" cardinality="" required="0" mandatory="0" blocked="-1" businessName=""><annotations/></association></associations></class><class name="LivingSubjectChoice" type="Choice" rimName="Entity"><graphics shapeId="Sheet.72" width="2.02680121627778" height="2" x="2.579052733875" y="2.99055555555556" flipX="GUARD(FALSE)" flipY="GUARD(FALSE)" vertical="1" autoWidth="1" autoHeight="1"/><annotations/><children><childClass name="Person" shapeId="Sheet.23"/><childClass name="NonPersonLivingSubject" shapeId="Sheet.68"/></children><associations><association name="asPatient" endX="5.625" endY="1.63698040690104" beginX="3.59245334201389" beginY="1.99055555555555" target="Patient" targetShapeId="Sheet.44" rimTarget="Entity" rimName="playedRole" source="LivingSubjectChoice" cardinality="0..1" required="-1" mandatory="0" blocked="0" businessName=""><annotations/></association></associations></class><class name="Person" type="Entity" rimName="Person"><graphics shapeId="Sheet.23" width="1.69795776670638" height="0.75" x="2.59450924395258" y="3.36555555555556" flipX="FALSE" flipY="FALSE" autoWidth="1" autoHeight="1"/><description>A person associated with a tracking tag based on their role as patient or provider</description><annotations><description>A person associated with a tracking tag based on their role as patient or provider</description></annotations><attributes><attribute name="classCode" rimClassName="Entity" datatype="CS" cardinality="1..1" conformance="R" mandatory="true" strength="CNE" codeSystem="EntityClass" domainCode="C:EntityClass" fixed="PSN" maxLength="0" historyAllowed="false"><annotations/></attribute><attribute name="determinerCode" rimClassName="Entity" datatype="CS" cardinality="1..1" conformance="R" mandatory="true" strength="CNE" codeSystem="EntityDeterminer" domainCode="C:EntityDeterminer" fixed="INSTANCE" maxLength="0" historyAllowed="false"><annotations/></attribute><attribute name="name" rimClassName="Entity" datatype="COLL&lt;PN&gt;" cardinality="0..*" conformance="R" mandatory="false" maxLength="0" historyAllowed="false"><description>The name of the person</description><annotations><description>The name of the person</description></annotations></attribute></attributes><associations><association name="asHealthCareProvider" endX="5.71977709211389" endY="3.65142485134549" beginX="3.44348812730577" beginY="3.36555555555556" target="HealthCareProvider" targetShapeId="Sheet.54" rimTarget="Entity" rimName="playedRole" source="Person" cardinality="0..1" required="-1" mandatory="0" blocked="0" businessName=""><annotations/></association></associations></class><class name="HealthCareProvider" type="Role" rimName="LicensedEntity"><graphics shapeId="Sheet.54" width="1.39099374014931" height="0.514493427191841" x="6.27617458817361" y="3.85722222222222" flipX="FALSE" flipY="FALSE" autoWidth="1" autoHeight="1"/><description>A person authorized to provide health care services by an authorizing agency</description><annotations><description>A person authorized to provide health care services by an authorizing agency</description></annotations><attributes><attribute name="classCode" rimClassName="Role" datatype="CS" cardinality="1..1" conformance="R" mandatory="true" strength="CNE" codeSystem="RoleClass" domainCode="C:RoleClass" fixed="PROV" maxLength="0" historyAllowed="false"><annotations/></attribute><attribute name="id" rimClassName="Role" datatype="DSET&lt;II&gt;" cardinality="1..*" conformance="R" mandatory="false" maxLength="0" historyAllowed="false"><description>Provider identifier assigned by the authorizing agency</description><annotations><description>Provider identifier assigned by the authorizing agency</description></annotations></attribute></attributes><associations><association name="healthCarePerson" beginX="5.71977709211389" beginY="3.65142485134549" endX="3.44348812730577" endY="3.36555555555556" target="Person" targetShapeId="Sheet.23" rimTarget="Role" rimName="player" source="HealthCareProvider" cardinality="" required="0" mandatory="0" blocked="-1" businessName=""><annotations/></association></associations></class><class name="NonPersonLivingSubject" type="Entity" rimName="NonPersonLivingSubject"><graphics shapeId="Sheet.68" width="1.77338959043685" height="0.75" x="2.57905273387501" y="2.49055555555555" flipX="FALSE" flipY="FALSE" autoWidth="1" autoHeight="1"/><description>A non-person living subject associated with a tracking tag based on their role as patient</description><annotations><description>A non-person living subject associated with a tracking tag based on their role as patient</description></annotations><attributes><attribute name="classCode" rimClassName="Entity" datatype="CS" cardinality="1..1" conformance="R" mandatory="true" strength="CNE" codeSystem="EntityClass" domainCode="C:EntityClass" fixed="NLIV" maxLength="0" historyAllowed="false"><annotations/></attribute><attribute name="determinerCode" rimClassName="Entity" datatype="CS" cardinality="1..1" conformance="R" mandatory="true" strength="CNE" codeSystem="EntityDeterminer" domainCode="C:EntityDeterminer" fixed="INSTANCE" maxLength="0" historyAllowed="false"><annotations/></attribute><attribute name="name" rimClassName="Entity" datatype="COLL&lt;EN&gt;" cardinality="0..*" conformance="R" mandatory="false" maxLength="0" historyAllowed="false"><description>The name of the non-person living subject</description><annotations><description>The name of the non-person living subject</description></annotations></attribute></attributes></class><class name="Patient" type="Role" rimName="Patient"><graphics shapeId="Sheet.44" width="1.25" height="0.514493427191841" x="6.125" y="1.84277777777778" flipX="FALSE" flipY="FALSE" autoWidth="1" autoHeight="1"/><description>A role of a living subject as a recipient of health care services</description><annotations><description>A role of a living subject as a recipient of health care services</description></annotations><attributes><attribute name="classCode" rimClassName="Role" datatype="CS" cardinality="1..1" conformance="R" mandatory="true" strength="CNE" codeSystem="RoleClass" domainCode="C:RoleClass" fixed="PAT" maxLength="0" historyAllowed="false"><annotations/></attribute><attribute name="id" rimClassName="Role" datatype="DSET&lt;II&gt;" cardinality="1..*" conformance="R" mandatory="false" maxLength="0" historyAllowed="false"><description>Patient identifier assigned by the health care provider</description><annotations><description>Patient identifier assigned by the health care provider</description></annotations></attribute></attributes><associations><association name="patientLivingSubjectChoice" beginX="5.625" beginY="1.63698040690104" endX="3.59245334201389" endY="1.99055555555555" target="LivingSubjectChoice" targetShapeId="Sheet.72" rimTarget="Role" rimName="player" source="Patient" cardinality="" required="0" mandatory="0" blocked="-1" businessName=""><annotations/></association></associations></class><class name="Device" type="Entity" rimName="Device"><graphics shapeId="Sheet.38" width="1.69795776670638" height="0.781159076605903" x="2.46950924395258" y="1.4749760172526" flipX="FALSE" flipY="FALSE" autoWidth="1" autoHeight="1"/><description>An item of durable equipment associated with a tracking tag</description><annotations><description>An item of durable equipment associated with a tracking tag</description></annotations><attributes><attribute name="classCode" rimClassName="Entity" datatype="CS" cardinality="1..1" conformance="R" mandatory="true" strength="CNE" codeSystem="EntityClass" domainCode="C:EntityClass" fixed="DEV" maxLength="0" historyAllowed="false"><annotations/></attribute><attribute name="determinerCode" rimClassName="Entity" datatype="CS" cardinality="1..1" conformance="R" mandatory="true" strength="CNE" codeSystem="EntityDeterminer" domainCode="C:EntityDeterminer" fixed="INSTANCE" maxLength="0" historyAllowed="false"><annotations/></attribute><attribute name="id" rimClassName="Entity" datatype="DSET&lt;II&gt;" cardinality="0..*" conformance="R" mandatory="false" maxLength="0" historyAllowed="false"><description>Identifier for this item of durable equipment</description><annotations><description>Identifier for this item of durable equipment</description></annotations></attribute><attribute name="name" rimClassName="Entity" datatype="COLL&lt;EN&gt;" cardinality="0..*" conformance="R" mandatory="false" maxLength="0" historyAllowed="false"><description>The name of this item of durable equipment</description><annotations><description>The name of this item of durable equipment</description></annotations></attribute></attributes></class><entryPoint entryClass="PositionObservationEvent" name="Tag Location" type="EntryPoint" id="PRRG_RM801002UV"><graphics shapeId="Sheet.27" connectedShape="Sheet.57" width="2.32230079106619" height="1.30014593098958" beginX="3.26125820546268" beginY="9.49875" endX="2.72091471304167" endY="8.10034823201497"/><annotations/><notes><text>The payload message used when informing systems about the location of a real-time location tracking tag assigned to a patient, provider or device. Property-contextConductionStyle: I </text></notes></entryPoint><class name="ServiceDeliveryLocation" type="Role" rimName="RoleHeir"><graphics shapeId="Sheet.7" width="1.73541427915755" height="0.914491901312934" x="7.4" y="7.35722222222222" flipX="TRUE" flipY="TRUE" autoWidth="1" autoHeight="1"/><description>A location where services are delivered by or on behalf of an organization.</description><annotations><description>A location where services are delivered by or on behalf of an organization.</description></annotations><attributes><attribute name="classCode" rimClassName="Role" datatype="CS" cardinality="1..1" conformance="R" mandatory="true" strength="CNE" codeSystem="RoleClass" domainCode="C:RoleClass" fixed="SDLOC" maxLength="0" historyAllowed="false"><annotations/></attribute><attribute name="id" rimClassName="Role" datatype="DSET&lt;II&gt;" cardinality="0..*" conformance="" mandatory="false" maxLength="0" historyAllowed="false"><description>Identifier(s) for this service delivery location</description><annotations><description>Identifier(s) for this service delivery location</description></annotations></attribute><attribute name="name" rimClassName="Role" datatype="COLL&lt;EN&gt;" cardinality="0..*" conformance="" mandatory="false" maxLength="0" historyAllowed="false"><description>Name of this service delivery location</description><annotations><description>Name of this service delivery location</description></annotations></attribute><attribute name="addr" rimClassName="Role" datatype="COLL&lt;AD&gt;" cardinality="0..*" conformance="" mandatory="false" maxLength="0" historyAllowed="false"><description>Postal address of this service delivery location</description><annotations><description>Postal address of this service delivery location</description></annotations></attribute><attribute name="telecom" rimClassName="Role" datatype="COLL&lt;TEL&gt;" cardinality="0..*" conformance="" mandatory="false" maxLength="0" historyAllowed="false"><description>Telecommunications addresses for this service delivery location</description><annotations><description>Telecommunications addresses for this service delivery location</description></annotations></attribute></attributes><associations><association name="locationOf" beginX="6.53229286042123" beginY="7.44867141235351" endX="6.53229286042123" endY="7.44867141235351" target="Location4" targetShapeId="Sheet.1" rimTarget="Role" rimName="participation" source="ServiceDeliveryLocation" cardinality="" required="0" mandatory="0" blocked="-1" businessName=""><annotations/></association></associations></class></page></pages></hl7model>
