<?xml version="1.0"?>
<hl7model rendered="7/16/2012 8:38:33 AM" datatypesRelease="R2"><pages><page name="Pg-1" width="13" height="10"><entryPoint entryClass="ParameterList" name="Find Care Record Candidate Query" type="EntryPoint" id="QUPC_RM040100UV"><graphics shapeId="Sheet.1" connectedShape="Sheet.8" width="2.44000030821029" height="1.03348028157552" beginX="4.08259141760069" beginY="6.2" endX="4.66740858239931" endY="5.9"/><annotations/><notes><text>Find Care Record Candidate Query request message. Returns a list of summarized care records. Property-contextConductionStyle: I </text></notes></entryPoint><class name="ParameterList" type="OtherClass" rimName="ParameterList"><graphics shapeId="Sheet.8" width="1.25" height="0.75" x="5.29240858239931" y="5.9" flipX="FALSE" flipY="FALSE" autoWidth="1" autoHeight="1"/><annotations/><associations><association name="careProvisionCode" beginX="5.91740858239931" beginY="5.525" endX="8" endY="4.24861111111111" target="CareProvisionCode" targetShapeId="Sheet.44" rimTarget="ParameterList" rimName="parameter" shapeId="Sheet.48" source="ParameterList" cardinality="0..1" required="-1" mandatory="0" blocked="0" businessName=""><traversal x="0" y="-0.127638888888889"/><traversal x="0" y="-1.27638888888889"/><annotations/></association><association name="careRecordTimePeriod" beginX="5.91740858239931" beginY="5.7125" endX="8" endY="5.01111111111111" target="CareRecordTimePeriod" targetShapeId="Sheet.138" rimTarget="ParameterList" rimName="parameter" shapeId="Sheet.54" source="ParameterList" cardinality="0..1" required="-1" mandatory="0" blocked="0" businessName=""><traversal x="0.482591418800346" y="0"/><traversal x="0.482591418800346" y="-0.350694444444445"/><traversal x="0.482591418800346" y="-0.701388888888889"/><annotations/></association><association name="patientBirthTime" beginX="5.91740858239931" beginY="6.0875" endX="7.99117838491667" endY="6.1625" target="PatientBirthTime" targetShapeId="Sheet.158" rimTarget="ParameterList" rimName="parameter" shapeId="Sheet.143" source="ParameterList" cardinality="0..1" required="-1" mandatory="0" blocked="0" businessName=""><traversal x="1.03688490125868" y="0"/><traversal x="1.03688490125868" y="3.74999999999996E-02"/><traversal x="1.03688490125868" y="7.49999999999993E-02"/><annotations/></association><association name="patientAdministrativeGender" beginX="5.91740858239931" beginY="6.275" endX="8" endY="6.975" target="PatientAdministrativeGender" targetShapeId="Sheet.153" rimTarget="ParameterList" rimName="parameter" shapeId="Sheet.78" source="ParameterList" cardinality="0..1" required="-1" mandatory="0" blocked="0" businessName=""><traversal x="1.04129570880035" y="0"/><traversal x="1.04129570880035" y="0.35"/><traversal x="1.04129570880035" y="0.699999999999999"/><annotations/></association><association name="numberOfHistoryRecords" beginX="5.29240858239931" beginY="5.525" endX="8" endY="2.16111111111111" target="MaxCandidates" targetShapeId="Sheet.133" rimTarget="ParameterList" rimName="parameter" shapeId="Sheet.123" source="ParameterList" cardinality="0..1" required="-1" mandatory="0" blocked="0" businessName=""><traversal x="0" y="-0.336388888888889"/><traversal x="0" y="-3.36388888888889"/><annotations/></association><association name="careProvisionReason" beginX="5.60490858239931" beginY="5.525" endX="8" endY="3.3223283481174" target="CareProvisionReason" targetShapeId="Sheet.68" rimTarget="ParameterList" rimName="parameter" shapeId="Sheet.72" source="ParameterList" cardinality="0..*" required="-1" mandatory="0" blocked="0" businessName=""><traversal x="0" y="-0.22026716518826"/><traversal x="0" y="-2.2026716518826"/><annotations/></association><association name="patientId" beginX="5.29240858239931" beginY="6.275" endX="8" endY="8.975" target="PatientId" targetShapeId="Sheet.93" rimTarget="ParameterList" rimName="parameter" shapeId="Sheet.98" source="ParameterList" cardinality="1..1" required="-1" mandatory="-1" blocked="0" businessName=""><traversal x="0" y="0.27"/><traversal x="0" y="2.7"/><annotations/></association><association name="patientName" beginX="5.60490858239931" beginY="6.275" endX="8" endY="7.975" target="PatientName" targetShapeId="Sheet.12" rimTarget="ParameterList" rimName="parameter" shapeId="Sheet.16" source="ParameterList" cardinality="0..1" required="-1" mandatory="0" blocked="0" businessName=""><traversal x="0" y="0.17"/><traversal x="0" y="1.7"/><annotations/></association></associations></class><class name="CareProvisionCode" type="OtherClass" rimName="ParameterItem"><graphics shapeId="Sheet.44" width="2.4" height="0.75" x="9.2" y="4.06111111111111" flipX="FALSE" flipY="FALSE" autoWidth="0" autoHeight="1"/><annotations/><attributes><attribute name="value" rimClassName="ParameterItem" datatype="CD" cardinality="1..1" conformance="R" mandatory="false" strength="CWE" conceptDomain="ActEncounterCode" maxLength="0" historyAllowed="false" businessName="Care record code"><annotations/></attribute></attributes><associations><association name="parameterList" beginX="8" beginY="4.24861111111111" endX="5.91740858239931" endY="5.525" target="ParameterList" targetShapeId="Sheet.8" rimTarget="Parameter" rimName="parameterList" shapeId="Sheet.48" source="CareProvisionCode" cardinality="" required="0" mandatory="0" blocked="-1" businessName=""><traversal x="0" y="-0.127638888888889"/><traversal x="0" y="-1.27638888888889"/><annotations/></association></associations></class><class name="CareRecordTimePeriod" type="OtherClass" rimName="ParameterItem"><graphics shapeId="Sheet.138" width="2.4" height="0.75" x="9.2" y="5.01111111111111" flipX="FALSE" flipY="FALSE" autoWidth="0" autoHeight="1"/><annotations/><attributes><attribute name="value" rimClassName="ParameterItem" datatype="IVL&lt;TS&gt;" cardinality="1..1" conformance="R" mandatory="false" maxLength="0" historyAllowed="false" businessName="Date range of care record contributions"><annotations/></attribute></attributes><associations><association name="parameterList" beginX="8" beginY="5.01111111111111" endX="5.91740858239931" endY="5.7125" target="ParameterList" targetShapeId="Sheet.8" rimTarget="Parameter" rimName="parameterList" shapeId="Sheet.54" source="CareRecordTimePeriod" cardinality="" required="0" mandatory="0" blocked="-1" businessName=""><traversal x="0.482591418800346" y="0"/><traversal x="0.482591418800346" y="-0.350694444444445"/><traversal x="0.482591418800346" y="-0.701388888888889"/><annotations/></association></associations></class><class name="PatientBirthTime" type="OtherClass" rimName="ParameterItem"><graphics shapeId="Sheet.158" width="2.40882161508333" height="0.75" x="9.19558919245833" y="5.975" flipX="FALSE" flipY="FALSE" autoWidth="0" autoHeight="1"/><annotations/><attributes><attribute name="value" rimClassName="ParameterItem" datatype="TS" cardinality="1..1" conformance="R" mandatory="false" maxLength="0" historyAllowed="false" businessName="Patient date of birth"><annotations/></attribute></attributes><associations><association name="parameterList" beginX="7.99117838491667" beginY="6.1625" endX="5.91740858239931" endY="6.0875" target="ParameterList" targetShapeId="Sheet.8" rimTarget="Parameter" rimName="parameterList" shapeId="Sheet.143" source="PatientBirthTime" cardinality="" required="0" mandatory="0" blocked="-1" businessName=""><traversal x="1.03688490125868" y="0"/><traversal x="1.03688490125868" y="3.74999999999996E-02"/><traversal x="1.03688490125868" y="7.49999999999993E-02"/><annotations/></association></associations></class><class name="PatientAdministrativeGender" type="OtherClass" rimName="ParameterItem"><graphics shapeId="Sheet.153" width="2.4" height="0.844543935818143" x="9.2" y="6.975" flipX="FALSE" flipY="FALSE" autoWidth="0" autoHeight="1"/><annotations/><attributes><attribute name="value" rimClassName="ParameterItem" datatype="CD" cardinality="1..1" conformance="R" mandatory="false" strength="CWE" conceptDomain="AdministrativeGender" maxLength="0" historyAllowed="false" businessName="Patient gender"><annotations/></attribute></attributes><associations><association name="parameterList" beginX="8" beginY="6.975" endX="5.91740858239931" endY="6.275" target="ParameterList" targetShapeId="Sheet.8" rimTarget="Parameter" rimName="parameterList" shapeId="Sheet.78" source="PatientAdministrativeGender" cardinality="" required="0" mandatory="0" blocked="-1" businessName=""><traversal x="1.04129570880035" y="0"/><traversal x="1.04129570880035" y="0.35"/><traversal x="1.04129570880035" y="0.699999999999999"/><annotations/></association></associations></class><class name="MaxCandidates" type="OtherClass" rimName="ParameterItem"><graphics shapeId="Sheet.133" width="2.4" height="0.75" x="9.2" y="2.16111111111111" flipX="FALSE" flipY="FALSE" autoWidth="0" autoHeight="1"/><annotations/><attributes><attribute name="value" rimClassName="ParameterItem" datatype="INT" cardinality="1..1" conformance="R" mandatory="false" maxLength="0" historyAllowed="false" businessName="Maximum number of candidate care records"><annotations/></attribute></attributes><associations><association name="parameterList" beginX="8" beginY="2.16111111111111" endX="5.29240858239931" endY="5.525" target="ParameterList" targetShapeId="Sheet.8" rimTarget="Parameter" rimName="parameterList" shapeId="Sheet.123" source="MaxCandidates" cardinality="" required="0" mandatory="0" blocked="-1" businessName=""><traversal x="0" y="-0.336388888888889"/><traversal x="0" y="-3.36388888888889"/><annotations/></association></associations></class><class name="CareProvisionReason" type="OtherClass" rimName="ParameterItem"><graphics shapeId="Sheet.68" width="2.4" height="0.844868948025174" x="9.2" y="3.11111111111111" flipX="FALSE" flipY="FALSE" autoWidth="0" autoHeight="1"/><annotations/><attributes><attribute name="value" rimClassName="ParameterItem" datatype="CD" cardinality="1..1" conformance="R" mandatory="false" strength="CWE" conceptDomain="QueryParameterValue" maxLength="0" historyAllowed="false" businessName="Care record reason condition"><annotations/></attribute></attributes><associations><association name="parameterList" beginX="8" beginY="3.3223283481174" endX="5.60490858239931" endY="5.525" target="ParameterList" targetShapeId="Sheet.8" rimTarget="Parameter" rimName="parameterList" shapeId="Sheet.72" source="CareProvisionReason" cardinality="" required="0" mandatory="0" blocked="-1" businessName=""><traversal x="0" y="-0.22026716518826"/><traversal x="0" y="-2.2026716518826"/><annotations/></association></associations></class><class name="PatientId" type="OtherClass" rimName="ParameterItem"><graphics shapeId="Sheet.93" width="2.4" height="0.75" x="9.2" y="8.975" flipX="FALSE" flipY="FALSE" autoWidth="0" autoHeight="1"/><annotations/><attributes><attribute name="value" rimClassName="ParameterItem" datatype="II" cardinality="1..1" conformance="R" mandatory="true" maxLength="0" historyAllowed="false" businessName="Patient identifier"><annotations/></attribute></attributes><associations><association name="parameterList" beginX="8" beginY="8.975" endX="5.29240858239931" endY="6.275" target="ParameterList" targetShapeId="Sheet.8" rimTarget="Parameter" rimName="parameterList" shapeId="Sheet.98" source="PatientId" cardinality="" required="0" mandatory="0" blocked="-1" businessName=""><traversal x="0" y="0.27"/><traversal x="0" y="2.7"/><annotations/></association></associations></class><class name="PatientName" type="OtherClass" rimName="ParameterItem"><graphics shapeId="Sheet.12" width="2.4" height="0.75" x="9.2" y="7.975" flipX="FALSE" flipY="FALSE" autoWidth="0" autoHeight="1"/><annotations/><attributes><attribute name="value" rimClassName="ParameterItem" datatype="PN" cardinality="1..1" conformance="R" mandatory="false" maxLength="0" historyAllowed="false" businessName="Patient name"><annotations/></attribute></attributes><associations><association name="parameterList" beginX="8" beginY="7.975" endX="5.60490858239931" endY="6.275" target="ParameterList" targetShapeId="Sheet.8" rimTarget="Parameter" rimName="parameterList" shapeId="Sheet.16" source="PatientName" cardinality="" required="0" mandatory="0" blocked="-1" businessName=""><traversal x="0" y="0.17"/><traversal x="0" y="1.7"/><annotations/></association></associations></class></page></pages></hl7model>
