<?xml version="1.0"?>
<hl7model rendered="4/18/2014 8:46:11 AM" datatypesRelease="R2"><pages><page name="CarePlan RMIM" width="8.58293728588609" height="6.97"><class name="ActList" type="Act" rimName="ActHeir"><graphics shapeId="Sheet.206" width="2.04386307066146" height="0.782134113226997" x="6.38356993385209" y="3.25944444444444" flipX="FALSE" flipY="FALSE" autoWidth="1" autoHeight="1"/><annotations/><attributes><attribute name="classCode" rimClassName="Act" datatype="CS" cardinality="1..1" conformance="R" mandatory="true" strength="CNE" codeSystem="ActClass" domainCode="LIST" maxLength="0" historyAllowed="false"><annotations/></attribute><attribute name="moodCode" rimClassName="Act" datatype="CS" cardinality="1..1" conformance="R" mandatory="true" strength="CNE" codeSystem="ActMood" domainCode="EVN" maxLength="0" historyAllowed="false"><annotations/></attribute><attribute name="code" rimClassName="Act" datatype="CD" cardinality="1..1" conformance="R" mandatory="true" strength="CWE" conceptDomain="ActListCode" maxLength="0" historyAllowed="false"><annotations/></attribute><attribute name="effectiveTime" rimClassName="Act" datatype="IVL&lt;TS&gt;" cardinality="0..1" conformance="" mandatory="false" maxLength="0" historyAllowed="false"><annotations/></attribute></attributes><associations><association name="custodian" beginX="5.36163839852136" beginY="3.18123103312174" endX="5.36163839852136" endY="3.18123103312174" target="Custodian" targetShapeId="Sheet.1199" rimTarget="Act" rimName="participation" source="ActList" cardinality="0..*" required="0" mandatory="0" blocked="0" businessName=""><annotations/></association></associations></class><class name="Custodian" type="Participation" rimName="Participation"><graphics shapeId="Sheet.1199" width="2.78271093678732" height="0.436485106065539" x="3.9702829301277" y="3.47006233384874" beginX="5.36163839852136" beginY="3.18123103312174" endX="2.57892746173404" endY="3.75889363457574" arrowWidth="66 in."/><annotations/><notes><Note name="Sheet.1205" type="Note" noteType="Note"><graphics shapeId="Sheet.1205" connectedShape="Sheet.1199" x="5.23137044320833" y="4.31" width="1.67365517813759" height="0.5" beginX="0.836827589068794" beginY="0.25" endX="-0.361759924011832" endY="-0.37169511311849"/><annotations/><notes><text>Owner of the list.  Replaces 
ListOwnershipCategory attribute</text></notes></Note></notes><attributes><attribute name="typeCode" rimClassName="Participation" datatype="CS" cardinality="1..1" conformance="R" mandatory="true" strength="CNE" codeSystem="ParticipationType" domainCode="CST" maxLength="0" historyAllowed="false"><annotations/></attribute><attribute name="time" rimClassName="Participation" datatype="IVL&lt;TS&gt;" cardinality="0..1" conformance="" mandatory="false" maxLength="0" historyAllowed="false"><annotations/></attribute></attributes><associations><association name="actList" beginX="5.36163839852136" beginY="3.18123103312174" endX="5.36163839852136" endY="3.18123103312174" target="ActList" targetShapeId="Sheet.206" rimTarget="Participation" rimName="act" source="Custodian" cardinality="" required="0" mandatory="0" blocked="-1" businessName=""><annotations/></association><association name="responsibleParty" beginX="2.57892746173404" beginY="3.75889363457574" endX="2.57892746173404" endY="3.75889363457574" target="R_ResponsiblePartyUniversal" targetShapeId="Sheet.1193" rimTarget="Participation" rimName="role" source="Custodian" cardinality="1..1" required="0" mandatory="0" blocked="0" businessName=""><annotations/></association></associations></class><class name="R_ResponsiblePartyUniversal" cmetId="COCT_MT040200" cmetType="Role(Performed only)" attLevel="universal" domain="RoleClass" mnemonic="AGNT" type="CMET" rimName="RoleHeir" id="COCT_MT040200"><graphics shapeId="Sheet.1193" width="1.28438270024588" height="0.627825234646268" x="1.93673611161111" y="3.69611111111111" flipX="FALSE" flipY="FALSE" autoWidth="1" autoHeight="1"/><annotations/><associations><association name="custodianship" beginX="2.57892746173404" beginY="3.75889363457574" endX="2.57892746173404" endY="3.75889363457574" target="Custodian" targetShapeId="Sheet.1199" rimTarget="Role" rimName="participation" source="R_ResponsiblePartyUniversal" cardinality="" required="0" mandatory="0" blocked="-1" businessName=""><annotations/></association></associations></class><class name="StatementCollector" type="Choice" rimName="Act"><graphics shapeId="Sheet.239" width="2.24441460503472" height="2.032134113227" x="6.41440104466665" y="2.88444444444443" flipX="GUARD(FALSE)" flipY="GUARD(FALSE)" vertical="1" autoWidth="1" autoHeight="1"/><annotations/><notes><Note name="Sheet.191" type="Note" noteType="Note"><graphics shapeId="Sheet.191" connectedShape="Sheet.239" x="3.40262261334721" y="1.21" width="1.67987694937782" height="0.722319679090712" beginX="0.839938474688911" beginY="0.361159839545356" endX="2.72950960349099" endY="1.01953722737629"/><annotations/><notes><text>Can be any kind of list
for Patient Care, eg medication, 
observations, activities, 
encounters, variances</text></notes></Note></notes><children><childClass name="ActList" shapeId="Sheet.206"/><childClass name="ActCategory" shapeId="Sheet.241"/></children><associations><association name="author" beginX="5.29219374214929" beginY="2.27480421047633" endX="5.29219374214929" endY="2.27480421047633" target="Author5" targetShapeId="Sheet.94" rimTarget="Act" rimName="participation" source="StatementCollector" cardinality="0..*" required="0" mandatory="0" blocked="0" businessName=""><annotations/></association><association name="component" beginX="6.41440104466665" beginY="1.86837738783093" endX="6.41440104466665" endY="1.86837738783093" target="Component4" targetShapeId="Sheet.220" rimTarget="Act" rimName="outboundRelationship" source="StatementCollector" cardinality="0..*" required="0" mandatory="0" blocked="0" businessName=""><annotations/></association></associations></class><class name="ActCategory" type="Act" rimName="ActHeir"><graphics shapeId="Sheet.241" width="1.99441460503472" height="0.75" x="6.41440104466665" y="2.36837738783094" flipX="FALSE" flipY="FALSE" autoWidth="0" autoHeight="1"/><annotations/><attributes><attribute name="classCode" rimClassName="Act" datatype="CS" cardinality="1..1" conformance="R" mandatory="true" strength="CNE" codeSystem="ActClass" domainCode="CATEGORY" maxLength="0" historyAllowed="false"><annotations/></attribute><attribute name="moodCode" rimClassName="Act" datatype="CS" cardinality="1..1" conformance="R" mandatory="true" strength="CNE" codeSystem="ActMood" domainCode="EVN" maxLength="0" historyAllowed="false"><annotations/></attribute><attribute name="code" rimClassName="Act" datatype="CS" cardinality="1..1" conformance="R" mandatory="false" strength="CNE" conceptDomain="ActCode" maxLength="0" historyAllowed="false"><annotations/></attribute></attributes></class><class name="Author5" type="Participation" rimName="Participation"><graphics shapeId="Sheet.94" width="3.56632400816146" height="1.10379925401476" x="3.50903173806856" y="2.49240210523817" beginX="5.29219374214929" beginY="2.27480421047633" endX="1.81713296880056" endY="2.71" arrowWidth="66 in."/><annotations/><attributes><attribute name="typeCode" rimClassName="Participation" datatype="CS" cardinality="1..1" conformance="R" mandatory="true" strength="CNE" codeSystem="ParticipationType" domainCode="AUT" maxLength="0" historyAllowed="false"><annotations/></attribute><attribute name="contextControlCode" rimClassName="Participation" datatype="CS" cardinality="1..1" conformance="R" mandatory="false" strength="CNE" codeSystem="C:ContextControl" default="OP" maxLength="0" historyAllowed="false"><annotations/></attribute><attribute name="noteText" rimClassName="Participation" datatype="ST" cardinality="0..1" conformance="" mandatory="false" maxLength="0" historyAllowed="false"><annotations/></attribute><attribute name="time" rimClassName="Participation" datatype="TS" cardinality="1..1" conformance="R" mandatory="false" maxLength="0" historyAllowed="false"><annotations/></attribute><attribute name="modeCode" rimClassName="Participation" datatype="CD" cardinality="1..1" conformance="" mandatory="false" strength="CNE" codeSystem="C:ParticipationMode" default="ELECTRONIC" maxLength="0" historyAllowed="false"><annotations/></attribute><attribute name="signatureCode" rimClassName="Participation" datatype="CS" cardinality="1..1" conformance="R" mandatory="false" strength="CNE" valueSet="ParticipationSignature" maxLength="0" historyAllowed="false"><annotations/></attribute><attribute name="signatureText" rimClassName="Participation" datatype="ED" cardinality="0..1" conformance="" mandatory="false" maxLength="0" historyAllowed="false"><annotations/></attribute></attributes><associations><association name="statementCollector" beginX="5.29219374214929" beginY="2.27480421047633" endX="5.29219374214929" endY="2.27480421047633" target="StatementCollector" targetShapeId="Sheet.239" rimTarget="Participation" rimName="act" source="Author5" cardinality="" required="0" mandatory="0" blocked="-1" businessName=""><annotations/></association><association name="assignedPerson" beginX="1.81713296880056" beginY="2.71" endX="1.81713296880056" endY="2.71" target="R_AssignedPersonUniversal" targetShapeId="Sheet.883" rimTarget="Participation" rimName="role" source="Author5" cardinality="1..1" required="0" mandatory="0" blocked="0" businessName=""><annotations/></association></associations></class><class name="R_AssignedPersonUniversal" cmetId="COCT_MT090100" cmetType="Role(Performed only)" attLevel="universal" domain="RoleClass" mnemonic="ASSIGNED" type="CMET" rimName="RoleHeir" id="COCT_MT090100"><graphics shapeId="Sheet.883" width="1.22258841924002" height="0.627825234646268" x="1.20583875918055" y="2.71" flipX="FALSE" flipY="FALSE" autoWidth="1" autoHeight="1"/><annotations/><associations><association name="origination" beginX="1.81713296880056" beginY="2.71" endX="1.81713296880056" endY="2.71" target="Author5" targetShapeId="Sheet.94" rimTarget="Role" rimName="participation" source="R_AssignedPersonUniversal" cardinality="" required="0" mandatory="0" blocked="-1" businessName=""><annotations/></association></associations></class><class name="Component4" type="ActRelationship" rimName="ActRelationship"><graphics shapeId="Sheet.220" width="1.23057588161891" height="2.02852035825912" x="6.35692625597763" y="1.25308944702148" beginX="6.41440104466665" beginY="1.86837738783093" endX="6.29945146728861" endY="0.637801506212021" arrowWidth="55 in."/><annotations/><attributes><attribute name="typeCode" rimClassName="ActRelationship" datatype="CS" cardinality="1..1" conformance="R" mandatory="true" strength="CNE" codeSystem="ActRelationshipType" domainCode="COMP" maxLength="0" historyAllowed="false"><annotations/></attribute><attribute name="contextControlCode" rimClassName="ActRelationship" datatype="CS" cardinality="1..1" conformance="R" mandatory="false" strength="CNE" codeSystem="C:ContextControl" default="AN" maxLength="0" historyAllowed="false"><annotations/></attribute><attribute name="contextConductionInd" rimClassName="ActRelationship" datatype="BL" cardinality="1..1" conformance="R" mandatory="true" default="true" maxLength="0" historyAllowed="false"><annotations/></attribute><attribute name="sequenceNumber" rimClassName="ActRelationship" datatype="INT.NONNEG" cardinality="0..1" conformance="" mandatory="false" maxLength="0" historyAllowed="false"><annotations/></attribute></attributes><associations><association name="statementCollector" beginX="6.41440104466665" beginY="1.86837738783093" endX="6.41440104466665" endY="1.86837738783093" target="StatementCollector" targetShapeId="Sheet.239" rimTarget="ActRelationship" rimName="source" source="Component4" cardinality="" required="0" mandatory="0" blocked="-1" businessName=""><annotations/></association><association name="careStatement" beginX="6.29945146728861" beginY="0.637801506212021" endX="6.29945146728861" endY="0.637801506212021" target="A_CareStatementCare provision" targetShapeId="Sheet.1" rimTarget="ActRelationship" rimName="target" source="Component4" cardinality="1..1" required="0" mandatory="0" blocked="0" businessName=""><annotations/></association></associations></class><class name="A_CareStatementCare provision" cmetId="REPC_MT000100" cmetType="Act" attLevel="care provision" domain="ActClass" mnemonic="ACT" type="CMET" rimName="ActHeir" id="REPC_MT000100"><graphics shapeId="Sheet.1" width="1.13004004887869" height="0.627825234646268" x="5.960439452625" y="0.323888888888887" flipX="FALSE" flipY="FALSE" autoWidth="1" autoHeight="1"/><annotations/><associations><association name="componentOf" beginX="6.29945146728861" beginY="0.637801506212021" endX="6.29945146728861" endY="0.637801506212021" target="Component4" targetShapeId="Sheet.220" rimTarget="Act" rimName="inboundRelationship" source="A_CareStatementCare provision" cardinality="" required="0" mandatory="0" blocked="-1" businessName=""><annotations/></association></associations></class><entryPoint entryClass="StatementCollector" name="A_StatementCollector" type="EntryPoint" id="REPC_RM000400"><graphics shapeId="Sheet.1143" connectedShape="Sheet.239" width="1.93916785649588" height="0.766814632161459" beginX="6.05603081907221" beginY="4.73166666666666" endX="6.63884250517012" endY="3.90051150105793"/><annotations/><notes><text>A collection of care statements Property-contextConductionStyle: C </text></notes></entryPoint></page></pages></hl7model>
